{
  "Random Forest": {
    "avg_test_r2": 0.9826911454023409,
    "avg_test_rmse": 10356.552806202772,
    "avg_test_mae": 6846.139143235131,
    "avg_test_smape": 7.5001327141812855,
    "r2_gap": 0.010448944191257858,
    "training_time": 1.4427733421325684,
    "combined_score": 0.8578832709249136
  },
  "XGBoost": {
    "avg_test_r2": 0.9995420035465679,
    "avg_test_rmse": 1697.2375255572058,
    "avg_test_mae": 1094.0816243804898,
    "avg_test_smape": 11.798702729487088,
    "r2_gap": 0.0004236628016069943,
    "training_time": 2.025144100189209,
    "combined_score": 0.8524845915646491
  },
  "Gradient Boosting": {
    "avg_test_r2": 0.9998248914858467,
    "avg_test_rmse": 1050.7387403382472,
    "avg_test_mae": 731.0416555367041,
    "avg_test_smape": 11.548850431480886,
    "r2_gap": 0.00010887122160707641,
    "training_time": 22.424659729003906,
    "combined_score": 0.8536820223141691
  },
  "Ridge Regression": {
    "avg_test_r2": 0.9228768731513157,
    "avg_test_rmse": 20969.974642583606,
    "avg_test_mae": 15086.423951750108,
    "avg_test_smape": 33.224317278994505,
    "r2_gap": -0.003278234127799484,
    "training_time": 0.024249792098999023,
    "combined_score": 0.7131165420899429
  },
  "Lasso Regression": {
    "avg_test_r2": 0.9228793040537795,
    "avg_test_rmse": 20969.723403413496,
    "avg_test_mae": 15085.918737259002,
    "avg_test_smape": 33.2202225778576,
    "r2_gap": -0.003280810886966745,
    "training_time": 8.154656171798706,
    "combined_score": 0.7131346225262152
  }
}