{
  "type": "FeatureCollection",
  "features": [
    {
      "type": "Feature",
      "geometry": {
        "type": "Point",
        "coordinates": [
          79.0,
          5.0
        ]
      },
      "properties": {
        "fish_zone": 0,
        "fish_probability": 0.01,
        "sst": 29.189993244037055,
        "chlorophyll": 0.0902024433016777,
        "current_u": -0.46389687061309814,
        "current_v": 0.386035680770874,
        "bathymetry": 4405.22412109375
      }
    },
    {
      "type": "Feature",
      "geometry": {
        "type": "Point",
        "coordinates": [
          79.0,
          5.1
        ]
      },
      "properties": {
        "fish_zone": 0,
        "fish_probability": 0.01,
        "sst": 28.949993249401473,
        "chlorophyll": 0.086397185921669,
        "current_u": -0.4676433503627777,
        "current_v": 0.35697367787361145,
        "bathymetry": 4405.22412109375
      }
    },
    {
      "type": "Feature",
      "geometry": {
        "type": "Point",
        "coordinates": [
          79.0,
          5.199999999999999
        ]
      },
      "properties": {
        "fish_zone": 0,
        "fish_probability": 0.01,
        "sst": 28.85999325141313,
        "chlorophyll": 0.08884399384260178,
        "current_u": -0.47835999727249146,
        "current_v": 0.31325772404670715,
        "bathymetry": 4405.22412109375
      }
    },
    {
      "type": "Feature",
      "geometry": {
        "type": "Point",
        "coordinates": [
          79.0,
          5.299999999999999
        ]
      },
      "properties": {
        "fish_zone": 0,
        "fish_probability": 0.0033333333333333335,
        "sst": 28.829993252083682,
        "chlorophyll": 0.0905664786696434,
        "current_u": -0.5214550495147705,
        "current_v": 0.22877417504787445,
        "bathymetry": 4405.22412109375
      }
    },
    {
      "type": "Feature",
      "geometry": {
        "type": "Point",
        "coordinates": [
          79.0,
          5.399999999999999
        ]
      },
      "properties": {
        "fish_zone": 0,
        "fish_probability": 0.0033333333333333335,
        "sst": 28.73999325409534,
        "chlorophyll": 0.09848345071077347,
        "current_u": -0.5616568326950073,
        "current_v": 0.20137082040309906,
        "bathymetry": 4405.22412109375
      }
    },
    {
      "type": "Feature",
      "geometry": {
        "type": "Point",
        "coordinates": [
          79.0,
          5.499999999999998
        ]
      },
      "properties": {
        "fish_zone": 0,
        "fish_probability": 0.0033333333333333335,
        "sst": 28.649993256106995,
        "chlorophyll": 0.1230878084897995,
        "current_u": -0.6079970002174377,
        "current_v": 0.1988205462694168,
        "bathymetry": 3992.48388671875
      }
    },
    {
      "type": "Feature",
      "geometry": {
        "type": "Point",
        "coordinates": [
          79.0,
          5.599999999999998
        ]
      },
      "properties": {
        "fish_zone": 0,
        "fish_probability": 0.023333333333333334,
        "sst": 28.649993256106995,
        "chlorophyll": 0.1378829926252365,
        "current_u": -0.6444171071052551,
        "current_v": 0.2208154946565628,
        "bathymetry": 3992.48388671875
      }
    },
    {
      "type": "Feature",
      "geometry": {
        "type": "Point",
        "coordinates": [
          79.0,
          5.6999999999999975
        ]
      },
      "properties": {
        "fish_zone": 0,
        "fish_probability": 0.023333333333333334,
        "sst": 28.69999325498941,
        "chlorophyll": 0.14641618728637695,
        "current_u": -0.6643018126487732,
        "current_v": 0.21350140869617462,
        "bathymetry": 3597.031982421875
      }
    },
    {
      "type": "Feature",
      "geometry": {
        "type": "Point",
        "coordinates": [
          79.0,
          5.799999999999997
        ]
      },
      "properties": {
        "fish_zone": 0,
        "fish_probability": 0.023333333333333334,
        "sst": 28.969993248954438,
        "chlorophyll": 0.13700483739376068,
        "current_u": -0.6700176000595093,
        "current_v": 0.20785480737686157,
        "bathymetry": 3597.031982421875
      }
    },
    {
      "type": "Feature",
      "geometry": {
        "type": "Point",
        "coordinates": [
          79.0,
          5.899999999999997
        ]
      },
      "properties": {
        "fish_zone": 0,
        "fish_probability": 0.023333333333333334,
        "sst": 29.109993245825194,
        "chlorophyll": 0.12355344742536545,
        "current_u": -0.6178035736083984,
        "current_v": 0.24023400247097015,
        "bathymetry": 3220.820068359375
      }
    },
    {
      "type": "Feature",
      "geometry": {
        "type": "Point",
        "coordinates": [
          79.0,
          5.9999999999999964
        ]
      },
      "properties": {
        "fish_zone": 0,
        "fish_probability": 0.02666666666666667,
        "sst": 29.159993244707607,
        "chlorophyll": 0.10215336084365845,
        "current_u": -0.5243284702301025,
        "current_v": 0.2563663125038147,
        "bathymetry": 3220.820068359375
      }
    },
    {
      "type": "Feature",
      "geometry": {
        "type": "Point",
        "coordinates": [
          79.0,
          6.099999999999996
        ]
      },
      "properties": {
        "fish_zone": 0,
        "fish_probability": 0.03,
        "sst": 28.909993250295543,
        "chlorophyll": 0.10046922415494919,
        "current_u": -0.42569202184677124,
        "current_v": 0.25137221813201904,
        "bathymetry": 3220.820068359375
      }
    },
    {
      "type": "Feature",
      "geometry": {
        "type": "Point",
        "coordinates": [
          79.0,
          6.199999999999996
        ]
      },
      "properties": {
        "fish_zone": 0,
        "fish_probability": 0.01,
        "sst": 28.799993252754234,
        "chlorophyll": 0.09853929281234741,
        "current_u": -0.29831570386886597,
        "current_v": 0.24545222520828247,
        "bathymetry": 3220.820068359375
      }
    },
    {
      "type": "Feature",
      "geometry": {
        "type": "Point",
        "coordinates": [
          79.0,
          6.299999999999995
        ]
      },
      "properties": {
        "fish_zone": 0,
        "fish_probability": 0.006666666666666667,
        "sst": 28.97999324873092,
        "chlorophyll": 0.10070193558931351,
        "current_u": 0.02263442799448967,
        "current_v": 0.262265145778656,
        "bathymetry": 3220.820068359375
      }
    },
    {
      "type": "Feature",
      "geometry": {
        "type": "Point",
        "coordinates": [
          79.0,
          6.399999999999995
        ]
      },
      "properties": {
        "fish_zone": 0,
        "fish_probability": 0.006666666666666667,
        "sst": 29.069993246719264,
        "chlorophyll": 0.09772490710020065,
        "current_u": 0.17424260079860687,
        "current_v": 0.2571713924407959,
        "bathymetry": 2865.702880859375
      }
    },
    {
      "type": "Feature",
      "geometry": {
        "type": "Point",
        "coordinates": [
          79.0,
          6.499999999999995
        ]
      },
      "properties": {
        "fish_zone": 0,
        "fish_probability": 0.006666666666666667,
        "sst": 28.949993249401473,
        "chlorophyll": 0.11677508801221848,
        "current_u": 0.31947124004364014,
        "current_v": 0.20993724465370178,
        "bathymetry": 2865.702880859375
      }
    },
    {
      "type": "Feature",
      "geometry": {
        "type": "Point",
        "coordinates": [
          79.0,
          6.599999999999994
        ]
      },
      "properties": {
        "fish_zone": 0,
        "fish_probability": 0.006666666666666667,
        "sst": 28.919993250072025,
        "chlorophyll": 0.12453003227710724,
        "current_u": 0.4326782822608948,
        "current_v": 0.12664258480072021,
        "bathymetry": 2865.702880859375
      }
    },
    {
      "type": "Feature",
      "geometry": {
        "type": "Point",
        "coordinates": [
          79.0,
          6.699999999999994
        ]
      },
      "properties": {
        "fish_zone": 0,
        "fish_probability": 0.0033333333333333335,
        "sst": 28.93999324962499,
        "chlorophyll": 0.14207656681537628,
        "current_u": 0.4363771975040436,
        "current_v": 0.06926876306533813,
        "bathymetry": 2865.702880859375
      }
    },
    {
      "type": "Feature",
      "geometry": {
        "type": "Point",
        "coordinates": [
          79.0,
          6.799999999999994
        ]
      },
      "properties": {
        "fish_zone": 0,
        "fish_probability": 0.0033333333333333335,
        "sst": 28.74999325387182,
        "chlorophyll": 0.14260521531105042,
        "current_u": 0.31891554594039917,
        "current_v": 0.03914962336421013,
        "bathymetry": 2865.702880859375
      }
    },
    {
      "type": "Feature",
      "geometry": {
        "type": "Point",
        "coordinates": [
          79.0,
          6.899999999999993
        ]
      },
      "properties": {
        "fish_zone": 0,
        "fish_probability": 0.0033333333333333335,
        "sst": 28.659993255883478,
        "chlorophyll": 0.14439834654331207,
        "current_u": 0.2548564076423645,
        "current_v": 0.0485529862344265,
        "bathymetry": 2533.3359375
      }
    },
    {
      "type": "Feature",
      "geometry": {
        "type": "Point",
        "coordinates": [
          79.0,
          6.999999999999993
        ]
      },
      "properties": {
        "fish_zone": 0,
        "fish_probability": 0.0,
        "sst": 28.73999325409534,
        "chlorophyll": 0.13839779794216156,
        "current_u": 0.18529963493347168,
        "current_v": 0.060686785727739334,
        "bathymetry": 2533.3359375
      }
    },
    {
      "type": "Feature",
      "geometry": {
        "type": "Point",
        "coordinates": [
          79.0,
          7.0999999999999925
        ]
      },
      "properties": {
        "fish_zone": 0,
        "fish_probability": 0.0033333333333333335,
        "sst": 28.759993253648304,
        "chlorophyll": 0.14402428269386292,
        "current_u": 0.11859390884637833,
        "current_v": 0.08018820732831955,
        "bathymetry": 2865.702880859375
      }
    },
    {
      "type": "Feature",
      "geometry": {
        "type": "Point",
        "coordinates": [
          79.0,
          7.199999999999992
        ]
      },
      "properties": {
        "fish_zone": 0,
        "fish_probability": 0.006666666666666667,
        "sst": 28.719993254542374,
        "chlorophyll": 0.1417241245508194,
        "current_u": 0.061384525150060654,
        "current_v": 0.1141037568449974,
        "bathymetry": 2865.702880859375
      }
    },
    {
      "type": "Feature",
      "geometry": {
        "type": "Point",
        "coordinates": [
          79.0,
          7.299999999999992
        ]
      },
      "properties": {
        "fish_zone": 0,
        "fish_probability": 0.006666666666666667,
        "sst": 28.5899932574481,
        "chlorophyll": 0.12162341922521591,
        "current_u": -0.011283031664788723,
        "current_v": 0.17531552910804749,
        "bathymetry": 2533.3359375
      }
    },
    {
      "type": "Feature",
      "geometry": {
        "type": "Point",
        "coordinates": [
          79.0,
          7.3999999999999915
        ]
      },
      "properties": {
        "fish_zone": 0,
        "fish_probability": 0.006666666666666667,
        "sst": 28.5899932574481,
        "chlorophyll": 0.1329168826341629,
        "current_u": -0.020497482270002365,
        "current_v": 0.180748850107193,
        "bathymetry": 2533.3359375
      }
    },
    {
      "type": "Feature",
      "geometry": {
        "type": "Point",
        "coordinates": [
          79.0,
          7.499999999999991
        ]
      },
      "properties": {
        "fish_zone": 0,
        "fish_probability": 0.006666666666666667,
        "sst": 28.599993257224583,
        "chlorophyll": 0.1341862678527832,
        "current_u": -0.021216245368123055,
        "current_v": 0.17785988748073578,
        "bathymetry": 2533.3359375
      }
    },
    {
      "type": "Feature",
      "geometry": {
        "type": "Point",
        "coordinates": [
          79.0,
          7.599999999999991
        ]
      },
      "properties": {
        "fish_zone": 0,
        "fish_probability": 0.01,
        "sst": 28.62999325655403,
        "chlorophyll": 0.11911053955554962,
        "current_u": -0.028064163401722908,
        "current_v": 0.17024430632591248,
        "bathymetry": 2533.3359375
      }
    },
    {
      "type": "Feature",
      "geometry": {
        "type": "Point",
        "coordinates": [
          79.0,
          7.69999999999999
        ]
      },
      "properties": {
        "fish_zone": 0,
        "fish_probability": 0.01,
        "sst": 28.649993256106995,
        "chlorophyll": 0.1255960464477539,
        "current_u": -0.04590965807437897,
        "current_v": 0.15863314270973206,
        "bathymetry": 2533.3359375
      }
    },
    {
      "type": "Feature",
      "geometry": {
        "type": "Point",
        "coordinates": [
          79.0,
          7.79999999999999
        ]
      },
      "properties": {
        "fish_zone": 0,
        "fish_probability": 0.01,
        "sst": 28.62999325655403,
        "chlorophyll": 0.13970260322093964,
        "current_u": -0.07962314039468765,
        "current_v": 0.14354318380355835,
        "bathymetry": 2225.077880859375
      }
    },
    {
      "type": "Feature",
      "geometry": {
        "type": "Point",
        "coordinates": [
          79.0,
          7.89999999999999
        ]
      },
      "properties": {
        "fish_zone": 0,
        "fish_probability": 0.01,
        "sst": 28.559993258118652,
        "chlorophyll": 0.14056332409381866,
        "current_u": -0.09516894072294235,
        "current_v": 0.141939178109169,
        "bathymetry": 2225.077880859375
      }
    },
    {
      "type": "Feature",
      "geometry": {
        "type": "Point",
        "coordinates": [
          79.0,
          7.999999999999989
        ]
      },
      "properties": {
        "fish_zone": 0,
        "fish_probability": 0.04666666666666667,
        "sst": 28.499993259459757,
        "chlorophyll": 0.1547093689441681,
        "current_u": -0.10954686254262924,
        "current_v": 0.13781024515628815,
        "bathymetry": 1941.8929443359375
      }
    },
    {
      "type": "Feature",
      "geometry": {
        "type": "Point",
        "coordinates": [
          79.0,
          8.099999999999989
        ]
      },
      "properties": {
        "fish_zone": 0,
        "fish_probability": 0.03666666666666667,
        "sst": 28.409993261471413,
        "chlorophyll": 0.14599834382534027,
        "current_u": -0.11684173345565796,
        "current_v": 0.13128535449504852,
        "bathymetry": 1941.8929443359375
      }
    },
    {
      "type": "Feature",
      "geometry": {
        "type": "Point",
        "coordinates": [
          79.0,
          8.199999999999989
        ]
      },
      "properties": {
        "fish_zone": 0,
        "fish_probability": 0.04,
        "sst": 28.379993262141966,
        "chlorophyll": 0.1518275886774063,
        "current_u": -0.11732674390077591,
        "current_v": 0.12193730473518372,
        "bathymetry": 1684.2840576171875
      }
    },
    {
      "type": "Feature",
      "geometry": {
        "type": "Point",
        "coordinates": [
          79.0,
          8.299999999999988
        ]
      },
      "properties": {
        "fish_zone": 0,
        "fish_probability": 0.04666666666666667,
        "sst": 28.249993265047692,
        "chlorophyll": 0.1518811285495758,
        "current_u": -0.11942995339632034,
        "current_v": 0.1025584414601326,
        "bathymetry": 1245.291015625
      }
    },
    {
      "type": "Feature",
      "geometry": {
        "type": "Point",
        "coordinates": [
          79.0,
          8.399999999999988
        ]
      },
      "properties": {
        "fish_zone": 0,
        "fish_probability": 0.03666666666666667,
        "sst": 28.209993265941762,
        "chlorophyll": 0.17238520085811615,
        "current_u": -0.11198119819164276,
        "current_v": 0.08990781754255295,
        "bathymetry": 1452.2509765625
      }
    },
    {
      "type": "Feature",
      "geometry": {
        "type": "Point",
        "coordinates": [
          79.0,
          8.499999999999988
        ]
      },
      "properties": {
        "fish_zone": 0,
        "fish_probability": 0.04666666666666667,
        "sst": 28.11999326795342,
        "chlorophyll": 0.19075946509838104,
        "current_u": -0.10111357271671295,
        "current_v": 0.07253523916006088,
        "bathymetry": 1245.291015625
      }
    },
    {
      "type": "Feature",
      "geometry": {
        "type": "Point",
        "coordinates": [
          79.0,
          8.599999999999987
        ]
      },
      "properties": {
        "fish_zone": 0,
        "fish_probability": 0.02,
        "sst": 28.07999326884749,
        "chlorophyll": 0.19349342584609985,
        "current_u": -0.09361422061920166,
        "current_v": 0.057737674564123154,
        "bathymetry": 1245.291015625
      }
    },
    {
      "type": "Feature",
      "geometry": {
        "type": "Point",
        "coordinates": [
          79.0,
          8.699999999999987
        ]
      },
      "properties": {
        "fish_zone": 0,
        "fish_probability": 0.013333333333333334,
        "sst": 28.069993269071006,
        "chlorophyll": 0.18824832141399384,
        "current_u": -0.0902729481458664,
        "current_v": 0.047738753259181976,
        "bathymetry": 1245.291015625
      }
    },
    {
      "type": "Feature",
      "geometry": {
        "type": "Point",
        "coordinates": [
          79.0,
          8.799999999999986
        ]
      },
      "properties": {
        "fish_zone": 0,
        "fish_probability": 0.01,
        "sst": 28.11999326795342,
        "chlorophyll": 0.19068826735019684,
        "current_u": -0.07901053130626678,
        "current_v": 0.05071589723229408,
        "bathymetry": 902.3392944335938
      }
    },
    {
      "type": "Feature",
      "geometry": {
        "type": "Point",
        "coordinates": [
          79.0,
          8.899999999999986
        ]
      },
      "properties": {
        "fish_zone": 0,
        "fish_probability": 0.006666666666666667,
        "sst": 28.16999326683583,
        "chlorophyll": 0.191487655043602,
        "current_u": -0.07175035774707794,
        "current_v": 0.024268195033073425,
        "bathymetry": 643.5667724609375
      }
    },
    {
      "type": "Feature",
      "geometry": {
        "type": "Point",
        "coordinates": [
          79.0,
          8.999999999999986
        ]
      },
      "properties": {
        "fish_zone": 0,
        "fish_probability": 0.23666666666666666,
        "sst": 28.27999326437714,
        "chlorophyll": 0.209092378616333,
        "current_u": -0.07855533063411713,
        "current_v": -0.031170332804322243,
        "bathymetry": 222.47520446777344
      }
    },
    {
      "type": "Feature",
      "geometry": {
        "type": "Point",
        "coordinates": [
          79.0,
          9.099999999999985
        ]
      },
      "properties": {
        "fish_zone": 1,
        "fish_probability": 0.79,
        "sst": 28.609993257001065,
        "chlorophyll": 0.36784541606903076,
        "current_u": -0.10322043299674988,
        "current_v": -0.04185193032026291,
        "bathymetry": 15.810070037841797
      }
    },
    {
      "type": "Feature",
      "geometry": {
        "type": "Point",
        "coordinates": [
          79.0,
          9.199999999999985
        ]
      },
      "properties": {
        "fish_zone": 1,
        "fish_probability": 0.56,
        "sst": 28.889993250742577,
        "chlorophyll": 1.0791791677474976,
        "current_u": -0.09150362014770508,
        "current_v": -0.04387888312339783,
        "bathymetry": 11.404999732971191
      }
    },
    {
      "type": "Feature",
      "geometry": {
        "type": "Point",
        "coordinates": [
          79.0,
          9.399999999999984
        ]
      },
      "properties": {
        "fish_zone": 0,
        "fish_probability": 0.043333333333333335,
        "sst": 29.08999324627223,
        "chlorophyll": 1.6596426963806152,
        "current_u": 0.0013555629411712289,
        "current_v": -0.018069295212626457,
        "bathymetry": 9.572997093200684
      }
    },
    {
      "type": "Feature",
      "geometry": {
        "type": "Point",
        "coordinates": [
          79.0,
          9.499999999999984
        ]
      },
      "properties": {
        "fish_zone": 0,
        "fish_probability": 0.07,
        "sst": 29.08999324627223,
        "chlorophyll": 1.518114447593689,
        "current_u": -0.012140677310526371,
        "current_v": -0.02564379945397377,
        "bathymetry": 7.92956018447876
      }
    },
    {
      "type": "Feature",
      "geometry": {
        "type": "Point",
        "coordinates": [
          79.0,
          9.599999999999984
        ]
      },
      "properties": {
        "fish_zone": 0,
        "fish_probability": 0.07333333333333333,
        "sst": 29.09999324604871,
        "chlorophyll": 1.375222086906433,
        "current_u": -0.01716294325888157,
        "current_v": -0.010793203487992287,
        "bathymetry": 7.92956018447876
      }
    },
    {
      "type": "Feature",
      "geometry": {
        "type": "Point",
        "coordinates": [
          79.0,
          9.699999999999983
        ]
      },
      "properties": {
        "fish_zone": 0,
        "fish_probability": 0.07666666666666666,
        "sst": 29.179993244260572,
        "chlorophyll": 3.089585542678833,
        "current_u": -0.010185996070504189,
        "current_v": -0.02871008776128292,
        "bathymetry": 7.92956018447876
      }
    },
    {
      "type": "Feature",
      "geometry": {
        "type": "Point",
        "coordinates": [
          79.1,
          5.0
        ]
      },
      "properties": {
        "fish_zone": 0,
        "fish_probability": 0.01,
        "sst": 29.179993244260572,
        "chlorophyll": 0.0816754400730133,
        "current_u": -0.4596697688102722,
        "current_v": 0.40722131729125977,
        "bathymetry": 4405.22412109375
      }
    },
    {
      "type": "Feature",
      "geometry": {
        "type": "Point",
        "coordinates": [
          79.1,
          5.1
        ]
      },
      "properties": {
        "fish_zone": 0,
        "fish_probability": 0.01,
        "sst": 28.889993250742577,
        "chlorophyll": 0.07750977575778961,
        "current_u": -0.463620126247406,
        "current_v": 0.38484978675842285,
        "bathymetry": 4405.22412109375
      }
    },
    {
      "type": "Feature",
      "geometry": {
        "type": "Point",
        "coordinates": [
          79.1,
          5.199999999999999
        ]
      },
      "properties": {
        "fish_zone": 0,
        "fish_probability": 0.01,
        "sst": 28.77999325320127,
        "chlorophyll": 0.08163299411535263,
        "current_u": -0.47084084153175354,
        "current_v": 0.34708672761917114,
        "bathymetry": 4405.22412109375
      }
    },
    {
      "type": "Feature",
      "geometry": {
        "type": "Point",
        "coordinates": [
          79.1,
          5.299999999999999
        ]
      },
      "properties": {
        "fish_zone": 0,
        "fish_probability": 0.0033333333333333335,
        "sst": 28.809993252530717,
        "chlorophyll": 0.08291629701852798,
        "current_u": -0.4971615970134735,
        "current_v": 0.25925716757774353,
        "bathymetry": 4405.22412109375
      }
    },
    {
      "type": "Feature",
      "geometry": {
        "type": "Point",
        "coordinates": [
          79.1,
          5.399999999999999
        ]
      },
      "properties": {
        "fish_zone": 0,
        "fish_probability": 0.0033333333333333335,
        "sst": 28.77999325320127,
        "chlorophyll": 0.09562795609235764,
        "current_u": -0.5222184658050537,
        "current_v": 0.2246832698583603,
        "bathymetry": 4405.22412109375
      }
    },
    {
      "type": "Feature",
      "geometry": {
        "type": "Point",
        "coordinates": [
          79.1,
          5.499999999999998
        ]
      },
      "properties": {
        "fish_zone": 0,
        "fish_probability": 0.0033333333333333335,
        "sst": 28.729993254318856,
        "chlorophyll": 0.11526504158973694,
        "current_u": -0.5603135228157043,
        "current_v": 0.20311889052391052,
        "bathymetry": 3992.48388671875
      }
    },
    {
      "type": "Feature",
      "geometry": {
        "type": "Point",
        "coordinates": [
          79.1,
          5.599999999999998
        ]
      },
      "properties": {
        "fish_zone": 0,
        "fish_probability": 0.023333333333333334,
        "sst": 28.69999325498941,
        "chlorophyll": 0.1271830052137375,
        "current_u": -0.6000347137451172,
        "current_v": 0.21030333638191223,
        "bathymetry": 3992.48388671875
      }
    },
    {
      "type": "Feature",
      "geometry": {
        "type": "Point",
        "coordinates": [
          79.1,
          5.6999999999999975
        ]
      },
      "properties": {
        "fish_zone": 0,
        "fish_probability": 0.023333333333333334,
        "sst": 28.70999325476589,
        "chlorophyll": 0.13794101774692535,
        "current_u": -0.6289140582084656,
        "current_v": 0.1970531940460205,
        "bathymetry": 3597.031982421875
      }
    },
    {
      "type": "Feature",
      "geometry": {
        "type": "Point",
        "coordinates": [
          79.1,
          5.799999999999997
        ]
      },
      "properties": {
        "fish_zone": 0,
        "fish_probability": 0.02666666666666667,
        "sst": 28.85999325141313,
        "chlorophyll": 0.13711951673030853,
        "current_u": -0.6306139826774597,
        "current_v": 0.16221517324447632,
        "bathymetry": 3220.820068359375
      }
    },
    {
      "type": "Feature",
      "geometry": {
        "type": "Point",
        "coordinates": [
          79.1,
          5.899999999999997
        ]
      },
      "properties": {
        "fish_zone": 0,
        "fish_probability": 0.023333333333333334,
        "sst": 29.029993247613334,
        "chlorophyll": 0.13820712268352509,
        "current_u": -0.5864068865776062,
        "current_v": 0.19572962820529938,
        "bathymetry": 3220.820068359375
      }
    },
    {
      "type": "Feature",
      "geometry": {
        "type": "Point",
        "coordinates": [
          79.1,
          5.9999999999999964
        ]
      },
      "properties": {
        "fish_zone": 0,
        "fish_probability": 0.02666666666666667,
        "sst": 29.159993244707607,
        "chlorophyll": 0.10922830551862717,
        "current_u": -0.5030345320701599,
        "current_v": 0.20756179094314575,
        "bathymetry": 3220.820068359375
      }
    },
    {
      "type": "Feature",
      "geometry": {
        "type": "Point",
        "coordinates": [
          79.1,
          6.099999999999996
        ]
      },
      "properties": {
        "fish_zone": 0,
        "fish_probability": 0.03,
        "sst": 28.959993249177955,
        "chlorophyll": 0.10178787261247635,
        "current_u": -0.40823444724082947,
        "current_v": 0.20019762217998505,
        "bathymetry": 3220.820068359375
      }
    },
    {
      "type": "Feature",
      "geometry": {
        "type": "Point",
        "coordinates": [
          79.1,
          6.199999999999996
        ]
      },
      "properties": {
        "fish_zone": 0,
        "fish_probability": 0.01,
        "sst": 28.849993251636647,
        "chlorophyll": 0.09651428461074829,
        "current_u": -0.2789680063724518,
        "current_v": 0.19419313967227936,
        "bathymetry": 3597.031982421875
      }
    },
    {
      "type": "Feature",
      "geometry": {
        "type": "Point",
        "coordinates": [
          79.1,
          6.299999999999995
        ]
      },
      "properties": {
        "fish_zone": 0,
        "fish_probability": 0.0033333333333333335,
        "sst": 28.929993249848508,
        "chlorophyll": 0.10547558218240738,
        "current_u": 0.03594731166958809,
        "current_v": 0.20322594046592712,
        "bathymetry": 2865.702880859375
      }
    },
    {
      "type": "Feature",
      "geometry": {
        "type": "Point",
        "coordinates": [
          79.1,
          6.399999999999995
        ]
      },
      "properties": {
        "fish_zone": 0,
        "fish_probability": 0.006666666666666667,
        "sst": 28.989993248507403,
        "chlorophyll": 0.10665605217218399,
        "current_u": 0.1804797202348709,
        "current_v": 0.19068150222301483,
        "bathymetry": 2865.702880859375
      }
    },
    {
      "type": "Feature",
      "geometry": {
        "type": "Point",
        "coordinates": [
          79.1,
          6.499999999999995
        ]
      },
      "properties": {
        "fish_zone": 0,
        "fish_probability": 0.006666666666666667,
        "sst": 28.969993248954438,
        "chlorophyll": 0.11822571605443954,
        "current_u": 0.31416693329811096,
        "current_v": 0.1475975215435028,
        "bathymetry": 2865.702880859375
      }
    },
    {
      "type": "Feature",
      "geometry": {
        "type": "Point",
        "coordinates": [
          79.1,
          6.599999999999994
        ]
      },
      "properties": {
        "fish_zone": 0,
        "fish_probability": 0.0033333333333333335,
        "sst": 28.989993248507403,
        "chlorophyll": 0.12738293409347534,
        "current_u": 0.41481995582580566,
        "current_v": 0.07567354291677475,
        "bathymetry": 2865.702880859375
      }
    },
    {
      "type": "Feature",
      "geometry": {
        "type": "Point",
        "coordinates": [
          79.1,
          6.699999999999994
        ]
      },
      "properties": {
        "fish_zone": 0,
        "fish_probability": 0.0,
        "sst": 29.00999324806037,
        "chlorophyll": 0.141056090593338,
        "current_u": 0.4154551327228546,
        "current_v": 0.03259057179093361,
        "bathymetry": 2533.3359375
      }
    },
    {
      "type": "Feature",
      "geometry": {
        "type": "Point",
        "coordinates": [
          79.1,
          6.799999999999994
        ]
      },
      "properties": {
        "fish_zone": 0,
        "fish_probability": 0.0,
        "sst": 28.8199932523072,
        "chlorophyll": 0.1480885148048401,
        "current_u": 0.30795109272003174,
        "current_v": 0.026129100471735,
        "bathymetry": 2533.3359375
      }
    },
    {
      "type": "Feature",
      "geometry": {
        "type": "Point",
        "coordinates": [
          79.1,
          6.899999999999993
        ]
      },
      "properties": {
        "fish_zone": 0,
        "fish_probability": 0.0,
        "sst": 28.77999325320127,
        "chlorophyll": 0.14566174149513245,
        "current_u": 0.2472512274980545,
        "current_v": 0.03881972283124924,
        "bathymetry": 2533.3359375
      }
    },
    {
      "type": "Feature",
      "geometry": {
        "type": "Point",
        "coordinates": [
          79.1,
          6.999999999999993
        ]
      },
      "properties": {
        "fish_zone": 0,
        "fish_probability": 0.0,
        "sst": 28.829993252083682,
        "chlorophyll": 0.14054089784622192,
        "current_u": 0.18023565411567688,
        "current_v": 0.055655818432569504,
        "bathymetry": 2533.3359375
      }
    },
    {
      "type": "Feature",
      "geometry": {
        "type": "Point",
        "coordinates": [
          79.1,
          7.0999999999999925
        ]
      },
      "properties": {
        "fish_zone": 0,
        "fish_probability": 0.0,
        "sst": 28.8199932523072,
        "chlorophyll": 0.1392800658941269,
        "current_u": 0.11237582564353943,
        "current_v": 0.076618991792202,
        "bathymetry": 2533.3359375
      }
    },
    {
      "type": "Feature",
      "geometry": {
        "type": "Point",
        "coordinates": [
          79.1,
          7.199999999999992
        ]
      },
      "properties": {
        "fish_zone": 0,
        "fish_probability": 0.0033333333333333335,
        "sst": 28.78999325297775,
        "chlorophyll": 0.13803525269031525,
        "current_u": 0.05097801983356476,
        "current_v": 0.10686606913805008,
        "bathymetry": 2533.3359375
      }
    },
    {
      "type": "Feature",
      "geometry": {
        "type": "Point",
        "coordinates": [
          79.1,
          7.299999999999992
        ]
      },
      "properties": {
        "fish_zone": 0,
        "fish_probability": 0.0033333333333333335,
        "sst": 28.69999325498941,
        "chlorophyll": 0.13667172193527222,
        "current_u": -0.031026145443320274,
        "current_v": 0.17806050181388855,
        "bathymetry": 2533.3359375
      }
    },
    {
      "type": "Feature",
      "geometry": {
        "type": "Point",
        "coordinates": [
          79.1,
          7.3999999999999915
        ]
      },
      "properties": {
        "fish_zone": 0,
        "fish_probability": 0.0033333333333333335,
        "sst": 28.70999325476589,
        "chlorophyll": 0.12728436291217804,
        "current_u": -0.03674156218767166,
        "current_v": 0.19329434633255005,
        "bathymetry": 2533.3359375
      }
    },
    {
      "type": "Feature",
      "geometry": {
        "type": "Point",
        "coordinates": [
          79.1,
          7.499999999999991
        ]
      },
      "properties": {
        "fish_zone": 0,
        "fish_probability": 0.0033333333333333335,
        "sst": 28.719993254542374,
        "chlorophyll": 0.1365712732076645,
        "current_u": -0.029885467141866684,
        "current_v": 0.19564661383628845,
        "bathymetry": 2533.3359375
      }
    },
    {
      "type": "Feature",
      "geometry": {
        "type": "Point",
        "coordinates": [
          79.1,
          7.599999999999991
        ]
      },
      "properties": {
        "fish_zone": 0,
        "fish_probability": 0.006666666666666667,
        "sst": 28.719993254542374,
        "chlorophyll": 0.1419229954481125,
        "current_u": -0.033435918390750885,
        "current_v": 0.1969635933637619,
        "bathymetry": 2533.3359375
      }
    },
    {
      "type": "Feature",
      "geometry": {
        "type": "Point",
        "coordinates": [
          79.1,
          7.69999999999999
        ]
      },
      "properties": {
        "fish_zone": 0,
        "fish_probability": 0.006666666666666667,
        "sst": 28.70999325476589,
        "chlorophyll": 0.1256665140390396,
        "current_u": -0.05208656191825867,
        "current_v": 0.19937647879123688,
        "bathymetry": 2225.077880859375
      }
    },
    {
      "type": "Feature",
      "geometry": {
        "type": "Point",
        "coordinates": [
          79.1,
          7.79999999999999
        ]
      },
      "properties": {
        "fish_zone": 0,
        "fish_probability": 0.05,
        "sst": 28.679993255436443,
        "chlorophyll": 0.13559047877788544,
        "current_u": -0.08543132245540619,
        "current_v": 0.19420300424098969,
        "bathymetry": 1941.8929443359375
      }
    },
    {
      "type": "Feature",
      "geometry": {
        "type": "Point",
        "coordinates": [
          79.1,
          7.89999999999999
        ]
      },
      "properties": {
        "fish_zone": 0,
        "fish_probability": 0.043333333333333335,
        "sst": 28.609993257001065,
        "chlorophyll": 0.14121480286121368,
        "current_u": -0.0971141904592514,
        "current_v": 0.188699409365654,
        "bathymetry": 1684.2840576171875
      }
    },
    {
      "type": "Feature",
      "geometry": {
        "type": "Point",
        "coordinates": [
          79.1,
          7.999999999999989
        ]
      },
      "properties": {
        "fish_zone": 0,
        "fish_probability": 0.04666666666666667,
        "sst": 28.519993259012722,
        "chlorophyll": 0.1504700481891632,
        "current_u": -0.10739188641309738,
        "current_v": 0.1823471039533615,
        "bathymetry": 1684.2840576171875
      }
    },
    {
      "type": "Feature",
      "geometry": {
        "type": "Point",
        "coordinates": [
          79.1,
          8.099999999999989
        ]
      },
      "properties": {
        "fish_zone": 0,
        "fish_probability": 0.04,
        "sst": 28.42999326102438,
        "chlorophyll": 0.1403529942035675,
        "current_u": -0.11259742826223373,
        "current_v": 0.17400439083576202,
        "bathymetry": 1684.2840576171875
      }
    },
    {
      "type": "Feature",
      "geometry": {
        "type": "Point",
        "coordinates": [
          79.1,
          8.199999999999989
        ]
      },
      "properties": {
        "fish_zone": 0,
        "fish_probability": 0.043333333333333335,
        "sst": 28.39999326169493,
        "chlorophyll": 0.1522170454263687,
        "current_u": -0.1152154803276062,
        "current_v": 0.15954498946666718,
        "bathymetry": 1452.2509765625
      }
    },
    {
      "type": "Feature",
      "geometry": {
        "type": "Point",
        "coordinates": [
          79.1,
          8.299999999999988
        ]
      },
      "properties": {
        "fish_zone": 0,
        "fish_probability": 0.04666666666666667,
        "sst": 28.289993264153622,
        "chlorophyll": 0.1509838104248047,
        "current_u": -0.11810169368982315,
        "current_v": 0.1264142543077469,
        "bathymetry": 902.3392944335938
      }
    },
    {
      "type": "Feature",
      "geometry": {
        "type": "Point",
        "coordinates": [
          79.1,
          8.399999999999988
        ]
      },
      "properties": {
        "fish_zone": 0,
        "fish_probability": 0.043333333333333335,
        "sst": 28.23999326527121,
        "chlorophyll": 0.15223833918571472,
        "current_u": -0.10584967583417892,
        "current_v": 0.11190314590930939,
        "bathymetry": 1062.43994140625
      }
    },
    {
      "type": "Feature",
      "geometry": {
        "type": "Point",
        "coordinates": [
          79.1,
          8.499999999999988
        ]
      },
      "properties": {
        "fish_zone": 0,
        "fish_probability": 0.03,
        "sst": 28.099993268400453,
        "chlorophyll": 0.17287161946296692,
        "current_u": -0.09024395048618317,
        "current_v": 0.09410633891820908,
        "bathymetry": 1062.43994140625
      }
    },
    {
      "type": "Feature",
      "geometry": {
        "type": "Point",
        "coordinates": [
          79.1,
          8.599999999999987
        ]
      },
      "properties": {
        "fish_zone": 0,
        "fish_probability": 0.016666666666666666,
        "sst": 28.069993269071006,
        "chlorophyll": 0.1841675043106079,
        "current_u": -0.07988020777702332,
        "current_v": 0.07599461823701859,
        "bathymetry": 1062.43994140625
      }
    },
    {
      "type": "Feature",
      "geometry": {
        "type": "Point",
        "coordinates": [
          79.1,
          8.699999999999987
        ]
      },
      "properties": {
        "fish_zone": 0,
        "fish_probability": 0.01,
        "sst": 28.059993269294523,
        "chlorophyll": 0.18819306790828705,
        "current_u": -0.07537403702735901,
        "current_v": 0.060132693499326706,
        "bathymetry": 1062.43994140625
      }
    },
    {
      "type": "Feature",
      "geometry": {
        "type": "Point",
        "coordinates": [
          79.1,
          8.799999999999986
        ]
      },
      "properties": {
        "fish_zone": 0,
        "fish_probability": 0.0,
        "sst": 28.139993267506384,
        "chlorophyll": 0.19332526624202728,
        "current_u": -0.060008347034454346,
        "current_v": 0.0541563555598259,
        "bathymetry": 763.3331298828125
      }
    },
    {
      "type": "Feature",
      "geometry": {
        "type": "Point",
        "coordinates": [
          79.1,
          8.899999999999986
        ]
      },
      "properties": {
        "fish_zone": 0,
        "fish_probability": 0.0,
        "sst": 28.189993266388797,
        "chlorophyll": 0.19250494241714478,
        "current_u": -0.044759806245565414,
        "current_v": 0.025069229304790497,
        "bathymetry": 643.5667724609375
      }
    },
    {
      "type": "Feature",
      "geometry": {
        "type": "Point",
        "coordinates": [
          79.1,
          8.999999999999986
        ]
      },
      "properties": {
        "fish_zone": 0,
        "fish_probability": 0.0,
        "sst": 28.209993265941762,
        "chlorophyll": 0.18078936636447906,
        "current_u": -0.0566491074860096,
        "current_v": -0.029517201706767082,
        "bathymetry": 222.47520446777344
      }
    },
    {
      "type": "Feature",
      "geometry": {
        "type": "Point",
        "coordinates": [
          79.1,
          9.099999999999985
        ]
      },
      "properties": {
        "fish_zone": 1,
        "fish_probability": 0.84,
        "sst": 28.449993260577344,
        "chlorophyll": 0.32275494933128357,
        "current_u": -0.10991846770048141,
        "current_v": -0.04967378079891205,
        "bathymetry": 18.495559692382812
      }
    },
    {
      "type": "Feature",
      "geometry": {
        "type": "Point",
        "coordinates": [
          79.1,
          9.199999999999985
        ]
      },
      "properties": {
        "fish_zone": 1,
        "fish_probability": 0.77,
        "sst": 28.719993254542374,
        "chlorophyll": 1.9672333002090454,
        "current_u": -0.10774269700050354,
        "current_v": -0.04790486395359039,
        "bathymetry": 13.467140197753906
      }
    },
    {
      "type": "Feature",
      "geometry": {
        "type": "Point",
        "coordinates": [
          79.1,
          9.399999999999984
        ]
      },
      "properties": {
        "fish_zone": 0,
        "fish_probability": 0.043333333333333335,
        "sst": 28.849993251636647,
        "chlorophyll": 0.9981004595756531,
        "current_u": 0.005402097944170237,
        "current_v": -0.01865636557340622,
        "bathymetry": 13.467140197753906
      }
    },
    {
      "type": "Feature",
      "geometry": {
        "type": "Point",
        "coordinates": [
          79.1,
          9.499999999999984
        ]
      },
      "properties": {
        "fish_zone": 0,
        "fish_probability": 0.03666666666666667,
        "sst": 28.849993251636647,
        "chlorophyll": 0.9469173550605774,
        "current_u": -0.01404421404004097,
        "current_v": -0.03165103867650032,
        "bathymetry": 9.572997093200684
      }
    },
    {
      "type": "Feature",
      "geometry": {
        "type": "Point",
        "coordinates": [
          79.1,
          9.599999999999984
        ]
      },
      "properties": {
        "fish_zone": 0,
        "fish_probability": 0.043333333333333335,
        "sst": 28.89999325051906,
        "chlorophyll": 0.8400683999061584,
        "current_u": -0.02196006290614605,
        "current_v": -0.037857528775930405,
        "bathymetry": 9.572997093200684
      }
    },
    {
      "type": "Feature",
      "geometry": {
        "type": "Point",
        "coordinates": [
          79.1,
          9.699999999999983
        ]
      },
      "properties": {
        "fish_zone": 0,
        "fish_probability": 0.07333333333333333,
        "sst": 28.969993248954438,
        "chlorophyll": 1.222456932067871,
        "current_u": -0.01825491525232792,
        "current_v": -0.04002843052148819,
        "bathymetry": 7.92956018447876
      }
    },
    {
      "type": "Feature",
      "geometry": {
        "type": "Point",
        "coordinates": [
          79.19999999999999,
          5.0
        ]
      },
      "properties": {
        "fish_zone": 0,
        "fish_probability": 0.01,
        "sst": 29.179993244260572,
        "chlorophyll": 0.0852251872420311,
        "current_u": -0.45358070731163025,
        "current_v": 0.4317767918109894,
        "bathymetry": 4405.22412109375
      }
    },
    {
      "type": "Feature",
      "geometry": {
        "type": "Point",
        "coordinates": [
          79.19999999999999,
          5.1
        ]
      },
      "properties": {
        "fish_zone": 0,
        "fish_probability": 0.01,
        "sst": 28.879993250966095,
        "chlorophyll": 0.08484554290771484,
        "current_u": -0.45736607909202576,
        "current_v": 0.414436936378479,
        "bathymetry": 4405.22412109375
      }
    },
    {
      "type": "Feature",
      "geometry": {
        "type": "Point",
        "coordinates": [
          79.19999999999999,
          5.199999999999999
        ]
      },
      "properties": {
        "fish_zone": 0,
        "fish_probability": 0.01,
        "sst": 28.759993253648304,
        "chlorophyll": 0.07741431146860123,
        "current_u": -0.46149492263793945,
        "current_v": 0.3816981315612793,
        "bathymetry": 4405.22412109375
      }
    },
    {
      "type": "Feature",
      "geometry": {
        "type": "Point",
        "coordinates": [
          79.19999999999999,
          5.299999999999999
        ]
      },
      "properties": {
        "fish_zone": 0,
        "fish_probability": 0.01,
        "sst": 28.769993253424786,
        "chlorophyll": 0.08425214886665344,
        "current_u": -0.471661239862442,
        "current_v": 0.2926732003688812,
        "bathymetry": 4405.22412109375
      }
    },
    {
      "type": "Feature",
      "geometry": {
        "type": "Point",
        "coordinates": [
          79.19999999999999,
          5.399999999999999
        ]
      },
      "properties": {
        "fish_zone": 0,
        "fish_probability": 0.006666666666666667,
        "sst": 28.78999325297775,
        "chlorophyll": 0.09016850590705872,
        "current_u": -0.4823997914791107,
        "current_v": 0.25363612174987793,
        "bathymetry": 4405.22412109375
      }
    },
    {
      "type": "Feature",
      "geometry": {
        "type": "Point",
        "coordinates": [
          79.19999999999999,
          5.499999999999998
        ]
      },
      "properties": {
        "fish_zone": 0,
        "fish_probability": 0.0033333333333333335,
        "sst": 28.759993253648304,
        "chlorophyll": 0.10067755728960037,
        "current_u": -0.5096567273139954,
        "current_v": 0.2146340310573578,
        "bathymetry": 3992.48388671875
      }
    },
    {
      "type": "Feature",
      "geometry": {
        "type": "Point",
        "coordinates": [
          79.19999999999999,
          5.599999999999998
        ]
      },
      "properties": {
        "fish_zone": 0,
        "fish_probability": 0.023333333333333334,
        "sst": 28.73999325409534,
        "chlorophyll": 0.11817848682403564,
        "current_u": -0.5511600971221924,
        "current_v": 0.2004096657037735,
        "bathymetry": 3992.48388671875
      }
    },
    {
      "type": "Feature",
      "geometry": {
        "type": "Point",
        "coordinates": [
          79.19999999999999,
          5.6999999999999975
        ]
      },
      "properties": {
        "fish_zone": 0,
        "fish_probability": 0.023333333333333334,
        "sst": 28.73999325409534,
        "chlorophyll": 0.13201197981834412,
        "current_u": -0.5863766670227051,
        "current_v": 0.18332694470882416,
        "bathymetry": 3597.031982421875
      }
    },
    {
      "type": "Feature",
      "geometry": {
        "type": "Point",
        "coordinates": [
          79.19999999999999,
          5.799999999999997
        ]
      },
      "properties": {
        "fish_zone": 0,
        "fish_probability": 0.02666666666666667,
        "sst": 28.829993252083682,
        "chlorophyll": 0.13728941977024078,
        "current_u": -0.5825477838516235,
        "current_v": 0.1198732927441597,
        "bathymetry": 3220.820068359375
      }
    },
    {
      "type": "Feature",
      "geometry": {
        "type": "Point",
        "coordinates": [
          79.19999999999999,
          5.899999999999997
        ]
      },
      "properties": {
        "fish_zone": 0,
        "fish_probability": 0.02666666666666667,
        "sst": 28.989993248507403,
        "chlorophyll": 0.1344299614429474,
        "current_u": -0.5469417572021484,
        "current_v": 0.15389719605445862,
        "bathymetry": 3220.820068359375
      }
    },
    {
      "type": "Feature",
      "geometry": {
        "type": "Point",
        "coordinates": [
          79.19999999999999,
          5.9999999999999964
        ]
      },
      "properties": {
        "fish_zone": 0,
        "fish_probability": 0.03333333333333333,
        "sst": 29.149993244931125,
        "chlorophyll": 0.11741332709789276,
        "current_u": -0.4731025993824005,
        "current_v": 0.16028979420661926,
        "bathymetry": 3220.820068359375
      }
    },
    {
      "type": "Feature",
      "geometry": {
        "type": "Point",
        "coordinates": [
          79.19999999999999,
          6.099999999999996
        ]
      },
      "properties": {
        "fish_zone": 0,
        "fish_probability": 0.04,
        "sst": 28.999993248283886,
        "chlorophyll": 0.10107007622718811,
        "current_u": -0.38089829683303833,
        "current_v": 0.14868858456611633,
        "bathymetry": 3597.031982421875
      }
    },
    {
      "type": "Feature",
      "geometry": {
        "type": "Point",
        "coordinates": [
          79.19999999999999,
          6.199999999999996
        ]
      },
      "properties": {
        "fish_zone": 0,
        "fish_probability": 0.013333333333333334,
        "sst": 28.909993250295543,
        "chlorophyll": 0.09823552519083023,
        "current_u": -0.2538418769836426,
        "current_v": 0.139219731092453,
        "bathymetry": 3220.820068359375
      }
    },
    {
      "type": "Feature",
      "geometry": {
        "type": "Point",
        "coordinates": [
          79.19999999999999,
          6.299999999999995
        ]
      },
      "properties": {
        "fish_zone": 0,
        "fish_probability": 0.0033333333333333335,
        "sst": 28.929993249848508,
        "chlorophyll": 0.10467687249183655,
        "current_u": 0.052392613142728806,
        "current_v": 0.13756558299064636,
        "bathymetry": 2865.702880859375
      }
    },
    {
      "type": "Feature",
      "geometry": {
        "type": "Point",
        "coordinates": [
          79.19999999999999,
          6.399999999999995
        ]
      },
      "properties": {
        "fish_zone": 0,
        "fish_probability": 0.006666666666666667,
        "sst": 28.949993249401473,
        "chlorophyll": 0.10616734623908997,
        "current_u": 0.18767154216766357,
        "current_v": 0.11250285804271698,
        "bathymetry": 2865.702880859375
      }
    },
    {
      "type": "Feature",
      "geometry": {
        "type": "Point",
        "coordinates": [
          79.19999999999999,
          6.499999999999995
        ]
      },
      "properties": {
        "fish_zone": 0,
        "fish_probability": 0.0033333333333333335,
        "sst": 28.959993249177955,
        "chlorophyll": 0.11272362619638443,
        "current_u": 0.30780813097953796,
        "current_v": 0.06795673817396164,
        "bathymetry": 2865.702880859375
      }
    },
    {
      "type": "Feature",
      "geometry": {
        "type": "Point",
        "coordinates": [
          79.19999999999999,
          6.599999999999994
        ]
      },
      "properties": {
        "fish_zone": 0,
        "fish_probability": 0.0033333333333333335,
        "sst": 29.029993247613334,
        "chlorophyll": 0.12635812163352966,
        "current_u": 0.3872646987438202,
        "current_v": 0.012106737121939659,
        "bathymetry": 2865.702880859375
      }
    },
    {
      "type": "Feature",
      "geometry": {
        "type": "Point",
        "coordinates": [
          79.19999999999999,
          6.699999999999994
        ]
      },
      "properties": {
        "fish_zone": 0,
        "fish_probability": 0.0,
        "sst": 29.0499932471663,
        "chlorophyll": 0.1386018544435501,
        "current_u": 0.37945836782455444,
        "current_v": -0.00999712198972702,
        "bathymetry": 2533.3359375
      }
    },
    {
      "type": "Feature",
      "geometry": {
        "type": "Point",
        "coordinates": [
          79.19999999999999,
          6.799999999999994
        ]
      },
      "properties": {
        "fish_zone": 0,
        "fish_probability": 0.0,
        "sst": 28.85999325141313,
        "chlorophyll": 0.14815270900726318,
        "current_u": 0.2814701795578003,
        "current_v": 0.008143719285726547,
        "bathymetry": 2533.3359375
      }
    },
    {
      "type": "Feature",
      "geometry": {
        "type": "Point",
        "coordinates": [
          79.19999999999999,
          6.899999999999993
        ]
      },
      "properties": {
        "fish_zone": 0,
        "fish_probability": 0.0,
        "sst": 28.809993252530717,
        "chlorophyll": 0.14678941667079926,
        "current_u": 0.22645051777362823,
        "current_v": 0.027327554300427437,
        "bathymetry": 2533.3359375
      }
    },
    {
      "type": "Feature",
      "geometry": {
        "type": "Point",
        "coordinates": [
          79.19999999999999,
          6.999999999999993
        ]
      },
      "properties": {
        "fish_zone": 0,
        "fish_probability": 0.0,
        "sst": 28.8199932523072,
        "chlorophyll": 0.14982181787490845,
        "current_u": 0.1668260246515274,
        "current_v": 0.049184419214725494,
        "bathymetry": 2533.3359375
      }
    },
    {
      "type": "Feature",
      "geometry": {
        "type": "Point",
        "coordinates": [
          79.19999999999999,
          7.0999999999999925
        ]
      },
      "properties": {
        "fish_zone": 0,
        "fish_probability": 0.0,
        "sst": 28.839993251860164,
        "chlorophyll": 0.14355503022670746,
        "current_u": 0.10191525518894196,
        "current_v": 0.06960471719503403,
        "bathymetry": 2533.3359375
      }
    },
    {
      "type": "Feature",
      "geometry": {
        "type": "Point",
        "coordinates": [
          79.19999999999999,
          7.199999999999992
        ]
      },
      "properties": {
        "fish_zone": 0,
        "fish_probability": 0.0,
        "sst": 28.839993251860164,
        "chlorophyll": 0.14239826798439026,
        "current_u": 0.04313715919852257,
        "current_v": 0.09084433317184448,
        "bathymetry": 2533.3359375
      }
    },
    {
      "type": "Feature",
      "geometry": {
        "type": "Point",
        "coordinates": [
          79.19999999999999,
          7.299999999999992
        ]
      },
      "properties": {
        "fish_zone": 0,
        "fish_probability": 0.0033333333333333335,
        "sst": 28.78999325297775,
        "chlorophyll": 0.13614322245121002,
        "current_u": -0.029282221570611,
        "current_v": 0.15571436285972595,
        "bathymetry": 2533.3359375
      }
    },
    {
      "type": "Feature",
      "geometry": {
        "type": "Point",
        "coordinates": [
          79.19999999999999,
          7.3999999999999915
        ]
      },
      "properties": {
        "fish_zone": 0,
        "fish_probability": 0.0033333333333333335,
        "sst": 28.78999325297775,
        "chlorophyll": 0.1358311027288437,
        "current_u": -0.038027599453926086,
        "current_v": 0.17981426417827606,
        "bathymetry": 2533.3359375
      }
    },
    {
      "type": "Feature",
      "geometry": {
        "type": "Point",
        "coordinates": [
          79.19999999999999,
          7.499999999999991
        ]
      },
      "properties": {
        "fish_zone": 0,
        "fish_probability": 0.0033333333333333335,
        "sst": 28.77999325320127,
        "chlorophyll": 0.13016362488269806,
        "current_u": -0.03626663610339165,
        "current_v": 0.18820272386074066,
        "bathymetry": 2533.3359375
      }
    },
    {
      "type": "Feature",
      "geometry": {
        "type": "Point",
        "coordinates": [
          79.19999999999999,
          7.599999999999991
        ]
      },
      "properties": {
        "fish_zone": 0,
        "fish_probability": 0.006666666666666667,
        "sst": 28.759993253648304,
        "chlorophyll": 0.13454575836658478,
        "current_u": -0.0452762134373188,
        "current_v": 0.1981101930141449,
        "bathymetry": 2533.3359375
      }
    },
    {
      "type": "Feature",
      "geometry": {
        "type": "Point",
        "coordinates": [
          79.19999999999999,
          7.69999999999999
        ]
      },
      "properties": {
        "fish_zone": 0,
        "fish_probability": 0.006666666666666667,
        "sst": 28.74999325387182,
        "chlorophyll": 0.1284150332212448,
        "current_u": -0.06668028235435486,
        "current_v": 0.2151850312948227,
        "bathymetry": 2225.077880859375
      }
    },
    {
      "type": "Feature",
      "geometry": {
        "type": "Point",
        "coordinates": [
          79.19999999999999,
          7.79999999999999
        ]
      },
      "properties": {
        "fish_zone": 0,
        "fish_probability": 0.04,
        "sst": 28.69999325498941,
        "chlorophyll": 0.1265007108449936,
        "current_u": -0.09739420562982559,
        "current_v": 0.22579093277454376,
        "bathymetry": 1684.2840576171875
      }
    },
    {
      "type": "Feature",
      "geometry": {
        "type": "Point",
        "coordinates": [
          79.19999999999999,
          7.89999999999999
        ]
      },
      "properties": {
        "fish_zone": 0,
        "fish_probability": 0.043333333333333335,
        "sst": 28.619993256777548,
        "chlorophyll": 0.13899387419223785,
        "current_u": -0.1057829037308693,
        "current_v": 0.21701855957508087,
        "bathymetry": 1684.2840576171875
      }
    },
    {
      "type": "Feature",
      "geometry": {
        "type": "Point",
        "coordinates": [
          79.19999999999999,
          7.999999999999989
        ]
      },
      "properties": {
        "fish_zone": 0,
        "fish_probability": 0.04666666666666667,
        "sst": 28.519993259012722,
        "chlorophyll": 0.14831335842609406,
        "current_u": -0.11315314471721649,
        "current_v": 0.20426693558692932,
        "bathymetry": 1452.2509765625
      }
    },
    {
      "type": "Feature",
      "geometry": {
        "type": "Point",
        "coordinates": [
          79.19999999999999,
          8.099999999999989
        ]
      },
      "properties": {
        "fish_zone": 0,
        "fish_probability": 0.043333333333333335,
        "sst": 28.43999326080086,
        "chlorophyll": 0.1454085111618042,
        "current_u": -0.11637436598539352,
        "current_v": 0.19042474031448364,
        "bathymetry": 1452.2509765625
      }
    },
    {
      "type": "Feature",
      "geometry": {
        "type": "Point",
        "coordinates": [
          79.19999999999999,
          8.199999999999989
        ]
      },
      "properties": {
        "fish_zone": 0,
        "fish_probability": 0.05333333333333334,
        "sst": 28.419993261247896,
        "chlorophyll": 0.16016484797000885,
        "current_u": -0.1189039945602417,
        "current_v": 0.17350061237812042,
        "bathymetry": 1245.291015625
      }
    },
    {
      "type": "Feature",
      "geometry": {
        "type": "Point",
        "coordinates": [
          79.19999999999999,
          8.299999999999988
        ]
      },
      "properties": {
        "fish_zone": 0,
        "fish_probability": 0.05333333333333334,
        "sst": 28.289993264153622,
        "chlorophyll": 0.16021791100502014,
        "current_u": -0.1125078946352005,
        "current_v": 0.13638927042484283,
        "bathymetry": 763.3331298828125
      }
    },
    {
      "type": "Feature",
      "geometry": {
        "type": "Point",
        "coordinates": [
          79.19999999999999,
          8.399999999999988
        ]
      },
      "properties": {
        "fish_zone": 0,
        "fish_probability": 0.04666666666666667,
        "sst": 28.219993265718244,
        "chlorophyll": 0.15428191423416138,
        "current_u": -0.09447094798088074,
        "current_v": 0.12139973789453506,
        "bathymetry": 763.3331298828125
      }
    },
    {
      "type": "Feature",
      "geometry": {
        "type": "Point",
        "coordinates": [
          79.19999999999999,
          8.499999999999988
        ]
      },
      "properties": {
        "fish_zone": 0,
        "fish_probability": 0.03,
        "sst": 28.08999326862397,
        "chlorophyll": 0.1667873114347458,
        "current_u": -0.07469885796308517,
        "current_v": 0.1018151193857193,
        "bathymetry": 902.3392944335938
      }
    },
    {
      "type": "Feature",
      "geometry": {
        "type": "Point",
        "coordinates": [
          79.19999999999999,
          8.599999999999987
        ]
      },
      "properties": {
        "fish_zone": 0,
        "fish_probability": 0.01,
        "sst": 28.059993269294523,
        "chlorophyll": 0.17387202382087708,
        "current_u": -0.06040085107088089,
        "current_v": 0.08069542795419693,
        "bathymetry": 902.3392944335938
      }
    },
    {
      "type": "Feature",
      "geometry": {
        "type": "Point",
        "coordinates": [
          79.19999999999999,
          8.699999999999987
        ]
      },
      "properties": {
        "fish_zone": 0,
        "fish_probability": 0.01,
        "sst": 28.059993269294523,
        "chlorophyll": 0.18324576318264008,
        "current_u": -0.05315540358424187,
        "current_v": 0.06131724640727043,
        "bathymetry": 902.3392944335938
      }
    },
    {
      "type": "Feature",
      "geometry": {
        "type": "Point",
        "coordinates": [
          79.19999999999999,
          8.799999999999986
        ]
      },
      "properties": {
        "fish_zone": 0,
        "fish_probability": 0.0033333333333333335,
        "sst": 28.139993267506384,
        "chlorophyll": 0.19636623561382294,
        "current_u": -0.03743891417980194,
        "current_v": 0.045927487313747406,
        "bathymetry": 643.5667724609375
      }
    },
    {
      "type": "Feature",
      "geometry": {
        "type": "Point",
        "coordinates": [
          79.19999999999999,
          8.899999999999986
        ]
      },
      "properties": {
        "fish_zone": 0,
        "fish_probability": 0.006666666666666667,
        "sst": 28.19999326616528,
        "chlorophyll": 0.20741631090641022,
        "current_u": -0.02188822813332081,
        "current_v": 0.01924031972885132,
        "bathymetry": 643.5667724609375
      }
    },
    {
      "type": "Feature",
      "geometry": {
        "type": "Point",
        "coordinates": [
          79.19999999999999,
          8.999999999999986
        ]
      },
      "properties": {
        "fish_zone": 0,
        "fish_probability": 0.043333333333333335,
        "sst": 28.179993266612314,
        "chlorophyll": 0.24941577017307281,
        "current_u": -0.05109415948390961,
        "current_v": -0.04284824803471565,
        "bathymetry": 453.9377136230469
      }
    },
    {
      "type": "Feature",
      "geometry": {
        "type": "Point",
        "coordinates": [
          79.19999999999999,
          9.099999999999985
        ]
      },
      "properties": {
        "fish_zone": 1,
        "fish_probability": 0.8566666666666667,
        "sst": 28.379993262141966,
        "chlorophyll": 0.2856534421443939,
        "current_u": -0.12886883318424225,
        "current_v": -0.0512205995619297,
        "bathymetry": 18.495559692382812
      }
    },
    {
      "type": "Feature",
      "geometry": {
        "type": "Point",
        "coordinates": [
          79.19999999999999,
          9.199999999999985
        ]
      },
      "properties": {
        "fish_zone": 1,
        "fish_probability": 0.83,
        "sst": 28.639993256330513,
        "chlorophyll": 0.9604257941246033,
        "current_u": -0.12736548483371735,
        "current_v": -0.054980143904685974,
        "bathymetry": 15.810070037841797
      }
    },
    {
      "type": "Feature",
      "geometry": {
        "type": "Point",
        "coordinates": [
          79.19999999999999,
          9.399999999999984
        ]
      },
      "properties": {
        "fish_zone": 0,
        "fish_probability": 0.05,
        "sst": 28.77999325320127,
        "chlorophyll": 0.7739778161048889,
        "current_u": 0.014868165366351604,
        "current_v": -0.024178149178624153,
        "bathymetry": 9.572997093200684
      }
    },
    {
      "type": "Feature",
      "geometry": {
        "type": "Point",
        "coordinates": [
          79.19999999999999,
          9.499999999999984
        ]
      },
      "properties": {
        "fish_zone": 0,
        "fish_probability": 0.056666666666666664,
        "sst": 28.759993253648304,
        "chlorophyll": 0.7397838830947876,
        "current_u": -0.005853648763149977,
        "current_v": -0.03352775797247887,
        "bathymetry": 9.572997093200684
      }
    },
    {
      "type": "Feature",
      "geometry": {
        "type": "Point",
        "coordinates": [
          79.19999999999999,
          9.599999999999984
        ]
      },
      "properties": {
        "fish_zone": 0,
        "fish_probability": 0.043333333333333335,
        "sst": 28.78999325297775,
        "chlorophyll": 0.7218686938285828,
        "current_u": -0.01879151538014412,
        "current_v": -0.04308544471859932,
        "bathymetry": 9.572997093200684
      }
    },
    {
      "type": "Feature",
      "geometry": {
        "type": "Point",
        "coordinates": [
          79.19999999999999,
          9.699999999999983
        ]
      },
      "properties": {
        "fish_zone": 0,
        "fish_probability": 0.04666666666666667,
        "sst": 28.829993252083682,
        "chlorophyll": 0.7510651350021362,
        "current_u": -0.02615896798670292,
        "current_v": -0.04651866480708122,
        "bathymetry": 9.572997093200684
      }
    },
    {
      "type": "Feature",
      "geometry": {
        "type": "Point",
        "coordinates": [
          79.19999999999999,
          9.799999999999983
        ]
      },
      "properties": {
        "fish_zone": 0,
        "fish_probability": 0.1,
        "sst": 28.999993248283886,
        "chlorophyll": 1.6452445983886719,
        "current_u": -0.0275084488093853,
        "current_v": -0.037408553063869476,
        "bathymetry": 7.92956018447876
      }
    },
    {
      "type": "Feature",
      "geometry": {
        "type": "Point",
        "coordinates": [
          79.19999999999999,
          9.899999999999983
        ]
      },
      "properties": {
        "fish_zone": 0,
        "fish_probability": 0.11,
        "sst": 29.039993247389816,
        "chlorophyll": 3.074632167816162,
        "current_u": -0.023700959980487823,
        "current_v": -0.03989904373884201,
        "bathymetry": 7.92956018447876
      }
    },
    {
      "type": "Feature",
      "geometry": {
        "type": "Point",
        "coordinates": [
          79.29999999999998,
          5.0
        ]
      },
      "properties": {
        "fish_zone": 0,
        "fish_probability": 0.01,
        "sst": 29.309993241354846,
        "chlorophyll": 0.08297102898359299,
        "current_u": -0.4328296482563019,
        "current_v": 0.4775712788105011,
        "bathymetry": 4405.22412109375
      }
    },
    {
      "type": "Feature",
      "geometry": {
        "type": "Point",
        "coordinates": [
          79.29999999999998,
          5.1
        ]
      },
      "properties": {
        "fish_zone": 0,
        "fish_probability": 0.01,
        "sst": 28.959993249177955,
        "chlorophyll": 0.07798266410827637,
        "current_u": -0.432667076587677,
        "current_v": 0.4564143717288971,
        "bathymetry": 4405.22412109375
      }
    },
    {
      "type": "Feature",
      "geometry": {
        "type": "Point",
        "coordinates": [
          79.29999999999998,
          5.199999999999999
        ]
      },
      "properties": {
        "fish_zone": 0,
        "fish_probability": 0.01,
        "sst": 28.77999325320127,
        "chlorophyll": 0.06633903086185455,
        "current_u": -0.4335405230522156,
        "current_v": 0.4313008487224579,
        "bathymetry": 4405.22412109375
      }
    },
    {
      "type": "Feature",
      "geometry": {
        "type": "Point",
        "coordinates": [
          79.29999999999998,
          5.299999999999999
        ]
      },
      "properties": {
        "fish_zone": 0,
        "fish_probability": 0.01,
        "sst": 28.62999325655403,
        "chlorophyll": 0.08476591110229492,
        "current_u": -0.4208347499370575,
        "current_v": 0.3508814573287964,
        "bathymetry": 4405.22412109375
      }
    },
    {
      "type": "Feature",
      "geometry": {
        "type": "Point",
        "coordinates": [
          79.29999999999998,
          5.399999999999999
        ]
      },
      "properties": {
        "fish_zone": 0,
        "fish_probability": 0.01,
        "sst": 28.729993254318856,
        "chlorophyll": 0.089993417263031,
        "current_u": -0.4124489724636078,
        "current_v": 0.30573487281799316,
        "bathymetry": 4405.22412109375
      }
    },
    {
      "type": "Feature",
      "geometry": {
        "type": "Point",
        "coordinates": [
          79.29999999999998,
          5.499999999999998
        ]
      },
      "properties": {
        "fish_zone": 0,
        "fish_probability": 0.006666666666666667,
        "sst": 28.69999325498941,
        "chlorophyll": 0.09442905336618423,
        "current_u": -0.4221687316894531,
        "current_v": 0.24711494147777557,
        "bathymetry": 3992.48388671875
      }
    },
    {
      "type": "Feature",
      "geometry": {
        "type": "Point",
        "coordinates": [
          79.29999999999998,
          5.599999999999998
        ]
      },
      "properties": {
        "fish_zone": 0,
        "fish_probability": 0.03,
        "sst": 28.639993256330513,
        "chlorophyll": 0.10687386989593506,
        "current_u": -0.4515308141708374,
        "current_v": 0.1916908323764801,
        "bathymetry": 3992.48388671875
      }
    },
    {
      "type": "Feature",
      "geometry": {
        "type": "Point",
        "coordinates": [
          79.29999999999998,
          5.6999999999999975
        ]
      },
      "properties": {
        "fish_zone": 0,
        "fish_probability": 0.03,
        "sst": 28.62999325655403,
        "chlorophyll": 0.12191489338874817,
        "current_u": -0.48845091462135315,
        "current_v": 0.16088402271270752,
        "bathymetry": 3597.031982421875
      }
    },
    {
      "type": "Feature",
      "geometry": {
        "type": "Point",
        "coordinates": [
          79.29999999999998,
          5.799999999999997
        ]
      },
      "properties": {
        "fish_zone": 0,
        "fish_probability": 0.03333333333333333,
        "sst": 28.78999325297775,
        "chlorophyll": 0.12826991081237793,
        "current_u": -0.4783918559551239,
        "current_v": 0.07134807854890823,
        "bathymetry": 3220.820068359375
      }
    },
    {
      "type": "Feature",
      "geometry": {
        "type": "Point",
        "coordinates": [
          79.29999999999998,
          5.899999999999997
        ]
      },
      "properties": {
        "fish_zone": 0,
        "fish_probability": 0.03333333333333333,
        "sst": 28.919993250072025,
        "chlorophyll": 0.12292540073394775,
        "current_u": -0.4419482350349426,
        "current_v": 0.08521076291799545,
        "bathymetry": 3597.031982421875
      }
    },
    {
      "type": "Feature",
      "geometry": {
        "type": "Point",
        "coordinates": [
          79.29999999999998,
          5.9999999999999964
        ]
      },
      "properties": {
        "fish_zone": 0,
        "fish_probability": 0.03666666666666667,
        "sst": 29.069993246719264,
        "chlorophyll": 0.12218013405799866,
        "current_u": -0.38891202211380005,
        "current_v": 0.08745431154966354,
        "bathymetry": 3597.031982421875
      }
    },
    {
      "type": "Feature",
      "geometry": {
        "type": "Point",
        "coordinates": [
          79.29999999999998,
          6.099999999999996
        ]
      },
      "properties": {
        "fish_zone": 0,
        "fish_probability": 0.013333333333333334,
        "sst": 29.119993245601677,
        "chlorophyll": 0.11001603305339813,
        "current_u": -0.3026871979236603,
        "current_v": 0.06049966439604759,
        "bathymetry": 3597.031982421875
      }
    },
    {
      "type": "Feature",
      "geometry": {
        "type": "Point",
        "coordinates": [
          79.29999999999998,
          6.199999999999996
        ]
      },
      "properties": {
        "fish_zone": 0,
        "fish_probability": 0.016666666666666666,
        "sst": 29.09999324604871,
        "chlorophyll": 0.10147527605295181,
        "current_u": -0.1920323222875595,
        "current_v": 0.034610502421855927,
        "bathymetry": 2865.702880859375
      }
    },
    {
      "type": "Feature",
      "geometry": {
        "type": "Point",
        "coordinates": [
          79.29999999999998,
          6.299999999999995
        ]
      },
      "properties": {
        "fish_zone": 0,
        "fish_probability": 0.0,
        "sst": 29.05999324694278,
        "chlorophyll": 0.1016567200422287,
        "current_u": 0.0710102990269661,
        "current_v": -0.012881365604698658,
        "bathymetry": 2533.3359375
      }
    },
    {
      "type": "Feature",
      "geometry": {
        "type": "Point",
        "coordinates": [
          79.29999999999998,
          6.399999999999995
        ]
      },
      "properties": {
        "fish_zone": 0,
        "fish_probability": 0.0,
        "sst": 29.01999324783685,
        "chlorophyll": 0.10610286146402359,
        "current_u": 0.183984637260437,
        "current_v": -0.05339910089969635,
        "bathymetry": 2533.3359375
      }
    },
    {
      "type": "Feature",
      "geometry": {
        "type": "Point",
        "coordinates": [
          79.29999999999998,
          6.499999999999995
        ]
      },
      "properties": {
        "fish_zone": 0,
        "fish_probability": 0.0033333333333333335,
        "sst": 28.949993249401473,
        "chlorophyll": 0.11351035535335541,
        "current_u": 0.2667919397354126,
        "current_v": -0.0860566720366478,
        "bathymetry": 2533.3359375
      }
    },
    {
      "type": "Feature",
      "geometry": {
        "type": "Point",
        "coordinates": [
          79.29999999999998,
          6.599999999999994
        ]
      },
      "properties": {
        "fish_zone": 0,
        "fish_probability": 0.0,
        "sst": 29.01999324783685,
        "chlorophyll": 0.12458177655935287,
        "current_u": 0.29823654890060425,
        "current_v": -0.0979309231042862,
        "bathymetry": 2533.3359375
      }
    },
    {
      "type": "Feature",
      "geometry": {
        "type": "Point",
        "coordinates": [
          79.29999999999998,
          6.699999999999994
        ]
      },
      "properties": {
        "fish_zone": 0,
        "fish_probability": 0.0033333333333333335,
        "sst": 29.0499932471663,
        "chlorophyll": 0.13232626020908356,
        "current_u": 0.2780991494655609,
        "current_v": -0.08298929035663605,
        "bathymetry": 2533.3359375
      }
    },
    {
      "type": "Feature",
      "geometry": {
        "type": "Point",
        "coordinates": [
          79.29999999999998,
          6.799999999999994
        ]
      },
      "properties": {
        "fish_zone": 0,
        "fish_probability": 0.0,
        "sst": 28.999993248283886,
        "chlorophyll": 0.14137940108776093,
        "current_u": 0.20201854407787323,
        "current_v": -0.03513148054480553,
        "bathymetry": 2225.077880859375
      }
    },
    {
      "type": "Feature",
      "geometry": {
        "type": "Point",
        "coordinates": [
          79.29999999999998,
          6.899999999999993
        ]
      },
      "properties": {
        "fish_zone": 0,
        "fish_probability": 0.0,
        "sst": 28.989993248507403,
        "chlorophyll": 0.146757572889328,
        "current_u": 0.1590554416179657,
        "current_v": -0.008843773975968361,
        "bathymetry": 2225.077880859375
      }
    },
    {
      "type": "Feature",
      "geometry": {
        "type": "Point",
        "coordinates": [
          79.29999999999998,
          6.999999999999993
        ]
      },
      "properties": {
        "fish_zone": 0,
        "fish_probability": 0.0,
        "sst": 28.959993249177955,
        "chlorophyll": 0.1522098034620285,
        "current_u": 0.11389658600091934,
        "current_v": 0.019061464816331863,
        "bathymetry": 2225.077880859375
      }
    },
    {
      "type": "Feature",
      "geometry": {
        "type": "Point",
        "coordinates": [
          79.29999999999998,
          7.0999999999999925
        ]
      },
      "properties": {
        "fish_zone": 0,
        "fish_probability": 0.0,
        "sst": 28.999993248283886,
        "chlorophyll": 0.1504889726638794,
        "current_u": 0.07072607427835464,
        "current_v": 0.040913015604019165,
        "bathymetry": 2225.077880859375
      }
    },
    {
      "type": "Feature",
      "geometry": {
        "type": "Point",
        "coordinates": [
          79.29999999999998,
          7.199999999999992
        ]
      },
      "properties": {
        "fish_zone": 0,
        "fish_probability": 0.0,
        "sst": 29.00999324806037,
        "chlorophyll": 0.14736652374267578,
        "current_u": 0.043472521007061005,
        "current_v": 0.05240154638886452,
        "bathymetry": 2225.077880859375
      }
    },
    {
      "type": "Feature",
      "geometry": {
        "type": "Point",
        "coordinates": [
          79.29999999999998,
          7.299999999999992
        ]
      },
      "properties": {
        "fish_zone": 0,
        "fish_probability": 0.0,
        "sst": 28.949993249401473,
        "chlorophyll": 0.14535382390022278,
        "current_u": 0.018069149926304817,
        "current_v": 0.07345167547464371,
        "bathymetry": 2225.077880859375
      }
    },
    {
      "type": "Feature",
      "geometry": {
        "type": "Point",
        "coordinates": [
          79.29999999999998,
          7.3999999999999915
        ]
      },
      "properties": {
        "fish_zone": 0,
        "fish_probability": 0.0,
        "sst": 28.909993250295543,
        "chlorophyll": 0.15336430072784424,
        "current_u": -0.002562041627243161,
        "current_v": 0.08418317139148712,
        "bathymetry": 2225.077880859375
      }
    },
    {
      "type": "Feature",
      "geometry": {
        "type": "Point",
        "coordinates": [
          79.29999999999998,
          7.499999999999991
        ]
      },
      "properties": {
        "fish_zone": 0,
        "fish_probability": 0.04666666666666667,
        "sst": 28.849993251636647,
        "chlorophyll": 0.15484954416751862,
        "current_u": -0.03365812450647354,
        "current_v": 0.10376708209514618,
        "bathymetry": 1941.8929443359375
      }
    },
    {
      "type": "Feature",
      "geometry": {
        "type": "Point",
        "coordinates": [
          79.29999999999998,
          7.599999999999991
        ]
      },
      "properties": {
        "fish_zone": 0,
        "fish_probability": 0.05,
        "sst": 28.78999325297775,
        "chlorophyll": 0.15795165300369263,
        "current_u": -0.06068730354309082,
        "current_v": 0.12989583611488342,
        "bathymetry": 1941.8929443359375
      }
    },
    {
      "type": "Feature",
      "geometry": {
        "type": "Point",
        "coordinates": [
          79.29999999999998,
          7.69999999999999
        ]
      },
      "properties": {
        "fish_zone": 0,
        "fish_probability": 0.056666666666666664,
        "sst": 28.769993253424786,
        "chlorophyll": 0.14586719870567322,
        "current_u": -0.07825247198343277,
        "current_v": 0.14645321667194366,
        "bathymetry": 1941.8929443359375
      }
    },
    {
      "type": "Feature",
      "geometry": {
        "type": "Point",
        "coordinates": [
          79.29999999999998,
          7.79999999999999
        ]
      },
      "properties": {
        "fish_zone": 0,
        "fish_probability": 0.043333333333333335,
        "sst": 28.659993255883478,
        "chlorophyll": 0.1630680114030838,
        "current_u": -0.10542502254247665,
        "current_v": 0.14513865113258362,
        "bathymetry": 1684.2840576171875
      }
    },
    {
      "type": "Feature",
      "geometry": {
        "type": "Point",
        "coordinates": [
          79.29999999999998,
          7.89999999999999
        ]
      },
      "properties": {
        "fish_zone": 0,
        "fish_probability": 0.04666666666666667,
        "sst": 28.529993258789204,
        "chlorophyll": 0.15811067819595337,
        "current_u": -0.11448696255683899,
        "current_v": 0.1370723843574524,
        "bathymetry": 1684.2840576171875
      }
    },
    {
      "type": "Feature",
      "geometry": {
        "type": "Point",
        "coordinates": [
          79.29999999999998,
          7.999999999999989
        ]
      },
      "properties": {
        "fish_zone": 0,
        "fish_probability": 0.05,
        "sst": 28.46999326013031,
        "chlorophyll": 0.1584092229604721,
        "current_u": -0.12419088184833527,
        "current_v": 0.12086639553308487,
        "bathymetry": 1452.2509765625
      }
    },
    {
      "type": "Feature",
      "geometry": {
        "type": "Point",
        "coordinates": [
          79.29999999999998,
          8.099999999999989
        ]
      },
      "properties": {
        "fish_zone": 0,
        "fish_probability": 0.043333333333333335,
        "sst": 28.409993261471413,
        "chlorophyll": 0.1535779982805252,
        "current_u": -0.13671766221523285,
        "current_v": 0.10447730123996735,
        "bathymetry": 1452.2509765625
      }
    },
    {
      "type": "Feature",
      "geometry": {
        "type": "Point",
        "coordinates": [
          79.29999999999998,
          8.199999999999989
        ]
      },
      "properties": {
        "fish_zone": 0,
        "fish_probability": 0.04666666666666667,
        "sst": 28.379993262141966,
        "chlorophyll": 0.16390392184257507,
        "current_u": -0.1406908631324768,
        "current_v": 0.0892893597483635,
        "bathymetry": 1245.291015625
      }
    },
    {
      "type": "Feature",
      "geometry": {
        "type": "Point",
        "coordinates": [
          79.29999999999998,
          8.299999999999988
        ]
      },
      "properties": {
        "fish_zone": 0,
        "fish_probability": 0.043333333333333335,
        "sst": 28.209993265941762,
        "chlorophyll": 0.1719311624765396,
        "current_u": -0.12281575053930283,
        "current_v": 0.07352442294359207,
        "bathymetry": 1062.43994140625
      }
    },
    {
      "type": "Feature",
      "geometry": {
        "type": "Point",
        "coordinates": [
          79.29999999999998,
          8.399999999999988
        ]
      },
      "properties": {
        "fish_zone": 0,
        "fish_probability": 0.04,
        "sst": 28.1299932677299,
        "chlorophyll": 0.16860072314739227,
        "current_u": -0.0983942449092865,
        "current_v": 0.0589386485517025,
        "bathymetry": 902.3392944335938
      }
    },
    {
      "type": "Feature",
      "geometry": {
        "type": "Point",
        "coordinates": [
          79.29999999999998,
          8.499999999999988
        ]
      },
      "properties": {
        "fish_zone": 0,
        "fish_probability": 0.006666666666666667,
        "sst": 28.00999327041211,
        "chlorophyll": 0.17564766108989716,
        "current_u": -0.07233825325965881,
        "current_v": 0.03956888988614082,
        "bathymetry": 902.3392944335938
      }
    },
    {
      "type": "Feature",
      "geometry": {
        "type": "Point",
        "coordinates": [
          79.29999999999998,
          8.599999999999987
        ]
      },
      "properties": {
        "fish_zone": 0,
        "fish_probability": 0.0,
        "sst": 27.999993270635628,
        "chlorophyll": 0.1746010184288025,
        "current_u": -0.044165629893541336,
        "current_v": 0.02024940960109234,
        "bathymetry": 643.5667724609375
      }
    },
    {
      "type": "Feature",
      "geometry": {
        "type": "Point",
        "coordinates": [
          79.29999999999998,
          8.699999999999987
        ]
      },
      "properties": {
        "fish_zone": 0,
        "fish_probability": 0.0,
        "sst": 27.999993270635628,
        "chlorophyll": 0.1780962496995926,
        "current_u": -0.023750929161906242,
        "current_v": 0.00985452439635992,
        "bathymetry": 763.3331298828125
      }
    },
    {
      "type": "Feature",
      "geometry": {
        "type": "Point",
        "coordinates": [
          79.29999999999998,
          8.799999999999986
        ]
      },
      "properties": {
        "fish_zone": 0,
        "fish_probability": 0.0033333333333333335,
        "sst": 28.059993269294523,
        "chlorophyll": 0.2438819259405136,
        "current_u": 0.011417610570788383,
        "current_v": -0.05871634930372238,
        "bathymetry": 643.5667724609375
      }
    },
    {
      "type": "Feature",
      "geometry": {
        "type": "Point",
        "coordinates": [
          79.29999999999998,
          8.899999999999986
        ]
      },
      "properties": {
        "fish_zone": 0,
        "fish_probability": 0.46,
        "sst": 28.109993268176936,
        "chlorophyll": 0.32151496410369873,
        "current_u": 0.009952815249562263,
        "current_v": -0.09594882279634476,
        "bathymetry": 643.5667724609375
      }
    },
    {
      "type": "Feature",
      "geometry": {
        "type": "Point",
        "coordinates": [
          79.29999999999998,
          8.999999999999986
        ]
      },
      "properties": {
        "fish_zone": 0,
        "fish_probability": 0.2866666666666667,
        "sst": 28.209993265941762,
        "chlorophyll": 0.3545015752315521,
        "current_u": -0.0581294484436512,
        "current_v": -0.08098579198122025,
        "bathymetry": 109.72930145263672
      }
    },
    {
      "type": "Feature",
      "geometry": {
        "type": "Point",
        "coordinates": [
          79.29999999999998,
          9.099999999999985
        ]
      },
      "properties": {
        "fish_zone": 1,
        "fish_probability": 0.9,
        "sst": 28.449993260577344,
        "chlorophyll": 0.47129178047180176,
        "current_u": -0.13310717046260834,
        "current_v": -0.08812647312879562,
        "bathymetry": 18.495559692382812
      }
    },
    {
      "type": "Feature",
      "geometry": {
        "type": "Point",
        "coordinates": [
          79.29999999999998,
          9.199999999999985
        ]
      },
      "properties": {
        "fish_zone": 1,
        "fish_probability": 0.9133333333333333,
        "sst": 28.639993256330513,
        "chlorophyll": 1.1180942058563232,
        "current_u": -0.13940513134002686,
        "current_v": -0.17803843319416046,
        "bathymetry": 9.572997093200684
      }
    },
    {
      "type": "Feature",
      "geometry": {
        "type": "Point",
        "coordinates": [
          79.29999999999998,
          9.399999999999984
        ]
      },
      "properties": {
        "fish_zone": 0,
        "fish_probability": 0.06333333333333334,
        "sst": 28.69999325498941,
        "chlorophyll": 0.6824144721031189,
        "current_u": -0.0020122844725847244,
        "current_v": -0.06487879902124405,
        "bathymetry": 11.404999732971191
      }
    },
    {
      "type": "Feature",
      "geometry": {
        "type": "Point",
        "coordinates": [
          79.29999999999998,
          9.499999999999984
        ]
      },
      "properties": {
        "fish_zone": 0,
        "fish_probability": 0.05,
        "sst": 28.569993257895135,
        "chlorophyll": 0.5718212127685547,
        "current_u": -0.012003470212221146,
        "current_v": -0.06443163752555847,
        "bathymetry": 11.404999732971191
      }
    },
    {
      "type": "Feature",
      "geometry": {
        "type": "Point",
        "coordinates": [
          79.29999999999998,
          9.599999999999984
        ]
      },
      "properties": {
        "fish_zone": 0,
        "fish_probability": 0.07666666666666666,
        "sst": 28.619993256777548,
        "chlorophyll": 0.6557191014289856,
        "current_u": -0.022018227726221085,
        "current_v": -0.05481882393360138,
        "bathymetry": 11.404999732971191
      }
    },
    {
      "type": "Feature",
      "geometry": {
        "type": "Point",
        "coordinates": [
          79.29999999999998,
          9.699999999999983
        ]
      },
      "properties": {
        "fish_zone": 0,
        "fish_probability": 0.08666666666666667,
        "sst": 28.619993256777548,
        "chlorophyll": 0.6403858065605164,
        "current_u": -0.02446182444691658,
        "current_v": -0.04832715541124344,
        "bathymetry": 13.467140197753906
      }
    },
    {
      "type": "Feature",
      "geometry": {
        "type": "Point",
        "coordinates": [
          79.29999999999998,
          9.799999999999983
        ]
      },
      "properties": {
        "fish_zone": 0,
        "fish_probability": 0.09666666666666666,
        "sst": 28.74999325387182,
        "chlorophyll": 0.8764342665672302,
        "current_u": -0.044852107763290405,
        "current_v": -0.044906046241521835,
        "bathymetry": 11.404999732971191
      }
    },
    {
      "type": "Feature",
      "geometry": {
        "type": "Point",
        "coordinates": [
          79.29999999999998,
          9.899999999999983
        ]
      },
      "properties": {
        "fish_zone": 0,
        "fish_probability": 0.12333333333333334,
        "sst": 28.849993251636647,
        "chlorophyll": 1.869908332824707,
        "current_u": -0.049460120499134064,
        "current_v": -0.04908505827188492,
        "bathymetry": 7.92956018447876
      }
    },
    {
      "type": "Feature",
      "geometry": {
        "type": "Point",
        "coordinates": [
          79.39999999999998,
          5.0
        ]
      },
      "properties": {
        "fish_zone": 0,
        "fish_probability": 0.01,
        "sst": 29.239993242919468,
        "chlorophyll": 0.07598802447319031,
        "current_u": -0.4119892418384552,
        "current_v": 0.49117451906204224,
        "bathymetry": 4405.22412109375
      }
    },
    {
      "type": "Feature",
      "geometry": {
        "type": "Point",
        "coordinates": [
          79.39999999999998,
          5.1
        ]
      },
      "properties": {
        "fish_zone": 0,
        "fish_probability": 0.01,
        "sst": 28.929993249848508,
        "chlorophyll": 0.07594405114650726,
        "current_u": -0.40869489312171936,
        "current_v": 0.46347400546073914,
        "bathymetry": 4405.22412109375
      }
    },
    {
      "type": "Feature",
      "geometry": {
        "type": "Point",
        "coordinates": [
          79.39999999999998,
          5.199999999999999
        ]
      },
      "properties": {
        "fish_zone": 0,
        "fish_probability": 0.01,
        "sst": 28.77999325320127,
        "chlorophyll": 0.07778599858283997,
        "current_u": -0.40887489914894104,
        "current_v": 0.4372429847717285,
        "bathymetry": 4405.22412109375
      }
    },
    {
      "type": "Feature",
      "geometry": {
        "type": "Point",
        "coordinates": [
          79.39999999999998,
          5.299999999999999
        ]
      },
      "properties": {
        "fish_zone": 0,
        "fish_probability": 0.01,
        "sst": 28.649993256106995,
        "chlorophyll": 0.08572156727313995,
        "current_u": -0.3969857394695282,
        "current_v": 0.36751437187194824,
        "bathymetry": 4405.22412109375
      }
    },
    {
      "type": "Feature",
      "geometry": {
        "type": "Point",
        "coordinates": [
          79.39999999999998,
          5.399999999999999
        ]
      },
      "properties": {
        "fish_zone": 0,
        "fish_probability": 0.01,
        "sst": 28.719993254542374,
        "chlorophyll": 0.09247589856386185,
        "current_u": -0.3873291313648224,
        "current_v": 0.32031169533729553,
        "bathymetry": 3992.48388671875
      }
    },
    {
      "type": "Feature",
      "geometry": {
        "type": "Point",
        "coordinates": [
          79.39999999999998,
          5.499999999999998
        ]
      },
      "properties": {
        "fish_zone": 0,
        "fish_probability": 0.006666666666666667,
        "sst": 28.69999325498941,
        "chlorophyll": 0.10403941571712494,
        "current_u": -0.3903358280658722,
        "current_v": 0.26043760776519775,
        "bathymetry": 3992.48388671875
      }
    },
    {
      "type": "Feature",
      "geometry": {
        "type": "Point",
        "coordinates": [
          79.39999999999998,
          5.599999999999998
        ]
      },
      "properties": {
        "fish_zone": 0,
        "fish_probability": 0.03333333333333333,
        "sst": 28.62999325655403,
        "chlorophyll": 0.10637740790843964,
        "current_u": -0.40596723556518555,
        "current_v": 0.19522787630558014,
        "bathymetry": 3992.48388671875
      }
    },
    {
      "type": "Feature",
      "geometry": {
        "type": "Point",
        "coordinates": [
          79.39999999999998,
          5.6999999999999975
        ]
      },
      "properties": {
        "fish_zone": 0,
        "fish_probability": 0.03333333333333333,
        "sst": 28.609993257001065,
        "chlorophyll": 0.1153910756111145,
        "current_u": -0.43871283531188965,
        "current_v": 0.15316225588321686,
        "bathymetry": 3597.031982421875
      }
    },
    {
      "type": "Feature",
      "geometry": {
        "type": "Point",
        "coordinates": [
          79.39999999999998,
          5.799999999999997
        ]
      },
      "properties": {
        "fish_zone": 0,
        "fish_probability": 0.03333333333333333,
        "sst": 28.78999325297775,
        "chlorophyll": 0.12002775818109512,
        "current_u": -0.4301166832447052,
        "current_v": 0.07327140122652054,
        "bathymetry": 3597.031982421875
      }
    },
    {
      "type": "Feature",
      "geometry": {
        "type": "Point",
        "coordinates": [
          79.39999999999998,
          5.899999999999997
        ]
      },
      "properties": {
        "fish_zone": 0,
        "fish_probability": 0.043333333333333335,
        "sst": 28.919993250072025,
        "chlorophyll": 0.12201760709285736,
        "current_u": -0.38130077719688416,
        "current_v": 0.06160423532128334,
        "bathymetry": 3992.48388671875
      }
    },
    {
      "type": "Feature",
      "geometry": {
        "type": "Point",
        "coordinates": [
          79.39999999999998,
          5.9999999999999964
        ]
      },
      "properties": {
        "fish_zone": 0,
        "fish_probability": 0.043333333333333335,
        "sst": 29.0499932471663,
        "chlorophyll": 0.11612784117460251,
        "current_u": -0.3344651460647583,
        "current_v": 0.06613479554653168,
        "bathymetry": 3992.48388671875
      }
    },
    {
      "type": "Feature",
      "geometry": {
        "type": "Point",
        "coordinates": [
          79.39999999999998,
          6.099999999999996
        ]
      },
      "properties": {
        "fish_zone": 0,
        "fish_probability": 0.01,
        "sst": 29.109993245825194,
        "chlorophyll": 0.11238143593072891,
        "current_u": -0.26025357842445374,
        "current_v": 0.034002065658569336,
        "bathymetry": 3597.031982421875
      }
    },
    {
      "type": "Feature",
      "geometry": {
        "type": "Point",
        "coordinates": [
          79.39999999999998,
          6.199999999999996
        ]
      },
      "properties": {
        "fish_zone": 0,
        "fish_probability": 0.016666666666666666,
        "sst": 29.05999324694278,
        "chlorophyll": 0.10713370144367218,
        "current_u": -0.16292931139469147,
        "current_v": -0.00705311493948102,
        "bathymetry": 2865.702880859375
      }
    },
    {
      "type": "Feature",
      "geometry": {
        "type": "Point",
        "coordinates": [
          79.39999999999998,
          6.299999999999995
        ]
      },
      "properties": {
        "fish_zone": 0,
        "fish_probability": 0.0033333333333333335,
        "sst": 29.00999324806037,
        "chlorophyll": 0.10333599895238876,
        "current_u": 0.060549046844244,
        "current_v": -0.08209945261478424,
        "bathymetry": 2533.3359375
      }
    },
    {
      "type": "Feature",
      "geometry": {
        "type": "Point",
        "coordinates": [
          79.39999999999998,
          6.399999999999995
        ]
      },
      "properties": {
        "fish_zone": 0,
        "fish_probability": 0.0,
        "sst": 29.119993245601677,
        "chlorophyll": 0.11089616268873215,
        "current_u": 0.1482631266117096,
        "current_v": -0.11645723134279251,
        "bathymetry": 2533.3359375
      }
    },
    {
      "type": "Feature",
      "geometry": {
        "type": "Point",
        "coordinates": [
          79.39999999999998,
          6.499999999999995
        ]
      },
      "properties": {
        "fish_zone": 0,
        "fish_probability": 0.0,
        "sst": 29.05999324694278,
        "chlorophyll": 0.11661522090435028,
        "current_u": 0.2067786157131195,
        "current_v": -0.1328093409538269,
        "bathymetry": 2225.077880859375
      }
    },
    {
      "type": "Feature",
      "geometry": {
        "type": "Point",
        "coordinates": [
          79.39999999999998,
          6.599999999999994
        ]
      },
      "properties": {
        "fish_zone": 0,
        "fish_probability": 0.0,
        "sst": 29.0499932471663,
        "chlorophyll": 0.12103492766618729,
        "current_u": 0.22169986367225647,
        "current_v": -0.13047941029071808,
        "bathymetry": 2225.077880859375
      }
    },
    {
      "type": "Feature",
      "geometry": {
        "type": "Point",
        "coordinates": [
          79.39999999999998,
          6.699999999999994
        ]
      },
      "properties": {
        "fish_zone": 0,
        "fish_probability": 0.0,
        "sst": 29.05999324694278,
        "chlorophyll": 0.12866175174713135,
        "current_u": 0.20351554453372955,
        "current_v": -0.11079512536525726,
        "bathymetry": 2225.077880859375
      }
    },
    {
      "type": "Feature",
      "geometry": {
        "type": "Point",
        "coordinates": [
          79.39999999999998,
          6.799999999999994
        ]
      },
      "properties": {
        "fish_zone": 0,
        "fish_probability": 0.023333333333333334,
        "sst": 28.999993248283886,
        "chlorophyll": 0.13668392598628998,
        "current_u": 0.14717774093151093,
        "current_v": -0.06081094220280647,
        "bathymetry": 1941.8929443359375
      }
    },
    {
      "type": "Feature",
      "geometry": {
        "type": "Point",
        "coordinates": [
          79.39999999999998,
          6.899999999999993
        ]
      },
      "properties": {
        "fish_zone": 0,
        "fish_probability": 0.02,
        "sst": 28.999993248283886,
        "chlorophyll": 0.14238162338733673,
        "current_u": 0.1155536100268364,
        "current_v": -0.03112691640853882,
        "bathymetry": 1941.8929443359375
      }
    },
    {
      "type": "Feature",
      "geometry": {
        "type": "Point",
        "coordinates": [
          79.39999999999998,
          6.999999999999993
        ]
      },
      "properties": {
        "fish_zone": 0,
        "fish_probability": 0.016666666666666666,
        "sst": 29.00999324806037,
        "chlorophyll": 0.14614635705947876,
        "current_u": 0.0860629603266716,
        "current_v": 0.0013354154070839286,
        "bathymetry": 1941.8929443359375
      }
    },
    {
      "type": "Feature",
      "geometry": {
        "type": "Point",
        "coordinates": [
          79.39999999999998,
          7.0999999999999925
        ]
      },
      "properties": {
        "fish_zone": 0,
        "fish_probability": 0.0,
        "sst": 29.01999324783685,
        "chlorophyll": 0.14913427829742432,
        "current_u": 0.06399822235107422,
        "current_v": 0.02092907950282097,
        "bathymetry": 1941.8929443359375
      }
    },
    {
      "type": "Feature",
      "geometry": {
        "type": "Point",
        "coordinates": [
          79.39999999999998,
          7.199999999999992
        ]
      },
      "properties": {
        "fish_zone": 0,
        "fish_probability": 0.0,
        "sst": 29.00999324806037,
        "chlorophyll": 0.16151149570941925,
        "current_u": 0.05160338431596756,
        "current_v": 0.024201376363635063,
        "bathymetry": 1941.8929443359375
      }
    },
    {
      "type": "Feature",
      "geometry": {
        "type": "Point",
        "coordinates": [
          79.39999999999998,
          7.299999999999992
        ]
      },
      "properties": {
        "fish_zone": 0,
        "fish_probability": 0.006666666666666667,
        "sst": 28.889993250742577,
        "chlorophyll": 0.16673961281776428,
        "current_u": 0.025412730872631073,
        "current_v": 0.023994367569684982,
        "bathymetry": 1941.8929443359375
      }
    },
    {
      "type": "Feature",
      "geometry": {
        "type": "Point",
        "coordinates": [
          79.39999999999998,
          7.3999999999999915
        ]
      },
      "properties": {
        "fish_zone": 0,
        "fish_probability": 0.006666666666666667,
        "sst": 28.809993252530717,
        "chlorophyll": 0.1704752892255783,
        "current_u": -0.003715740516781807,
        "current_v": 0.037946667522192,
        "bathymetry": 1941.8929443359375
      }
    },
    {
      "type": "Feature",
      "geometry": {
        "type": "Point",
        "coordinates": [
          79.39999999999998,
          7.499999999999991
        ]
      },
      "properties": {
        "fish_zone": 0,
        "fish_probability": 0.0033333333333333335,
        "sst": 28.729993254318856,
        "chlorophyll": 0.16843964159488678,
        "current_u": -0.03160218149423599,
        "current_v": 0.05959298089146614,
        "bathymetry": 1941.8929443359375
      }
    },
    {
      "type": "Feature",
      "geometry": {
        "type": "Point",
        "coordinates": [
          79.39999999999998,
          7.599999999999991
        ]
      },
      "properties": {
        "fish_zone": 0,
        "fish_probability": 0.016666666666666666,
        "sst": 28.659993255883478,
        "chlorophyll": 0.1844470500946045,
        "current_u": -0.04795830324292183,
        "current_v": 0.07746189087629318,
        "bathymetry": 1941.8929443359375
      }
    },
    {
      "type": "Feature",
      "geometry": {
        "type": "Point",
        "coordinates": [
          79.39999999999998,
          7.69999999999999
        ]
      },
      "properties": {
        "fish_zone": 0,
        "fish_probability": 0.03333333333333333,
        "sst": 28.649993256106995,
        "chlorophyll": 0.16613276302814484,
        "current_u": -0.06505632400512695,
        "current_v": 0.08172091096639633,
        "bathymetry": 1941.8929443359375
      }
    },
    {
      "type": "Feature",
      "geometry": {
        "type": "Point",
        "coordinates": [
          79.39999999999998,
          7.79999999999999
        ]
      },
      "properties": {
        "fish_zone": 0,
        "fish_probability": 0.043333333333333335,
        "sst": 28.559993258118652,
        "chlorophyll": 0.17802225053310394,
        "current_u": -0.10610973089933395,
        "current_v": 0.07671259343624115,
        "bathymetry": 1684.2840576171875
      }
    },
    {
      "type": "Feature",
      "geometry": {
        "type": "Point",
        "coordinates": [
          79.39999999999998,
          7.89999999999999
        ]
      },
      "properties": {
        "fish_zone": 0,
        "fish_probability": 0.03333333333333333,
        "sst": 28.449993260577344,
        "chlorophyll": 0.17967398464679718,
        "current_u": -0.11640935391187668,
        "current_v": 0.07218319922685623,
        "bathymetry": 1684.2840576171875
      }
    },
    {
      "type": "Feature",
      "geometry": {
        "type": "Point",
        "coordinates": [
          79.39999999999998,
          7.999999999999989
        ]
      },
      "properties": {
        "fish_zone": 0,
        "fish_probability": 0.03666666666666667,
        "sst": 28.419993261247896,
        "chlorophyll": 0.18931561708450317,
        "current_u": -0.12814711034297943,
        "current_v": 0.06379067152738571,
        "bathymetry": 1452.2509765625
      }
    },
    {
      "type": "Feature",
      "geometry": {
        "type": "Point",
        "coordinates": [
          79.39999999999998,
          8.099999999999989
        ]
      },
      "properties": {
        "fish_zone": 0,
        "fish_probability": 0.03666666666666667,
        "sst": 28.349993262812518,
        "chlorophyll": 0.19047407805919647,
        "current_u": -0.142730712890625,
        "current_v": 0.054450880736112595,
        "bathymetry": 1452.2509765625
      }
    },
    {
      "type": "Feature",
      "geometry": {
        "type": "Point",
        "coordinates": [
          79.39999999999998,
          8.199999999999989
        ]
      },
      "properties": {
        "fish_zone": 0,
        "fish_probability": 0.043333333333333335,
        "sst": 28.309993263706588,
        "chlorophyll": 0.1851145476102829,
        "current_u": -0.14636993408203125,
        "current_v": 0.041288718581199646,
        "bathymetry": 1245.291015625
      }
    },
    {
      "type": "Feature",
      "geometry": {
        "type": "Point",
        "coordinates": [
          79.39999999999998,
          8.299999999999988
        ]
      },
      "properties": {
        "fish_zone": 0,
        "fish_probability": 0.03333333333333333,
        "sst": 28.179993266612314,
        "chlorophyll": 0.17919239401817322,
        "current_u": -0.14280575513839722,
        "current_v": 0.027826398611068726,
        "bathymetry": 1062.43994140625
      }
    },
    {
      "type": "Feature",
      "geometry": {
        "type": "Point",
        "coordinates": [
          79.39999999999998,
          8.399999999999988
        ]
      },
      "properties": {
        "fish_zone": 0,
        "fish_probability": 0.05,
        "sst": 28.1299932677299,
        "chlorophyll": 0.17705979943275452,
        "current_u": -0.10265607386827469,
        "current_v": 0.00789562426507473,
        "bathymetry": 1062.43994140625
      }
    },
    {
      "type": "Feature",
      "geometry": {
        "type": "Point",
        "coordinates": [
          79.39999999999998,
          8.499999999999988
        ]
      },
      "properties": {
        "fish_zone": 0,
        "fish_probability": 0.0033333333333333335,
        "sst": 27.999993270635628,
        "chlorophyll": 0.17942553758621216,
        "current_u": -0.06411391496658325,
        "current_v": -0.00793119054287672,
        "bathymetry": 902.3392944335938
      }
    },
    {
      "type": "Feature",
      "geometry": {
        "type": "Point",
        "coordinates": [
          79.39999999999998,
          8.599999999999987
        ]
      },
      "properties": {
        "fish_zone": 0,
        "fish_probability": 0.0,
        "sst": 27.999993270635628,
        "chlorophyll": 0.17074035108089447,
        "current_u": -0.03526498004794121,
        "current_v": -0.023549670353531837,
        "bathymetry": 763.3331298828125
      }
    },
    {
      "type": "Feature",
      "geometry": {
        "type": "Point",
        "coordinates": [
          79.39999999999998,
          8.699999999999987
        ]
      },
      "properties": {
        "fish_zone": 0,
        "fish_probability": 0.0,
        "sst": 27.999993270635628,
        "chlorophyll": 0.17867280542850494,
        "current_u": -0.013145867735147476,
        "current_v": -0.04722451791167259,
        "bathymetry": 643.5667724609375
      }
    },
    {
      "type": "Feature",
      "geometry": {
        "type": "Point",
        "coordinates": [
          79.39999999999998,
          8.799999999999986
        ]
      },
      "properties": {
        "fish_zone": 0,
        "fish_probability": 0.19,
        "sst": 28.039993269741558,
        "chlorophyll": 0.2128097265958786,
        "current_u": 0.018558086827397346,
        "current_v": -0.08804778009653091,
        "bathymetry": 541.0889282226562
      }
    },
    {
      "type": "Feature",
      "geometry": {
        "type": "Point",
        "coordinates": [
          79.39999999999998,
          8.899999999999986
        ]
      },
      "properties": {
        "fish_zone": 0,
        "fish_probability": 0.01,
        "sst": 28.069993269071006,
        "chlorophyll": 0.3381446599960327,
        "current_u": -0.003310378175228834,
        "current_v": -0.0631842091679573,
        "bathymetry": 541.0889282226562
      }
    },
    {
      "type": "Feature",
      "geometry": {
        "type": "Point",
        "coordinates": [
          79.39999999999998,
          8.999999999999986
        ]
      },
      "properties": {
        "fish_zone": 0,
        "fish_probability": 0.023333333333333334,
        "sst": 28.249993265047692,
        "chlorophyll": 0.523757815361023,
        "current_u": -0.047079429030418396,
        "current_v": -0.036843620240688324,
        "bathymetry": 18.495559692382812
      }
    },
    {
      "type": "Feature",
      "geometry": {
        "type": "Point",
        "coordinates": [
          79.39999999999998,
          9.099999999999985
        ]
      },
      "properties": {
        "fish_zone": 1,
        "fish_probability": 0.7433333333333333,
        "sst": 28.539993258565687,
        "chlorophyll": 0.9571477174758911,
        "current_u": -0.10010804980993271,
        "current_v": -0.07965952157974243,
        "bathymetry": 13.467140197753906
      }
    },
    {
      "type": "Feature",
      "geometry": {
        "type": "Point",
        "coordinates": [
          79.39999999999998,
          9.199999999999985
        ]
      },
      "properties": {
        "fish_zone": 1,
        "fish_probability": 0.8866666666666667,
        "sst": 28.679993255436443,
        "chlorophyll": 1.9358019828796387,
        "current_u": -0.1515367031097412,
        "current_v": -0.14486144483089447,
        "bathymetry": 7.92956018447876
      }
    },
    {
      "type": "Feature",
      "geometry": {
        "type": "Point",
        "coordinates": [
          79.39999999999998,
          9.399999999999984
        ]
      },
      "properties": {
        "fish_zone": 0,
        "fish_probability": 0.06333333333333334,
        "sst": 28.659993255883478,
        "chlorophyll": 0.6418837904930115,
        "current_u": -0.019269853830337524,
        "current_v": -0.056786950677633286,
        "bathymetry": 11.404999732971191
      }
    },
    {
      "type": "Feature",
      "geometry": {
        "type": "Point",
        "coordinates": [
          79.39999999999998,
          9.499999999999984
        ]
      },
      "properties": {
        "fish_zone": 0,
        "fish_probability": 0.06,
        "sst": 28.559993258118652,
        "chlorophyll": 0.5097951292991638,
        "current_u": -0.013205152936279774,
        "current_v": -0.06580384075641632,
        "bathymetry": 13.467140197753906
      }
    },
    {
      "type": "Feature",
      "geometry": {
        "type": "Point",
        "coordinates": [
          79.39999999999998,
          9.599999999999984
        ]
      },
      "properties": {
        "fish_zone": 0,
        "fish_probability": 0.10333333333333333,
        "sst": 28.599993257224583,
        "chlorophyll": 0.6131918430328369,
        "current_u": -0.02656794711947441,
        "current_v": -0.07000893354415894,
        "bathymetry": 13.467140197753906
      }
    },
    {
      "type": "Feature",
      "geometry": {
        "type": "Point",
        "coordinates": [
          79.39999999999998,
          9.699999999999983
        ]
      },
      "properties": {
        "fish_zone": 0,
        "fish_probability": 0.09666666666666666,
        "sst": 28.599993257224583,
        "chlorophyll": 0.6747120022773743,
        "current_u": -0.03259460628032684,
        "current_v": -0.061366092413663864,
        "bathymetry": 13.467140197753906
      }
    },
    {
      "type": "Feature",
      "geometry": {
        "type": "Point",
        "coordinates": [
          79.39999999999998,
          9.799999999999983
        ]
      },
      "properties": {
        "fish_zone": 0,
        "fish_probability": 0.10333333333333333,
        "sst": 28.659993255883478,
        "chlorophyll": 0.9208015203475952,
        "current_u": -0.04559116065502167,
        "current_v": -0.04268622770905495,
        "bathymetry": 11.404999732971191
      }
    },
    {
      "type": "Feature",
      "geometry": {
        "type": "Point",
        "coordinates": [
          79.39999999999998,
          9.899999999999983
        ]
      },
      "properties": {
        "fish_zone": 0,
        "fish_probability": 0.14333333333333334,
        "sst": 28.70999325476589,
        "chlorophyll": 1.6977735757827759,
        "current_u": -0.05064636468887329,
        "current_v": -0.042984914034605026,
        "bathymetry": 9.572997093200684
      }
    },
    {
      "type": "Feature",
      "geometry": {
        "type": "Point",
        "coordinates": [
          79.49999999999997,
          5.0
        ]
      },
      "properties": {
        "fish_zone": 0,
        "fish_probability": 0.01,
        "sst": 29.119993245601677,
        "chlorophyll": 0.074854776263237,
        "current_u": -0.3917805254459381,
        "current_v": 0.4960377514362335,
        "bathymetry": 4405.22412109375
      }
    },
    {
      "type": "Feature",
      "geometry": {
        "type": "Point",
        "coordinates": [
          79.49999999999997,
          5.1
        ]
      },
      "properties": {
        "fish_zone": 0,
        "fish_probability": 0.01,
        "sst": 28.889993250742577,
        "chlorophyll": 0.07338114827871323,
        "current_u": -0.38580021262168884,
        "current_v": 0.46339285373687744,
        "bathymetry": 4405.22412109375
      }
    },
    {
      "type": "Feature",
      "geometry": {
        "type": "Point",
        "coordinates": [
          79.49999999999997,
          5.199999999999999
        ]
      },
      "properties": {
        "fish_zone": 0,
        "fish_probability": 0.013333333333333334,
        "sst": 28.78999325297775,
        "chlorophyll": 0.0747305154800415,
        "current_u": -0.3833105266094208,
        "current_v": 0.4336963891983032,
        "bathymetry": 4405.22412109375
      }
    },
    {
      "type": "Feature",
      "geometry": {
        "type": "Point",
        "coordinates": [
          79.49999999999997,
          5.299999999999999
        ]
      },
      "properties": {
        "fish_zone": 0,
        "fish_probability": 0.013333333333333334,
        "sst": 28.70999325476589,
        "chlorophyll": 0.08144313097000122,
        "current_u": -0.3735392987728119,
        "current_v": 0.3707543611526489,
        "bathymetry": 4405.22412109375
      }
    },
    {
      "type": "Feature",
      "geometry": {
        "type": "Point",
        "coordinates": [
          79.49999999999997,
          5.399999999999999
        ]
      },
      "properties": {
        "fish_zone": 0,
        "fish_probability": 0.013333333333333334,
        "sst": 28.70999325476589,
        "chlorophyll": 0.09144436568021774,
        "current_u": -0.36496737599372864,
        "current_v": 0.32027795910835266,
        "bathymetry": 4405.22412109375
      }
    },
    {
      "type": "Feature",
      "geometry": {
        "type": "Point",
        "coordinates": [
          79.49999999999997,
          5.499999999999998
        ]
      },
      "properties": {
        "fish_zone": 0,
        "fish_probability": 0.013333333333333334,
        "sst": 28.66999325565996,
        "chlorophyll": 0.09540797770023346,
        "current_u": -0.3618698716163635,
        "current_v": 0.26383692026138306,
        "bathymetry": 4405.22412109375
      }
    },
    {
      "type": "Feature",
      "geometry": {
        "type": "Point",
        "coordinates": [
          79.49999999999997,
          5.599999999999998
        ]
      },
      "properties": {
        "fish_zone": 0,
        "fish_probability": 0.04,
        "sst": 28.659993255883478,
        "chlorophyll": 0.10358993709087372,
        "current_u": -0.3659462034702301,
        "current_v": 0.20273084938526154,
        "bathymetry": 3992.48388671875
      }
    },
    {
      "type": "Feature",
      "geometry": {
        "type": "Point",
        "coordinates": [
          79.49999999999997,
          5.6999999999999975
        ]
      },
      "properties": {
        "fish_zone": 0,
        "fish_probability": 0.03333333333333333,
        "sst": 28.659993255883478,
        "chlorophyll": 0.11031791567802429,
        "current_u": -0.3949362337589264,
        "current_v": 0.14916767179965973,
        "bathymetry": 3992.48388671875
      }
    },
    {
      "type": "Feature",
      "geometry": {
        "type": "Point",
        "coordinates": [
          79.49999999999997,
          5.799999999999997
        ]
      },
      "properties": {
        "fish_zone": 0,
        "fish_probability": 0.03666666666666667,
        "sst": 28.74999325387182,
        "chlorophyll": 0.11258523166179657,
        "current_u": -0.3936602771282196,
        "current_v": 0.09386887401342392,
        "bathymetry": 3992.48388671875
      }
    },
    {
      "type": "Feature",
      "geometry": {
        "type": "Point",
        "coordinates": [
          79.49999999999997,
          5.899999999999997
        ]
      },
      "properties": {
        "fish_zone": 0,
        "fish_probability": 0.043333333333333335,
        "sst": 28.909993250295543,
        "chlorophyll": 0.11562508344650269,
        "current_u": -0.32863160967826843,
        "current_v": 0.05163045600056648,
        "bathymetry": 3992.48388671875
      }
    },
    {
      "type": "Feature",
      "geometry": {
        "type": "Point",
        "coordinates": [
          79.49999999999997,
          5.9999999999999964
        ]
      },
      "properties": {
        "fish_zone": 0,
        "fish_probability": 0.016666666666666666,
        "sst": 29.05999324694278,
        "chlorophyll": 0.1119159460067749,
        "current_u": -0.28007420897483826,
        "current_v": 0.05210477486252785,
        "bathymetry": 3597.031982421875
      }
    },
    {
      "type": "Feature",
      "geometry": {
        "type": "Point",
        "coordinates": [
          79.49999999999997,
          6.099999999999996
        ]
      },
      "properties": {
        "fish_zone": 0,
        "fish_probability": 0.016666666666666666,
        "sst": 29.119993245601677,
        "chlorophyll": 0.10967861860990524,
        "current_u": -0.22424352169036865,
        "current_v": 0.012504365295171738,
        "bathymetry": 3220.820068359375
      }
    },
    {
      "type": "Feature",
      "geometry": {
        "type": "Point",
        "coordinates": [
          79.49999999999997,
          6.199999999999996
        ]
      },
      "properties": {
        "fish_zone": 0,
        "fish_probability": 0.013333333333333334,
        "sst": 29.05999324694278,
        "chlorophyll": 0.1038113608956337,
        "current_u": -0.14302203059196472,
        "current_v": -0.04893054440617561,
        "bathymetry": 2865.702880859375
      }
    },
    {
      "type": "Feature",
      "geometry": {
        "type": "Point",
        "coordinates": [
          79.49999999999997,
          6.299999999999995
        ]
      },
      "properties": {
        "fish_zone": 0,
        "fish_probability": 0.0,
        "sst": 28.889993250742577,
        "chlorophyll": 0.11007620394229889,
        "current_u": 0.038712020963430405,
        "current_v": -0.1354309469461441,
        "bathymetry": 2533.3359375
      }
    },
    {
      "type": "Feature",
      "geometry": {
        "type": "Point",
        "coordinates": [
          79.49999999999997,
          6.399999999999995
        ]
      },
      "properties": {
        "fish_zone": 0,
        "fish_probability": 0.0,
        "sst": 29.029993247613334,
        "chlorophyll": 0.11390356719493866,
        "current_u": 0.09685157984495163,
        "current_v": -0.15845665335655212,
        "bathymetry": 2225.077880859375
      }
    },
    {
      "type": "Feature",
      "geometry": {
        "type": "Point",
        "coordinates": [
          79.49999999999997,
          6.499999999999995
        ]
      },
      "properties": {
        "fish_zone": 0,
        "fish_probability": 0.0,
        "sst": 29.039993247389816,
        "chlorophyll": 0.12244988977909088,
        "current_u": 0.13206960260868073,
        "current_v": -0.16128672659397125,
        "bathymetry": 2225.077880859375
      }
    },
    {
      "type": "Feature",
      "geometry": {
        "type": "Point",
        "coordinates": [
          79.49999999999997,
          6.599999999999994
        ]
      },
      "properties": {
        "fish_zone": 0,
        "fish_probability": 0.0033333333333333335,
        "sst": 29.029993247613334,
        "chlorophyll": 0.13010869920253754,
        "current_u": 0.1386454701423645,
        "current_v": -0.14699406921863556,
        "bathymetry": 1941.8929443359375
      }
    },
    {
      "type": "Feature",
      "geometry": {
        "type": "Point",
        "coordinates": [
          79.49999999999997,
          6.699999999999994
        ]
      },
      "properties": {
        "fish_zone": 0,
        "fish_probability": 0.0033333333333333335,
        "sst": 29.00999324806037,
        "chlorophyll": 0.13740605115890503,
        "current_u": 0.12903635203838348,
        "current_v": -0.12038978189229965,
        "bathymetry": 1941.8929443359375
      }
    },
    {
      "type": "Feature",
      "geometry": {
        "type": "Point",
        "coordinates": [
          79.49999999999997,
          6.799999999999994
        ]
      },
      "properties": {
        "fish_zone": 0,
        "fish_probability": 0.016666666666666666,
        "sst": 28.93999324962499,
        "chlorophyll": 0.142626091837883,
        "current_u": 0.08970800787210464,
        "current_v": -0.07065793126821518,
        "bathymetry": 1684.2840576171875
      }
    },
    {
      "type": "Feature",
      "geometry": {
        "type": "Point",
        "coordinates": [
          79.49999999999997,
          6.899999999999993
        ]
      },
      "properties": {
        "fish_zone": 0,
        "fish_probability": 0.0,
        "sst": 28.949993249401473,
        "chlorophyll": 0.14135323464870453,
        "current_u": 0.07104982435703278,
        "current_v": -0.054853055626153946,
        "bathymetry": 1684.2840576171875
      }
    },
    {
      "type": "Feature",
      "geometry": {
        "type": "Point",
        "coordinates": [
          79.49999999999997,
          6.999999999999993
        ]
      },
      "properties": {
        "fish_zone": 0,
        "fish_probability": 0.0,
        "sst": 28.93999324962499,
        "chlorophyll": 0.16100633144378662,
        "current_u": 0.05586376413702965,
        "current_v": -0.04438764601945877,
        "bathymetry": 1452.2509765625
      }
    },
    {
      "type": "Feature",
      "geometry": {
        "type": "Point",
        "coordinates": [
          79.49999999999997,
          7.0999999999999925
        ]
      },
      "properties": {
        "fish_zone": 0,
        "fish_probability": 0.0,
        "sst": 28.889993250742577,
        "chlorophyll": 0.15863238275051117,
        "current_u": 0.051839232444763184,
        "current_v": -0.04340902715921402,
        "bathymetry": 1684.2840576171875
      }
    },
    {
      "type": "Feature",
      "geometry": {
        "type": "Point",
        "coordinates": [
          79.49999999999997,
          7.199999999999992
        ]
      },
      "properties": {
        "fish_zone": 0,
        "fish_probability": 0.0,
        "sst": 28.839993251860164,
        "chlorophyll": 0.16747598350048065,
        "current_u": 0.0471816211938858,
        "current_v": -0.04072296991944313,
        "bathymetry": 1684.2840576171875
      }
    },
    {
      "type": "Feature",
      "geometry": {
        "type": "Point",
        "coordinates": [
          79.49999999999997,
          7.299999999999992
        ]
      },
      "properties": {
        "fish_zone": 0,
        "fish_probability": 0.013333333333333334,
        "sst": 28.679993255436443,
        "chlorophyll": 0.19690781831741333,
        "current_u": 0.011037411168217659,
        "current_v": -0.007731205318123102,
        "bathymetry": 1684.2840576171875
      }
    },
    {
      "type": "Feature",
      "geometry": {
        "type": "Point",
        "coordinates": [
          79.49999999999997,
          7.3999999999999915
        ]
      },
      "properties": {
        "fish_zone": 0,
        "fish_probability": 0.2,
        "sst": 28.609993257001065,
        "chlorophyll": 0.2082139253616333,
        "current_u": -0.008922982960939407,
        "current_v": 0.0069014765322208405,
        "bathymetry": 1684.2840576171875
      }
    },
    {
      "type": "Feature",
      "geometry": {
        "type": "Point",
        "coordinates": [
          79.49999999999997,
          7.499999999999991
        ]
      },
      "properties": {
        "fish_zone": 0,
        "fish_probability": 0.013333333333333334,
        "sst": 28.559993258118652,
        "chlorophyll": 0.1961599588394165,
        "current_u": -0.02051142044365406,
        "current_v": 0.009211909957230091,
        "bathymetry": 1684.2840576171875
      }
    },
    {
      "type": "Feature",
      "geometry": {
        "type": "Point",
        "coordinates": [
          79.49999999999997,
          7.599999999999991
        ]
      },
      "properties": {
        "fish_zone": 0,
        "fish_probability": 0.006666666666666667,
        "sst": 28.529993258789204,
        "chlorophyll": 0.19834361970424652,
        "current_u": -0.03467617183923721,
        "current_v": 0.011615636758506298,
        "bathymetry": 1684.2840576171875
      }
    },
    {
      "type": "Feature",
      "geometry": {
        "type": "Point",
        "coordinates": [
          79.49999999999997,
          7.69999999999999
        ]
      },
      "properties": {
        "fish_zone": 0,
        "fish_probability": 0.16333333333333333,
        "sst": 28.529993258789204,
        "chlorophyll": 0.20880287885665894,
        "current_u": -0.059795863926410675,
        "current_v": 0.015520613640546799,
        "bathymetry": 1684.2840576171875
      }
    },
    {
      "type": "Feature",
      "geometry": {
        "type": "Point",
        "coordinates": [
          79.49999999999997,
          7.79999999999999
        ]
      },
      "properties": {
        "fish_zone": 1,
        "fish_probability": 0.8533333333333334,
        "sst": 28.449993260577344,
        "chlorophyll": 0.21557115018367767,
        "current_u": -0.10651896893978119,
        "current_v": 0.008076895028352737,
        "bathymetry": 1452.2509765625
      }
    },
    {
      "type": "Feature",
      "geometry": {
        "type": "Point",
        "coordinates": [
          79.49999999999997,
          7.89999999999999
        ]
      },
      "properties": {
        "fish_zone": 1,
        "fish_probability": 0.8333333333333334,
        "sst": 28.379993262141966,
        "chlorophyll": 0.2708838880062103,
        "current_u": -0.11591384559869766,
        "current_v": 0.0033522818703204393,
        "bathymetry": 1452.2509765625
      }
    },
    {
      "type": "Feature",
      "geometry": {
        "type": "Point",
        "coordinates": [
          79.49999999999997,
          7.999999999999989
        ]
      },
      "properties": {
        "fish_zone": 1,
        "fish_probability": 0.8366666666666667,
        "sst": 28.339993263036035,
        "chlorophyll": 0.25694140791893005,
        "current_u": -0.12820307910442352,
        "current_v": 0.007429853081703186,
        "bathymetry": 1245.291015625
      }
    },
    {
      "type": "Feature",
      "geometry": {
        "type": "Point",
        "coordinates": [
          79.49999999999997,
          8.099999999999989
        ]
      },
      "properties": {
        "fish_zone": 1,
        "fish_probability": 0.8633333333333333,
        "sst": 28.27999326437714,
        "chlorophyll": 0.20691436529159546,
        "current_u": -0.1324533075094223,
        "current_v": 0.007779636420309544,
        "bathymetry": 1245.291015625
      }
    },
    {
      "type": "Feature",
      "geometry": {
        "type": "Point",
        "coordinates": [
          79.49999999999997,
          8.199999999999989
        ]
      },
      "properties": {
        "fish_zone": 1,
        "fish_probability": 0.7266666666666667,
        "sst": 28.23999326527121,
        "chlorophyll": 0.2000838667154312,
        "current_u": -0.13038380444049835,
        "current_v": -0.0034365872852504253,
        "bathymetry": 1245.291015625
      }
    },
    {
      "type": "Feature",
      "geometry": {
        "type": "Point",
        "coordinates": [
          79.49999999999997,
          8.299999999999988
        ]
      },
      "properties": {
        "fish_zone": 0,
        "fish_probability": 0.04666666666666667,
        "sst": 28.15999326705935,
        "chlorophyll": 0.19168621301651,
        "current_u": -0.15032647550106049,
        "current_v": -0.02141149900853634,
        "bathymetry": 1062.43994140625
      }
    },
    {
      "type": "Feature",
      "geometry": {
        "type": "Point",
        "coordinates": [
          79.49999999999997,
          8.399999999999988
        ]
      },
      "properties": {
        "fish_zone": 0,
        "fish_probability": 0.043333333333333335,
        "sst": 28.139993267506384,
        "chlorophyll": 0.18715481460094452,
        "current_u": -0.09655676782131195,
        "current_v": -0.03481714800000191,
        "bathymetry": 1062.43994140625
      }
    },
    {
      "type": "Feature",
      "geometry": {
        "type": "Point",
        "coordinates": [
          79.49999999999997,
          8.499999999999988
        ]
      },
      "properties": {
        "fish_zone": 0,
        "fish_probability": 0.0,
        "sst": 28.039993269741558,
        "chlorophyll": 0.18949982523918152,
        "current_u": -0.052733343094587326,
        "current_v": -0.045465074479579926,
        "bathymetry": 1062.43994140625
      }
    },
    {
      "type": "Feature",
      "geometry": {
        "type": "Point",
        "coordinates": [
          79.49999999999997,
          8.599999999999987
        ]
      },
      "properties": {
        "fish_zone": 0,
        "fish_probability": 0.006666666666666667,
        "sst": 28.04999326951804,
        "chlorophyll": 0.18746070563793182,
        "current_u": -0.029013974592089653,
        "current_v": -0.06962902098894119,
        "bathymetry": 902.3392944335938
      }
    },
    {
      "type": "Feature",
      "geometry": {
        "type": "Point",
        "coordinates": [
          79.49999999999997,
          8.699999999999987
        ]
      },
      "properties": {
        "fish_zone": 0,
        "fish_probability": 0.07,
        "sst": 28.069993269071006,
        "chlorophyll": 0.1920982450246811,
        "current_u": -0.015022704377770424,
        "current_v": -0.10253739356994629,
        "bathymetry": 643.5667724609375
      }
    },
    {
      "type": "Feature",
      "geometry": {
        "type": "Point",
        "coordinates": [
          79.49999999999997,
          8.799999999999986
        ]
      },
      "properties": {
        "fish_zone": 0,
        "fish_probability": 0.013333333333333334,
        "sst": 28.08999326862397,
        "chlorophyll": 0.20023177564144135,
        "current_u": -0.011553195305168629,
        "current_v": -0.06425482034683228,
        "bathymetry": 222.47520446777344
      }
    },
    {
      "type": "Feature",
      "geometry": {
        "type": "Point",
        "coordinates": [
          79.49999999999997,
          8.899999999999986
        ]
      },
      "properties": {
        "fish_zone": 0,
        "fish_probability": 0.0,
        "sst": 28.109993268176936,
        "chlorophyll": 0.35614922642707825,
        "current_u": -0.01635397970676422,
        "current_v": -0.030229900032281876,
        "bathymetry": 21.598819732666016
      }
    },
    {
      "type": "Feature",
      "geometry": {
        "type": "Point",
        "coordinates": [
          79.49999999999997,
          8.999999999999986
        ]
      },
      "properties": {
        "fish_zone": 0,
        "fish_probability": 0.04,
        "sst": 28.379993262141966,
        "chlorophyll": 0.7663006782531738,
        "current_u": -0.03428281098604202,
        "current_v": -0.04366104304790497,
        "bathymetry": 21.598819732666016
      }
    },
    {
      "type": "Feature",
      "geometry": {
        "type": "Point",
        "coordinates": [
          79.49999999999997,
          9.099999999999985
        ]
      },
      "properties": {
        "fish_zone": 0,
        "fish_probability": 0.3433333333333333,
        "sst": 28.599993257224583,
        "chlorophyll": 2.1310675144195557,
        "current_u": -0.07688726484775543,
        "current_v": -0.061871059238910675,
        "bathymetry": 11.404999732971191
      }
    },
    {
      "type": "Feature",
      "geometry": {
        "type": "Point",
        "coordinates": [
          79.49999999999997,
          9.399999999999984
        ]
      },
      "properties": {
        "fish_zone": 0,
        "fish_probability": 0.06333333333333334,
        "sst": 28.569993257895135,
        "chlorophyll": 0.6855741739273071,
        "current_u": -0.00014635927800554782,
        "current_v": -0.039531636983156204,
        "bathymetry": 15.810070037841797
      }
    },
    {
      "type": "Feature",
      "geometry": {
        "type": "Point",
        "coordinates": [
          79.49999999999997,
          9.499999999999984
        ]
      },
      "properties": {
        "fish_zone": 0,
        "fish_probability": 0.07333333333333333,
        "sst": 28.569993257895135,
        "chlorophyll": 0.5623846650123596,
        "current_u": -0.008936326019465923,
        "current_v": -0.058297865092754364,
        "bathymetry": 15.810070037841797
      }
    },
    {
      "type": "Feature",
      "geometry": {
        "type": "Point",
        "coordinates": [
          79.49999999999997,
          9.599999999999984
        ]
      },
      "properties": {
        "fish_zone": 0,
        "fish_probability": 0.08666666666666667,
        "sst": 28.54999325834217,
        "chlorophyll": 0.6502872109413147,
        "current_u": -0.029859883710741997,
        "current_v": -0.06926900148391724,
        "bathymetry": 13.467140197753906
      }
    },
    {
      "type": "Feature",
      "geometry": {
        "type": "Point",
        "coordinates": [
          79.49999999999997,
          9.699999999999983
        ]
      },
      "properties": {
        "fish_zone": 0,
        "fish_probability": 0.09333333333333334,
        "sst": 28.499993259459757,
        "chlorophyll": 1.0785973072052002,
        "current_u": -0.04216804727911949,
        "current_v": -0.06209293380379677,
        "bathymetry": 13.467140197753906
      }
    },
    {
      "type": "Feature",
      "geometry": {
        "type": "Point",
        "coordinates": [
          79.49999999999997,
          9.799999999999983
        ]
      },
      "properties": {
        "fish_zone": 0,
        "fish_probability": 0.16666666666666666,
        "sst": 28.43999326080086,
        "chlorophyll": 1.5490831136703491,
        "current_u": -0.05207502469420433,
        "current_v": -0.047955289483070374,
        "bathymetry": 13.467140197753906
      }
    },
    {
      "type": "Feature",
      "geometry": {
        "type": "Point",
        "coordinates": [
          79.49999999999997,
          9.899999999999983
        ]
      },
      "properties": {
        "fish_zone": 0,
        "fish_probability": 0.15,
        "sst": 28.459993260353826,
        "chlorophyll": 1.693293571472168,
        "current_u": -0.05295165255665779,
        "current_v": -0.03934365138411522,
        "bathymetry": 11.404999732971191
      }
    },
    {
      "type": "Feature",
      "geometry": {
        "type": "Point",
        "coordinates": [
          79.59999999999997,
          5.0
        ]
      },
      "properties": {
        "fish_zone": 0,
        "fish_probability": 0.006666666666666667,
        "sst": 29.08999324627223,
        "chlorophyll": 0.06943060457706451,
        "current_u": -0.3849581182003021,
        "current_v": 0.49101126194000244,
        "bathymetry": 4405.22412109375
      }
    },
    {
      "type": "Feature",
      "geometry": {
        "type": "Point",
        "coordinates": [
          79.59999999999997,
          5.1
        ]
      },
      "properties": {
        "fish_zone": 0,
        "fish_probability": 0.006666666666666667,
        "sst": 28.89999325051906,
        "chlorophyll": 0.0692327618598938,
        "current_u": -0.3750261068344116,
        "current_v": 0.4578877091407776,
        "bathymetry": 4405.22412109375
      }
    },
    {
      "type": "Feature",
      "geometry": {
        "type": "Point",
        "coordinates": [
          79.59999999999997,
          5.199999999999999
        ]
      },
      "properties": {
        "fish_zone": 0,
        "fish_probability": 0.006666666666666667,
        "sst": 28.77999325320127,
        "chlorophyll": 0.06962060183286667,
        "current_u": -0.36706653237342834,
        "current_v": 0.42468497157096863,
        "bathymetry": 4405.22412109375
      }
    },
    {
      "type": "Feature",
      "geometry": {
        "type": "Point",
        "coordinates": [
          79.59999999999997,
          5.299999999999999
        ]
      },
      "properties": {
        "fish_zone": 0,
        "fish_probability": 0.006666666666666667,
        "sst": 28.689993255212926,
        "chlorophyll": 0.08111479133367538,
        "current_u": -0.3501465320587158,
        "current_v": 0.36087730526924133,
        "bathymetry": 4405.22412109375
      }
    },
    {
      "type": "Feature",
      "geometry": {
        "type": "Point",
        "coordinates": [
          79.59999999999997,
          5.399999999999999
        ]
      },
      "properties": {
        "fish_zone": 0,
        "fish_probability": 0.006666666666666667,
        "sst": 28.659993255883478,
        "chlorophyll": 0.08680929243564606,
        "current_u": -0.3383517563343048,
        "current_v": 0.3059822618961334,
        "bathymetry": 4405.22412109375
      }
    },
    {
      "type": "Feature",
      "geometry": {
        "type": "Point",
        "coordinates": [
          79.59999999999997,
          5.499999999999998
        ]
      },
      "properties": {
        "fish_zone": 0,
        "fish_probability": 0.01,
        "sst": 28.689993255212926,
        "chlorophyll": 0.09299339354038239,
        "current_u": -0.33035361766815186,
        "current_v": 0.25583624839782715,
        "bathymetry": 3992.48388671875
      }
    },
    {
      "type": "Feature",
      "geometry": {
        "type": "Point",
        "coordinates": [
          79.59999999999997,
          5.599999999999998
        ]
      },
      "properties": {
        "fish_zone": 0,
        "fish_probability": 0.04,
        "sst": 28.8199932523072,
        "chlorophyll": 0.09755709767341614,
        "current_u": -0.3317350745201111,
        "current_v": 0.21176737546920776,
        "bathymetry": 3992.48388671875
      }
    },
    {
      "type": "Feature",
      "geometry": {
        "type": "Point",
        "coordinates": [
          79.59999999999997,
          5.6999999999999975
        ]
      },
      "properties": {
        "fish_zone": 0,
        "fish_probability": 0.04,
        "sst": 28.839993251860164,
        "chlorophyll": 0.1021634042263031,
        "current_u": -0.3595089018344879,
        "current_v": 0.15201027691364288,
        "bathymetry": 3992.48388671875
      }
    },
    {
      "type": "Feature",
      "geometry": {
        "type": "Point",
        "coordinates": [
          79.59999999999997,
          5.799999999999997
        ]
      },
      "properties": {
        "fish_zone": 0,
        "fish_probability": 0.05,
        "sst": 28.769993253424786,
        "chlorophyll": 0.11102935671806335,
        "current_u": -0.3712238073348999,
        "current_v": 0.12994875013828278,
        "bathymetry": 3992.48388671875
      }
    },
    {
      "type": "Feature",
      "geometry": {
        "type": "Point",
        "coordinates": [
          79.59999999999997,
          5.899999999999997
        ]
      },
      "properties": {
        "fish_zone": 0,
        "fish_probability": 0.02,
        "sst": 28.879993250966095,
        "chlorophyll": 0.111797995865345,
        "current_u": -0.293571412563324,
        "current_v": 0.06847904622554779,
        "bathymetry": 3597.031982421875
      }
    },
    {
      "type": "Feature",
      "geometry": {
        "type": "Point",
        "coordinates": [
          79.59999999999997,
          5.9999999999999964
        ]
      },
      "properties": {
        "fish_zone": 0,
        "fish_probability": 0.03333333333333333,
        "sst": 29.039993247389816,
        "chlorophyll": 0.10219910740852356,
        "current_u": -0.22617024183273315,
        "current_v": 0.050903864204883575,
        "bathymetry": 3220.820068359375
      }
    },
    {
      "type": "Feature",
      "geometry": {
        "type": "Point",
        "coordinates": [
          79.59999999999997,
          6.099999999999996
        ]
      },
      "properties": {
        "fish_zone": 0,
        "fish_probability": 0.03666666666666667,
        "sst": 29.119993245601677,
        "chlorophyll": 0.10129068791866302,
        "current_u": -0.1876726895570755,
        "current_v": 0.008677870966494083,
        "bathymetry": 2865.702880859375
      }
    },
    {
      "type": "Feature",
      "geometry": {
        "type": "Point",
        "coordinates": [
          79.59999999999997,
          6.199999999999996
        ]
      },
      "properties": {
        "fish_zone": 0,
        "fish_probability": 0.02666666666666667,
        "sst": 29.05999324694278,
        "chlorophyll": 0.10757578164339066,
        "current_u": -0.13054507970809937,
        "current_v": -0.05939353257417679,
        "bathymetry": 2865.702880859375
      }
    },
    {
      "type": "Feature",
      "geometry": {
        "type": "Point",
        "coordinates": [
          79.59999999999997,
          6.299999999999995
        ]
      },
      "properties": {
        "fish_zone": 0,
        "fish_probability": 0.02,
        "sst": 28.839993251860164,
        "chlorophyll": 0.118789441883564,
        "current_u": 0.003535335883498192,
        "current_v": -0.1622898429632187,
        "bathymetry": 1941.8929443359375
      }
    },
    {
      "type": "Feature",
      "geometry": {
        "type": "Point",
        "coordinates": [
          79.59999999999997,
          6.399999999999995
        ]
      },
      "properties": {
        "fish_zone": 0,
        "fish_probability": 0.016666666666666666,
        "sst": 28.89999325051906,
        "chlorophyll": 0.12222859263420105,
        "current_u": 0.040656715631484985,
        "current_v": -0.177773118019104,
        "bathymetry": 1684.2840576171875
      }
    },
    {
      "type": "Feature",
      "geometry": {
        "type": "Point",
        "coordinates": [
          79.59999999999997,
          6.499999999999995
        ]
      },
      "properties": {
        "fish_zone": 0,
        "fish_probability": 0.016666666666666666,
        "sst": 28.929993249848508,
        "chlorophyll": 0.13981112837791443,
        "current_u": 0.056977465748786926,
        "current_v": -0.17357087135314941,
        "bathymetry": 1684.2840576171875
      }
    },
    {
      "type": "Feature",
      "geometry": {
        "type": "Point",
        "coordinates": [
          79.59999999999997,
          6.599999999999994
        ]
      },
      "properties": {
        "fish_zone": 0,
        "fish_probability": 0.006666666666666667,
        "sst": 28.919993250072025,
        "chlorophyll": 0.14902451634407043,
        "current_u": 0.0603632815182209,
        "current_v": -0.15898893773555756,
        "bathymetry": 1452.2509765625
      }
    },
    {
      "type": "Feature",
      "geometry": {
        "type": "Point",
        "coordinates": [
          79.59999999999997,
          6.699999999999994
        ]
      },
      "properties": {
        "fish_zone": 0,
        "fish_probability": 0.006666666666666667,
        "sst": 28.89999325051906,
        "chlorophyll": 0.15683317184448242,
        "current_u": 0.06197812408208847,
        "current_v": -0.14333944022655487,
        "bathymetry": 1452.2509765625
      }
    },
    {
      "type": "Feature",
      "geometry": {
        "type": "Point",
        "coordinates": [
          79.59999999999997,
          6.799999999999994
        ]
      },
      "properties": {
        "fish_zone": 0,
        "fish_probability": 0.013333333333333334,
        "sst": 28.869993251189612,
        "chlorophyll": 0.18061745166778564,
        "current_u": 0.03809894621372223,
        "current_v": -0.1093282625079155,
        "bathymetry": 1062.43994140625
      }
    },
    {
      "type": "Feature",
      "geometry": {
        "type": "Point",
        "coordinates": [
          79.59999999999997,
          6.899999999999993
        ]
      },
      "properties": {
        "fish_zone": 0,
        "fish_probability": 0.013333333333333334,
        "sst": 28.849993251636647,
        "chlorophyll": 0.18906648457050323,
        "current_u": 0.024946389719843864,
        "current_v": -0.09552627801895142,
        "bathymetry": 902.3392944335938
      }
    },
    {
      "type": "Feature",
      "geometry": {
        "type": "Point",
        "coordinates": [
          79.59999999999997,
          6.999999999999993
        ]
      },
      "properties": {
        "fish_zone": 0,
        "fish_probability": 0.25333333333333335,
        "sst": 28.77999325320127,
        "chlorophyll": 0.20506736636161804,
        "current_u": 0.020109612494707108,
        "current_v": -0.0837814137339592,
        "bathymetry": 902.3392944335938
      }
    },
    {
      "type": "Feature",
      "geometry": {
        "type": "Point",
        "coordinates": [
          79.59999999999997,
          7.0999999999999925
        ]
      },
      "properties": {
        "fish_zone": 0,
        "fish_probability": 0.22,
        "sst": 28.689993255212926,
        "chlorophyll": 0.21592409908771515,
        "current_u": 0.02615875005722046,
        "current_v": -0.08012230694293976,
        "bathymetry": 1062.43994140625
      }
    },
    {
      "type": "Feature",
      "geometry": {
        "type": "Point",
        "coordinates": [
          79.59999999999997,
          7.199999999999992
        ]
      },
      "properties": {
        "fish_zone": 0,
        "fish_probability": 0.17666666666666667,
        "sst": 28.659993255883478,
        "chlorophyll": 0.23692572116851807,
        "current_u": 0.022674374282360077,
        "current_v": -0.06756298243999481,
        "bathymetry": 1062.43994140625
      }
    },
    {
      "type": "Feature",
      "geometry": {
        "type": "Point",
        "coordinates": [
          79.59999999999997,
          7.299999999999992
        ]
      },
      "properties": {
        "fish_zone": 0,
        "fish_probability": 0.24666666666666667,
        "sst": 28.609993257001065,
        "chlorophyll": 0.2753908634185791,
        "current_u": 0.002892210381105542,
        "current_v": -0.02974175475537777,
        "bathymetry": 763.3331298828125
      }
    },
    {
      "type": "Feature",
      "geometry": {
        "type": "Point",
        "coordinates": [
          79.59999999999997,
          7.3999999999999915
        ]
      },
      "properties": {
        "fish_zone": 0,
        "fish_probability": 0.24333333333333335,
        "sst": 28.639993256330513,
        "chlorophyll": 0.30615267157554626,
        "current_u": -0.0011885378044098616,
        "current_v": -0.024457773193717003,
        "bathymetry": 763.3331298828125
      }
    },
    {
      "type": "Feature",
      "geometry": {
        "type": "Point",
        "coordinates": [
          79.59999999999997,
          7.499999999999991
        ]
      },
      "properties": {
        "fish_zone": 0,
        "fish_probability": 0.18,
        "sst": 28.649993256106995,
        "chlorophyll": 0.361422061920166,
        "current_u": -0.012777573429048061,
        "current_v": -0.03328116983175278,
        "bathymetry": 1062.43994140625
      }
    },
    {
      "type": "Feature",
      "geometry": {
        "type": "Point",
        "coordinates": [
          79.59999999999997,
          7.599999999999991
        ]
      },
      "properties": {
        "fish_zone": 0,
        "fish_probability": 0.11666666666666667,
        "sst": 28.639993256330513,
        "chlorophyll": 0.43118026852607727,
        "current_u": -0.0319068618118763,
        "current_v": -0.0357418991625309,
        "bathymetry": 902.3392944335938
      }
    },
    {
      "type": "Feature",
      "geometry": {
        "type": "Point",
        "coordinates": [
          79.59999999999997,
          7.69999999999999
        ]
      },
      "properties": {
        "fish_zone": 0,
        "fish_probability": 0.14666666666666667,
        "sst": 28.62999325655403,
        "chlorophyll": 0.3338055908679962,
        "current_u": -0.0507609061896801,
        "current_v": -0.04040377587080002,
        "bathymetry": 902.3392944335938
      }
    },
    {
      "type": "Feature",
      "geometry": {
        "type": "Point",
        "coordinates": [
          79.59999999999997,
          7.79999999999999
        ]
      },
      "properties": {
        "fish_zone": 0,
        "fish_probability": 0.37,
        "sst": 28.519993259012722,
        "chlorophyll": 0.4732288420200348,
        "current_u": -0.06838429719209671,
        "current_v": -0.06670498847961426,
        "bathymetry": 763.3331298828125
      }
    },
    {
      "type": "Feature",
      "geometry": {
        "type": "Point",
        "coordinates": [
          79.59999999999997,
          7.89999999999999
        ]
      },
      "properties": {
        "fish_zone": 0,
        "fish_probability": 0.43,
        "sst": 28.47999325990679,
        "chlorophyll": 0.42266616225242615,
        "current_u": -0.06929918378591537,
        "current_v": -0.07207299023866653,
        "bathymetry": 763.3331298828125
      }
    },
    {
      "type": "Feature",
      "geometry": {
        "type": "Point",
        "coordinates": [
          79.59999999999997,
          7.999999999999989
        ]
      },
      "properties": {
        "fish_zone": 1,
        "fish_probability": 0.62,
        "sst": 28.43999326080086,
        "chlorophyll": 0.333440363407135,
        "current_u": -0.09135793149471283,
        "current_v": -0.043015290051698685,
        "bathymetry": 763.3331298828125
      }
    },
    {
      "type": "Feature",
      "geometry": {
        "type": "Point",
        "coordinates": [
          79.59999999999997,
          8.099999999999989
        ]
      },
      "properties": {
        "fish_zone": 1,
        "fish_probability": 0.8633333333333333,
        "sst": 28.42999326102438,
        "chlorophyll": 0.2722775340080261,
        "current_u": -0.1120816171169281,
        "current_v": -0.019963083788752556,
        "bathymetry": 763.3331298828125
      }
    },
    {
      "type": "Feature",
      "geometry": {
        "type": "Point",
        "coordinates": [
          79.59999999999997,
          8.199999999999989
        ]
      },
      "properties": {
        "fish_zone": 1,
        "fish_probability": 0.87,
        "sst": 28.419993261247896,
        "chlorophyll": 0.21074040234088898,
        "current_u": -0.11597277969121933,
        "current_v": -0.037449292838573456,
        "bathymetry": 763.3331298828125
      }
    },
    {
      "type": "Feature",
      "geometry": {
        "type": "Point",
        "coordinates": [
          79.59999999999997,
          8.299999999999988
        ]
      },
      "properties": {
        "fish_zone": 1,
        "fish_probability": 0.8433333333333334,
        "sst": 28.359993262589,
        "chlorophyll": 0.20112338662147522,
        "current_u": -0.12603378295898438,
        "current_v": -0.07844904810190201,
        "bathymetry": 902.3392944335938
      }
    },
    {
      "type": "Feature",
      "geometry": {
        "type": "Point",
        "coordinates": [
          79.59999999999997,
          8.399999999999988
        ]
      },
      "properties": {
        "fish_zone": 0,
        "fish_probability": 0.06333333333333334,
        "sst": 28.31999326348307,
        "chlorophyll": 0.19847193360328674,
        "current_u": -0.0786513164639473,
        "current_v": -0.08108709752559662,
        "bathymetry": 902.3392944335938
      }
    },
    {
      "type": "Feature",
      "geometry": {
        "type": "Point",
        "coordinates": [
          79.59999999999997,
          8.499999999999988
        ]
      },
      "properties": {
        "fish_zone": 0,
        "fish_probability": 0.06,
        "sst": 28.229993265494727,
        "chlorophyll": 0.23928628861904144,
        "current_u": -0.040872570127248764,
        "current_v": -0.07217884808778763,
        "bathymetry": 902.3392944335938
      }
    },
    {
      "type": "Feature",
      "geometry": {
        "type": "Point",
        "coordinates": [
          79.59999999999997,
          8.599999999999987
        ]
      },
      "properties": {
        "fish_zone": 0,
        "fish_probability": 0.013333333333333334,
        "sst": 28.249993265047692,
        "chlorophyll": 0.24574337899684906,
        "current_u": -0.021564962342381477,
        "current_v": -0.05178104713559151,
        "bathymetry": 763.3331298828125
      }
    },
    {
      "type": "Feature",
      "geometry": {
        "type": "Point",
        "coordinates": [
          79.59999999999997,
          8.699999999999987
        ]
      },
      "properties": {
        "fish_zone": 0,
        "fish_probability": 0.013333333333333334,
        "sst": 28.23999326527121,
        "chlorophyll": 0.338230699300766,
        "current_u": -0.021105093881487846,
        "current_v": -0.038708459585905075,
        "bathymetry": 541.0889282226562
      }
    },
    {
      "type": "Feature",
      "geometry": {
        "type": "Point",
        "coordinates": [
          79.59999999999997,
          8.799999999999986
        ]
      },
      "properties": {
        "fish_zone": 0,
        "fish_probability": 0.023333333333333334,
        "sst": 28.219993265718244,
        "chlorophyll": 0.4591690003871918,
        "current_u": -0.024276074022054672,
        "current_v": -0.04078627750277519,
        "bathymetry": 13.467140197753906
      }
    },
    {
      "type": "Feature",
      "geometry": {
        "type": "Point",
        "coordinates": [
          79.59999999999997,
          8.899999999999986
        ]
      },
      "properties": {
        "fish_zone": 0,
        "fish_probability": 0.023333333333333334,
        "sst": 28.259993264824175,
        "chlorophyll": 0.44104915857315063,
        "current_u": -0.016597077250480652,
        "current_v": -0.01870168186724186,
        "bathymetry": 15.810070037841797
      }
    },
    {
      "type": "Feature",
      "geometry": {
        "type": "Point",
        "coordinates": [
          79.59999999999997,
          8.999999999999986
        ]
      },
      "properties": {
        "fish_zone": 0,
        "fish_probability": 0.06333333333333334,
        "sst": 28.609993257001065,
        "chlorophyll": 1.9126944541931152,
        "current_u": -0.0297615434974432,
        "current_v": -0.01668490655720234,
        "bathymetry": 11.404999732971191
      }
    },
    {
      "type": "Feature",
      "geometry": {
        "type": "Point",
        "coordinates": [
          79.59999999999997,
          9.099999999999985
        ]
      },
      "properties": {
        "fish_zone": 0,
        "fish_probability": 0.2633333333333333,
        "sst": 28.719993254542374,
        "chlorophyll": 3.1276257038116455,
        "current_u": -0.06196404993534088,
        "current_v": -0.04779325798153877,
        "bathymetry": 7.92956018447876
      }
    },
    {
      "type": "Feature",
      "geometry": {
        "type": "Point",
        "coordinates": [
          79.59999999999997,
          9.299999999999985
        ]
      },
      "properties": {
        "fish_zone": 0,
        "fish_probability": 0.043333333333333335,
        "sst": 28.47999325990679,
        "chlorophyll": 0.9985860586166382,
        "current_u": -0.03348688781261444,
        "current_v": -0.05919978395104408,
        "bathymetry": 11.404999732971191
      }
    },
    {
      "type": "Feature",
      "geometry": {
        "type": "Point",
        "coordinates": [
          79.59999999999997,
          9.399999999999984
        ]
      },
      "properties": {
        "fish_zone": 0,
        "fish_probability": 0.056666666666666664,
        "sst": 28.519993259012722,
        "chlorophyll": 0.5872634053230286,
        "current_u": 0.00383684691041708,
        "current_v": -0.06318385154008865,
        "bathymetry": 13.467140197753906
      }
    },
    {
      "type": "Feature",
      "geometry": {
        "type": "Point",
        "coordinates": [
          79.59999999999997,
          9.499999999999984
        ]
      },
      "properties": {
        "fish_zone": 0,
        "fish_probability": 0.06,
        "sst": 28.539993258565687,
        "chlorophyll": 0.5528996586799622,
        "current_u": -0.006031766068190336,
        "current_v": -0.05806374549865723,
        "bathymetry": 15.810070037841797
      }
    },
    {
      "type": "Feature",
      "geometry": {
        "type": "Point",
        "coordinates": [
          79.59999999999997,
          9.599999999999984
        ]
      },
      "properties": {
        "fish_zone": 0,
        "fish_probability": 0.07,
        "sst": 28.449993260577344,
        "chlorophyll": 0.672605574131012,
        "current_u": -0.02791774831712246,
        "current_v": -0.03646526858210564,
        "bathymetry": 13.467140197753906
      }
    },
    {
      "type": "Feature",
      "geometry": {
        "type": "Point",
        "coordinates": [
          79.59999999999997,
          9.699999999999983
        ]
      },
      "properties": {
        "fish_zone": 0,
        "fish_probability": 0.06666666666666667,
        "sst": 28.409993261471413,
        "chlorophyll": 1.1787818670272827,
        "current_u": -0.04122689738869667,
        "current_v": -0.04589700326323509,
        "bathymetry": 13.467140197753906
      }
    },
    {
      "type": "Feature",
      "geometry": {
        "type": "Point",
        "coordinates": [
          79.59999999999997,
          9.799999999999983
        ]
      },
      "properties": {
        "fish_zone": 0,
        "fish_probability": 0.18,
        "sst": 28.38999326191845,
        "chlorophyll": 1.7837543487548828,
        "current_u": -0.0599229633808136,
        "current_v": -0.04895317554473877,
        "bathymetry": 11.404999732971191
      }
    },
    {
      "type": "Feature",
      "geometry": {
        "type": "Point",
        "coordinates": [
          79.59999999999997,
          9.899999999999983
        ]
      },
      "properties": {
        "fish_zone": 0,
        "fish_probability": 0.21333333333333335,
        "sst": 28.409993261471413,
        "chlorophyll": 1.694064736366272,
        "current_u": -0.0577225461602211,
        "current_v": -0.04638656973838806,
        "bathymetry": 13.467140197753906
      }
    },
    {
      "type": "Feature",
      "geometry": {
        "type": "Point",
        "coordinates": [
          79.69999999999996,
          5.0
        ]
      },
      "properties": {
        "fish_zone": 0,
        "fish_probability": 0.006666666666666667,
        "sst": 29.109993245825194,
        "chlorophyll": 0.06493262201547623,
        "current_u": -0.4043636918067932,
        "current_v": 0.4827241003513336,
        "bathymetry": 4405.22412109375
      }
    },
    {
      "type": "Feature",
      "geometry": {
        "type": "Point",
        "coordinates": [
          79.69999999999996,
          5.1
        ]
      },
      "properties": {
        "fish_zone": 0,
        "fish_probability": 0.006666666666666667,
        "sst": 28.919993250072025,
        "chlorophyll": 0.06773637980222702,
        "current_u": -0.3858354687690735,
        "current_v": 0.4502570629119873,
        "bathymetry": 4405.22412109375
      }
    },
    {
      "type": "Feature",
      "geometry": {
        "type": "Point",
        "coordinates": [
          79.69999999999996,
          5.199999999999999
        ]
      },
      "properties": {
        "fish_zone": 0,
        "fish_probability": 0.006666666666666667,
        "sst": 28.78999325297775,
        "chlorophyll": 0.0699453130364418,
        "current_u": -0.36813241243362427,
        "current_v": 0.41394931077957153,
        "bathymetry": 4405.22412109375
      }
    },
    {
      "type": "Feature",
      "geometry": {
        "type": "Point",
        "coordinates": [
          79.69999999999996,
          5.299999999999999
        ]
      },
      "properties": {
        "fish_zone": 0,
        "fish_probability": 0.006666666666666667,
        "sst": 28.659993255883478,
        "chlorophyll": 0.08057017624378204,
        "current_u": -0.32849761843681335,
        "current_v": 0.3428901731967926,
        "bathymetry": 4405.22412109375
      }
    },
    {
      "type": "Feature",
      "geometry": {
        "type": "Point",
        "coordinates": [
          79.69999999999996,
          5.399999999999999
        ]
      },
      "properties": {
        "fish_zone": 0,
        "fish_probability": 0.0,
        "sst": 28.62999325655403,
        "chlorophyll": 0.08412186056375504,
        "current_u": -0.3104805052280426,
        "current_v": 0.28715911507606506,
        "bathymetry": 4405.22412109375
      }
    },
    {
      "type": "Feature",
      "geometry": {
        "type": "Point",
        "coordinates": [
          79.69999999999996,
          5.499999999999998
        ]
      },
      "properties": {
        "fish_zone": 0,
        "fish_probability": 0.0,
        "sst": 28.719993254542374,
        "chlorophyll": 0.09039615094661713,
        "current_u": -0.2998512089252472,
        "current_v": 0.2426111400127411,
        "bathymetry": 4405.22412109375
      }
    },
    {
      "type": "Feature",
      "geometry": {
        "type": "Point",
        "coordinates": [
          79.69999999999996,
          5.599999999999998
        ]
      },
      "properties": {
        "fish_zone": 0,
        "fish_probability": 0.016666666666666666,
        "sst": 28.919993250072025,
        "chlorophyll": 0.09562632441520691,
        "current_u": -0.30522671341896057,
        "current_v": 0.21809561550617218,
        "bathymetry": 3992.48388671875
      }
    },
    {
      "type": "Feature",
      "geometry": {
        "type": "Point",
        "coordinates": [
          79.69999999999996,
          5.6999999999999975
        ]
      },
      "properties": {
        "fish_zone": 0,
        "fish_probability": 0.04,
        "sst": 28.959993249177955,
        "chlorophyll": 0.10261757671833038,
        "current_u": -0.33420321345329285,
        "current_v": 0.16585642099380493,
        "bathymetry": 3992.48388671875
      }
    },
    {
      "type": "Feature",
      "geometry": {
        "type": "Point",
        "coordinates": [
          79.69999999999996,
          5.799999999999997
        ]
      },
      "properties": {
        "fish_zone": 0,
        "fish_probability": 0.05,
        "sst": 28.829993252083682,
        "chlorophyll": 0.10932084172964096,
        "current_u": -0.363140732049942,
        "current_v": 0.16841717064380646,
        "bathymetry": 3992.48388671875
      }
    },
    {
      "type": "Feature",
      "geometry": {
        "type": "Point",
        "coordinates": [
          79.69999999999996,
          5.899999999999997
        ]
      },
      "properties": {
        "fish_zone": 0,
        "fish_probability": 0.02666666666666667,
        "sst": 28.89999325051906,
        "chlorophyll": 0.11111658066511154,
        "current_u": -0.288445383310318,
        "current_v": 0.12589021027088165,
        "bathymetry": 3597.031982421875
      }
    },
    {
      "type": "Feature",
      "geometry": {
        "type": "Point",
        "coordinates": [
          79.69999999999996,
          5.9999999999999964
        ]
      },
      "properties": {
        "fish_zone": 0,
        "fish_probability": 0.03333333333333333,
        "sst": 29.029993247613334,
        "chlorophyll": 0.10279558598995209,
        "current_u": -0.18929167091846466,
        "current_v": 0.07469043880701065,
        "bathymetry": 3220.820068359375
      }
    },
    {
      "type": "Feature",
      "geometry": {
        "type": "Point",
        "coordinates": [
          79.69999999999996,
          6.099999999999996
        ]
      },
      "properties": {
        "fish_zone": 0,
        "fish_probability": 0.023333333333333334,
        "sst": 29.079993246495746,
        "chlorophyll": 0.10025425255298615,
        "current_u": -0.14437448978424072,
        "current_v": 0.028292113915085793,
        "bathymetry": 2533.3359375
      }
    },
    {
      "type": "Feature",
      "geometry": {
        "type": "Point",
        "coordinates": [
          79.69999999999996,
          6.199999999999996
        ]
      },
      "properties": {
        "fish_zone": 0,
        "fish_probability": 0.02666666666666667,
        "sst": 29.029993247613334,
        "chlorophyll": 0.11127793788909912,
        "current_u": -0.11627008765935898,
        "current_v": -0.026764171198010445,
        "bathymetry": 2533.3359375
      }
    },
    {
      "type": "Feature",
      "geometry": {
        "type": "Point",
        "coordinates": [
          79.69999999999996,
          6.299999999999995
        ]
      },
      "properties": {
        "fish_zone": 0,
        "fish_probability": 0.03666666666666667,
        "sst": 28.829993252083682,
        "chlorophyll": 0.126247838139534,
        "current_u": -0.05890251323580742,
        "current_v": -0.12063128501176834,
        "bathymetry": 1684.2840576171875
      }
    },
    {
      "type": "Feature",
      "geometry": {
        "type": "Point",
        "coordinates": [
          79.69999999999996,
          6.399999999999995
        ]
      },
      "properties": {
        "fish_zone": 0,
        "fish_probability": 0.023333333333333334,
        "sst": 28.85999325141313,
        "chlorophyll": 0.13583658635616302,
        "current_u": -0.022141659632325172,
        "current_v": -0.1386961191892624,
        "bathymetry": 902.3392944335938
      }
    },
    {
      "type": "Feature",
      "geometry": {
        "type": "Point",
        "coordinates": [
          79.69999999999996,
          6.499999999999995
        ]
      },
      "properties": {
        "fish_zone": 0,
        "fish_probability": 0.02666666666666667,
        "sst": 28.869993251189612,
        "chlorophyll": 0.15508979558944702,
        "current_u": -0.0019293910590931773,
        "current_v": -0.14323364198207855,
        "bathymetry": 763.3331298828125
      }
    },
    {
      "type": "Feature",
      "geometry": {
        "type": "Point",
        "coordinates": [
          79.69999999999996,
          6.599999999999994
        ]
      },
      "properties": {
        "fish_zone": 0,
        "fish_probability": 0.016666666666666666,
        "sst": 28.849993251636647,
        "chlorophyll": 0.16433560848236084,
        "current_u": 0.004427764564752579,
        "current_v": -0.14396511018276215,
        "bathymetry": 763.3331298828125
      }
    },
    {
      "type": "Feature",
      "geometry": {
        "type": "Point",
        "coordinates": [
          79.69999999999996,
          6.699999999999994
        ]
      },
      "properties": {
        "fish_zone": 0,
        "fish_probability": 0.016666666666666666,
        "sst": 28.839993251860164,
        "chlorophyll": 0.17695625126361847,
        "current_u": 0.002296092687174678,
        "current_v": -0.15033936500549316,
        "bathymetry": 763.3331298828125
      }
    },
    {
      "type": "Feature",
      "geometry": {
        "type": "Point",
        "coordinates": [
          79.69999999999996,
          6.799999999999994
        ]
      },
      "properties": {
        "fish_zone": 0,
        "fish_probability": 0.06,
        "sst": 28.829993252083682,
        "chlorophyll": 0.19748075306415558,
        "current_u": -0.006784494034945965,
        "current_v": -0.1271858513355255,
        "bathymetry": 55.76428985595703
      }
    },
    {
      "type": "Feature",
      "geometry": {
        "type": "Point",
        "coordinates": [
          79.69999999999996,
          6.899999999999993
        ]
      },
      "properties": {
        "fish_zone": 0,
        "fish_probability": 0.43666666666666665,
        "sst": 28.809993252530717,
        "chlorophyll": 0.22131840884685516,
        "current_u": -0.009309979155659676,
        "current_v": -0.09407058358192444,
        "bathymetry": 40.344051361083984
      }
    },
    {
      "type": "Feature",
      "geometry": {
        "type": "Point",
        "coordinates": [
          79.69999999999996,
          6.999999999999993
        ]
      },
      "properties": {
        "fish_zone": 0,
        "fish_probability": 0.12333333333333334,
        "sst": 28.719993254542374,
        "chlorophyll": 0.23212498426437378,
        "current_u": -0.0020384325180202723,
        "current_v": -0.06790654361248016,
        "bathymetry": 34.43415069580078
      }
    },
    {
      "type": "Feature",
      "geometry": {
        "type": "Point",
        "coordinates": [
          79.69999999999996,
          7.0999999999999925
        ]
      },
      "properties": {
        "fish_zone": 0,
        "fish_probability": 0.16333333333333333,
        "sst": 28.659993255883478,
        "chlorophyll": 0.24420081079006195,
        "current_u": 0.007531309500336647,
        "current_v": -0.06562644988298416,
        "bathymetry": 40.344051361083984
      }
    },
    {
      "type": "Feature",
      "geometry": {
        "type": "Point",
        "coordinates": [
          79.69999999999996,
          7.199999999999992
        ]
      },
      "properties": {
        "fish_zone": 0,
        "fish_probability": 0.18333333333333332,
        "sst": 28.649993256106995,
        "chlorophyll": 0.27840864658355713,
        "current_u": 0.0023761605843901634,
        "current_v": -0.066168874502182,
        "bathymetry": 40.344051361083984
      }
    },
    {
      "type": "Feature",
      "geometry": {
        "type": "Point",
        "coordinates": [
          79.69999999999996,
          7.299999999999992
        ]
      },
      "properties": {
        "fish_zone": 0,
        "fish_probability": 0.11333333333333333,
        "sst": 28.689993255212926,
        "chlorophyll": 0.3474198877811432,
        "current_u": 0.008739748038351536,
        "current_v": -0.04726554825901985,
        "bathymetry": 29.444730758666992
      }
    },
    {
      "type": "Feature",
      "geometry": {
        "type": "Point",
        "coordinates": [
          79.69999999999996,
          7.3999999999999915
        ]
      },
      "properties": {
        "fish_zone": 0,
        "fish_probability": 0.11333333333333333,
        "sst": 28.769993253424786,
        "chlorophyll": 0.42006897926330566,
        "current_u": 0.007461583241820335,
        "current_v": -0.013369015417993069,
        "bathymetry": 25.211410522460938
      }
    },
    {
      "type": "Feature",
      "geometry": {
        "type": "Point",
        "coordinates": [
          79.69999999999996,
          7.499999999999991
        ]
      },
      "properties": {
        "fish_zone": 0,
        "fish_probability": 0.08666666666666667,
        "sst": 28.78999325297775,
        "chlorophyll": 0.4966176748275757,
        "current_u": -0.0011897936929017305,
        "current_v": -0.0022213838528841734,
        "bathymetry": 21.598819732666016
      }
    },
    {
      "type": "Feature",
      "geometry": {
        "type": "Point",
        "coordinates": [
          79.69999999999996,
          7.599999999999991
        ]
      },
      "properties": {
        "fish_zone": 0,
        "fish_probability": 0.05333333333333334,
        "sst": 28.78999325297775,
        "chlorophyll": 0.5119035243988037,
        "current_u": -0.01885143853724003,
        "current_v": -0.010207056999206543,
        "bathymetry": 18.495559692382812
      }
    },
    {
      "type": "Feature",
      "geometry": {
        "type": "Point",
        "coordinates": [
          79.69999999999996,
          7.69999999999999
        ]
      },
      "properties": {
        "fish_zone": 0,
        "fish_probability": 0.08333333333333333,
        "sst": 28.77999325320127,
        "chlorophyll": 0.6801525950431824,
        "current_u": -0.034325480461120605,
        "current_v": -0.007121426984667778,
        "bathymetry": 18.495559692382812
      }
    },
    {
      "type": "Feature",
      "geometry": {
        "type": "Point",
        "coordinates": [
          79.69999999999996,
          7.79999999999999
        ]
      },
      "properties": {
        "fish_zone": 0,
        "fish_probability": 0.08666666666666667,
        "sst": 28.66999325565996,
        "chlorophyll": 1.2691277265548706,
        "current_u": -0.032644469290971756,
        "current_v": -0.04116102680563927,
        "bathymetry": 11.404999732971191
      }
    },
    {
      "type": "Feature",
      "geometry": {
        "type": "Point",
        "coordinates": [
          79.69999999999996,
          7.89999999999999
        ]
      },
      "properties": {
        "fish_zone": 0,
        "fish_probability": 0.1,
        "sst": 28.639993256330513,
        "chlorophyll": 1.5109658241271973,
        "current_u": -0.028974732384085655,
        "current_v": -0.059230659157037735,
        "bathymetry": 11.404999732971191
      }
    },
    {
      "type": "Feature",
      "geometry": {
        "type": "Point",
        "coordinates": [
          79.69999999999996,
          7.999999999999989
        ]
      },
      "properties": {
        "fish_zone": 0,
        "fish_probability": 0.25,
        "sst": 28.599993257224583,
        "chlorophyll": 1.578486442565918,
        "current_u": -0.04742392525076866,
        "current_v": -0.08294171094894409,
        "bathymetry": 9.572997093200684
      }
    },
    {
      "type": "Feature",
      "geometry": {
        "type": "Point",
        "coordinates": [
          79.69999999999996,
          8.299999999999988
        ]
      },
      "properties": {
        "fish_zone": 1,
        "fish_probability": 0.9933333333333333,
        "sst": 28.569993257895135,
        "chlorophyll": 0.8193272352218628,
        "current_u": -0.05914031341671944,
        "current_v": -0.10253041237592697,
        "bathymetry": 130.66600036621094
      }
    },
    {
      "type": "Feature",
      "geometry": {
        "type": "Point",
        "coordinates": [
          79.69999999999996,
          8.399999999999988
        ]
      },
      "properties": {
        "fish_zone": 0,
        "fish_probability": 0.44333333333333336,
        "sst": 28.50999325923624,
        "chlorophyll": 0.527224063873291,
        "current_u": -0.03736858069896698,
        "current_v": -0.08811737596988678,
        "bathymetry": 318.1274108886719
      }
    },
    {
      "type": "Feature",
      "geometry": {
        "type": "Point",
        "coordinates": [
          79.69999999999996,
          8.499999999999988
        ]
      },
      "properties": {
        "fish_zone": 0,
        "fish_probability": 0.06,
        "sst": 28.409993261471413,
        "chlorophyll": 0.6780690550804138,
        "current_u": -0.01749260723590851,
        "current_v": -0.06134893000125885,
        "bathymetry": 266.0403137207031
      }
    },
    {
      "type": "Feature",
      "geometry": {
        "type": "Point",
        "coordinates": [
          79.69999999999996,
          8.599999999999987
        ]
      },
      "properties": {
        "fish_zone": 0,
        "fish_probability": 0.04,
        "sst": 28.419993261247896,
        "chlorophyll": 0.7731885313987732,
        "current_u": -0.008088006637990475,
        "current_v": -0.01183171384036541,
        "bathymetry": 47.37369155883789
      }
    },
    {
      "type": "Feature",
      "geometry": {
        "type": "Point",
        "coordinates": [
          79.69999999999996,
          8.699999999999987
        ]
      },
      "properties": {
        "fish_zone": 0,
        "fish_probability": 0.02666666666666667,
        "sst": 28.369993262365483,
        "chlorophyll": 0.7404223680496216,
        "current_u": -0.009364807046949863,
        "current_v": 0.005351820029318333,
        "bathymetry": 15.810070037841797
      }
    },
    {
      "type": "Feature",
      "geometry": {
        "type": "Point",
        "coordinates": [
          79.69999999999996,
          8.799999999999986
        ]
      },
      "properties": {
        "fish_zone": 0,
        "fish_probability": 0.043333333333333335,
        "sst": 28.329993263259553,
        "chlorophyll": 0.6402231454849243,
        "current_u": -0.006081900093704462,
        "current_v": -0.0057001542299985886,
        "bathymetry": 18.495559692382812
      }
    },
    {
      "type": "Feature",
      "geometry": {
        "type": "Point",
        "coordinates": [
          79.69999999999996,
          8.899999999999986
        ]
      },
      "properties": {
        "fish_zone": 0,
        "fish_probability": 0.03,
        "sst": 28.39999326169493,
        "chlorophyll": 0.7164931893348694,
        "current_u": -0.01298110093921423,
        "current_v": -0.0011044146958738565,
        "bathymetry": 11.404999732971191
      }
    },
    {
      "type": "Feature",
      "geometry": {
        "type": "Point",
        "coordinates": [
          79.69999999999996,
          8.999999999999986
        ]
      },
      "properties": {
        "fish_zone": 0,
        "fish_probability": 0.14666666666666667,
        "sst": 28.729993254318856,
        "chlorophyll": 1.7164709568023682,
        "current_u": -0.028183404356241226,
        "current_v": -0.005849584471434355,
        "bathymetry": 7.92956018447876
      }
    },
    {
      "type": "Feature",
      "geometry": {
        "type": "Point",
        "coordinates": [
          79.69999999999996,
          9.099999999999985
        ]
      },
      "properties": {
        "fish_zone": 0,
        "fish_probability": 0.18666666666666668,
        "sst": 28.759993253648304,
        "chlorophyll": 4.641196250915527,
        "current_u": -0.04822767525911331,
        "current_v": -0.02911476604640484,
        "bathymetry": 7.92956018447876
      }
    },
    {
      "type": "Feature",
      "geometry": {
        "type": "Point",
        "coordinates": [
          79.69999999999996,
          9.299999999999985
        ]
      },
      "properties": {
        "fish_zone": 0,
        "fish_probability": 0.03666666666666667,
        "sst": 28.449993260577344,
        "chlorophyll": 0.8489660620689392,
        "current_u": -0.028238769620656967,
        "current_v": -0.057090919464826584,
        "bathymetry": 11.404999732971191
      }
    },
    {
      "type": "Feature",
      "geometry": {
        "type": "Point",
        "coordinates": [
          79.69999999999996,
          9.399999999999984
        ]
      },
      "properties": {
        "fish_zone": 0,
        "fish_probability": 0.06,
        "sst": 28.499993259459757,
        "chlorophyll": 0.5103423595428467,
        "current_u": -0.008044476620852947,
        "current_v": -0.05267850682139397,
        "bathymetry": 13.467140197753906
      }
    },
    {
      "type": "Feature",
      "geometry": {
        "type": "Point",
        "coordinates": [
          79.69999999999996,
          9.599999999999984
        ]
      },
      "properties": {
        "fish_zone": 0,
        "fish_probability": 0.05,
        "sst": 28.409993261471413,
        "chlorophyll": 1.9268333911895752,
        "current_u": -0.015883788466453552,
        "current_v": -0.038201235234737396,
        "bathymetry": 9.572997093200684
      }
    },
    {
      "type": "Feature",
      "geometry": {
        "type": "Point",
        "coordinates": [
          79.69999999999996,
          9.699999999999983
        ]
      },
      "properties": {
        "fish_zone": 0,
        "fish_probability": 0.043333333333333335,
        "sst": 28.38999326191845,
        "chlorophyll": 1.0568733215332031,
        "current_u": -0.027139779180288315,
        "current_v": -0.03222327679395676,
        "bathymetry": 11.404999732971191
      }
    },
    {
      "type": "Feature",
      "geometry": {
        "type": "Point",
        "coordinates": [
          79.69999999999996,
          9.799999999999983
        ]
      },
      "properties": {
        "fish_zone": 0,
        "fish_probability": 0.20666666666666667,
        "sst": 28.409993261471413,
        "chlorophyll": 1.5351812839508057,
        "current_u": -0.06499043107032776,
        "current_v": -0.051377732306718826,
        "bathymetry": 9.572997093200684
      }
    },
    {
      "type": "Feature",
      "geometry": {
        "type": "Point",
        "coordinates": [
          79.69999999999996,
          9.899999999999983
        ]
      },
      "properties": {
        "fish_zone": 0,
        "fish_probability": 0.22333333333333333,
        "sst": 28.42999326102438,
        "chlorophyll": 1.6533637046813965,
        "current_u": -0.06467115879058838,
        "current_v": -0.04560930281877518,
        "bathymetry": 15.810070037841797
      }
    },
    {
      "type": "Feature",
      "geometry": {
        "type": "Point",
        "coordinates": [
          79.79999999999995,
          5.0
        ]
      },
      "properties": {
        "fish_zone": 0,
        "fish_probability": 0.006666666666666667,
        "sst": 29.189993244037055,
        "chlorophyll": 0.06346265971660614,
        "current_u": -0.45159268379211426,
        "current_v": 0.43912002444267273,
        "bathymetry": 4405.22412109375
      }
    },
    {
      "type": "Feature",
      "geometry": {
        "type": "Point",
        "coordinates": [
          79.79999999999995,
          5.1
        ]
      },
      "properties": {
        "fish_zone": 0,
        "fish_probability": 0.006666666666666667,
        "sst": 28.969993248954438,
        "chlorophyll": 0.06425770372152328,
        "current_u": -0.41438233852386475,
        "current_v": 0.4120633900165558,
        "bathymetry": 4405.22412109375
      }
    },
    {
      "type": "Feature",
      "geometry": {
        "type": "Point",
        "coordinates": [
          79.79999999999995,
          5.199999999999999
        ]
      },
      "properties": {
        "fish_zone": 0,
        "fish_probability": 0.006666666666666667,
        "sst": 28.849993251636647,
        "chlorophyll": 0.07104611396789551,
        "current_u": -0.3738386929035187,
        "current_v": 0.37777820229530334,
        "bathymetry": 4405.22412109375
      }
    },
    {
      "type": "Feature",
      "geometry": {
        "type": "Point",
        "coordinates": [
          79.79999999999995,
          5.299999999999999
        ]
      },
      "properties": {
        "fish_zone": 0,
        "fish_probability": 0.01,
        "sst": 28.5899932574481,
        "chlorophyll": 0.07812947034835815,
        "current_u": -0.2939736247062683,
        "current_v": 0.29232165217399597,
        "bathymetry": 4405.22412109375
      }
    },
    {
      "type": "Feature",
      "geometry": {
        "type": "Point",
        "coordinates": [
          79.79999999999995,
          5.399999999999999
        ]
      },
      "properties": {
        "fish_zone": 0,
        "fish_probability": 0.0033333333333333335,
        "sst": 28.579993257671617,
        "chlorophyll": 0.08175677061080933,
        "current_u": -0.2796854078769684,
        "current_v": 0.2458948940038681,
        "bathymetry": 4405.22412109375
      }
    },
    {
      "type": "Feature",
      "geometry": {
        "type": "Point",
        "coordinates": [
          79.79999999999995,
          5.499999999999998
        ]
      },
      "properties": {
        "fish_zone": 0,
        "fish_probability": 0.0,
        "sst": 28.729993254318856,
        "chlorophyll": 0.08900411427021027,
        "current_u": -0.26961904764175415,
        "current_v": 0.20925818383693695,
        "bathymetry": 4405.22412109375
      }
    },
    {
      "type": "Feature",
      "geometry": {
        "type": "Point",
        "coordinates": [
          79.79999999999995,
          5.599999999999998
        ]
      },
      "properties": {
        "fish_zone": 0,
        "fish_probability": 0.006666666666666667,
        "sst": 28.89999325051906,
        "chlorophyll": 0.09570079296827316,
        "current_u": -0.28521639108657837,
        "current_v": 0.1973692625761032,
        "bathymetry": 3992.48388671875
      }
    },
    {
      "type": "Feature",
      "geometry": {
        "type": "Point",
        "coordinates": [
          79.79999999999995,
          5.6999999999999975
        ]
      },
      "properties": {
        "fish_zone": 0,
        "fish_probability": 0.03,
        "sst": 28.929993249848508,
        "chlorophyll": 0.10357940196990967,
        "current_u": -0.32604143023490906,
        "current_v": 0.20005491375923157,
        "bathymetry": 3992.48388671875
      }
    },
    {
      "type": "Feature",
      "geometry": {
        "type": "Point",
        "coordinates": [
          79.79999999999995,
          5.799999999999997
        ]
      },
      "properties": {
        "fish_zone": 0,
        "fish_probability": 0.03666666666666667,
        "sst": 28.959993249177955,
        "chlorophyll": 0.1118415966629982,
        "current_u": -0.39388734102249146,
        "current_v": 0.223909392952919,
        "bathymetry": 2533.3359375
      }
    },
    {
      "type": "Feature",
      "geometry": {
        "type": "Point",
        "coordinates": [
          79.79999999999995,
          5.899999999999997
        ]
      },
      "properties": {
        "fish_zone": 0,
        "fish_probability": 0.06333333333333334,
        "sst": 29.01999324783685,
        "chlorophyll": 0.11488137394189835,
        "current_u": -0.3695349395275116,
        "current_v": 0.262374609708786,
        "bathymetry": 1941.8929443359375
      }
    },
    {
      "type": "Feature",
      "geometry": {
        "type": "Point",
        "coordinates": [
          79.79999999999995,
          5.9999999999999964
        ]
      },
      "properties": {
        "fish_zone": 0,
        "fish_probability": 0.06333333333333334,
        "sst": 28.969993248954438,
        "chlorophyll": 0.10634942352771759,
        "current_u": -0.26704245805740356,
        "current_v": 0.23191440105438232,
        "bathymetry": 1684.2840576171875
      }
    },
    {
      "type": "Feature",
      "geometry": {
        "type": "Point",
        "coordinates": [
          79.79999999999995,
          6.099999999999996
        ]
      },
      "properties": {
        "fish_zone": 0,
        "fish_probability": 0.06666666666666667,
        "sst": 28.929993249848508,
        "chlorophyll": 0.1070813462138176,
        "current_u": -0.12963806092739105,
        "current_v": 0.14544938504695892,
        "bathymetry": 1245.291015625
      }
    },
    {
      "type": "Feature",
      "geometry": {
        "type": "Point",
        "coordinates": [
          79.79999999999995,
          6.199999999999996
        ]
      },
      "properties": {
        "fish_zone": 0,
        "fish_probability": 0.023333333333333334,
        "sst": 28.919993250072025,
        "chlorophyll": 0.11702834814786911,
        "current_u": -0.06416168063879013,
        "current_v": 0.08432821184396744,
        "bathymetry": 763.3331298828125
      }
    },
    {
      "type": "Feature",
      "geometry": {
        "type": "Point",
        "coordinates": [
          79.79999999999995,
          6.299999999999995
        ]
      },
      "properties": {
        "fish_zone": 0,
        "fish_probability": 0.04666666666666667,
        "sst": 28.89999325051906,
        "chlorophyll": 0.14131075143814087,
        "current_u": -0.10865730792284012,
        "current_v": 0.02277098037302494,
        "bathymetry": 55.76428985595703
      }
    },
    {
      "type": "Feature",
      "geometry": {
        "type": "Point",
        "coordinates": [
          79.79999999999995,
          6.399999999999995
        ]
      },
      "properties": {
        "fish_zone": 0,
        "fish_probability": 0.03666666666666667,
        "sst": 28.889993250742577,
        "chlorophyll": 0.15724551677703857,
        "current_u": -0.08533206582069397,
        "current_v": -0.05150418356060982,
        "bathymetry": 55.76428985595703
      }
    },
    {
      "type": "Feature",
      "geometry": {
        "type": "Point",
        "coordinates": [
          79.79999999999995,
          6.499999999999995
        ]
      },
      "properties": {
        "fish_zone": 0,
        "fish_probability": 0.043333333333333335,
        "sst": 28.839993251860164,
        "chlorophyll": 0.18527905642986298,
        "current_u": -0.04385976493358612,
        "current_v": -0.11071141809225082,
        "bathymetry": 55.76428985595703
      }
    },
    {
      "type": "Feature",
      "geometry": {
        "type": "Point",
        "coordinates": [
          79.79999999999995,
          6.599999999999994
        ]
      },
      "properties": {
        "fish_zone": 0,
        "fish_probability": 0.043333333333333335,
        "sst": 28.78999325297775,
        "chlorophyll": 0.19670291244983673,
        "current_u": -0.01439421996474266,
        "current_v": -0.13641907274723053,
        "bathymetry": 55.76428985595703
      }
    },
    {
      "type": "Feature",
      "geometry": {
        "type": "Point",
        "coordinates": [
          79.79999999999995,
          6.699999999999994
        ]
      },
      "properties": {
        "fish_zone": 1,
        "fish_probability": 0.6966666666666667,
        "sst": 28.78999325297775,
        "chlorophyll": 0.22813749313354492,
        "current_u": -0.004508334677666426,
        "current_v": -0.11854826658964157,
        "bathymetry": 40.344051361083984
      }
    },
    {
      "type": "Feature",
      "geometry": {
        "type": "Point",
        "coordinates": [
          79.79999999999995,
          6.799999999999994
        ]
      },
      "properties": {
        "fish_zone": 0,
        "fish_probability": 0.023333333333333334,
        "sst": 28.869993251189612,
        "chlorophyll": 0.5578988790512085,
        "current_u": -0.024766840040683746,
        "current_v": -0.04873809590935707,
        "bathymetry": 25.211410522460938
      }
    },
    {
      "type": "Feature",
      "geometry": {
        "type": "Point",
        "coordinates": [
          79.79999999999995,
          6.899999999999993
        ]
      },
      "properties": {
        "fish_zone": 0,
        "fish_probability": 0.016666666666666666,
        "sst": 28.949993249401473,
        "chlorophyll": 0.8497726321220398,
        "current_u": -0.018127312883734703,
        "current_v": -0.027268363162875175,
        "bathymetry": 21.598819732666016
      }
    },
    {
      "type": "Feature",
      "geometry": {
        "type": "Point",
        "coordinates": [
          79.79999999999995,
          6.999999999999993
        ]
      },
      "properties": {
        "fish_zone": 0,
        "fish_probability": 0.06333333333333334,
        "sst": 29.01999324783685,
        "chlorophyll": 0.6033744215965271,
        "current_u": -0.006814485881477594,
        "current_v": -0.01335983257740736,
        "bathymetry": 15.810070037841797
      }
    },
    {
      "type": "Feature",
      "geometry": {
        "type": "Point",
        "coordinates": [
          79.79999999999995,
          7.0999999999999925
        ]
      },
      "properties": {
        "fish_zone": 0,
        "fish_probability": 0.016666666666666666,
        "sst": 29.219993243366503,
        "chlorophyll": 0.5264323353767395,
        "current_u": -0.0002732569701038301,
        "current_v": -0.011624310165643692,
        "bathymetry": 11.404999732971191
      }
    },
    {
      "type": "Feature",
      "geometry": {
        "type": "Point",
        "coordinates": [
          79.79999999999995,
          7.199999999999992
        ]
      },
      "properties": {
        "fish_zone": 0,
        "fish_probability": 0.02666666666666667,
        "sst": 29.279993242025398,
        "chlorophyll": 0.8048778772354126,
        "current_u": 0.0007968486752361059,
        "current_v": -0.012032968923449516,
        "bathymetry": 7.92956018447876
      }
    },
    {
      "type": "Feature",
      "geometry": {
        "type": "Point",
        "coordinates": [
          79.79999999999995,
          7.299999999999992
        ]
      },
      "properties": {
        "fish_zone": 0,
        "fish_probability": 0.016666666666666666,
        "sst": 29.31999324113133,
        "chlorophyll": 0.8622596859931946,
        "current_u": 0.00577848544344306,
        "current_v": -0.0013067742111161351,
        "bathymetry": 9.572997093200684
      }
    },
    {
      "type": "Feature",
      "geometry": {
        "type": "Point",
        "coordinates": [
          79.79999999999995,
          7.3999999999999915
        ]
      },
      "properties": {
        "fish_zone": 0,
        "fish_probability": 0.02,
        "sst": 29.339993240684294,
        "chlorophyll": 0.5684086680412292,
        "current_u": 0.008258368819952011,
        "current_v": 0.003805093467235565,
        "bathymetry": 7.92956018447876
      }
    },
    {
      "type": "Feature",
      "geometry": {
        "type": "Point",
        "coordinates": [
          79.79999999999995,
          8.299999999999988
        ]
      },
      "properties": {
        "fish_zone": 0,
        "fish_probability": 0.03,
        "sst": 29.069993246719264,
        "chlorophyll": 3.4453694820404053,
        "current_u": -0.011628330685198307,
        "current_v": 0.004606594331562519,
        "bathymetry": 15.810070037841797
      }
    },
    {
      "type": "Feature",
      "geometry": {
        "type": "Point",
        "coordinates": [
          79.79999999999995,
          8.399999999999988
        ]
      },
      "properties": {
        "fish_zone": 0,
        "fish_probability": 0.03666666666666667,
        "sst": 29.029993247613334,
        "chlorophyll": 6.558067321777344,
        "current_u": -0.005276884883642197,
        "current_v": 0.0036901484709233046,
        "bathymetry": 7.92956018447876
      }
    },
    {
      "type": "Feature",
      "geometry": {
        "type": "Point",
        "coordinates": [
          79.79999999999995,
          8.499999999999988
        ]
      },
      "properties": {
        "fish_zone": 0,
        "fish_probability": 0.013333333333333334,
        "sst": 28.989993248507403,
        "chlorophyll": 4.193120002746582,
        "current_u": 0.0011500873370096087,
        "current_v": 0.005278412252664566,
        "bathymetry": 7.92956018447876
      }
    },
    {
      "type": "Feature",
      "geometry": {
        "type": "Point",
        "coordinates": [
          79.79999999999995,
          8.599999999999987
        ]
      },
      "properties": {
        "fish_zone": 0,
        "fish_probability": 0.016666666666666666,
        "sst": 28.969993248954438,
        "chlorophyll": 2.6351871490478516,
        "current_u": 0.0004255617968738079,
        "current_v": -0.011035440489649773,
        "bathymetry": 9.572997093200684
      }
    },
    {
      "type": "Feature",
      "geometry": {
        "type": "Point",
        "coordinates": [
          79.79999999999995,
          8.699999999999987
        ]
      },
      "properties": {
        "fish_zone": 0,
        "fish_probability": 0.023333333333333334,
        "sst": 28.909993250295543,
        "chlorophyll": 2.329868793487549,
        "current_u": -0.0014823443489149213,
        "current_v": -0.013892068527638912,
        "bathymetry": 7.92956018447876
      }
    },
    {
      "type": "Feature",
      "geometry": {
        "type": "Point",
        "coordinates": [
          79.79999999999995,
          8.799999999999986
        ]
      },
      "properties": {
        "fish_zone": 0,
        "fish_probability": 0.02666666666666667,
        "sst": 28.97999324873092,
        "chlorophyll": 2.1460773944854736,
        "current_u": 0.0006913866382092237,
        "current_v": 0.0033994896803051233,
        "bathymetry": 7.92956018447876
      }
    },
    {
      "type": "Feature",
      "geometry": {
        "type": "Point",
        "coordinates": [
          79.79999999999995,
          8.899999999999986
        ]
      },
      "properties": {
        "fish_zone": 0,
        "fish_probability": 0.04666666666666667,
        "sst": 29.029993247613334,
        "chlorophyll": 3.1729278564453125,
        "current_u": -0.008626311086118221,
        "current_v": 0.007655301596969366,
        "bathymetry": 7.92956018447876
      }
    },
    {
      "type": "Feature",
      "geometry": {
        "type": "Point",
        "coordinates": [
          79.79999999999995,
          8.999999999999986
        ]
      },
      "properties": {
        "fish_zone": 0,
        "fish_probability": 0.06666666666666667,
        "sst": 28.969993248954438,
        "chlorophyll": 3.1365559101104736,
        "current_u": -0.023209648206830025,
        "current_v": 0.008775809779763222,
        "bathymetry": 7.92956018447876
      }
    },
    {
      "type": "Feature",
      "geometry": {
        "type": "Point",
        "coordinates": [
          79.79999999999995,
          9.099999999999985
        ]
      },
      "properties": {
        "fish_zone": 0,
        "fish_probability": 0.08666666666666667,
        "sst": 28.909993250295543,
        "chlorophyll": 3.5845630168914795,
        "current_u": -0.032417181879282,
        "current_v": -0.00939523708075285,
        "bathymetry": 7.92956018447876
      }
    },
    {
      "type": "Feature",
      "geometry": {
        "type": "Point",
        "coordinates": [
          79.79999999999995,
          9.299999999999985
        ]
      },
      "properties": {
        "fish_zone": 0,
        "fish_probability": 0.016666666666666666,
        "sst": 28.369993262365483,
        "chlorophyll": 0.4709646701812744,
        "current_u": -0.01572994887828827,
        "current_v": -0.05008677765727043,
        "bathymetry": 11.404999732971191
      }
    },
    {
      "type": "Feature",
      "geometry": {
        "type": "Point",
        "coordinates": [
          79.79999999999995,
          9.399999999999984
        ]
      },
      "properties": {
        "fish_zone": 0,
        "fish_probability": 0.02,
        "sst": 28.369993262365483,
        "chlorophyll": 0.4282678961753845,
        "current_u": -0.023577479645609856,
        "current_v": -0.03241828829050064,
        "bathymetry": 9.572997093200684
      }
    },
    {
      "type": "Feature",
      "geometry": {
        "type": "Point",
        "coordinates": [
          79.79999999999995,
          9.499999999999984
        ]
      },
      "properties": {
        "fish_zone": 0,
        "fish_probability": 0.07333333333333333,
        "sst": 28.609993257001065,
        "chlorophyll": 1.009355902671814,
        "current_u": -0.030448067933321,
        "current_v": -0.03095356374979019,
        "bathymetry": 7.92956018447876
      }
    },
    {
      "type": "Feature",
      "geometry": {
        "type": "Point",
        "coordinates": [
          79.79999999999995,
          9.699999999999983
        ]
      },
      "properties": {
        "fish_zone": 0,
        "fish_probability": 0.05333333333333334,
        "sst": 28.869993251189612,
        "chlorophyll": 2.663252830505371,
        "current_u": -0.004029367119073868,
        "current_v": -0.032641880214214325,
        "bathymetry": 7.92956018447876
      }
    },
    {
      "type": "Feature",
      "geometry": {
        "type": "Point",
        "coordinates": [
          79.79999999999995,
          9.799999999999983
        ]
      },
      "properties": {
        "fish_zone": 0,
        "fish_probability": 0.26,
        "sst": 28.569993257895135,
        "chlorophyll": 1.258002758026123,
        "current_u": -0.07141003012657166,
        "current_v": -0.05464084446430206,
        "bathymetry": 9.572997093200684
      }
    },
    {
      "type": "Feature",
      "geometry": {
        "type": "Point",
        "coordinates": [
          79.79999999999995,
          9.899999999999983
        ]
      },
      "properties": {
        "fish_zone": 0,
        "fish_probability": 0.22333333333333333,
        "sst": 28.42999326102438,
        "chlorophyll": 1.605672836303711,
        "current_u": -0.08267071843147278,
        "current_v": -0.03962661325931549,
        "bathymetry": 9.572997093200684
      }
    },
    {
      "type": "Feature",
      "geometry": {
        "type": "Point",
        "coordinates": [
          79.89999999999995,
          5.0
        ]
      },
      "properties": {
        "fish_zone": 0,
        "fish_probability": 0.006666666666666667,
        "sst": 29.139993245154642,
        "chlorophyll": 0.06287146359682083,
        "current_u": -0.44113391637802124,
        "current_v": 0.4084015488624573,
        "bathymetry": 4405.22412109375
      }
    },
    {
      "type": "Feature",
      "geometry": {
        "type": "Point",
        "coordinates": [
          79.89999999999995,
          5.1
        ]
      },
      "properties": {
        "fish_zone": 0,
        "fish_probability": 0.006666666666666667,
        "sst": 28.93999324962499,
        "chlorophyll": 0.06503118574619293,
        "current_u": -0.4010009467601776,
        "current_v": 0.38444095849990845,
        "bathymetry": 4405.22412109375
      }
    },
    {
      "type": "Feature",
      "geometry": {
        "type": "Point",
        "coordinates": [
          79.89999999999995,
          5.199999999999999
        ]
      },
      "properties": {
        "fish_zone": 0,
        "fish_probability": 0.006666666666666667,
        "sst": 28.839993251860164,
        "chlorophyll": 0.06818576902151108,
        "current_u": -0.360106498003006,
        "current_v": 0.3539661765098572,
        "bathymetry": 4405.22412109375
      }
    },
    {
      "type": "Feature",
      "geometry": {
        "type": "Point",
        "coordinates": [
          79.89999999999995,
          5.299999999999999
        ]
      },
      "properties": {
        "fish_zone": 0,
        "fish_probability": 0.006666666666666667,
        "sst": 28.5899932574481,
        "chlorophyll": 0.07596823573112488,
        "current_u": -0.2882611155509949,
        "current_v": 0.2625862658023834,
        "bathymetry": 4405.22412109375
      }
    },
    {
      "type": "Feature",
      "geometry": {
        "type": "Point",
        "coordinates": [
          79.89999999999995,
          5.399999999999999
        ]
      },
      "properties": {
        "fish_zone": 0,
        "fish_probability": 0.0033333333333333335,
        "sst": 28.559993258118652,
        "chlorophyll": 0.08186103403568268,
        "current_u": -0.27645784616470337,
        "current_v": 0.21922096610069275,
        "bathymetry": 4405.22412109375
      }
    },
    {
      "type": "Feature",
      "geometry": {
        "type": "Point",
        "coordinates": [
          79.89999999999995,
          5.499999999999998
        ]
      },
      "properties": {
        "fish_zone": 0,
        "fish_probability": 0.0,
        "sst": 28.679993255436443,
        "chlorophyll": 0.08897203952074051,
        "current_u": -0.2686448395252228,
        "current_v": 0.18642064929008484,
        "bathymetry": 4405.22412109375
      }
    },
    {
      "type": "Feature",
      "geometry": {
        "type": "Point",
        "coordinates": [
          79.89999999999995,
          5.599999999999998
        ]
      },
      "properties": {
        "fish_zone": 0,
        "fish_probability": 0.006666666666666667,
        "sst": 28.74999325387182,
        "chlorophyll": 0.0958884060382843,
        "current_u": -0.2941164970397949,
        "current_v": 0.1771571785211563,
        "bathymetry": 4405.22412109375
      }
    },
    {
      "type": "Feature",
      "geometry": {
        "type": "Point",
        "coordinates": [
          79.89999999999995,
          5.6999999999999975
        ]
      },
      "properties": {
        "fish_zone": 0,
        "fish_probability": 0.043333333333333335,
        "sst": 28.729993254318856,
        "chlorophyll": 0.10570051521062851,
        "current_u": -0.3504531681537628,
        "current_v": 0.19724230468273163,
        "bathymetry": 3992.48388671875
      }
    },
    {
      "type": "Feature",
      "geometry": {
        "type": "Point",
        "coordinates": [
          79.89999999999995,
          5.799999999999997
        ]
      },
      "properties": {
        "fish_zone": 0,
        "fish_probability": 0.03333333333333333,
        "sst": 28.689993255212926,
        "chlorophyll": 0.1149091124534607,
        "current_u": -0.4390523433685303,
        "current_v": 0.24520620703697205,
        "bathymetry": 2225.077880859375
      }
    },
    {
      "type": "Feature",
      "geometry": {
        "type": "Point",
        "coordinates": [
          79.89999999999995,
          5.899999999999997
        ]
      },
      "properties": {
        "fish_zone": 0,
        "fish_probability": 0.09333333333333334,
        "sst": 28.729993254318856,
        "chlorophyll": 0.11857347190380096,
        "current_u": -0.4329988956451416,
        "current_v": 0.28123965859413147,
        "bathymetry": 1245.291015625
      }
    },
    {
      "type": "Feature",
      "geometry": {
        "type": "Point",
        "coordinates": [
          79.89999999999995,
          5.9999999999999964
        ]
      },
      "properties": {
        "fish_zone": 0,
        "fish_probability": 0.1,
        "sst": 28.69999325498941,
        "chlorophyll": 0.12698303163051605,
        "current_u": -0.3447455167770386,
        "current_v": 0.2901022136211395,
        "bathymetry": 222.47520446777344
      }
    },
    {
      "type": "Feature",
      "geometry": {
        "type": "Point",
        "coordinates": [
          79.89999999999995,
          6.099999999999996
        ]
      },
      "properties": {
        "fish_zone": 0,
        "fish_probability": 0.06,
        "sst": 28.74999325387182,
        "chlorophyll": 0.12058018147945404,
        "current_u": -0.19053983688354492,
        "current_v": 0.20314274728298187,
        "bathymetry": 65.80726623535156
      }
    },
    {
      "type": "Feature",
      "geometry": {
        "type": "Point",
        "coordinates": [
          79.89999999999995,
          6.199999999999996
        ]
      },
      "properties": {
        "fish_zone": 0,
        "fish_probability": 0.02,
        "sst": 28.78999325297775,
        "chlorophyll": 0.1374213844537735,
        "current_u": -0.05343649163842201,
        "current_v": 0.10854657739400864,
        "bathymetry": 65.80726623535156
      }
    },
    {
      "type": "Feature",
      "geometry": {
        "type": "Point",
        "coordinates": [
          79.89999999999995,
          6.299999999999995
        ]
      },
      "properties": {
        "fish_zone": 0,
        "fish_probability": 0.02,
        "sst": 28.799993252754234,
        "chlorophyll": 0.18564777076244354,
        "current_u": -0.07936510443687439,
        "current_v": 0.07377824187278748,
        "bathymetry": 55.76428985595703
      }
    },
    {
      "type": "Feature",
      "geometry": {
        "type": "Point",
        "coordinates": [
          79.89999999999995,
          6.399999999999995
        ]
      },
      "properties": {
        "fish_zone": 0,
        "fish_probability": 0.15666666666666668,
        "sst": 28.829993252083682,
        "chlorophyll": 0.2509381175041199,
        "current_u": -0.06872403621673584,
        "current_v": 0.016564376652240753,
        "bathymetry": 47.37369155883789
      }
    },
    {
      "type": "Feature",
      "geometry": {
        "type": "Point",
        "coordinates": [
          79.89999999999995,
          6.499999999999995
        ]
      },
      "properties": {
        "fish_zone": 0,
        "fish_probability": 0.02666666666666667,
        "sst": 28.879993250966095,
        "chlorophyll": 0.8262194991111755,
        "current_u": -0.04584263637661934,
        "current_v": 9.220006177201867e-05,
        "bathymetry": 25.211410522460938
      }
    },
    {
      "type": "Feature",
      "geometry": {
        "type": "Point",
        "coordinates": [
          79.89999999999995,
          6.599999999999994
        ]
      },
      "properties": {
        "fish_zone": 0,
        "fish_probability": 0.0033333333333333335,
        "sst": 28.85999325141313,
        "chlorophyll": 0.8506818413734436,
        "current_u": -0.030774489045143127,
        "current_v": -0.010559345595538616,
        "bathymetry": 15.810070037841797
      }
    },
    {
      "type": "Feature",
      "geometry": {
        "type": "Point",
        "coordinates": [
          79.89999999999995,
          6.699999999999994
        ]
      },
      "properties": {
        "fish_zone": 0,
        "fish_probability": 0.006666666666666667,
        "sst": 28.85999325141313,
        "chlorophyll": 1.0944637060165405,
        "current_u": -0.014987613074481487,
        "current_v": -0.063370481133461,
        "bathymetry": 11.404999732971191
      }
    },
    {
      "type": "Feature",
      "geometry": {
        "type": "Point",
        "coordinates": [
          79.89999999999995,
          8.599999999999987
        ]
      },
      "properties": {
        "fish_zone": 0,
        "fish_probability": 0.03333333333333333,
        "sst": 29.159993244707607,
        "chlorophyll": 3.9630544185638428,
        "current_u": 0.00034449168015271425,
        "current_v": 0.021390890702605247,
        "bathymetry": 13.467140197753906
      }
    },
    {
      "type": "Feature",
      "geometry": {
        "type": "Point",
        "coordinates": [
          79.89999999999995,
          8.699999999999987
        ]
      },
      "properties": {
        "fish_zone": 0,
        "fish_probability": 0.02,
        "sst": 29.139993245154642,
        "chlorophyll": 3.4395623207092285,
        "current_u": 2.6732230253401212e-05,
        "current_v": 0.02277616411447525,
        "bathymetry": 7.92956018447876
      }
    },
    {
      "type": "Feature",
      "geometry": {
        "type": "Point",
        "coordinates": [
          79.89999999999995,
          8.799999999999986
        ]
      },
      "properties": {
        "fish_zone": 0,
        "fish_probability": 0.02666666666666667,
        "sst": 29.179993244260572,
        "chlorophyll": 2.918168306350708,
        "current_u": -0.0016092046862468123,
        "current_v": 0.018540315330028534,
        "bathymetry": 7.92956018447876
      }
    },
    {
      "type": "Feature",
      "geometry": {
        "type": "Point",
        "coordinates": [
          79.89999999999995,
          8.899999999999986
        ]
      },
      "properties": {
        "fish_zone": 0,
        "fish_probability": 0.023333333333333334,
        "sst": 29.109993245825194,
        "chlorophyll": 3.249786138534546,
        "current_u": -0.010123128071427345,
        "current_v": 0.019285663962364197,
        "bathymetry": 7.92956018447876
      }
    },
    {
      "type": "Feature",
      "geometry": {
        "type": "Point",
        "coordinates": [
          79.89999999999995,
          8.999999999999986
        ]
      },
      "properties": {
        "fish_zone": 0,
        "fish_probability": 0.03,
        "sst": 28.919993250072025,
        "chlorophyll": 2.6983590126037598,
        "current_u": -0.019487470388412476,
        "current_v": 0.014534075744450092,
        "bathymetry": 7.92956018447876
      }
    },
    {
      "type": "Feature",
      "geometry": {
        "type": "Point",
        "coordinates": [
          79.89999999999995,
          9.099999999999985
        ]
      },
      "properties": {
        "fish_zone": 0,
        "fish_probability": 0.02666666666666667,
        "sst": 28.949993249401473,
        "chlorophyll": 3.830994129180908,
        "current_u": -0.020985299721360207,
        "current_v": -0.0024444488808512688,
        "bathymetry": 7.92956018447876
      }
    },
    {
      "type": "Feature",
      "geometry": {
        "type": "Point",
        "coordinates": [
          79.89999999999995,
          9.299999999999985
        ]
      },
      "properties": {
        "fish_zone": 0,
        "fish_probability": 0.04666666666666667,
        "sst": 28.519993259012722,
        "chlorophyll": 0.71236252784729,
        "current_u": -0.006846878677606583,
        "current_v": -0.03770928084850311,
        "bathymetry": 7.92956018447876
      }
    },
    {
      "type": "Feature",
      "geometry": {
        "type": "Point",
        "coordinates": [
          79.89999999999995,
          9.399999999999984
        ]
      },
      "properties": {
        "fish_zone": 0,
        "fish_probability": 0.03333333333333333,
        "sst": 28.46999326013031,
        "chlorophyll": 0.6878021359443665,
        "current_u": -0.02174993045628071,
        "current_v": -0.035067930817604065,
        "bathymetry": 7.92956018447876
      }
    },
    {
      "type": "Feature",
      "geometry": {
        "type": "Point",
        "coordinates": [
          79.89999999999995,
          9.499999999999984
        ]
      },
      "properties": {
        "fish_zone": 0,
        "fish_probability": 0.07666666666666666,
        "sst": 28.649993256106995,
        "chlorophyll": 1.2736341953277588,
        "current_u": -0.034695230424404144,
        "current_v": -0.03421001136302948,
        "bathymetry": 7.92956018447876
      }
    },
    {
      "type": "Feature",
      "geometry": {
        "type": "Point",
        "coordinates": [
          79.89999999999995,
          9.599999999999984
        ]
      },
      "properties": {
        "fish_zone": 0,
        "fish_probability": 0.04666666666666667,
        "sst": 28.93999324962499,
        "chlorophyll": 4.087559223175049,
        "current_u": -0.00514418538659811,
        "current_v": -0.0235848817974329,
        "bathymetry": 7.92956018447876
      }
    },
    {
      "type": "Feature",
      "geometry": {
        "type": "Point",
        "coordinates": [
          79.89999999999995,
          9.699999999999983
        ]
      },
      "properties": {
        "fish_zone": 0,
        "fish_probability": 0.03,
        "sst": 28.97999324873092,
        "chlorophyll": 2.6515257358551025,
        "current_u": 0.010040676221251488,
        "current_v": -0.03210045397281647,
        "bathymetry": 7.92956018447876
      }
    },
    {
      "type": "Feature",
      "geometry": {
        "type": "Point",
        "coordinates": [
          79.89999999999995,
          9.799999999999983
        ]
      },
      "properties": {
        "fish_zone": 0,
        "fish_probability": 0.2733333333333333,
        "sst": 28.62999325655403,
        "chlorophyll": 1.2773679494857788,
        "current_u": -0.08032911270856857,
        "current_v": -0.05237213149666786,
        "bathymetry": 11.404999732971191
      }
    },
    {
      "type": "Feature",
      "geometry": {
        "type": "Point",
        "coordinates": [
          79.89999999999995,
          9.899999999999983
        ]
      },
      "properties": {
        "fish_zone": 1,
        "fish_probability": 0.5466666666666666,
        "sst": 28.459993260353826,
        "chlorophyll": 1.5050208568572998,
        "current_u": -0.08974245190620422,
        "current_v": -0.02850898914039135,
        "bathymetry": 7.92956018447876
      }
    },
    {
      "type": "Feature",
      "geometry": {
        "type": "Point",
        "coordinates": [
          79.99999999999994,
          5.0
        ]
      },
      "properties": {
        "fish_zone": 0,
        "fish_probability": 0.006666666666666667,
        "sst": 29.05999324694278,
        "chlorophyll": 0.06066130846738815,
        "current_u": -0.40996628999710083,
        "current_v": 0.3792571723461151,
        "bathymetry": 4405.22412109375
      }
    },
    {
      "type": "Feature",
      "geometry": {
        "type": "Point",
        "coordinates": [
          79.99999999999994,
          5.1
        ]
      },
      "properties": {
        "fish_zone": 0,
        "fish_probability": 0.006666666666666667,
        "sst": 28.909993250295543,
        "chlorophyll": 0.06541921198368073,
        "current_u": -0.37358346581459045,
        "current_v": 0.357904314994812,
        "bathymetry": 4405.22412109375
      }
    },
    {
      "type": "Feature",
      "geometry": {
        "type": "Point",
        "coordinates": [
          79.99999999999994,
          5.199999999999999
        ]
      },
      "properties": {
        "fish_zone": 0,
        "fish_probability": 0.006666666666666667,
        "sst": 28.839993251860164,
        "chlorophyll": 0.06902221590280533,
        "current_u": -0.3387672007083893,
        "current_v": 0.32799139618873596,
        "bathymetry": 4405.22412109375
      }
    },
    {
      "type": "Feature",
      "geometry": {
        "type": "Point",
        "coordinates": [
          79.99999999999994,
          5.299999999999999
        ]
      },
      "properties": {
        "fish_zone": 0,
        "fish_probability": 0.0,
        "sst": 28.649993256106995,
        "chlorophyll": 0.07495459914207458,
        "current_u": -0.2865748703479767,
        "current_v": 0.23099835216999054,
        "bathymetry": 4405.22412109375
      }
    },
    {
      "type": "Feature",
      "geometry": {
        "type": "Point",
        "coordinates": [
          79.99999999999994,
          5.399999999999999
        ]
      },
      "properties": {
        "fish_zone": 0,
        "fish_probability": 0.01,
        "sst": 28.5899932574481,
        "chlorophyll": 0.08222044259309769,
        "current_u": -0.2738688290119171,
        "current_v": 0.19049955904483795,
        "bathymetry": 4405.22412109375
      }
    },
    {
      "type": "Feature",
      "geometry": {
        "type": "Point",
        "coordinates": [
          79.99999999999994,
          5.499999999999998
        ]
      },
      "properties": {
        "fish_zone": 0,
        "fish_probability": 0.006666666666666667,
        "sst": 28.599993257224583,
        "chlorophyll": 0.08836055546998978,
        "current_u": -0.27119097113609314,
        "current_v": 0.16007623076438904,
        "bathymetry": 4405.22412109375
      }
    },
    {
      "type": "Feature",
      "geometry": {
        "type": "Point",
        "coordinates": [
          79.99999999999994,
          5.599999999999998
        ]
      },
      "properties": {
        "fish_zone": 0,
        "fish_probability": 0.043333333333333335,
        "sst": 28.609993257001065,
        "chlorophyll": 0.09575720876455307,
        "current_u": -0.3112761378288269,
        "current_v": 0.15716394782066345,
        "bathymetry": 4405.22412109375
      }
    },
    {
      "type": "Feature",
      "geometry": {
        "type": "Point",
        "coordinates": [
          79.99999999999994,
          5.6999999999999975
        ]
      },
      "properties": {
        "fish_zone": 0,
        "fish_probability": 0.03666666666666667,
        "sst": 28.579993257671617,
        "chlorophyll": 0.10860709846019745,
        "current_u": -0.38434073328971863,
        "current_v": 0.18596374988555908,
        "bathymetry": 3992.48388671875
      }
    },
    {
      "type": "Feature",
      "geometry": {
        "type": "Point",
        "coordinates": [
          79.99999999999994,
          5.799999999999997
        ]
      },
      "properties": {
        "fish_zone": 0,
        "fish_probability": 0.06666666666666667,
        "sst": 28.409993261471413,
        "chlorophyll": 0.12002324312925339,
        "current_u": -0.4850517511367798,
        "current_v": 0.2555880546569824,
        "bathymetry": 1684.2840576171875
      }
    },
    {
      "type": "Feature",
      "geometry": {
        "type": "Point",
        "coordinates": [
          79.99999999999994,
          5.899999999999997
        ]
      },
      "properties": {
        "fish_zone": 0,
        "fish_probability": 0.08666666666666667,
        "sst": 28.409993261471413,
        "chlorophyll": 0.12740834057331085,
        "current_u": -0.49062952399253845,
        "current_v": 0.2815203368663788,
        "bathymetry": 318.1274108886719
      }
    },
    {
      "type": "Feature",
      "geometry": {
        "type": "Point",
        "coordinates": [
          79.99999999999994,
          5.9999999999999964
        ]
      },
      "properties": {
        "fish_zone": 0,
        "fish_probability": 0.11,
        "sst": 28.42999326102438,
        "chlorophyll": 0.13953964412212372,
        "current_u": -0.38993528485298157,
        "current_v": 0.2772434651851654,
        "bathymetry": 77.85385131835938
      }
    },
    {
      "type": "Feature",
      "geometry": {
        "type": "Point",
        "coordinates": [
          79.99999999999994,
          6.099999999999996
        ]
      },
      "properties": {
        "fish_zone": 0,
        "fish_probability": 0.07,
        "sst": 28.5899932574481,
        "chlorophyll": 0.14609424769878387,
        "current_u": -0.22338508069515228,
        "current_v": 0.15616831183433533,
        "bathymetry": 77.85385131835938
      }
    },
    {
      "type": "Feature",
      "geometry": {
        "type": "Point",
        "coordinates": [
          79.99999999999994,
          6.199999999999996
        ]
      },
      "properties": {
        "fish_zone": 0,
        "fish_probability": 0.06,
        "sst": 28.649993256106995,
        "chlorophyll": 0.17649395763874054,
        "current_u": -0.09736263006925583,
        "current_v": 0.03343994915485382,
        "bathymetry": 65.80726623535156
      }
    },
    {
      "type": "Feature",
      "geometry": {
        "type": "Point",
        "coordinates": [
          79.99999999999994,
          6.299999999999995
        ]
      },
      "properties": {
        "fish_zone": 0,
        "fish_probability": 0.17666666666666667,
        "sst": 28.529993258789204,
        "chlorophyll": 0.4254221022129059,
        "current_u": -0.06644979864358902,
        "current_v": 0.06428506225347519,
        "bathymetry": 15.810070037841797
      }
    },
    {
      "type": "Feature",
      "geometry": {
        "type": "Point",
        "coordinates": [
          79.99999999999994,
          9.299999999999985
        ]
      },
      "properties": {
        "fish_zone": 0,
        "fish_probability": 0.05333333333333334,
        "sst": 28.869993251189612,
        "chlorophyll": 2.0677688121795654,
        "current_u": -0.006083584390580654,
        "current_v": -0.016216417774558067,
        "bathymetry": 7.92956018447876
      }
    },
    {
      "type": "Feature",
      "geometry": {
        "type": "Point",
        "coordinates": [
          79.99999999999994,
          9.399999999999984
        ]
      },
      "properties": {
        "fish_zone": 0,
        "fish_probability": 0.03333333333333333,
        "sst": 28.78999325297775,
        "chlorophyll": 1.258771300315857,
        "current_u": -0.020623281598091125,
        "current_v": -0.02116599678993225,
        "bathymetry": 7.92956018447876
      }
    },
    {
      "type": "Feature",
      "geometry": {
        "type": "Point",
        "coordinates": [
          79.99999999999994,
          9.499999999999984
        ]
      },
      "properties": {
        "fish_zone": 0,
        "fish_probability": 0.056666666666666664,
        "sst": 28.85999325141313,
        "chlorophyll": 1.4018652439117432,
        "current_u": -0.029116444289684296,
        "current_v": -0.02735421061515808,
        "bathymetry": 7.92956018447876
      }
    },
    {
      "type": "Feature",
      "geometry": {
        "type": "Point",
        "coordinates": [
          79.99999999999994,
          9.599999999999984
        ]
      },
      "properties": {
        "fish_zone": 0,
        "fish_probability": 0.05,
        "sst": 28.969993248954438,
        "chlorophyll": 3.0000524520874023,
        "current_u": -0.006192400120198727,
        "current_v": -0.022112058475613594,
        "bathymetry": 7.92956018447876
      }
    },
    {
      "type": "Feature",
      "geometry": {
        "type": "Point",
        "coordinates": [
          79.99999999999994,
          9.899999999999983
        ]
      },
      "properties": {
        "fish_zone": 0,
        "fish_probability": 0.39666666666666667,
        "sst": 28.459993260353826,
        "chlorophyll": 1.3929698467254639,
        "current_u": -0.08731524646282196,
        "current_v": -0.028810391202569008,
        "bathymetry": 9.572997093200684
      }
    },
    {
      "type": "Feature",
      "geometry": {
        "type": "Point",
        "coordinates": [
          80.09999999999994,
          5.0
        ]
      },
      "properties": {
        "fish_zone": 0,
        "fish_probability": 0.016666666666666666,
        "sst": 29.09999324604871,
        "chlorophyll": 0.06190991401672363,
        "current_u": -0.3753795027732849,
        "current_v": 0.3551836311817169,
        "bathymetry": 4405.22412109375
      }
    },
    {
      "type": "Feature",
      "geometry": {
        "type": "Point",
        "coordinates": [
          80.09999999999994,
          5.1
        ]
      },
      "properties": {
        "fish_zone": 0,
        "fish_probability": 0.016666666666666666,
        "sst": 28.989993248507403,
        "chlorophyll": 0.06496483832597733,
        "current_u": -0.34374478459358215,
        "current_v": 0.33287230134010315,
        "bathymetry": 4405.22412109375
      }
    },
    {
      "type": "Feature",
      "geometry": {
        "type": "Point",
        "coordinates": [
          80.09999999999994,
          5.199999999999999
        ]
      },
      "properties": {
        "fish_zone": 0,
        "fish_probability": 0.01,
        "sst": 28.89999325051906,
        "chlorophyll": 0.06463536620140076,
        "current_u": -0.316034734249115,
        "current_v": 0.29772669076919556,
        "bathymetry": 4405.22412109375
      }
    },
    {
      "type": "Feature",
      "geometry": {
        "type": "Point",
        "coordinates": [
          80.09999999999994,
          5.299999999999999
        ]
      },
      "properties": {
        "fish_zone": 0,
        "fish_probability": 0.006666666666666667,
        "sst": 28.719993254542374,
        "chlorophyll": 0.0724053904414177,
        "current_u": -0.2820896804332733,
        "current_v": 0.19999229907989502,
        "bathymetry": 4405.22412109375
      }
    },
    {
      "type": "Feature",
      "geometry": {
        "type": "Point",
        "coordinates": [
          80.09999999999994,
          5.399999999999999
        ]
      },
      "properties": {
        "fish_zone": 0,
        "fish_probability": 0.006666666666666667,
        "sst": 28.659993255883478,
        "chlorophyll": 0.07861234992742538,
        "current_u": -0.2694563865661621,
        "current_v": 0.16349928081035614,
        "bathymetry": 4405.22412109375
      }
    },
    {
      "type": "Feature",
      "geometry": {
        "type": "Point",
        "coordinates": [
          80.09999999999994,
          5.499999999999998
        ]
      },
      "properties": {
        "fish_zone": 0,
        "fish_probability": 0.01,
        "sst": 28.529993258789204,
        "chlorophyll": 0.08692407608032227,
        "current_u": -0.2760024666786194,
        "current_v": 0.13214197754859924,
        "bathymetry": 4405.22412109375
      }
    },
    {
      "type": "Feature",
      "geometry": {
        "type": "Point",
        "coordinates": [
          80.09999999999994,
          5.599999999999998
        ]
      },
      "properties": {
        "fish_zone": 0,
        "fish_probability": 0.03333333333333333,
        "sst": 28.46999326013031,
        "chlorophyll": 0.09578841924667358,
        "current_u": -0.33079013228416443,
        "current_v": 0.13744182884693146,
        "bathymetry": 4405.22412109375
      }
    },
    {
      "type": "Feature",
      "geometry": {
        "type": "Point",
        "coordinates": [
          80.09999999999994,
          5.6999999999999975
        ]
      },
      "properties": {
        "fish_zone": 0,
        "fish_probability": 0.013333333333333334,
        "sst": 28.42999326102438,
        "chlorophyll": 0.10997350513935089,
        "current_u": -0.41176915168762207,
        "current_v": 0.17535243928432465,
        "bathymetry": 3597.031982421875
      }
    },
    {
      "type": "Feature",
      "geometry": {
        "type": "Point",
        "coordinates": [
          80.09999999999994,
          5.799999999999997
        ]
      },
      "properties": {
        "fish_zone": 0,
        "fish_probability": 0.06333333333333334,
        "sst": 28.179993266612314,
        "chlorophyll": 0.13204973936080933,
        "current_u": -0.5190044641494751,
        "current_v": 0.24655191600322723,
        "bathymetry": 1684.2840576171875
      }
    },
    {
      "type": "Feature",
      "geometry": {
        "type": "Point",
        "coordinates": [
          80.09999999999994,
          5.899999999999997
        ]
      },
      "properties": {
        "fish_zone": 0,
        "fish_probability": 0.12,
        "sst": 28.11999326795342,
        "chlorophyll": 0.14193320274353027,
        "current_u": -0.5269909501075745,
        "current_v": 0.26922208070755005,
        "bathymetry": 77.85385131835938
      }
    },
    {
      "type": "Feature",
      "geometry": {
        "type": "Point",
        "coordinates": [
          80.09999999999994,
          5.9999999999999964
        ]
      },
      "properties": {
        "fish_zone": 0,
        "fish_probability": 0.11666666666666667,
        "sst": 28.19999326616528,
        "chlorophyll": 0.17694644629955292,
        "current_u": -0.3812737464904785,
        "current_v": 0.21284982562065125,
        "bathymetry": 77.85385131835938
      }
    },
    {
      "type": "Feature",
      "geometry": {
        "type": "Point",
        "coordinates": [
          80.09999999999994,
          9.499999999999984
        ]
      },
      "properties": {
        "fish_zone": 0,
        "fish_probability": 0.06333333333333334,
        "sst": 29.0499932471663,
        "chlorophyll": 3.8388068675994873,
        "current_u": -0.02027856931090355,
        "current_v": 0.009630365297198296,
        "bathymetry": 7.92956018447876
      }
    },
    {
      "type": "Feature",
      "geometry": {
        "type": "Point",
        "coordinates": [
          80.09999999999994,
          9.899999999999983
        ]
      },
      "properties": {
        "fish_zone": 0,
        "fish_probability": 0.15666666666666668,
        "sst": 28.42999326102438,
        "chlorophyll": 1.1434894800186157,
        "current_u": -0.08092750608921051,
        "current_v": -0.012267371639609337,
        "bathymetry": 9.572997093200684
      }
    },
    {
      "type": "Feature",
      "geometry": {
        "type": "Point",
        "coordinates": [
          80.19999999999993,
          5.0
        ]
      },
      "properties": {
        "fish_zone": 0,
        "fish_probability": 0.016666666666666666,
        "sst": 29.12999324537816,
        "chlorophyll": 0.061931245028972626,
        "current_u": -0.3456636071205139,
        "current_v": 0.33501240611076355,
        "bathymetry": 4405.22412109375
      }
    },
    {
      "type": "Feature",
      "geometry": {
        "type": "Point",
        "coordinates": [
          80.19999999999993,
          5.1
        ]
      },
      "properties": {
        "fish_zone": 0,
        "fish_probability": 0.01,
        "sst": 29.01999324783685,
        "chlorophyll": 0.06276951730251312,
        "current_u": -0.3183436691761017,
        "current_v": 0.3109797239303589,
        "bathymetry": 4405.22412109375
      }
    },
    {
      "type": "Feature",
      "geometry": {
        "type": "Point",
        "coordinates": [
          80.19999999999993,
          5.199999999999999
        ]
      },
      "properties": {
        "fish_zone": 0,
        "fish_probability": 0.01,
        "sst": 28.919993250072025,
        "chlorophyll": 0.06236111745238304,
        "current_u": -0.2961057126522064,
        "current_v": 0.2664696276187897,
        "bathymetry": 4405.22412109375
      }
    },
    {
      "type": "Feature",
      "geometry": {
        "type": "Point",
        "coordinates": [
          80.19999999999993,
          5.299999999999999
        ]
      },
      "properties": {
        "fish_zone": 0,
        "fish_probability": 0.006666666666666667,
        "sst": 28.73999325409534,
        "chlorophyll": 0.07189576327800751,
        "current_u": -0.27056804299354553,
        "current_v": 0.17186427116394043,
        "bathymetry": 4405.22412109375
      }
    },
    {
      "type": "Feature",
      "geometry": {
        "type": "Point",
        "coordinates": [
          80.19999999999993,
          5.399999999999999
        ]
      },
      "properties": {
        "fish_zone": 0,
        "fish_probability": 0.006666666666666667,
        "sst": 28.659993255883478,
        "chlorophyll": 0.0765192061662674,
        "current_u": -0.26061058044433594,
        "current_v": 0.13727805018424988,
        "bathymetry": 4405.22412109375
      }
    },
    {
      "type": "Feature",
      "geometry": {
        "type": "Point",
        "coordinates": [
          80.19999999999993,
          5.499999999999998
        ]
      },
      "properties": {
        "fish_zone": 0,
        "fish_probability": 0.01,
        "sst": 28.499993259459757,
        "chlorophyll": 0.08819009363651276,
        "current_u": -0.2819601893424988,
        "current_v": 0.10734008997678757,
        "bathymetry": 4405.22412109375
      }
    },
    {
      "type": "Feature",
      "geometry": {
        "type": "Point",
        "coordinates": [
          80.19999999999993,
          5.599999999999998
        ]
      },
      "properties": {
        "fish_zone": 0,
        "fish_probability": 0.016666666666666666,
        "sst": 28.419993261247896,
        "chlorophyll": 0.10048680752515793,
        "current_u": -0.3484504818916321,
        "current_v": 0.12183206528425217,
        "bathymetry": 3992.48388671875
      }
    },
    {
      "type": "Feature",
      "geometry": {
        "type": "Point",
        "coordinates": [
          80.19999999999993,
          5.6999999999999975
        ]
      },
      "properties": {
        "fish_zone": 0,
        "fish_probability": 0.013333333333333334,
        "sst": 28.379993262141966,
        "chlorophyll": 0.1146140918135643,
        "current_u": -0.4274018704891205,
        "current_v": 0.16600511968135834,
        "bathymetry": 3597.031982421875
      }
    },
    {
      "type": "Feature",
      "geometry": {
        "type": "Point",
        "coordinates": [
          80.19999999999993,
          5.799999999999997
        ]
      },
      "properties": {
        "fish_zone": 0,
        "fish_probability": 0.09666666666666666,
        "sst": 28.08999326862397,
        "chlorophyll": 0.14207276701927185,
        "current_u": -0.5392250418663025,
        "current_v": 0.222133070230484,
        "bathymetry": 222.47520446777344
      }
    },
    {
      "type": "Feature",
      "geometry": {
        "type": "Point",
        "coordinates": [
          80.19999999999993,
          5.899999999999997
        ]
      },
      "properties": {
        "fish_zone": 0,
        "fish_probability": 0.11666666666666667,
        "sst": 27.999993270635628,
        "chlorophyll": 0.15441639721393585,
        "current_u": -0.5226215720176697,
        "current_v": 0.23861557245254517,
        "bathymetry": 65.80726623535156
      }
    },
    {
      "type": "Feature",
      "geometry": {
        "type": "Point",
        "coordinates": [
          80.19999999999993,
          5.9999999999999964
        ]
      },
      "properties": {
        "fish_zone": 0,
        "fish_probability": 0.09666666666666666,
        "sst": 28.07999326884749,
        "chlorophyll": 0.18106643855571747,
        "current_u": -0.30381864309310913,
        "current_v": 0.19936755299568176,
        "bathymetry": 65.80726623535156
      }
    },
    {
      "type": "Feature",
      "geometry": {
        "type": "Point",
        "coordinates": [
          80.19999999999993,
          9.899999999999983
        ]
      },
      "properties": {
        "fish_zone": 0,
        "fish_probability": 0.12666666666666668,
        "sst": 28.409993261471413,
        "chlorophyll": 0.8847432732582092,
        "current_u": -0.07678549736738205,
        "current_v": 0.0007167642470449209,
        "bathymetry": 9.572997093200684
      }
    },
    {
      "type": "Feature",
      "geometry": {
        "type": "Point",
        "coordinates": [
          80.29999999999993,
          5.0
        ]
      },
      "properties": {
        "fish_zone": 0,
        "fish_probability": 0.0,
        "sst": 29.12999324537816,
        "chlorophyll": 0.060648154467344284,
        "current_u": -0.2762831747531891,
        "current_v": 0.29973843693733215,
        "bathymetry": 4405.22412109375
      }
    },
    {
      "type": "Feature",
      "geometry": {
        "type": "Point",
        "coordinates": [
          80.29999999999993,
          5.1
        ]
      },
      "properties": {
        "fish_zone": 0,
        "fish_probability": 0.0,
        "sst": 29.05999324694278,
        "chlorophyll": 0.06224038451910019,
        "current_u": -0.2644122242927551,
        "current_v": 0.26966458559036255,
        "bathymetry": 4405.22412109375
      }
    },
    {
      "type": "Feature",
      "geometry": {
        "type": "Point",
        "coordinates": [
          80.29999999999993,
          5.199999999999999
        ]
      },
      "properties": {
        "fish_zone": 0,
        "fish_probability": 0.0,
        "sst": 28.969993248954438,
        "chlorophyll": 0.06562148034572601,
        "current_u": -0.25303035974502563,
        "current_v": 0.2165207862854004,
        "bathymetry": 4405.22412109375
      }
    },
    {
      "type": "Feature",
      "geometry": {
        "type": "Point",
        "coordinates": [
          80.29999999999993,
          5.299999999999999
        ]
      },
      "properties": {
        "fish_zone": 0,
        "fish_probability": 0.0,
        "sst": 28.689993255212926,
        "chlorophyll": 0.07129057496786118,
        "current_u": -0.23397408425807953,
        "current_v": 0.11888452619314194,
        "bathymetry": 4405.22412109375
      }
    },
    {
      "type": "Feature",
      "geometry": {
        "type": "Point",
        "coordinates": [
          80.29999999999993,
          5.399999999999999
        ]
      },
      "properties": {
        "fish_zone": 0,
        "fish_probability": 0.006666666666666667,
        "sst": 28.579993257671617,
        "chlorophyll": 0.07644778490066528,
        "current_u": -0.23300613462924957,
        "current_v": 0.08307908475399017,
        "bathymetry": 4405.22412109375
      }
    },
    {
      "type": "Feature",
      "geometry": {
        "type": "Point",
        "coordinates": [
          80.29999999999993,
          5.499999999999998
        ]
      },
      "properties": {
        "fish_zone": 0,
        "fish_probability": 0.006666666666666667,
        "sst": 28.419993261247896,
        "chlorophyll": 0.0873214602470398,
        "current_u": -0.29174646735191345,
        "current_v": 0.0709577202796936,
        "bathymetry": 4405.22412109375
      }
    },
    {
      "type": "Feature",
      "geometry": {
        "type": "Point",
        "coordinates": [
          80.29999999999993,
          5.599999999999998
        ]
      },
      "properties": {
        "fish_zone": 0,
        "fish_probability": 0.0,
        "sst": 28.359993262589,
        "chlorophyll": 0.10977741330862045,
        "current_u": -0.3750947415828705,
        "current_v": 0.10284669697284698,
        "bathymetry": 3992.48388671875
      }
    },
    {
      "type": "Feature",
      "geometry": {
        "type": "Point",
        "coordinates": [
          80.29999999999993,
          5.6999999999999975
        ]
      },
      "properties": {
        "fish_zone": 0,
        "fish_probability": 0.0,
        "sst": 28.309993263706588,
        "chlorophyll": 0.12225223332643509,
        "current_u": -0.45129063725471497,
        "current_v": 0.13696415722370148,
        "bathymetry": 3597.031982421875
      }
    },
    {
      "type": "Feature",
      "geometry": {
        "type": "Point",
        "coordinates": [
          80.29999999999993,
          5.799999999999997
        ]
      },
      "properties": {
        "fish_zone": 0,
        "fish_probability": 0.07,
        "sst": 27.959993271529697,
        "chlorophyll": 0.15396521985530853,
        "current_u": -0.5395594835281372,
        "current_v": 0.16864687204360962,
        "bathymetry": 1452.2509765625
      }
    },
    {
      "type": "Feature",
      "geometry": {
        "type": "Point",
        "coordinates": [
          80.29999999999993,
          5.899999999999997
        ]
      },
      "properties": {
        "fish_zone": 0,
        "fish_probability": 0.11666666666666667,
        "sst": 27.8999932728708,
        "chlorophyll": 0.19323699176311493,
        "current_u": -0.4235994815826416,
        "current_v": 0.18639643490314484,
        "bathymetry": 65.80726623535156
      }
    },
    {
      "type": "Feature",
      "geometry": {
        "type": "Point",
        "coordinates": [
          80.29999999999993,
          9.799999999999983
        ]
      },
      "properties": {
        "fish_zone": 0,
        "fish_probability": 0.10666666666666667,
        "sst": 28.179993266612314,
        "chlorophyll": 1.0586732625961304,
        "current_u": -0.05158648267388344,
        "current_v": 0.012632562778890133,
        "bathymetry": 9.572997093200684
      }
    },
    {
      "type": "Feature",
      "geometry": {
        "type": "Point",
        "coordinates": [
          80.29999999999993,
          9.899999999999983
        ]
      },
      "properties": {
        "fish_zone": 0,
        "fish_probability": 0.06333333333333334,
        "sst": 28.109993268176936,
        "chlorophyll": 0.9671270847320557,
        "current_u": -0.06550262123346329,
        "current_v": 0.009226508438587189,
        "bathymetry": 9.572997093200684
      }
    },
    {
      "type": "Feature",
      "geometry": {
        "type": "Point",
        "coordinates": [
          80.39999999999992,
          5.0
        ]
      },
      "properties": {
        "fish_zone": 0,
        "fish_probability": 0.0,
        "sst": 29.05999324694278,
        "chlorophyll": 0.0586855374276638,
        "current_u": -0.2558106482028961,
        "current_v": 0.2868932783603668,
        "bathymetry": 4405.22412109375
      }
    },
    {
      "type": "Feature",
      "geometry": {
        "type": "Point",
        "coordinates": [
          80.39999999999992,
          5.1
        ]
      },
      "properties": {
        "fish_zone": 0,
        "fish_probability": 0.0,
        "sst": 29.0499932471663,
        "chlorophyll": 0.06124405935406685,
        "current_u": -0.25020259618759155,
        "current_v": 0.24810560047626495,
        "bathymetry": 4405.22412109375
      }
    },
    {
      "type": "Feature",
      "geometry": {
        "type": "Point",
        "coordinates": [
          80.39999999999992,
          5.199999999999999
        ]
      },
      "properties": {
        "fish_zone": 0,
        "fish_probability": 0.0,
        "sst": 28.999993248283886,
        "chlorophyll": 0.06444727629423141,
        "current_u": -0.23813554644584656,
        "current_v": 0.189650297164917,
        "bathymetry": 4405.22412109375
      }
    },
    {
      "type": "Feature",
      "geometry": {
        "type": "Point",
        "coordinates": [
          80.39999999999992,
          5.299999999999999
        ]
      },
      "properties": {
        "fish_zone": 0,
        "fish_probability": 0.0033333333333333335,
        "sst": 28.77999325320127,
        "chlorophyll": 0.0710887759923935,
        "current_u": -0.21453982591629028,
        "current_v": 0.0915260910987854,
        "bathymetry": 4405.22412109375
      }
    },
    {
      "type": "Feature",
      "geometry": {
        "type": "Point",
        "coordinates": [
          80.39999999999992,
          5.399999999999999
        ]
      },
      "properties": {
        "fish_zone": 0,
        "fish_probability": 0.006666666666666667,
        "sst": 28.619993256777548,
        "chlorophyll": 0.07795899361371994,
        "current_u": -0.22307667136192322,
        "current_v": 0.06101468205451965,
        "bathymetry": 4405.22412109375
      }
    },
    {
      "type": "Feature",
      "geometry": {
        "type": "Point",
        "coordinates": [
          80.39999999999992,
          5.499999999999998
        ]
      },
      "properties": {
        "fish_zone": 0,
        "fish_probability": 0.0033333333333333335,
        "sst": 28.38999326191845,
        "chlorophyll": 0.09383019059896469,
        "current_u": -0.2964850068092346,
        "current_v": 0.05800306797027588,
        "bathymetry": 3992.48388671875
      }
    },
    {
      "type": "Feature",
      "geometry": {
        "type": "Point",
        "coordinates": [
          80.39999999999992,
          5.599999999999998
        ]
      },
      "properties": {
        "fish_zone": 0,
        "fish_probability": 0.0033333333333333335,
        "sst": 28.249993265047692,
        "chlorophyll": 0.10869412124156952,
        "current_u": -0.379010945558548,
        "current_v": 0.08888114243745804,
        "bathymetry": 3992.48388671875
      }
    },
    {
      "type": "Feature",
      "geometry": {
        "type": "Point",
        "coordinates": [
          80.39999999999992,
          5.6999999999999975
        ]
      },
      "properties": {
        "fish_zone": 0,
        "fish_probability": 0.006666666666666667,
        "sst": 28.189993266388797,
        "chlorophyll": 0.13095147907733917,
        "current_u": -0.45322829484939575,
        "current_v": 0.11100878566503525,
        "bathymetry": 3597.031982421875
      }
    },
    {
      "type": "Feature",
      "geometry": {
        "type": "Point",
        "coordinates": [
          80.39999999999992,
          5.799999999999997
        ]
      },
      "properties": {
        "fish_zone": 0,
        "fish_probability": 0.06,
        "sst": 27.989993270859145,
        "chlorophyll": 0.16656871140003204,
        "current_u": -0.5336619019508362,
        "current_v": 0.129794180393219,
        "bathymetry": 1684.2840576171875
      }
    },
    {
      "type": "Feature",
      "geometry": {
        "type": "Point",
        "coordinates": [
          80.39999999999992,
          5.899999999999997
        ]
      },
      "properties": {
        "fish_zone": 1,
        "fish_probability": 0.9833333333333333,
        "sst": 27.979993271082662,
        "chlorophyll": 0.21382910013198853,
        "current_u": -0.3650113642215729,
        "current_v": 0.16535823047161102,
        "bathymetry": 55.76428985595703
      }
    },
    {
      "type": "Feature",
      "geometry": {
        "type": "Point",
        "coordinates": [
          80.39999999999992,
          9.699999999999983
        ]
      },
      "properties": {
        "fish_zone": 0,
        "fish_probability": 0.02,
        "sst": 28.1299932677299,
        "chlorophyll": 0.6062321662902832,
        "current_u": -0.030243471264839172,
        "current_v": 0.009545231238007545,
        "bathymetry": 9.572997093200684
      }
    },
    {
      "type": "Feature",
      "geometry": {
        "type": "Point",
        "coordinates": [
          80.39999999999992,
          9.799999999999983
        ]
      },
      "properties": {
        "fish_zone": 0,
        "fish_probability": 0.043333333333333335,
        "sst": 27.96999327130618,
        "chlorophyll": 0.7516299486160278,
        "current_u": -0.052237965166568756,
        "current_v": 0.004902302287518978,
        "bathymetry": 11.404999732971191
      }
    },
    {
      "type": "Feature",
      "geometry": {
        "type": "Point",
        "coordinates": [
          80.39999999999992,
          9.899999999999983
        ]
      },
      "properties": {
        "fish_zone": 0,
        "fish_probability": 0.03333333333333333,
        "sst": 27.92999327220025,
        "chlorophyll": 0.4495336711406708,
        "current_u": -0.06868425011634827,
        "current_v": 0.0034903159830719233,
        "bathymetry": 21.598819732666016
      }
    },
    {
      "type": "Feature",
      "geometry": {
        "type": "Point",
        "coordinates": [
          80.49999999999991,
          5.0
        ]
      },
      "properties": {
        "fish_zone": 0,
        "fish_probability": 0.0,
        "sst": 29.0499932471663,
        "chlorophyll": 0.05639783293008804,
        "current_u": -0.251554936170578,
        "current_v": 0.2728646397590637,
        "bathymetry": 4405.22412109375
      }
    },
    {
      "type": "Feature",
      "geometry": {
        "type": "Point",
        "coordinates": [
          80.49999999999991,
          5.1
        ]
      },
      "properties": {
        "fish_zone": 0,
        "fish_probability": 0.0,
        "sst": 29.039993247389816,
        "chlorophyll": 0.06050525978207588,
        "current_u": -0.24833400547504425,
        "current_v": 0.2219444066286087,
        "bathymetry": 4405.22412109375
      }
    },
    {
      "type": "Feature",
      "geometry": {
        "type": "Point",
        "coordinates": [
          80.49999999999991,
          5.199999999999999
        ]
      },
      "properties": {
        "fish_zone": 0,
        "fish_probability": 0.0,
        "sst": 29.01999324783685,
        "chlorophyll": 0.06389754265546799,
        "current_u": -0.22826601564884186,
        "current_v": 0.15865778923034668,
        "bathymetry": 4405.22412109375
      }
    },
    {
      "type": "Feature",
      "geometry": {
        "type": "Point",
        "coordinates": [
          80.49999999999991,
          5.299999999999999
        ]
      },
      "properties": {
        "fish_zone": 0,
        "fish_probability": 0.0033333333333333335,
        "sst": 28.85999325141313,
        "chlorophyll": 0.07118410617113113,
        "current_u": -0.19390003383159637,
        "current_v": 0.07031506299972534,
        "bathymetry": 4405.22412109375
      }
    },
    {
      "type": "Feature",
      "geometry": {
        "type": "Point",
        "coordinates": [
          80.49999999999991,
          5.399999999999999
        ]
      },
      "properties": {
        "fish_zone": 0,
        "fish_probability": 0.0033333333333333335,
        "sst": 28.62999325655403,
        "chlorophyll": 0.07795875519514084,
        "current_u": -0.2184874713420868,
        "current_v": 0.045785579830408096,
        "bathymetry": 4405.22412109375
      }
    },
    {
      "type": "Feature",
      "geometry": {
        "type": "Point",
        "coordinates": [
          80.49999999999991,
          5.499999999999998
        ]
      },
      "properties": {
        "fish_zone": 0,
        "fish_probability": 0.0033333333333333335,
        "sst": 28.31999326348307,
        "chlorophyll": 0.09368609637022018,
        "current_u": -0.29972001910209656,
        "current_v": 0.048198945820331573,
        "bathymetry": 3992.48388671875
      }
    },
    {
      "type": "Feature",
      "geometry": {
        "type": "Point",
        "coordinates": [
          80.49999999999991,
          5.599999999999998
        ]
      },
      "properties": {
        "fish_zone": 0,
        "fish_probability": 0.0033333333333333335,
        "sst": 28.16999326683583,
        "chlorophyll": 0.10329539328813553,
        "current_u": -0.3760063350200653,
        "current_v": 0.07163778692483902,
        "bathymetry": 3597.031982421875
      }
    },
    {
      "type": "Feature",
      "geometry": {
        "type": "Point",
        "coordinates": [
          80.49999999999991,
          5.6999999999999975
        ]
      },
      "properties": {
        "fish_zone": 0,
        "fish_probability": 0.006666666666666667,
        "sst": 28.11999326795342,
        "chlorophyll": 0.13063602149486542,
        "current_u": -0.4442521035671234,
        "current_v": 0.07890771329402924,
        "bathymetry": 3220.820068359375
      }
    },
    {
      "type": "Feature",
      "geometry": {
        "type": "Point",
        "coordinates": [
          80.49999999999991,
          5.799999999999997
        ]
      },
      "properties": {
        "fish_zone": 0,
        "fish_probability": 0.043333333333333335,
        "sst": 28.059993269294523,
        "chlorophyll": 0.16604545712471008,
        "current_u": -0.5213835835456848,
        "current_v": 0.08245787769556046,
        "bathymetry": 1941.8929443359375
      }
    },
    {
      "type": "Feature",
      "geometry": {
        "type": "Point",
        "coordinates": [
          80.49999999999991,
          5.899999999999997
        ]
      },
      "properties": {
        "fish_zone": 1,
        "fish_probability": 0.9866666666666667,
        "sst": 28.039993269741558,
        "chlorophyll": 0.34452274441719055,
        "current_u": -0.3456591069698334,
        "current_v": 0.1026095449924469,
        "bathymetry": 47.37369155883789
      }
    },
    {
      "type": "Feature",
      "geometry": {
        "type": "Point",
        "coordinates": [
          80.49999999999991,
          9.599999999999984
        ]
      },
      "properties": {
        "fish_zone": 0,
        "fish_probability": 0.02666666666666667,
        "sst": 28.029993269965075,
        "chlorophyll": 0.4872187077999115,
        "current_u": -0.021101640537381172,
        "current_v": 0.0006461350130848587,
        "bathymetry": 13.467140197753906
      }
    },
    {
      "type": "Feature",
      "geometry": {
        "type": "Point",
        "coordinates": [
          80.49999999999991,
          9.699999999999983
        ]
      },
      "properties": {
        "fish_zone": 0,
        "fish_probability": 0.03333333333333333,
        "sst": 27.979993271082662,
        "chlorophyll": 0.7388926148414612,
        "current_u": -0.03467946872115135,
        "current_v": 0.006778423208743334,
        "bathymetry": 9.572997093200684
      }
    },
    {
      "type": "Feature",
      "geometry": {
        "type": "Point",
        "coordinates": [
          80.49999999999991,
          9.799999999999983
        ]
      },
      "properties": {
        "fish_zone": 0,
        "fish_probability": 0.02666666666666667,
        "sst": 27.92999327220025,
        "chlorophyll": 0.3444914221763611,
        "current_u": -0.05580272525548935,
        "current_v": 0.0039851367473602295,
        "bathymetry": 21.598819732666016
      }
    },
    {
      "type": "Feature",
      "geometry": {
        "type": "Point",
        "coordinates": [
          80.49999999999991,
          9.899999999999983
        ]
      },
      "properties": {
        "fish_zone": 0,
        "fish_probability": 0.20333333333333334,
        "sst": 27.909993272647284,
        "chlorophyll": 0.2572304308414459,
        "current_u": -0.0854078158736229,
        "current_v": 0.013635030016303062,
        "bathymetry": 47.37369155883789
      }
    },
    {
      "type": "Feature",
      "geometry": {
        "type": "Point",
        "coordinates": [
          80.59999999999991,
          5.0
        ]
      },
      "properties": {
        "fish_zone": 0,
        "fish_probability": 0.0,
        "sst": 29.079993246495746,
        "chlorophyll": 0.05637232959270477,
        "current_u": -0.2505536377429962,
        "current_v": 0.25031229853630066,
        "bathymetry": 4405.22412109375
      }
    },
    {
      "type": "Feature",
      "geometry": {
        "type": "Point",
        "coordinates": [
          80.59999999999991,
          5.1
        ]
      },
      "properties": {
        "fish_zone": 0,
        "fish_probability": 0.0,
        "sst": 29.029993247613334,
        "chlorophyll": 0.05803355202078819,
        "current_u": -0.24263465404510498,
        "current_v": 0.19196051359176636,
        "bathymetry": 4405.22412109375
      }
    },
    {
      "type": "Feature",
      "geometry": {
        "type": "Point",
        "coordinates": [
          80.59999999999991,
          5.199999999999999
        ]
      },
      "properties": {
        "fish_zone": 0,
        "fish_probability": 0.0,
        "sst": 28.989993248507403,
        "chlorophyll": 0.06295015662908554,
        "current_u": -0.21121925115585327,
        "current_v": 0.13369601964950562,
        "bathymetry": 4405.22412109375
      }
    },
    {
      "type": "Feature",
      "geometry": {
        "type": "Point",
        "coordinates": [
          80.59999999999991,
          5.299999999999999
        ]
      },
      "properties": {
        "fish_zone": 0,
        "fish_probability": 0.0,
        "sst": 28.809993252530717,
        "chlorophyll": 0.0704239085316658,
        "current_u": -0.17353111505508423,
        "current_v": 0.05647147819399834,
        "bathymetry": 4405.22412109375
      }
    },
    {
      "type": "Feature",
      "geometry": {
        "type": "Point",
        "coordinates": [
          80.59999999999991,
          5.399999999999999
        ]
      },
      "properties": {
        "fish_zone": 0,
        "fish_probability": 0.0033333333333333335,
        "sst": 28.569993257895135,
        "chlorophyll": 0.07748905569314957,
        "current_u": -0.21645031869411469,
        "current_v": 0.03334501013159752,
        "bathymetry": 4405.22412109375
      }
    },
    {
      "type": "Feature",
      "geometry": {
        "type": "Point",
        "coordinates": [
          80.59999999999991,
          5.499999999999998
        ]
      },
      "properties": {
        "fish_zone": 0,
        "fish_probability": 0.0033333333333333335,
        "sst": 28.329993263259553,
        "chlorophyll": 0.0822143480181694,
        "current_u": -0.2998317778110504,
        "current_v": 0.03761335462331772,
        "bathymetry": 3992.48388671875
      }
    },
    {
      "type": "Feature",
      "geometry": {
        "type": "Point",
        "coordinates": [
          80.59999999999991,
          5.599999999999998
        ]
      },
      "properties": {
        "fish_zone": 0,
        "fish_probability": 0.0033333333333333335,
        "sst": 28.19999326616528,
        "chlorophyll": 0.09957033395767212,
        "current_u": -0.368556410074234,
        "current_v": 0.05480283498764038,
        "bathymetry": 3597.031982421875
      }
    },
    {
      "type": "Feature",
      "geometry": {
        "type": "Point",
        "coordinates": [
          80.59999999999991,
          5.6999999999999975
        ]
      },
      "properties": {
        "fish_zone": 0,
        "fish_probability": 0.006666666666666667,
        "sst": 28.16999326683583,
        "chlorophyll": 0.12402553111314774,
        "current_u": -0.42838409543037415,
        "current_v": 0.04841499775648117,
        "bathymetry": 3220.820068359375
      }
    },
    {
      "type": "Feature",
      "geometry": {
        "type": "Point",
        "coordinates": [
          80.59999999999991,
          5.799999999999997
        ]
      },
      "properties": {
        "fish_zone": 0,
        "fish_probability": 0.013333333333333334,
        "sst": 28.039993269741558,
        "chlorophyll": 0.19105401635169983,
        "current_u": -0.5006222128868103,
        "current_v": 0.03896583244204521,
        "bathymetry": 2225.077880859375
      }
    },
    {
      "type": "Feature",
      "geometry": {
        "type": "Point",
        "coordinates": [
          80.59999999999991,
          5.899999999999997
        ]
      },
      "properties": {
        "fish_zone": 1,
        "fish_probability": 0.9633333333333334,
        "sst": 27.989993270859145,
        "chlorophyll": 0.3025214374065399,
        "current_u": -0.346709281206131,
        "current_v": 0.012186824344098568,
        "bathymetry": 40.344051361083984
      }
    },
    {
      "type": "Feature",
      "geometry": {
        "type": "Point",
        "coordinates": [
          80.59999999999991,
          9.499999999999984
        ]
      },
      "properties": {
        "fish_zone": 0,
        "fish_probability": 0.01,
        "sst": 28.109993268176936,
        "chlorophyll": 0.42656582593917847,
        "current_u": -0.008581866510212421,
        "current_v": -0.008028649725019932,
        "bathymetry": 15.810070037841797
      }
    },
    {
      "type": "Feature",
      "geometry": {
        "type": "Point",
        "coordinates": [
          80.59999999999991,
          9.599999999999984
        ]
      },
      "properties": {
        "fish_zone": 0,
        "fish_probability": 0.01,
        "sst": 27.979993271082662,
        "chlorophyll": 0.41956350207328796,
        "current_u": -0.023503994569182396,
        "current_v": -0.011416725814342499,
        "bathymetry": 11.404999732971191
      }
    },
    {
      "type": "Feature",
      "geometry": {
        "type": "Point",
        "coordinates": [
          80.59999999999991,
          9.699999999999983
        ]
      },
      "properties": {
        "fish_zone": 0,
        "fish_probability": 0.03,
        "sst": 27.96999327130618,
        "chlorophyll": 0.36994534730911255,
        "current_u": -0.040672607719898224,
        "current_v": 0.009127338416874409,
        "bathymetry": 18.495559692382812
      }
    },
    {
      "type": "Feature",
      "geometry": {
        "type": "Point",
        "coordinates": [
          80.59999999999991,
          9.799999999999983
        ]
      },
      "properties": {
        "fish_zone": 0,
        "fish_probability": 0.06,
        "sst": 27.989993270859145,
        "chlorophyll": 0.280224472284317,
        "current_u": -0.07323752343654633,
        "current_v": 0.0217136163264513,
        "bathymetry": 40.344051361083984
      }
    },
    {
      "type": "Feature",
      "geometry": {
        "type": "Point",
        "coordinates": [
          80.59999999999991,
          9.899999999999983
        ]
      },
      "properties": {
        "fish_zone": 1,
        "fish_probability": 0.8466666666666667,
        "sst": 27.979993271082662,
        "chlorophyll": 0.23458831012248993,
        "current_u": -0.10761396586894989,
        "current_v": 0.019673870876431465,
        "bathymetry": 55.76428985595703
      }
    },
    {
      "type": "Feature",
      "geometry": {
        "type": "Point",
        "coordinates": [
          80.6999999999999,
          5.0
        ]
      },
      "properties": {
        "fish_zone": 0,
        "fish_probability": 0.0,
        "sst": 29.08999324627223,
        "chlorophyll": 0.05488394573330879,
        "current_u": -0.2440507411956787,
        "current_v": 0.22248995304107666,
        "bathymetry": 4405.22412109375
      }
    },
    {
      "type": "Feature",
      "geometry": {
        "type": "Point",
        "coordinates": [
          80.6999999999999,
          5.1
        ]
      },
      "properties": {
        "fish_zone": 0,
        "fish_probability": 0.0,
        "sst": 29.00999324806037,
        "chlorophyll": 0.05835545435547829,
        "current_u": -0.22652752697467804,
        "current_v": 0.16642379760742188,
        "bathymetry": 4405.22412109375
      }
    },
    {
      "type": "Feature",
      "geometry": {
        "type": "Point",
        "coordinates": [
          80.6999999999999,
          5.199999999999999
        ]
      },
      "properties": {
        "fish_zone": 0,
        "fish_probability": 0.0,
        "sst": 28.959993249177955,
        "chlorophyll": 0.06308034807443619,
        "current_u": -0.18752993643283844,
        "current_v": 0.11778165400028229,
        "bathymetry": 4405.22412109375
      }
    },
    {
      "type": "Feature",
      "geometry": {
        "type": "Point",
        "coordinates": [
          80.6999999999999,
          5.299999999999999
        ]
      },
      "properties": {
        "fish_zone": 0,
        "fish_probability": 0.0,
        "sst": 28.769993253424786,
        "chlorophyll": 0.06954945623874664,
        "current_u": -0.1570112556219101,
        "current_v": 0.04134736582636833,
        "bathymetry": 4405.22412109375
      }
    },
    {
      "type": "Feature",
      "geometry": {
        "type": "Point",
        "coordinates": [
          80.6999999999999,
          5.399999999999999
        ]
      },
      "properties": {
        "fish_zone": 0,
        "fish_probability": 0.0033333333333333335,
        "sst": 28.579993257671617,
        "chlorophyll": 0.07756786048412323,
        "current_u": -0.21398991346359253,
        "current_v": 0.01916465163230896,
        "bathymetry": 4405.22412109375
      }
    },
    {
      "type": "Feature",
      "geometry": {
        "type": "Point",
        "coordinates": [
          80.6999999999999,
          5.499999999999998
        ]
      },
      "properties": {
        "fish_zone": 0,
        "fish_probability": 0.006666666666666667,
        "sst": 28.369993262365483,
        "chlorophyll": 0.0909687727689743,
        "current_u": -0.29409605264663696,
        "current_v": 0.024590322747826576,
        "bathymetry": 4405.22412109375
      }
    },
    {
      "type": "Feature",
      "geometry": {
        "type": "Point",
        "coordinates": [
          80.6999999999999,
          5.599999999999998
        ]
      },
      "properties": {
        "fish_zone": 0,
        "fish_probability": 0.0033333333333333335,
        "sst": 28.249993265047692,
        "chlorophyll": 0.09726212918758392,
        "current_u": -0.35749945044517517,
        "current_v": 0.038560014218091965,
        "bathymetry": 3597.031982421875
      }
    },
    {
      "type": "Feature",
      "geometry": {
        "type": "Point",
        "coordinates": [
          80.6999999999999,
          5.6999999999999975
        ]
      },
      "properties": {
        "fish_zone": 0,
        "fish_probability": 0.006666666666666667,
        "sst": 28.219993265718244,
        "chlorophyll": 0.10813568532466888,
        "current_u": -0.41083380579948425,
        "current_v": 0.023359933868050575,
        "bathymetry": 3220.820068359375
      }
    },
    {
      "type": "Feature",
      "geometry": {
        "type": "Point",
        "coordinates": [
          80.6999999999999,
          5.799999999999997
        ]
      },
      "properties": {
        "fish_zone": 0,
        "fish_probability": 0.05333333333333334,
        "sst": 28.019993270188593,
        "chlorophyll": 0.16763408482074738,
        "current_u": -0.47583135962486267,
        "current_v": -0.020432503893971443,
        "bathymetry": 1941.8929443359375
      }
    },
    {
      "type": "Feature",
      "geometry": {
        "type": "Point",
        "coordinates": [
          80.6999999999999,
          5.899999999999997
        ]
      },
      "properties": {
        "fish_zone": 1,
        "fish_probability": 0.94,
        "sst": 27.979993271082662,
        "chlorophyll": 0.2869134843349457,
        "current_u": -0.352340966463089,
        "current_v": -0.06154497340321541,
        "bathymetry": 55.76428985595703
      }
    },
    {
      "type": "Feature",
      "geometry": {
        "type": "Point",
        "coordinates": [
          80.6999999999999,
          9.399999999999984
        ]
      },
      "properties": {
        "fish_zone": 0,
        "fish_probability": 0.05,
        "sst": 28.219993265718244,
        "chlorophyll": 0.4705974757671356,
        "current_u": -0.0032361014746129513,
        "current_v": -0.003922634292393923,
        "bathymetry": 9.572997093200684
      }
    },
    {
      "type": "Feature",
      "geometry": {
        "type": "Point",
        "coordinates": [
          80.6999999999999,
          9.499999999999984
        ]
      },
      "properties": {
        "fish_zone": 0,
        "fish_probability": 0.01,
        "sst": 28.059993269294523,
        "chlorophyll": 0.4259856641292572,
        "current_u": -0.007330973632633686,
        "current_v": -0.009107404388487339,
        "bathymetry": 13.467140197753906
      }
    },
    {
      "type": "Feature",
      "geometry": {
        "type": "Point",
        "coordinates": [
          80.6999999999999,
          9.599999999999984
        ]
      },
      "properties": {
        "fish_zone": 0,
        "fish_probability": 0.03,
        "sst": 27.96999327130618,
        "chlorophyll": 0.36573466658592224,
        "current_u": -0.0301615409553051,
        "current_v": -0.0014937068335711956,
        "bathymetry": 18.495559692382812
      }
    },
    {
      "type": "Feature",
      "geometry": {
        "type": "Point",
        "coordinates": [
          80.6999999999999,
          9.699999999999983
        ]
      },
      "properties": {
        "fish_zone": 0,
        "fish_probability": 0.043333333333333335,
        "sst": 27.96999327130618,
        "chlorophyll": 0.29984480142593384,
        "current_u": -0.05190478265285492,
        "current_v": 0.0058858622796833515,
        "bathymetry": 25.211410522460938
      }
    },
    {
      "type": "Feature",
      "geometry": {
        "type": "Point",
        "coordinates": [
          80.6999999999999,
          9.799999999999983
        ]
      },
      "properties": {
        "fish_zone": 1,
        "fish_probability": 0.8266666666666667,
        "sst": 28.029993269965075,
        "chlorophyll": 0.22139385342597961,
        "current_u": -0.09339538216590881,
        "current_v": 0.050495460629463196,
        "bathymetry": 55.76428985595703
      }
    },
    {
      "type": "Feature",
      "geometry": {
        "type": "Point",
        "coordinates": [
          80.6999999999999,
          9.899999999999983
        ]
      },
      "properties": {
        "fish_zone": 0,
        "fish_probability": 0.06,
        "sst": 28.029993269965075,
        "chlorophyll": 0.1799704134464264,
        "current_u": -0.1265149563550949,
        "current_v": 0.0763140395283699,
        "bathymetry": 92.3260726928711
      }
    },
    {
      "type": "Feature",
      "geometry": {
        "type": "Point",
        "coordinates": [
          80.7999999999999,
          5.0
        ]
      },
      "properties": {
        "fish_zone": 0,
        "fish_probability": 0.0,
        "sst": 29.0499932471663,
        "chlorophyll": 0.05439626798033714,
        "current_u": -0.22653865814208984,
        "current_v": 0.175008624792099,
        "bathymetry": 4405.22412109375
      }
    },
    {
      "type": "Feature",
      "geometry": {
        "type": "Point",
        "coordinates": [
          80.7999999999999,
          5.1
        ]
      },
      "properties": {
        "fish_zone": 0,
        "fish_probability": 0.0,
        "sst": 28.93999324962499,
        "chlorophyll": 0.05661389231681824,
        "current_u": -0.1942162662744522,
        "current_v": 0.1329667568206787,
        "bathymetry": 4405.22412109375
      }
    },
    {
      "type": "Feature",
      "geometry": {
        "type": "Point",
        "coordinates": [
          80.7999999999999,
          5.199999999999999
        ]
      },
      "properties": {
        "fish_zone": 0,
        "fish_probability": 0.0,
        "sst": 28.879993250966095,
        "chlorophyll": 0.060910869389772415,
        "current_u": -0.14982986450195312,
        "current_v": 0.09372587502002716,
        "bathymetry": 4405.22412109375
      }
    },
    {
      "type": "Feature",
      "geometry": {
        "type": "Point",
        "coordinates": [
          80.7999999999999,
          5.299999999999999
        ]
      },
      "properties": {
        "fish_zone": 0,
        "fish_probability": 0.0,
        "sst": 28.759993253648304,
        "chlorophyll": 0.07032263278961182,
        "current_u": -0.1406192183494568,
        "current_v": 0.01222044788300991,
        "bathymetry": 4405.22412109375
      }
    },
    {
      "type": "Feature",
      "geometry": {
        "type": "Point",
        "coordinates": [
          80.7999999999999,
          5.399999999999999
        ]
      },
      "properties": {
        "fish_zone": 0,
        "fish_probability": 0.0033333333333333335,
        "sst": 28.62999325655403,
        "chlorophyll": 0.07521653920412064,
        "current_u": -0.2044999748468399,
        "current_v": -0.0035441326908767223,
        "bathymetry": 4405.22412109375
      }
    },
    {
      "type": "Feature",
      "geometry": {
        "type": "Point",
        "coordinates": [
          80.7999999999999,
          5.499999999999998
        ]
      },
      "properties": {
        "fish_zone": 0,
        "fish_probability": 0.0,
        "sst": 28.47999325990679,
        "chlorophyll": 0.08936958760023117,
        "current_u": -0.2709139883518219,
        "current_v": 0.00018458807608112693,
        "bathymetry": 3992.48388671875
      }
    },
    {
      "type": "Feature",
      "geometry": {
        "type": "Point",
        "coordinates": [
          80.7999999999999,
          5.599999999999998
        ]
      },
      "properties": {
        "fish_zone": 0,
        "fish_probability": 0.0,
        "sst": 28.38999326191845,
        "chlorophyll": 0.09913714975118637,
        "current_u": -0.3348597288131714,
        "current_v": 0.006797451060265303,
        "bathymetry": 3597.031982421875
      }
    },
    {
      "type": "Feature",
      "geometry": {
        "type": "Point",
        "coordinates": [
          80.7999999999999,
          5.6999999999999975
        ]
      },
      "properties": {
        "fish_zone": 0,
        "fish_probability": 0.0,
        "sst": 28.339993263036035,
        "chlorophyll": 0.11017875373363495,
        "current_u": -0.382806658744812,
        "current_v": -0.005852109286934137,
        "bathymetry": 2865.702880859375
      }
    },
    {
      "type": "Feature",
      "geometry": {
        "type": "Point",
        "coordinates": [
          80.7999999999999,
          5.799999999999997
        ]
      },
      "properties": {
        "fish_zone": 0,
        "fish_probability": 0.07666666666666666,
        "sst": 28.109993268176936,
        "chlorophyll": 0.12659569084644318,
        "current_u": -0.4237781763076782,
        "current_v": -0.07655249536037445,
        "bathymetry": 1684.2840576171875
      }
    },
    {
      "type": "Feature",
      "geometry": {
        "type": "Point",
        "coordinates": [
          80.7999999999999,
          5.899999999999997
        ]
      },
      "properties": {
        "fish_zone": 0,
        "fish_probability": 0.12666666666666668,
        "sst": 28.04999326951804,
        "chlorophyll": 0.1610509306192398,
        "current_u": -0.3714039921760559,
        "current_v": -0.06255068629980087,
        "bathymetry": 65.80726623535156
      }
    },
    {
      "type": "Feature",
      "geometry": {
        "type": "Point",
        "coordinates": [
          80.7999999999999,
          5.9999999999999964
        ]
      },
      "properties": {
        "fish_zone": 0,
        "fish_probability": 0.08333333333333333,
        "sst": 28.08999326862397,
        "chlorophyll": 0.1795474737882614,
        "current_u": -0.18783850967884064,
        "current_v": -0.056903839111328125,
        "bathymetry": 29.444730758666992
      }
    },
    {
      "type": "Feature",
      "geometry": {
        "type": "Point",
        "coordinates": [
          80.7999999999999,
          9.299999999999985
        ]
      },
      "properties": {
        "fish_zone": 0,
        "fish_probability": 0.06333333333333334,
        "sst": 27.999993270635628,
        "chlorophyll": 0.27475088834762573,
        "current_u": -0.02510784938931465,
        "current_v": 0.019327780231833458,
        "bathymetry": 7.92956018447876
      }
    },
    {
      "type": "Feature",
      "geometry": {
        "type": "Point",
        "coordinates": [
          80.7999999999999,
          9.399999999999984
        ]
      },
      "properties": {
        "fish_zone": 0,
        "fish_probability": 0.04,
        "sst": 28.00999327041211,
        "chlorophyll": 0.2997095286846161,
        "current_u": -0.038229383528232574,
        "current_v": 0.043093036860227585,
        "bathymetry": 21.598819732666016
      }
    },
    {
      "type": "Feature",
      "geometry": {
        "type": "Point",
        "coordinates": [
          80.7999999999999,
          9.499999999999984
        ]
      },
      "properties": {
        "fish_zone": 0,
        "fish_probability": 0.4166666666666667,
        "sst": 28.07999326884749,
        "chlorophyll": 0.24599848687648773,
        "current_u": -0.06440915167331696,
        "current_v": 0.137126624584198,
        "bathymetry": 40.344051361083984
      }
    },
    {
      "type": "Feature",
      "geometry": {
        "type": "Point",
        "coordinates": [
          80.7999999999999,
          9.599999999999984
        ]
      },
      "properties": {
        "fish_zone": 1,
        "fish_probability": 0.8533333333333334,
        "sst": 28.15999326705935,
        "chlorophyll": 0.20951464772224426,
        "current_u": -0.09232135117053986,
        "current_v": 0.21559439599514008,
        "bathymetry": 47.37369155883789
      }
    },
    {
      "type": "Feature",
      "geometry": {
        "type": "Point",
        "coordinates": [
          80.7999999999999,
          9.699999999999983
        ]
      },
      "properties": {
        "fish_zone": 0,
        "fish_probability": 0.056666666666666664,
        "sst": 28.16999326683583,
        "chlorophyll": 0.18321998417377472,
        "current_u": -0.10784276574850082,
        "current_v": 0.2762787342071533,
        "bathymetry": 55.76428985595703
      }
    },
    {
      "type": "Feature",
      "geometry": {
        "type": "Point",
        "coordinates": [
          80.7999999999999,
          9.799999999999983
        ]
      },
      "properties": {
        "fish_zone": 0,
        "fish_probability": 0.04666666666666667,
        "sst": 28.189993266388797,
        "chlorophyll": 0.16379286348819733,
        "current_u": -0.1313025951385498,
        "current_v": 0.329688161611557,
        "bathymetry": 155.85069274902344
      }
    },
    {
      "type": "Feature",
      "geometry": {
        "type": "Point",
        "coordinates": [
          80.7999999999999,
          9.899999999999983
        ]
      },
      "properties": {
        "fish_zone": 0,
        "fish_probability": 0.05333333333333334,
        "sst": 28.16999326683583,
        "chlorophyll": 0.15279275178909302,
        "current_u": -0.15909485518932343,
        "current_v": 0.3304174542427063,
        "bathymetry": 318.1274108886719
      }
    },
    {
      "type": "Feature",
      "geometry": {
        "type": "Point",
        "coordinates": [
          80.89999999999989,
          5.0
        ]
      },
      "properties": {
        "fish_zone": 0,
        "fish_probability": 0.0,
        "sst": 29.00999324806037,
        "chlorophyll": 0.05358175188302994,
        "current_u": -0.2169293612241745,
        "current_v": 0.1524028480052948,
        "bathymetry": 4405.22412109375
      }
    },
    {
      "type": "Feature",
      "geometry": {
        "type": "Point",
        "coordinates": [
          80.89999999999989,
          5.1
        ]
      },
      "properties": {
        "fish_zone": 0,
        "fish_probability": 0.0,
        "sst": 28.89999325051906,
        "chlorophyll": 0.05143861845135689,
        "current_u": -0.17910566926002502,
        "current_v": 0.11949974298477173,
        "bathymetry": 4405.22412109375
      }
    },
    {
      "type": "Feature",
      "geometry": {
        "type": "Point",
        "coordinates": [
          80.89999999999989,
          5.199999999999999
        ]
      },
      "properties": {
        "fish_zone": 0,
        "fish_probability": 0.0,
        "sst": 28.869993251189612,
        "chlorophyll": 0.060182925313711166,
        "current_u": -0.13474434614181519,
        "current_v": 0.0819774642586708,
        "bathymetry": 4405.22412109375
      }
    },
    {
      "type": "Feature",
      "geometry": {
        "type": "Point",
        "coordinates": [
          80.89999999999989,
          5.299999999999999
        ]
      },
      "properties": {
        "fish_zone": 0,
        "fish_probability": 0.0,
        "sst": 28.78999325297775,
        "chlorophyll": 0.06896593421697617,
        "current_u": -0.13873957097530365,
        "current_v": -0.00036957807606086135,
        "bathymetry": 4405.22412109375
      }
    },
    {
      "type": "Feature",
      "geometry": {
        "type": "Point",
        "coordinates": [
          80.89999999999989,
          5.399999999999999
        ]
      },
      "properties": {
        "fish_zone": 0,
        "fish_probability": 0.006666666666666667,
        "sst": 28.679993255436443,
        "chlorophyll": 0.07594407349824905,
        "current_u": -0.19993846118450165,
        "current_v": -0.011066433042287827,
        "bathymetry": 3992.48388671875
      }
    },
    {
      "type": "Feature",
      "geometry": {
        "type": "Point",
        "coordinates": [
          80.89999999999989,
          5.499999999999998
        ]
      },
      "properties": {
        "fish_zone": 0,
        "fish_probability": 0.0,
        "sst": 28.47999325990679,
        "chlorophyll": 0.09016118198633194,
        "current_u": -0.263237863779068,
        "current_v": -0.009163189679384232,
        "bathymetry": 3992.48388671875
      }
    },
    {
      "type": "Feature",
      "geometry": {
        "type": "Point",
        "coordinates": [
          80.89999999999989,
          5.599999999999998
        ]
      },
      "properties": {
        "fish_zone": 0,
        "fish_probability": 0.0,
        "sst": 28.309993263706588,
        "chlorophyll": 0.10184373706579208,
        "current_u": -0.32923734188079834,
        "current_v": -0.009484054520726204,
        "bathymetry": 3597.031982421875
      }
    },
    {
      "type": "Feature",
      "geometry": {
        "type": "Point",
        "coordinates": [
          80.89999999999989,
          5.6999999999999975
        ]
      },
      "properties": {
        "fish_zone": 0,
        "fish_probability": 0.0033333333333333335,
        "sst": 28.249993265047692,
        "chlorophyll": 0.11247986555099487,
        "current_u": -0.3771780729293823,
        "current_v": -0.014974036253988743,
        "bathymetry": 2865.702880859375
      }
    },
    {
      "type": "Feature",
      "geometry": {
        "type": "Point",
        "coordinates": [
          80.89999999999989,
          5.799999999999997
        ]
      },
      "properties": {
        "fish_zone": 0,
        "fish_probability": 0.08333333333333333,
        "sst": 28.08999326862397,
        "chlorophyll": 0.12109135091304779,
        "current_u": -0.41778433322906494,
        "current_v": -0.06404335051774979,
        "bathymetry": 1684.2840576171875
      }
    },
    {
      "type": "Feature",
      "geometry": {
        "type": "Point",
        "coordinates": [
          80.89999999999989,
          5.899999999999997
        ]
      },
      "properties": {
        "fish_zone": 0,
        "fish_probability": 0.12666666666666668,
        "sst": 27.999993270635628,
        "chlorophyll": 0.13613851368427277,
        "current_u": -0.40290048718452454,
        "current_v": -0.06953267753124237,
        "bathymetry": 55.76428985595703
      }
    },
    {
      "type": "Feature",
      "geometry": {
        "type": "Point",
        "coordinates": [
          80.89999999999989,
          5.9999999999999964
        ]
      },
      "properties": {
        "fish_zone": 0,
        "fish_probability": 0.08666666666666667,
        "sst": 27.999993270635628,
        "chlorophyll": 0.1757289469242096,
        "current_u": -0.25095075368881226,
        "current_v": -0.06600062549114227,
        "bathymetry": 65.80726623535156
      }
    },
    {
      "type": "Feature",
      "geometry": {
        "type": "Point",
        "coordinates": [
          80.89999999999989,
          9.199999999999985
        ]
      },
      "properties": {
        "fish_zone": 0,
        "fish_probability": 0.006666666666666667,
        "sst": 27.92999327220025,
        "chlorophyll": 0.1791033148765564,
        "current_u": -0.0378260500729084,
        "current_v": 0.039754267781972885,
        "bathymetry": 18.495559692382812
      }
    },
    {
      "type": "Feature",
      "geometry": {
        "type": "Point",
        "coordinates": [
          80.89999999999989,
          9.299999999999985
        ]
      },
      "properties": {
        "fish_zone": 0,
        "fish_probability": 0.4266666666666667,
        "sst": 28.139993267506384,
        "chlorophyll": 0.2338489443063736,
        "current_u": -0.0634075179696083,
        "current_v": 0.19407016038894653,
        "bathymetry": 25.211410522460938
      }
    },
    {
      "type": "Feature",
      "geometry": {
        "type": "Point",
        "coordinates": [
          80.89999999999989,
          9.399999999999984
        ]
      },
      "properties": {
        "fish_zone": 1,
        "fish_probability": 0.7,
        "sst": 28.15999326705935,
        "chlorophyll": 0.20866769552230835,
        "current_u": -0.0852292999625206,
        "current_v": 0.27378177642822266,
        "bathymetry": 186.12559509277344
      }
    },
    {
      "type": "Feature",
      "geometry": {
        "type": "Point",
        "coordinates": [
          80.89999999999989,
          9.499999999999984
        ]
      },
      "properties": {
        "fish_zone": 0,
        "fish_probability": 0.05333333333333334,
        "sst": 28.179993266612314,
        "chlorophyll": 0.17527632415294647,
        "current_u": -0.11938835680484772,
        "current_v": 0.3404645621776581,
        "bathymetry": 763.3331298828125
      }
    },
    {
      "type": "Feature",
      "geometry": {
        "type": "Point",
        "coordinates": [
          80.89999999999989,
          9.599999999999984
        ]
      },
      "properties": {
        "fish_zone": 0,
        "fish_probability": 0.05333333333333334,
        "sst": 28.23999326527121,
        "chlorophyll": 0.16974212229251862,
        "current_u": -0.14365701377391815,
        "current_v": 0.3902575373649597,
        "bathymetry": 318.1274108886719
      }
    },
    {
      "type": "Feature",
      "geometry": {
        "type": "Point",
        "coordinates": [
          80.89999999999989,
          9.699999999999983
        ]
      },
      "properties": {
        "fish_zone": 0,
        "fish_probability": 0.056666666666666664,
        "sst": 28.229993265494727,
        "chlorophyll": 0.16380131244659424,
        "current_u": -0.1531059890985489,
        "current_v": 0.42067596316337585,
        "bathymetry": 902.3392944335938
      }
    },
    {
      "type": "Feature",
      "geometry": {
        "type": "Point",
        "coordinates": [
          80.89999999999989,
          9.799999999999983
        ]
      },
      "properties": {
        "fish_zone": 0,
        "fish_probability": 0.05,
        "sst": 28.219993265718244,
        "chlorophyll": 0.15269245207309723,
        "current_u": -0.1441485732793808,
        "current_v": 0.4161795973777771,
        "bathymetry": 1062.43994140625
      }
    },
    {
      "type": "Feature",
      "geometry": {
        "type": "Point",
        "coordinates": [
          80.89999999999989,
          9.899999999999983
        ]
      },
      "properties": {
        "fish_zone": 0,
        "fish_probability": 0.05,
        "sst": 28.19999326616528,
        "chlorophyll": 0.14760568737983704,
        "current_u": -0.14464344084262848,
        "current_v": 0.3749946355819702,
        "bathymetry": 1062.43994140625
      }
    },
    {
      "type": "Feature",
      "geometry": {
        "type": "Point",
        "coordinates": [
          80.99999999999989,
          5.0
        ]
      },
      "properties": {
        "fish_zone": 0,
        "fish_probability": 0.0,
        "sst": 29.039993247389816,
        "chlorophyll": 0.05339111387729645,
        "current_u": -0.20451387763023376,
        "current_v": 0.13120558857917786,
        "bathymetry": 4405.22412109375
      }
    },
    {
      "type": "Feature",
      "geometry": {
        "type": "Point",
        "coordinates": [
          80.99999999999989,
          5.1
        ]
      },
      "properties": {
        "fish_zone": 0,
        "fish_probability": 0.0,
        "sst": 28.919993250072025,
        "chlorophyll": 0.05611225962638855,
        "current_u": -0.16405385732650757,
        "current_v": 0.10512366890907288,
        "bathymetry": 4405.22412109375
      }
    },
    {
      "type": "Feature",
      "geometry": {
        "type": "Point",
        "coordinates": [
          80.99999999999989,
          5.199999999999999
        ]
      },
      "properties": {
        "fish_zone": 0,
        "fish_probability": 0.0,
        "sst": 28.879993250966095,
        "chlorophyll": 0.06146732345223427,
        "current_u": -0.12142447382211685,
        "current_v": 0.06890351325273514,
        "bathymetry": 4405.22412109375
      }
    },
    {
      "type": "Feature",
      "geometry": {
        "type": "Point",
        "coordinates": [
          80.99999999999989,
          5.299999999999999
        ]
      },
      "properties": {
        "fish_zone": 0,
        "fish_probability": 0.0,
        "sst": 28.77999325320127,
        "chlorophyll": 0.06915353983640671,
        "current_u": -0.1379612237215042,
        "current_v": -0.011337639763951302,
        "bathymetry": 4405.22412109375
      }
    },
    {
      "type": "Feature",
      "geometry": {
        "type": "Point",
        "coordinates": [
          80.99999999999989,
          5.399999999999999
        ]
      },
      "properties": {
        "fish_zone": 0,
        "fish_probability": 0.006666666666666667,
        "sst": 28.66999325565996,
        "chlorophyll": 0.07630131393671036,
        "current_u": -0.1968236118555069,
        "current_v": -0.01781066693365574,
        "bathymetry": 3992.48388671875
      }
    },
    {
      "type": "Feature",
      "geometry": {
        "type": "Point",
        "coordinates": [
          80.99999999999989,
          5.499999999999998
        ]
      },
      "properties": {
        "fish_zone": 0,
        "fish_probability": 0.0,
        "sst": 28.43999326080086,
        "chlorophyll": 0.09249458461999893,
        "current_u": -0.26029518246650696,
        "current_v": -0.01831323280930519,
        "bathymetry": 3992.48388671875
      }
    },
    {
      "type": "Feature",
      "geometry": {
        "type": "Point",
        "coordinates": [
          80.99999999999989,
          5.599999999999998
        ]
      },
      "properties": {
        "fish_zone": 0,
        "fish_probability": 0.0033333333333333335,
        "sst": 28.23999326527121,
        "chlorophyll": 0.10003003478050232,
        "current_u": -0.32657909393310547,
        "current_v": -0.024621445685625076,
        "bathymetry": 3992.48388671875
      }
    },
    {
      "type": "Feature",
      "geometry": {
        "type": "Point",
        "coordinates": [
          80.99999999999989,
          5.6999999999999975
        ]
      },
      "properties": {
        "fish_zone": 0,
        "fish_probability": 0.0033333333333333335,
        "sst": 28.179993266612314,
        "chlorophyll": 0.1110839992761612,
        "current_u": -0.3746603727340698,
        "current_v": -0.027177700772881508,
        "bathymetry": 2533.3359375
      }
    },
    {
      "type": "Feature",
      "geometry": {
        "type": "Point",
        "coordinates": [
          80.99999999999989,
          5.799999999999997
        ]
      },
      "properties": {
        "fish_zone": 0,
        "fish_probability": 0.09333333333333334,
        "sst": 28.069993269071006,
        "chlorophyll": 0.12224187701940536,
        "current_u": -0.4353436529636383,
        "current_v": -0.053125202655792236,
        "bathymetry": 1452.2509765625
      }
    },
    {
      "type": "Feature",
      "geometry": {
        "type": "Point",
        "coordinates": [
          80.99999999999989,
          5.899999999999997
        ]
      },
      "properties": {
        "fish_zone": 0,
        "fish_probability": 0.09333333333333334,
        "sst": 27.959993271529697,
        "chlorophyll": 0.13364538550376892,
        "current_u": -0.44031593203544617,
        "current_v": -0.0688103660941124,
        "bathymetry": 92.3260726928711
      }
    },
    {
      "type": "Feature",
      "geometry": {
        "type": "Point",
        "coordinates": [
          80.99999999999989,
          5.9999999999999964
        ]
      },
      "properties": {
        "fish_zone": 0,
        "fish_probability": 0.09333333333333334,
        "sst": 27.92999327220025,
        "chlorophyll": 0.15980598330497742,
        "current_u": -0.32078608870506287,
        "current_v": -0.07613587379455566,
        "bathymetry": 47.37369155883789
      }
    },
    {
      "type": "Feature",
      "geometry": {
        "type": "Point",
        "coordinates": [
          80.99999999999989,
          8.999999999999986
        ]
      },
      "properties": {
        "fish_zone": 0,
        "fish_probability": 0.0033333333333333335,
        "sst": 28.059993269294523,
        "chlorophyll": 0.18279720842838287,
        "current_u": -0.04440305009484291,
        "current_v": 0.022976871579885483,
        "bathymetry": 13.467140197753906
      }
    },
    {
      "type": "Feature",
      "geometry": {
        "type": "Point",
        "coordinates": [
          80.99999999999989,
          9.099999999999985
        ]
      },
      "properties": {
        "fish_zone": 0,
        "fish_probability": 0.04,
        "sst": 28.08999326862397,
        "chlorophyll": 0.15541163086891174,
        "current_u": -0.06847906857728958,
        "current_v": 0.11704963445663452,
        "bathymetry": 21.598819732666016
      }
    },
    {
      "type": "Feature",
      "geometry": {
        "type": "Point",
        "coordinates": [
          80.99999999999989,
          9.199999999999985
        ]
      },
      "properties": {
        "fish_zone": 0,
        "fish_probability": 0.07,
        "sst": 28.139993267506384,
        "chlorophyll": 0.16393829882144928,
        "current_u": -0.10188239812850952,
        "current_v": 0.19772371649742126,
        "bathymetry": 40.344051361083984
      }
    },
    {
      "type": "Feature",
      "geometry": {
        "type": "Point",
        "coordinates": [
          80.99999999999989,
          9.299999999999985
        ]
      },
      "properties": {
        "fish_zone": 0,
        "fish_probability": 0.05333333333333334,
        "sst": 28.289993264153622,
        "chlorophyll": 0.15855126082897186,
        "current_u": -0.13506995141506195,
        "current_v": 0.3329084813594818,
        "bathymetry": 186.12559509277344
      }
    },
    {
      "type": "Feature",
      "geometry": {
        "type": "Point",
        "coordinates": [
          80.99999999999989,
          9.399999999999984
        ]
      },
      "properties": {
        "fish_zone": 0,
        "fish_probability": 0.05,
        "sst": 28.309993263706588,
        "chlorophyll": 0.15196838974952698,
        "current_u": -0.14187610149383545,
        "current_v": 0.36941438913345337,
        "bathymetry": 902.3392944335938
      }
    },
    {
      "type": "Feature",
      "geometry": {
        "type": "Point",
        "coordinates": [
          80.99999999999989,
          9.499999999999984
        ]
      },
      "properties": {
        "fish_zone": 0,
        "fish_probability": 0.0033333333333333335,
        "sst": 28.27999326437714,
        "chlorophyll": 0.14917370676994324,
        "current_u": -0.15463651716709137,
        "current_v": 0.38538217544555664,
        "bathymetry": 2225.077880859375
      }
    },
    {
      "type": "Feature",
      "geometry": {
        "type": "Point",
        "coordinates": [
          80.99999999999989,
          9.599999999999984
        ]
      },
      "properties": {
        "fish_zone": 0,
        "fish_probability": 0.05,
        "sst": 28.259993264824175,
        "chlorophyll": 0.1493578553199768,
        "current_u": -0.16500796377658844,
        "current_v": 0.4000101089477539,
        "bathymetry": 1452.2509765625
      }
    },
    {
      "type": "Feature",
      "geometry": {
        "type": "Point",
        "coordinates": [
          80.99999999999989,
          9.699999999999983
        ]
      },
      "properties": {
        "fish_zone": 0,
        "fish_probability": 0.02,
        "sst": 28.23999326527121,
        "chlorophyll": 0.14743806421756744,
        "current_u": -0.16758516430854797,
        "current_v": 0.4086771607398987,
        "bathymetry": 1941.8929443359375
      }
    },
    {
      "type": "Feature",
      "geometry": {
        "type": "Point",
        "coordinates": [
          80.99999999999989,
          9.799999999999983
        ]
      },
      "properties": {
        "fish_zone": 0,
        "fish_probability": 0.0033333333333333335,
        "sst": 28.249993265047692,
        "chlorophyll": 0.14430347084999084,
        "current_u": -0.15334269404411316,
        "current_v": 0.3924562633037567,
        "bathymetry": 2865.702880859375
      }
    },
    {
      "type": "Feature",
      "geometry": {
        "type": "Point",
        "coordinates": [
          80.99999999999989,
          9.899999999999983
        ]
      },
      "properties": {
        "fish_zone": 0,
        "fish_probability": 0.0033333333333333335,
        "sst": 28.229993265494727,
        "chlorophyll": 0.14151078462600708,
        "current_u": -0.1362105756998062,
        "current_v": 0.351539671421051,
        "bathymetry": 2865.702880859375
      }
    },
    {
      "type": "Feature",
      "geometry": {
        "type": "Point",
        "coordinates": [
          81.09999999999988,
          5.0
        ]
      },
      "properties": {
        "fish_zone": 0,
        "fish_probability": 0.0,
        "sst": 29.05999324694278,
        "chlorophyll": 0.05235227942466736,
        "current_u": -0.19165562093257904,
        "current_v": 0.11055931448936462,
        "bathymetry": 4405.22412109375
      }
    },
    {
      "type": "Feature",
      "geometry": {
        "type": "Point",
        "coordinates": [
          81.09999999999988,
          5.1
        ]
      },
      "properties": {
        "fish_zone": 0,
        "fish_probability": 0.0,
        "sst": 28.909993250295543,
        "chlorophyll": 0.05722658336162567,
        "current_u": -0.14954039454460144,
        "current_v": 0.0905623808503151,
        "bathymetry": 4405.22412109375
      }
    },
    {
      "type": "Feature",
      "geometry": {
        "type": "Point",
        "coordinates": [
          81.09999999999988,
          5.199999999999999
        ]
      },
      "properties": {
        "fish_zone": 0,
        "fish_probability": 0.0,
        "sst": 28.839993251860164,
        "chlorophyll": 0.06200028583407402,
        "current_u": -0.10967614501714706,
        "current_v": 0.056629426777362823,
        "bathymetry": 4405.22412109375
      }
    },
    {
      "type": "Feature",
      "geometry": {
        "type": "Point",
        "coordinates": [
          81.09999999999988,
          5.299999999999999
        ]
      },
      "properties": {
        "fish_zone": 0,
        "fish_probability": 0.0,
        "sst": 28.70999325476589,
        "chlorophyll": 0.06978502869606018,
        "current_u": -0.13622194528579712,
        "current_v": -0.02011376991868019,
        "bathymetry": 4405.22412109375
      }
    },
    {
      "type": "Feature",
      "geometry": {
        "type": "Point",
        "coordinates": [
          81.09999999999988,
          5.399999999999999
        ]
      },
      "properties": {
        "fish_zone": 0,
        "fish_probability": 0.006666666666666667,
        "sst": 28.609993257001065,
        "chlorophyll": 0.08102257549762726,
        "current_u": -0.19384466111660004,
        "current_v": -0.025956349447369576,
        "bathymetry": 3992.48388671875
      }
    },
    {
      "type": "Feature",
      "geometry": {
        "type": "Point",
        "coordinates": [
          81.09999999999988,
          5.499999999999998
        ]
      },
      "properties": {
        "fish_zone": 0,
        "fish_probability": 0.0,
        "sst": 28.419993261247896,
        "chlorophyll": 0.09364046156406403,
        "current_u": -0.25856807827949524,
        "current_v": -0.028722986578941345,
        "bathymetry": 3992.48388671875
      }
    },
    {
      "type": "Feature",
      "geometry": {
        "type": "Point",
        "coordinates": [
          81.09999999999988,
          5.599999999999998
        ]
      },
      "properties": {
        "fish_zone": 0,
        "fish_probability": 0.0033333333333333335,
        "sst": 28.259993264824175,
        "chlorophyll": 0.10201160609722137,
        "current_u": -0.32295486330986023,
        "current_v": -0.038445960730314255,
        "bathymetry": 3992.48388671875
      }
    },
    {
      "type": "Feature",
      "geometry": {
        "type": "Point",
        "coordinates": [
          81.09999999999988,
          5.6999999999999975
        ]
      },
      "properties": {
        "fish_zone": 0,
        "fish_probability": 0.006666666666666667,
        "sst": 28.209993265941762,
        "chlorophyll": 0.11003664880990982,
        "current_u": -0.37019509077072144,
        "current_v": -0.0423007495701313,
        "bathymetry": 2533.3359375
      }
    },
    {
      "type": "Feature",
      "geometry": {
        "type": "Point",
        "coordinates": [
          81.09999999999988,
          5.799999999999997
        ]
      },
      "properties": {
        "fish_zone": 0,
        "fish_probability": 0.09666666666666666,
        "sst": 28.08999326862397,
        "chlorophyll": 0.12261281162500381,
        "current_u": -0.4555886387825012,
        "current_v": -0.05649538338184357,
        "bathymetry": 1245.291015625
      }
    },
    {
      "type": "Feature",
      "geometry": {
        "type": "Point",
        "coordinates": [
          81.09999999999988,
          5.899999999999997
        ]
      },
      "properties": {
        "fish_zone": 0,
        "fish_probability": 0.13,
        "sst": 27.959993271529697,
        "chlorophyll": 0.13700059056282043,
        "current_u": -0.4861243963241577,
        "current_v": -0.08311404287815094,
        "bathymetry": 77.85385131835938
      }
    },
    {
      "type": "Feature",
      "geometry": {
        "type": "Point",
        "coordinates": [
          81.09999999999988,
          5.9999999999999964
        ]
      },
      "properties": {
        "fish_zone": 0,
        "fish_probability": 0.13,
        "sst": 27.88999327309432,
        "chlorophyll": 0.16194406151771545,
        "current_u": -0.3761003613471985,
        "current_v": -0.0919731929898262,
        "bathymetry": 65.80726623535156
      }
    },
    {
      "type": "Feature",
      "geometry": {
        "type": "Point",
        "coordinates": [
          81.09999999999988,
          8.899999999999986
        ]
      },
      "properties": {
        "fish_zone": 0,
        "fish_probability": 0.07333333333333333,
        "sst": 28.269993264600657,
        "chlorophyll": 0.20154133439064026,
        "current_u": -0.06684669852256775,
        "current_v": 0.04623516649007797,
        "bathymetry": 13.467140197753906
      }
    },
    {
      "type": "Feature",
      "geometry": {
        "type": "Point",
        "coordinates": [
          81.09999999999988,
          8.999999999999986
        ]
      },
      "properties": {
        "fish_zone": 0,
        "fish_probability": 0.07333333333333333,
        "sst": 28.289993264153622,
        "chlorophyll": 0.15517698228359222,
        "current_u": -0.12460627406835556,
        "current_v": 0.1738138347864151,
        "bathymetry": 40.344051361083984
      }
    },
    {
      "type": "Feature",
      "geometry": {
        "type": "Point",
        "coordinates": [
          81.09999999999988,
          9.099999999999985
        ]
      },
      "properties": {
        "fish_zone": 0,
        "fish_probability": 0.06666666666666667,
        "sst": 28.289993264153622,
        "chlorophyll": 0.14809153974056244,
        "current_u": -0.17104367911815643,
        "current_v": 0.2645476460456848,
        "bathymetry": 222.47520446777344
      }
    },
    {
      "type": "Feature",
      "geometry": {
        "type": "Point",
        "coordinates": [
          81.09999999999988,
          9.199999999999985
        ]
      },
      "properties": {
        "fish_zone": 0,
        "fish_probability": 0.06666666666666667,
        "sst": 28.27999326437714,
        "chlorophyll": 0.14086857438087463,
        "current_u": -0.18327391147613525,
        "current_v": 0.31512901186943054,
        "bathymetry": 763.3331298828125
      }
    },
    {
      "type": "Feature",
      "geometry": {
        "type": "Point",
        "coordinates": [
          81.09999999999988,
          9.299999999999985
        ]
      },
      "properties": {
        "fish_zone": 0,
        "fish_probability": 0.06,
        "sst": 28.299993263930105,
        "chlorophyll": 0.1354537010192871,
        "current_u": -0.1779850274324417,
        "current_v": 0.35542505979537964,
        "bathymetry": 763.3331298828125
      }
    },
    {
      "type": "Feature",
      "geometry": {
        "type": "Point",
        "coordinates": [
          81.09999999999988,
          9.399999999999984
        ]
      },
      "properties": {
        "fish_zone": 0,
        "fish_probability": 0.0,
        "sst": 28.309993263706588,
        "chlorophyll": 0.1319488286972046,
        "current_u": -0.17933954298496246,
        "current_v": 0.36735665798187256,
        "bathymetry": 2225.077880859375
      }
    },
    {
      "type": "Feature",
      "geometry": {
        "type": "Point",
        "coordinates": [
          81.09999999999988,
          9.499999999999984
        ]
      },
      "properties": {
        "fish_zone": 0,
        "fish_probability": 0.0,
        "sst": 28.27999326437714,
        "chlorophyll": 0.1307642012834549,
        "current_u": -0.17901866137981415,
        "current_v": 0.36398324370384216,
        "bathymetry": 3220.820068359375
      }
    },
    {
      "type": "Feature",
      "geometry": {
        "type": "Point",
        "coordinates": [
          81.09999999999988,
          9.599999999999984
        ]
      },
      "properties": {
        "fish_zone": 0,
        "fish_probability": 0.0,
        "sst": 28.259993264824175,
        "chlorophyll": 0.1286034882068634,
        "current_u": -0.17287017405033112,
        "current_v": 0.35987526178359985,
        "bathymetry": 3220.820068359375
      }
    },
    {
      "type": "Feature",
      "geometry": {
        "type": "Point",
        "coordinates": [
          81.09999999999988,
          9.699999999999983
        ]
      },
      "properties": {
        "fish_zone": 0,
        "fish_probability": 0.0033333333333333335,
        "sst": 28.249993265047692,
        "chlorophyll": 0.12935011088848114,
        "current_u": -0.16545230150222778,
        "current_v": 0.35950785875320435,
        "bathymetry": 3597.031982421875
      }
    },
    {
      "type": "Feature",
      "geometry": {
        "type": "Point",
        "coordinates": [
          81.09999999999988,
          9.799999999999983
        ]
      },
      "properties": {
        "fish_zone": 0,
        "fish_probability": 0.0033333333333333335,
        "sst": 28.219993265718244,
        "chlorophyll": 0.13213105499744415,
        "current_u": -0.15347859263420105,
        "current_v": 0.3616987466812134,
        "bathymetry": 3597.031982421875
      }
    },
    {
      "type": "Feature",
      "geometry": {
        "type": "Point",
        "coordinates": [
          81.09999999999988,
          9.899999999999983
        ]
      },
      "properties": {
        "fish_zone": 0,
        "fish_probability": 0.0033333333333333335,
        "sst": 28.179993266612314,
        "chlorophyll": 0.13217942416667938,
        "current_u": -0.13823726773262024,
        "current_v": 0.3447656035423279,
        "bathymetry": 3597.031982421875
      }
    },
    {
      "type": "Feature",
      "geometry": {
        "type": "Point",
        "coordinates": [
          81.19999999999987,
          5.0
        ]
      },
      "properties": {
        "fish_zone": 0,
        "fish_probability": 0.0033333333333333335,
        "sst": 29.039993247389816,
        "chlorophyll": 0.04949432611465454,
        "current_u": -0.18016019463539124,
        "current_v": 0.09297560900449753,
        "bathymetry": 4405.22412109375
      }
    },
    {
      "type": "Feature",
      "geometry": {
        "type": "Point",
        "coordinates": [
          81.19999999999987,
          5.1
        ]
      },
      "properties": {
        "fish_zone": 0,
        "fish_probability": 0.0,
        "sst": 28.89999325051906,
        "chlorophyll": 0.05768273025751114,
        "current_u": -0.13628219068050385,
        "current_v": 0.077466681599617,
        "bathymetry": 4405.22412109375
      }
    },
    {
      "type": "Feature",
      "geometry": {
        "type": "Point",
        "coordinates": [
          81.19999999999987,
          5.199999999999999
        ]
      },
      "properties": {
        "fish_zone": 0,
        "fish_probability": 0.0,
        "sst": 28.829993252083682,
        "chlorophyll": 0.061622049659490585,
        "current_u": -0.10010327398777008,
        "current_v": 0.04562978073954582,
        "bathymetry": 4405.22412109375
      }
    },
    {
      "type": "Feature",
      "geometry": {
        "type": "Point",
        "coordinates": [
          81.19999999999987,
          5.299999999999999
        ]
      },
      "properties": {
        "fish_zone": 0,
        "fish_probability": 0.0,
        "sst": 28.679993255436443,
        "chlorophyll": 0.07261570543050766,
        "current_u": -0.13287699222564697,
        "current_v": -0.026547495275735855,
        "bathymetry": 4405.22412109375
      }
    },
    {
      "type": "Feature",
      "geometry": {
        "type": "Point",
        "coordinates": [
          81.19999999999987,
          5.399999999999999
        ]
      },
      "properties": {
        "fish_zone": 0,
        "fish_probability": 0.006666666666666667,
        "sst": 28.5899932574481,
        "chlorophyll": 0.08020901679992676,
        "current_u": -0.18916374444961548,
        "current_v": -0.034141574054956436,
        "bathymetry": 3992.48388671875
      }
    },
    {
      "type": "Feature",
      "geometry": {
        "type": "Point",
        "coordinates": [
          81.19999999999987,
          5.499999999999998
        ]
      },
      "properties": {
        "fish_zone": 0,
        "fish_probability": 0.0,
        "sst": 28.42999326102438,
        "chlorophyll": 0.09482752531766891,
        "current_u": -0.25438281893730164,
        "current_v": -0.039350807666778564,
        "bathymetry": 3992.48388671875
      }
    },
    {
      "type": "Feature",
      "geometry": {
        "type": "Point",
        "coordinates": [
          81.19999999999987,
          5.599999999999998
        ]
      },
      "properties": {
        "fish_zone": 0,
        "fish_probability": 0.006666666666666667,
        "sst": 28.289993264153622,
        "chlorophyll": 0.10302194207906723,
        "current_u": -0.315382182598114,
        "current_v": -0.050349973142147064,
        "bathymetry": 3597.031982421875
      }
    },
    {
      "type": "Feature",
      "geometry": {
        "type": "Point",
        "coordinates": [
          81.19999999999987,
          5.6999999999999975
        ]
      },
      "properties": {
        "fish_zone": 0,
        "fish_probability": 0.006666666666666667,
        "sst": 28.23999326527121,
        "chlorophyll": 0.11060995608568192,
        "current_u": -0.36026036739349365,
        "current_v": -0.05714692920446396,
        "bathymetry": 3220.820068359375
      }
    },
    {
      "type": "Feature",
      "geometry": {
        "type": "Point",
        "coordinates": [
          81.19999999999987,
          5.799999999999997
        ]
      },
      "properties": {
        "fish_zone": 0,
        "fish_probability": 0.09666666666666666,
        "sst": 28.099993268400453,
        "chlorophyll": 0.12366848438978195,
        "current_u": -0.45862293243408203,
        "current_v": -0.07343151420354843,
        "bathymetry": 1062.43994140625
      }
    },
    {
      "type": "Feature",
      "geometry": {
        "type": "Point",
        "coordinates": [
          81.19999999999987,
          5.899999999999997
        ]
      },
      "properties": {
        "fish_zone": 0,
        "fish_probability": 0.08,
        "sst": 27.959993271529697,
        "chlorophyll": 0.1364218294620514,
        "current_u": -0.5163405537605286,
        "current_v": -0.09362389147281647,
        "bathymetry": 155.85069274902344
      }
    },
    {
      "type": "Feature",
      "geometry": {
        "type": "Point",
        "coordinates": [
          81.19999999999987,
          5.9999999999999964
        ]
      },
      "properties": {
        "fish_zone": 0,
        "fish_probability": 0.13333333333333333,
        "sst": 27.879993273317837,
        "chlorophyll": 0.16215315461158752,
        "current_u": -0.45060160756111145,
        "current_v": -0.09758307039737701,
        "bathymetry": 65.80726623535156
      }
    },
    {
      "type": "Feature",
      "geometry": {
        "type": "Point",
        "coordinates": [
          81.19999999999987,
          6.099999999999996
        ]
      },
      "properties": {
        "fish_zone": 1,
        "fish_probability": 0.9366666666666666,
        "sst": 27.869993273541354,
        "chlorophyll": 0.3520441949367523,
        "current_u": -0.2349112182855606,
        "current_v": -0.10865548998117447,
        "bathymetry": 34.43415069580078
      }
    },
    {
      "type": "Feature",
      "geometry": {
        "type": "Point",
        "coordinates": [
          81.19999999999987,
          8.799999999999986
        ]
      },
      "properties": {
        "fish_zone": 0,
        "fish_probability": 0.016666666666666666,
        "sst": 28.299993263930105,
        "chlorophyll": 0.1944963037967682,
        "current_u": -0.061181217432022095,
        "current_v": 0.07516352832317352,
        "bathymetry": 11.404999732971191
      }
    },
    {
      "type": "Feature",
      "geometry": {
        "type": "Point",
        "coordinates": [
          81.19999999999987,
          8.899999999999986
        ]
      },
      "properties": {
        "fish_zone": 0,
        "fish_probability": 0.07,
        "sst": 28.329993263259553,
        "chlorophyll": 0.16203178465366364,
        "current_u": -0.1282709836959839,
        "current_v": 0.18242502212524414,
        "bathymetry": 47.37369155883789
      }
    },
    {
      "type": "Feature",
      "geometry": {
        "type": "Point",
        "coordinates": [
          81.19999999999987,
          8.999999999999986
        ]
      },
      "properties": {
        "fish_zone": 0,
        "fish_probability": 0.07333333333333333,
        "sst": 28.359993262589,
        "chlorophyll": 0.13880018889904022,
        "current_u": -0.18838630616664886,
        "current_v": 0.26184776425361633,
        "bathymetry": 318.1274108886719
      }
    },
    {
      "type": "Feature",
      "geometry": {
        "type": "Point",
        "coordinates": [
          81.19999999999987,
          9.099999999999985
        ]
      },
      "properties": {
        "fish_zone": 0,
        "fish_probability": 0.04,
        "sst": 28.339993263036035,
        "chlorophyll": 0.1300736665725708,
        "current_u": -0.20690220594406128,
        "current_v": 0.3038870096206665,
        "bathymetry": 1684.2840576171875
      }
    },
    {
      "type": "Feature",
      "geometry": {
        "type": "Point",
        "coordinates": [
          81.19999999999987,
          9.199999999999985
        ]
      },
      "properties": {
        "fish_zone": 0,
        "fish_probability": 0.006666666666666667,
        "sst": 28.309993263706588,
        "chlorophyll": 0.1293906420469284,
        "current_u": -0.2057466208934784,
        "current_v": 0.3140011131763458,
        "bathymetry": 2225.077880859375
      }
    },
    {
      "type": "Feature",
      "geometry": {
        "type": "Point",
        "coordinates": [
          81.19999999999987,
          9.299999999999985
        ]
      },
      "properties": {
        "fish_zone": 0,
        "fish_probability": 0.0,
        "sst": 28.289993264153622,
        "chlorophyll": 0.12855246663093567,
        "current_u": -0.18445277214050293,
        "current_v": 0.2868434190750122,
        "bathymetry": 2533.3359375
      }
    },
    {
      "type": "Feature",
      "geometry": {
        "type": "Point",
        "coordinates": [
          81.19999999999987,
          9.399999999999984
        ]
      },
      "properties": {
        "fish_zone": 0,
        "fish_probability": 0.0,
        "sst": 28.289993264153622,
        "chlorophyll": 0.12562577426433563,
        "current_u": -0.1784779578447342,
        "current_v": 0.2839290201663971,
        "bathymetry": 3597.031982421875
      }
    },
    {
      "type": "Feature",
      "geometry": {
        "type": "Point",
        "coordinates": [
          81.19999999999987,
          9.499999999999984
        ]
      },
      "properties": {
        "fish_zone": 0,
        "fish_probability": 0.0,
        "sst": 28.23999326527121,
        "chlorophyll": 0.12530004978179932,
        "current_u": -0.17675864696502686,
        "current_v": 0.29090192914009094,
        "bathymetry": 3597.031982421875
      }
    },
    {
      "type": "Feature",
      "geometry": {
        "type": "Point",
        "coordinates": [
          81.19999999999987,
          9.599999999999984
        ]
      },
      "properties": {
        "fish_zone": 0,
        "fish_probability": 0.0,
        "sst": 28.23999326527121,
        "chlorophyll": 0.12703894078731537,
        "current_u": -0.17322108149528503,
        "current_v": 0.3046760559082031,
        "bathymetry": 3992.48388671875
      }
    },
    {
      "type": "Feature",
      "geometry": {
        "type": "Point",
        "coordinates": [
          81.19999999999987,
          9.699999999999983
        ]
      },
      "properties": {
        "fish_zone": 0,
        "fish_probability": 0.0033333333333333335,
        "sst": 28.229993265494727,
        "chlorophyll": 0.12769100069999695,
        "current_u": -0.16783443093299866,
        "current_v": 0.3165288269519806,
        "bathymetry": 3992.48388671875
      }
    },
    {
      "type": "Feature",
      "geometry": {
        "type": "Point",
        "coordinates": [
          81.19999999999987,
          9.799999999999983
        ]
      },
      "properties": {
        "fish_zone": 0,
        "fish_probability": 0.0033333333333333335,
        "sst": 28.15999326705935,
        "chlorophyll": 0.12742891907691956,
        "current_u": -0.15252234041690826,
        "current_v": 0.33235618472099304,
        "bathymetry": 3992.48388671875
      }
    },
    {
      "type": "Feature",
      "geometry": {
        "type": "Point",
        "coordinates": [
          81.19999999999987,
          9.899999999999983
        ]
      },
      "properties": {
        "fish_zone": 0,
        "fish_probability": 0.0,
        "sst": 28.109993268176936,
        "chlorophyll": 0.13098427653312683,
        "current_u": -0.13980668783187866,
        "current_v": 0.3315093219280243,
        "bathymetry": 3992.48388671875
      }
    },
    {
      "type": "Feature",
      "geometry": {
        "type": "Point",
        "coordinates": [
          81.29999999999987,
          5.0
        ]
      },
      "properties": {
        "fish_zone": 0,
        "fish_probability": 0.0,
        "sst": 29.05999324694278,
        "chlorophyll": 0.05157652124762535,
        "current_u": -0.16540510952472687,
        "current_v": 0.07058148831129074,
        "bathymetry": 4405.22412109375
      }
    },
    {
      "type": "Feature",
      "geometry": {
        "type": "Point",
        "coordinates": [
          81.29999999999987,
          5.1
        ]
      },
      "properties": {
        "fish_zone": 0,
        "fish_probability": 0.0,
        "sst": 28.999993248283886,
        "chlorophyll": 0.058266542851924896,
        "current_u": -0.11912663280963898,
        "current_v": 0.05950622260570526,
        "bathymetry": 4405.22412109375
      }
    },
    {
      "type": "Feature",
      "geometry": {
        "type": "Point",
        "coordinates": [
          81.29999999999987,
          5.199999999999999
        ]
      },
      "properties": {
        "fish_zone": 0,
        "fish_probability": 0.0,
        "sst": 28.949993249401473,
        "chlorophyll": 0.061907026916742325,
        "current_u": -0.09021684527397156,
        "current_v": 0.028850210830569267,
        "bathymetry": 4405.22412109375
      }
    },
    {
      "type": "Feature",
      "geometry": {
        "type": "Point",
        "coordinates": [
          81.29999999999987,
          5.299999999999999
        ]
      },
      "properties": {
        "fish_zone": 0,
        "fish_probability": 0.0,
        "sst": 28.73999325409534,
        "chlorophyll": 0.07338698953390121,
        "current_u": -0.1207546666264534,
        "current_v": -0.033312540501356125,
        "bathymetry": 4405.22412109375
      }
    },
    {
      "type": "Feature",
      "geometry": {
        "type": "Point",
        "coordinates": [
          81.29999999999987,
          5.399999999999999
        ]
      },
      "properties": {
        "fish_zone": 0,
        "fish_probability": 0.0033333333333333335,
        "sst": 28.659993255883478,
        "chlorophyll": 0.08161148428916931,
        "current_u": -0.17191475629806519,
        "current_v": -0.04325355961918831,
        "bathymetry": 3992.48388671875
      }
    },
    {
      "type": "Feature",
      "geometry": {
        "type": "Point",
        "coordinates": [
          81.29999999999987,
          5.499999999999998
        ]
      },
      "properties": {
        "fish_zone": 0,
        "fish_probability": 0.0,
        "sst": 28.54999325834217,
        "chlorophyll": 0.09498122334480286,
        "current_u": -0.23449398577213287,
        "current_v": -0.05510980635881424,
        "bathymetry": 3992.48388671875
      }
    },
    {
      "type": "Feature",
      "geometry": {
        "type": "Point",
        "coordinates": [
          81.29999999999987,
          5.599999999999998
        ]
      },
      "properties": {
        "fish_zone": 0,
        "fish_probability": 0.0033333333333333335,
        "sst": 28.409993261471413,
        "chlorophyll": 0.1042112186551094,
        "current_u": -0.28685620427131653,
        "current_v": -0.07147400826215744,
        "bathymetry": 3597.031982421875
      }
    },
    {
      "type": "Feature",
      "geometry": {
        "type": "Point",
        "coordinates": [
          81.29999999999987,
          5.6999999999999975
        ]
      },
      "properties": {
        "fish_zone": 0,
        "fish_probability": 0.0,
        "sst": 28.329993263259553,
        "chlorophyll": 0.11162180453538895,
        "current_u": -0.3239761292934418,
        "current_v": -0.07888012379407883,
        "bathymetry": 3992.48388671875
      }
    },
    {
      "type": "Feature",
      "geometry": {
        "type": "Point",
        "coordinates": [
          81.29999999999987,
          5.799999999999997
        ]
      },
      "properties": {
        "fish_zone": 0,
        "fish_probability": 0.02,
        "sst": 28.11999326795342,
        "chlorophyll": 0.1252070516347885,
        "current_u": -0.4203639030456543,
        "current_v": -0.1012330874800682,
        "bathymetry": 1452.2509765625
      }
    },
    {
      "type": "Feature",
      "geometry": {
        "type": "Point",
        "coordinates": [
          81.29999999999987,
          5.899999999999997
        ]
      },
      "properties": {
        "fish_zone": 0,
        "fish_probability": 0.043333333333333335,
        "sst": 28.00999327041211,
        "chlorophyll": 0.13392645120620728,
        "current_u": -0.4931904077529907,
        "current_v": -0.14535994827747345,
        "bathymetry": 186.12559509277344
      }
    },
    {
      "type": "Feature",
      "geometry": {
        "type": "Point",
        "coordinates": [
          81.29999999999987,
          5.9999999999999964
        ]
      },
      "properties": {
        "fish_zone": 0,
        "fish_probability": 0.08666666666666667,
        "sst": 27.919993272423767,
        "chlorophyll": 0.16463448107242584,
        "current_u": -0.5101577043533325,
        "current_v": -0.1706797480583191,
        "bathymetry": 65.80726623535156
      }
    },
    {
      "type": "Feature",
      "geometry": {
        "type": "Point",
        "coordinates": [
          81.29999999999987,
          6.099999999999996
        ]
      },
      "properties": {
        "fish_zone": 1,
        "fish_probability": 0.9533333333333334,
        "sst": 27.88999327309432,
        "chlorophyll": 0.21258611977100372,
        "current_u": -0.34654828906059265,
        "current_v": -0.12437182664871216,
        "bathymetry": 47.37369155883789
      }
    },
    {
      "type": "Feature",
      "geometry": {
        "type": "Point",
        "coordinates": [
          81.29999999999987,
          8.599999999999987
        ]
      },
      "properties": {
        "fish_zone": 1,
        "fish_probability": 0.9533333333333334,
        "sst": 28.309993263706588,
        "chlorophyll": 0.22702103853225708,
        "current_u": -0.1078062355518341,
        "current_v": 0.1166188046336174,
        "bathymetry": 47.37369155883789
      }
    },
    {
      "type": "Feature",
      "geometry": {
        "type": "Point",
        "coordinates": [
          81.29999999999987,
          8.699999999999987
        ]
      },
      "properties": {
        "fish_zone": 0,
        "fish_probability": 0.04666666666666667,
        "sst": 28.349993262812518,
        "chlorophyll": 0.13722245395183563,
        "current_u": -0.11475146561861038,
        "current_v": 0.1660875529050827,
        "bathymetry": 380.2130126953125
      }
    },
    {
      "type": "Feature",
      "geometry": {
        "type": "Point",
        "coordinates": [
          81.29999999999987,
          8.799999999999986
        ]
      },
      "properties": {
        "fish_zone": 0,
        "fish_probability": 0.02666666666666667,
        "sst": 28.379993262141966,
        "chlorophyll": 0.129957914352417,
        "current_u": -0.12417461723089218,
        "current_v": 0.20488975942134857,
        "bathymetry": 1684.2840576171875
      }
    },
    {
      "type": "Feature",
      "geometry": {
        "type": "Point",
        "coordinates": [
          81.29999999999987,
          8.899999999999986
        ]
      },
      "properties": {
        "fish_zone": 0,
        "fish_probability": 0.023333333333333334,
        "sst": 28.38999326191845,
        "chlorophyll": 0.13060612976551056,
        "current_u": -0.13808274269104004,
        "current_v": 0.19591906666755676,
        "bathymetry": 1684.2840576171875
      }
    },
    {
      "type": "Feature",
      "geometry": {
        "type": "Point",
        "coordinates": [
          81.29999999999987,
          8.999999999999986
        ]
      },
      "properties": {
        "fish_zone": 0,
        "fish_probability": 0.0033333333333333335,
        "sst": 28.27999326437714,
        "chlorophyll": 0.12433179467916489,
        "current_u": -0.1507554054260254,
        "current_v": 0.18181000649929047,
        "bathymetry": 2225.077880859375
      }
    },
    {
      "type": "Feature",
      "geometry": {
        "type": "Point",
        "coordinates": [
          81.29999999999987,
          9.099999999999985
        ]
      },
      "properties": {
        "fish_zone": 0,
        "fish_probability": 0.0033333333333333335,
        "sst": 28.219993265718244,
        "chlorophyll": 0.12390217185020447,
        "current_u": -0.16312824189662933,
        "current_v": 0.17650413513183594,
        "bathymetry": 3220.820068359375
      }
    },
    {
      "type": "Feature",
      "geometry": {
        "type": "Point",
        "coordinates": [
          81.29999999999987,
          9.199999999999985
        ]
      },
      "properties": {
        "fish_zone": 0,
        "fish_probability": 0.0,
        "sst": 28.219993265718244,
        "chlorophyll": 0.12187369167804718,
        "current_u": -0.17667438089847565,
        "current_v": 0.18075940012931824,
        "bathymetry": 3597.031982421875
      }
    },
    {
      "type": "Feature",
      "geometry": {
        "type": "Point",
        "coordinates": [
          81.29999999999987,
          9.299999999999985
        ]
      },
      "properties": {
        "fish_zone": 0,
        "fish_probability": 0.0,
        "sst": 28.38999326191845,
        "chlorophyll": 0.12205581367015839,
        "current_u": -0.20130930840969086,
        "current_v": 0.20319783687591553,
        "bathymetry": 3992.48388671875
      }
    },
    {
      "type": "Feature",
      "geometry": {
        "type": "Point",
        "coordinates": [
          81.29999999999987,
          9.399999999999984
        ]
      },
      "properties": {
        "fish_zone": 0,
        "fish_probability": 0.0,
        "sst": 28.419993261247896,
        "chlorophyll": 0.12223333865404129,
        "current_u": -0.2061440348625183,
        "current_v": 0.2152818888425827,
        "bathymetry": 3992.48388671875
      }
    },
    {
      "type": "Feature",
      "geometry": {
        "type": "Point",
        "coordinates": [
          81.29999999999987,
          9.499999999999984
        ]
      },
      "properties": {
        "fish_zone": 0,
        "fish_probability": 0.0,
        "sst": 28.299993263930105,
        "chlorophyll": 0.12336111813783646,
        "current_u": -0.20853132009506226,
        "current_v": 0.22969599068164825,
        "bathymetry": 3992.48388671875
      }
    },
    {
      "type": "Feature",
      "geometry": {
        "type": "Point",
        "coordinates": [
          81.29999999999987,
          9.599999999999984
        ]
      },
      "properties": {
        "fish_zone": 0,
        "fish_probability": 0.0,
        "sst": 28.269993264600657,
        "chlorophyll": 0.12838280200958252,
        "current_u": -0.20937232673168182,
        "current_v": 0.24263283610343933,
        "bathymetry": 3992.48388671875
      }
    },
    {
      "type": "Feature",
      "geometry": {
        "type": "Point",
        "coordinates": [
          81.29999999999987,
          9.699999999999983
        ]
      },
      "properties": {
        "fish_zone": 0,
        "fish_probability": 0.0,
        "sst": 28.23999326527121,
        "chlorophyll": 0.1276445984840393,
        "current_u": -0.2053534984588623,
        "current_v": 0.25732117891311646,
        "bathymetry": 3597.031982421875
      }
    },
    {
      "type": "Feature",
      "geometry": {
        "type": "Point",
        "coordinates": [
          81.29999999999987,
          9.799999999999983
        ]
      },
      "properties": {
        "fish_zone": 0,
        "fish_probability": 0.0,
        "sst": 27.989993270859145,
        "chlorophyll": 0.12942224740982056,
        "current_u": -0.179531529545784,
        "current_v": 0.27921101450920105,
        "bathymetry": 3992.48388671875
      }
    },
    {
      "type": "Feature",
      "geometry": {
        "type": "Point",
        "coordinates": [
          81.29999999999987,
          9.899999999999983
        ]
      },
      "properties": {
        "fish_zone": 0,
        "fish_probability": 0.0,
        "sst": 27.909993272647284,
        "chlorophyll": 0.12987656891345978,
        "current_u": -0.16172246634960175,
        "current_v": 0.28877028822898865,
        "bathymetry": 3992.48388671875
      }
    },
    {
      "type": "Feature",
      "geometry": {
        "type": "Point",
        "coordinates": [
          81.39999999999986,
          5.0
        ]
      },
      "properties": {
        "fish_zone": 0,
        "fish_probability": 0.0,
        "sst": 29.12999324537816,
        "chlorophyll": 0.05431993678212166,
        "current_u": -0.1622561663389206,
        "current_v": 0.0638992190361023,
        "bathymetry": 4405.22412109375
      }
    },
    {
      "type": "Feature",
      "geometry": {
        "type": "Point",
        "coordinates": [
          81.39999999999986,
          5.1
        ]
      },
      "properties": {
        "fish_zone": 0,
        "fish_probability": 0.0,
        "sst": 29.05999324694278,
        "chlorophyll": 0.05830205976963043,
        "current_u": -0.11647134274244308,
        "current_v": 0.05506114289164543,
        "bathymetry": 4405.22412109375
      }
    },
    {
      "type": "Feature",
      "geometry": {
        "type": "Point",
        "coordinates": [
          81.39999999999986,
          5.199999999999999
        ]
      },
      "properties": {
        "fish_zone": 0,
        "fish_probability": 0.0,
        "sst": 28.999993248283886,
        "chlorophyll": 0.06349994242191315,
        "current_u": -0.08876626938581467,
        "current_v": 0.025031033903360367,
        "bathymetry": 4405.22412109375
      }
    },
    {
      "type": "Feature",
      "geometry": {
        "type": "Point",
        "coordinates": [
          81.39999999999986,
          5.299999999999999
        ]
      },
      "properties": {
        "fish_zone": 0,
        "fish_probability": 0.0,
        "sst": 28.799993252754234,
        "chlorophyll": 0.07364103943109512,
        "current_u": -0.11363914608955383,
        "current_v": -0.034404583275318146,
        "bathymetry": 4405.22412109375
      }
    },
    {
      "type": "Feature",
      "geometry": {
        "type": "Point",
        "coordinates": [
          81.39999999999986,
          5.399999999999999
        ]
      },
      "properties": {
        "fish_zone": 0,
        "fish_probability": 0.0033333333333333335,
        "sst": 28.729993254318856,
        "chlorophyll": 0.0803489238023758,
        "current_u": -0.159685418009758,
        "current_v": -0.04622804746031761,
        "bathymetry": 3992.48388671875
      }
    },
    {
      "type": "Feature",
      "geometry": {
        "type": "Point",
        "coordinates": [
          81.39999999999986,
          5.499999999999998
        ]
      },
      "properties": {
        "fish_zone": 0,
        "fish_probability": 0.0033333333333333335,
        "sst": 28.639993256330513,
        "chlorophyll": 0.0944020226597786,
        "current_u": -0.21748216450214386,
        "current_v": -0.06122387945652008,
        "bathymetry": 3992.48388671875
      }
    },
    {
      "type": "Feature",
      "geometry": {
        "type": "Point",
        "coordinates": [
          81.39999999999986,
          5.599999999999998
        ]
      },
      "properties": {
        "fish_zone": 0,
        "fish_probability": 0.0,
        "sst": 28.47999325990679,
        "chlorophyll": 0.10117460787296295,
        "current_u": -0.2648068070411682,
        "current_v": -0.07706497609615326,
        "bathymetry": 3992.48388671875
      }
    },
    {
      "type": "Feature",
      "geometry": {
        "type": "Point",
        "coordinates": [
          81.39999999999986,
          5.6999999999999975
        ]
      },
      "properties": {
        "fish_zone": 0,
        "fish_probability": 0.0,
        "sst": 28.38999326191845,
        "chlorophyll": 0.1075606495141983,
        "current_u": -0.29972440004348755,
        "current_v": -0.08114227652549744,
        "bathymetry": 3992.48388671875
      }
    },
    {
      "type": "Feature",
      "geometry": {
        "type": "Point",
        "coordinates": [
          81.39999999999986,
          5.799999999999997
        ]
      },
      "properties": {
        "fish_zone": 0,
        "fish_probability": 0.0,
        "sst": 28.149993267282866,
        "chlorophyll": 0.11904776841402054,
        "current_u": -0.3939964473247528,
        "current_v": -0.10663808882236481,
        "bathymetry": 2533.3359375
      }
    },
    {
      "type": "Feature",
      "geometry": {
        "type": "Point",
        "coordinates": [
          81.39999999999986,
          5.899999999999997
        ]
      },
      "properties": {
        "fish_zone": 0,
        "fish_probability": 0.03,
        "sst": 28.029993269965075,
        "chlorophyll": 0.13179977238178253,
        "current_u": -0.45864400267601013,
        "current_v": -0.16106393933296204,
        "bathymetry": 1062.43994140625
      }
    },
    {
      "type": "Feature",
      "geometry": {
        "type": "Point",
        "coordinates": [
          81.39999999999986,
          5.9999999999999964
        ]
      },
      "properties": {
        "fish_zone": 0,
        "fish_probability": 0.03,
        "sst": 27.96999327130618,
        "chlorophyll": 0.14492961764335632,
        "current_u": -0.5038724541664124,
        "current_v": -0.20416049659252167,
        "bathymetry": 155.85069274902344
      }
    },
    {
      "type": "Feature",
      "geometry": {
        "type": "Point",
        "coordinates": [
          81.39999999999986,
          6.099999999999996
        ]
      },
      "properties": {
        "fish_zone": 0,
        "fish_probability": 0.08333333333333333,
        "sst": 27.949993271753215,
        "chlorophyll": 0.19551824033260345,
        "current_u": -0.4127770662307739,
        "current_v": -0.18316517770290375,
        "bathymetry": 77.85385131835938
      }
    },
    {
      "type": "Feature",
      "geometry": {
        "type": "Point",
        "coordinates": [
          81.39999999999986,
          6.199999999999996
        ]
      },
      "properties": {
        "fish_zone": 1,
        "fish_probability": 0.95,
        "sst": 27.939993271976732,
        "chlorophyll": 0.2965117394924164,
        "current_u": -0.15163907408714294,
        "current_v": -0.16784682869911194,
        "bathymetry": 15.810070037841797
      }
    },
    {
      "type": "Feature",
      "geometry": {
        "type": "Point",
        "coordinates": [
          81.39999999999986,
          8.299999999999988
        ]
      },
      "properties": {
        "fish_zone": 0,
        "fish_probability": 0.10666666666666667,
        "sst": 28.379993262141966,
        "chlorophyll": 0.24930532276630402,
        "current_u": -0.03306315466761589,
        "current_v": 0.01706155575811863,
        "bathymetry": 18.495559692382812
      }
    },
    {
      "type": "Feature",
      "geometry": {
        "type": "Point",
        "coordinates": [
          81.39999999999986,
          8.399999999999988
        ]
      },
      "properties": {
        "fish_zone": 0,
        "fish_probability": 0.26666666666666666,
        "sst": 28.359993262589,
        "chlorophyll": 0.2772468626499176,
        "current_u": -0.051634758710861206,
        "current_v": 0.07228229939937592,
        "bathymetry": 21.598819732666016
      }
    },
    {
      "type": "Feature",
      "geometry": {
        "type": "Point",
        "coordinates": [
          81.39999999999986,
          8.499999999999988
        ]
      },
      "properties": {
        "fish_zone": 0,
        "fish_probability": 0.056666666666666664,
        "sst": 28.329993263259553,
        "chlorophyll": 0.1599520444869995,
        "current_u": -0.08077585697174072,
        "current_v": 0.14618484675884247,
        "bathymetry": 40.344051361083984
      }
    },
    {
      "type": "Feature",
      "geometry": {
        "type": "Point",
        "coordinates": [
          81.39999999999986,
          8.599999999999987
        ]
      },
      "properties": {
        "fish_zone": 0,
        "fish_probability": 0.09333333333333334,
        "sst": 28.459993260353826,
        "chlorophyll": 0.1299898624420166,
        "current_u": -0.10898859053850174,
        "current_v": 0.17432260513305664,
        "bathymetry": 65.80726623535156
      }
    },
    {
      "type": "Feature",
      "geometry": {
        "type": "Point",
        "coordinates": [
          81.39999999999986,
          8.699999999999987
        ]
      },
      "properties": {
        "fish_zone": 0,
        "fish_probability": 0.03,
        "sst": 28.529993258789204,
        "chlorophyll": 0.12166061252355576,
        "current_u": -0.10790944844484329,
        "current_v": 0.17855411767959595,
        "bathymetry": 763.3331298828125
      }
    },
    {
      "type": "Feature",
      "geometry": {
        "type": "Point",
        "coordinates": [
          81.39999999999986,
          8.799999999999986
        ]
      },
      "properties": {
        "fish_zone": 0,
        "fish_probability": 0.006666666666666667,
        "sst": 28.519993259012722,
        "chlorophyll": 0.12574823200702667,
        "current_u": -0.10860597342252731,
        "current_v": 0.15875764191150665,
        "bathymetry": 2533.3359375
      }
    },
    {
      "type": "Feature",
      "geometry": {
        "type": "Point",
        "coordinates": [
          81.39999999999986,
          8.899999999999986
        ]
      },
      "properties": {
        "fish_zone": 0,
        "fish_probability": 0.0033333333333333335,
        "sst": 28.449993260577344,
        "chlorophyll": 0.12341644614934921,
        "current_u": -0.1249207854270935,
        "current_v": 0.15334847569465637,
        "bathymetry": 2865.702880859375
      }
    },
    {
      "type": "Feature",
      "geometry": {
        "type": "Point",
        "coordinates": [
          81.39999999999986,
          8.999999999999986
        ]
      },
      "properties": {
        "fish_zone": 0,
        "fish_probability": 0.0033333333333333335,
        "sst": 28.259993264824175,
        "chlorophyll": 0.12207762151956558,
        "current_u": -0.1445426493883133,
        "current_v": 0.15019235014915466,
        "bathymetry": 3220.820068359375
      }
    },
    {
      "type": "Feature",
      "geometry": {
        "type": "Point",
        "coordinates": [
          81.39999999999986,
          9.099999999999985
        ]
      },
      "properties": {
        "fish_zone": 0,
        "fish_probability": 0.0033333333333333335,
        "sst": 28.19999326616528,
        "chlorophyll": 0.11971838027238846,
        "current_u": -0.16446495056152344,
        "current_v": 0.1491655558347702,
        "bathymetry": 3597.031982421875
      }
    },
    {
      "type": "Feature",
      "geometry": {
        "type": "Point",
        "coordinates": [
          81.39999999999986,
          9.199999999999985
        ]
      },
      "properties": {
        "fish_zone": 0,
        "fish_probability": 0.0,
        "sst": 28.189993266388797,
        "chlorophyll": 0.1216999888420105,
        "current_u": -0.18610341846942902,
        "current_v": 0.15013204514980316,
        "bathymetry": 3992.48388671875
      }
    },
    {
      "type": "Feature",
      "geometry": {
        "type": "Point",
        "coordinates": [
          81.39999999999986,
          9.299999999999985
        ]
      },
      "properties": {
        "fish_zone": 0,
        "fish_probability": 0.0,
        "sst": 28.38999326191845,
        "chlorophyll": 0.12172608822584152,
        "current_u": -0.2214551717042923,
        "current_v": 0.1646478772163391,
        "bathymetry": 3992.48388671875
      }
    },
    {
      "type": "Feature",
      "geometry": {
        "type": "Point",
        "coordinates": [
          81.39999999999986,
          9.399999999999984
        ]
      },
      "properties": {
        "fish_zone": 0,
        "fish_probability": 0.0,
        "sst": 28.449993260577344,
        "chlorophyll": 0.11899079382419586,
        "current_u": -0.2313564121723175,
        "current_v": 0.17682452499866486,
        "bathymetry": 3992.48388671875
      }
    },
    {
      "type": "Feature",
      "geometry": {
        "type": "Point",
        "coordinates": [
          81.39999999999986,
          9.499999999999984
        ]
      },
      "properties": {
        "fish_zone": 0,
        "fish_probability": 0.0,
        "sst": 28.39999326169493,
        "chlorophyll": 0.12019011378288269,
        "current_u": -0.23700864613056183,
        "current_v": 0.19074200093746185,
        "bathymetry": 3992.48388671875
      }
    },
    {
      "type": "Feature",
      "geometry": {
        "type": "Point",
        "coordinates": [
          81.39999999999986,
          9.599999999999984
        ]
      },
      "properties": {
        "fish_zone": 0,
        "fish_probability": 0.0,
        "sst": 28.329993263259553,
        "chlorophyll": 0.12595047056674957,
        "current_u": -0.23784585297107697,
        "current_v": 0.20429499447345734,
        "bathymetry": 3992.48388671875
      }
    },
    {
      "type": "Feature",
      "geometry": {
        "type": "Point",
        "coordinates": [
          81.39999999999986,
          9.699999999999983
        ]
      },
      "properties": {
        "fish_zone": 0,
        "fish_probability": 0.0,
        "sst": 28.249993265047692,
        "chlorophyll": 0.12835592031478882,
        "current_u": -0.2314411997795105,
        "current_v": 0.2173965722322464,
        "bathymetry": 3597.031982421875
      }
    },
    {
      "type": "Feature",
      "geometry": {
        "type": "Point",
        "coordinates": [
          81.39999999999986,
          9.799999999999983
        ]
      },
      "properties": {
        "fish_zone": 0,
        "fish_probability": 0.0,
        "sst": 27.96999327130618,
        "chlorophyll": 0.12923072278499603,
        "current_u": -0.20199942588806152,
        "current_v": 0.24388553202152252,
        "bathymetry": 3992.48388671875
      }
    },
    {
      "type": "Feature",
      "geometry": {
        "type": "Point",
        "coordinates": [
          81.39999999999986,
          9.899999999999983
        ]
      },
      "properties": {
        "fish_zone": 0,
        "fish_probability": 0.0,
        "sst": 27.909993272647284,
        "chlorophyll": 0.12943772971630096,
        "current_u": -0.18324141204357147,
        "current_v": 0.25594785809516907,
        "bathymetry": 3992.48388671875
      }
    },
    {
      "type": "Feature",
      "geometry": {
        "type": "Point",
        "coordinates": [
          81.49999999999986,
          5.0
        ]
      },
      "properties": {
        "fish_zone": 0,
        "fish_probability": 0.0,
        "sst": 29.159993244707607,
        "chlorophyll": 0.0539526604115963,
        "current_u": -0.16141065955162048,
        "current_v": 0.05850338190793991,
        "bathymetry": 4405.22412109375
      }
    },
    {
      "type": "Feature",
      "geometry": {
        "type": "Point",
        "coordinates": [
          81.49999999999986,
          5.1
        ]
      },
      "properties": {
        "fish_zone": 0,
        "fish_probability": 0.0,
        "sst": 29.0499932471663,
        "chlorophyll": 0.05440552905201912,
        "current_u": -0.11724257469177246,
        "current_v": 0.05312105640769005,
        "bathymetry": 4405.22412109375
      }
    },
    {
      "type": "Feature",
      "geometry": {
        "type": "Point",
        "coordinates": [
          81.49999999999986,
          5.199999999999999
        ]
      },
      "properties": {
        "fish_zone": 0,
        "fish_probability": 0.0,
        "sst": 28.969993248954438,
        "chlorophyll": 0.06294557452201843,
        "current_u": -0.08826228976249695,
        "current_v": 0.025328684598207474,
        "bathymetry": 4405.22412109375
      }
    },
    {
      "type": "Feature",
      "geometry": {
        "type": "Point",
        "coordinates": [
          81.49999999999986,
          5.299999999999999
        ]
      },
      "properties": {
        "fish_zone": 0,
        "fish_probability": 0.0,
        "sst": 28.8199932523072,
        "chlorophyll": 0.07003555446863174,
        "current_u": -0.10679551213979721,
        "current_v": -0.032694701105356216,
        "bathymetry": 4405.22412109375
      }
    },
    {
      "type": "Feature",
      "geometry": {
        "type": "Point",
        "coordinates": [
          81.49999999999986,
          5.399999999999999
        ]
      },
      "properties": {
        "fish_zone": 0,
        "fish_probability": 0.0,
        "sst": 28.769993253424786,
        "chlorophyll": 0.07879924029111862,
        "current_u": -0.14571212232112885,
        "current_v": -0.04687831923365593,
        "bathymetry": 4405.22412109375
      }
    },
    {
      "type": "Feature",
      "geometry": {
        "type": "Point",
        "coordinates": [
          81.49999999999986,
          5.499999999999998
        ]
      },
      "properties": {
        "fish_zone": 0,
        "fish_probability": 0.0033333333333333335,
        "sst": 28.69999325498941,
        "chlorophyll": 0.08882217109203339,
        "current_u": -0.19582533836364746,
        "current_v": -0.0613420233130455,
        "bathymetry": 3992.48388671875
      }
    },
    {
      "type": "Feature",
      "geometry": {
        "type": "Point",
        "coordinates": [
          81.49999999999986,
          5.599999999999998
        ]
      },
      "properties": {
        "fish_zone": 0,
        "fish_probability": 0.0033333333333333335,
        "sst": 28.569993257895135,
        "chlorophyll": 0.09657558053731918,
        "current_u": -0.2394028604030609,
        "current_v": -0.0736783966422081,
        "bathymetry": 3992.48388671875
      }
    },
    {
      "type": "Feature",
      "geometry": {
        "type": "Point",
        "coordinates": [
          81.49999999999986,
          5.6999999999999975
        ]
      },
      "properties": {
        "fish_zone": 0,
        "fish_probability": 0.0,
        "sst": 28.47999325990679,
        "chlorophyll": 0.10238473117351532,
        "current_u": -0.2793525159358978,
        "current_v": -0.07687791436910629,
        "bathymetry": 3992.48388671875
      }
    },
    {
      "type": "Feature",
      "geometry": {
        "type": "Point",
        "coordinates": [
          81.49999999999986,
          5.799999999999997
        ]
      },
      "properties": {
        "fish_zone": 0,
        "fish_probability": 0.0,
        "sst": 28.209993265941762,
        "chlorophyll": 0.11433195322751999,
        "current_u": -0.3749156594276428,
        "current_v": -0.10582002252340317,
        "bathymetry": 3992.48388671875
      }
    },
    {
      "type": "Feature",
      "geometry": {
        "type": "Point",
        "coordinates": [
          81.49999999999986,
          5.899999999999997
        ]
      },
      "properties": {
        "fish_zone": 0,
        "fish_probability": 0.0,
        "sst": 28.08999326862397,
        "chlorophyll": 0.1248544454574585,
        "current_u": -0.4175945818424225,
        "current_v": -0.1664762943983078,
        "bathymetry": 2865.702880859375
      }
    },
    {
      "type": "Feature",
      "geometry": {
        "type": "Point",
        "coordinates": [
          81.49999999999986,
          5.9999999999999964
        ]
      },
      "properties": {
        "fish_zone": 0,
        "fish_probability": 0.023333333333333334,
        "sst": 28.019993270188593,
        "chlorophyll": 0.17637602984905243,
        "current_u": -0.46132275462150574,
        "current_v": -0.2612976133823395,
        "bathymetry": 1245.291015625
      }
    },
    {
      "type": "Feature",
      "geometry": {
        "type": "Point",
        "coordinates": [
          81.49999999999986,
          6.099999999999996
        ]
      },
      "properties": {
        "fish_zone": 0,
        "fish_probability": 0.023333333333333334,
        "sst": 27.979993271082662,
        "chlorophyll": 0.18705107271671295,
        "current_u": -0.45731911063194275,
        "current_v": -0.3009662330150604,
        "bathymetry": 130.66600036621094
      }
    },
    {
      "type": "Feature",
      "geometry": {
        "type": "Point",
        "coordinates": [
          81.49999999999986,
          6.199999999999996
        ]
      },
      "properties": {
        "fish_zone": 1,
        "fish_probability": 0.9766666666666667,
        "sst": 27.959993271529697,
        "chlorophyll": 0.2689816951751709,
        "current_u": -0.2906245291233063,
        "current_v": -0.1680925041437149,
        "bathymetry": 47.37369155883789
      }
    },
    {
      "type": "Feature",
      "geometry": {
        "type": "Point",
        "coordinates": [
          81.49999999999986,
          6.299999999999995
        ]
      },
      "properties": {
        "fish_zone": 1,
        "fish_probability": 0.7933333333333333,
        "sst": 27.999993270635628,
        "chlorophyll": 0.7911685109138489,
        "current_u": -0.07486288994550705,
        "current_v": -0.12411957234144211,
        "bathymetry": 11.404999732971191
      }
    },
    {
      "type": "Feature",
      "geometry": {
        "type": "Point",
        "coordinates": [
          81.49999999999986,
          8.099999999999989
        ]
      },
      "properties": {
        "fish_zone": 0,
        "fish_probability": 0.05,
        "sst": 28.289993264153622,
        "chlorophyll": 0.52376788854599,
        "current_u": -0.014765140600502491,
        "current_v": -0.0004344990593381226,
        "bathymetry": 9.572997093200684
      }
    },
    {
      "type": "Feature",
      "geometry": {
        "type": "Point",
        "coordinates": [
          81.49999999999986,
          8.199999999999989
        ]
      },
      "properties": {
        "fish_zone": 0,
        "fish_probability": 0.07333333333333333,
        "sst": 28.269993264600657,
        "chlorophyll": 0.2185426652431488,
        "current_u": -0.030966395512223244,
        "current_v": 0.033079009503126144,
        "bathymetry": 25.211410522460938
      }
    },
    {
      "type": "Feature",
      "geometry": {
        "type": "Point",
        "coordinates": [
          81.49999999999986,
          8.299999999999988
        ]
      },
      "properties": {
        "fish_zone": 0,
        "fish_probability": 0.06,
        "sst": 28.289993264153622,
        "chlorophyll": 0.13394273817539215,
        "current_u": -0.04083109647035599,
        "current_v": 0.10092522948980331,
        "bathymetry": 34.43415069580078
      }
    },
    {
      "type": "Feature",
      "geometry": {
        "type": "Point",
        "coordinates": [
          81.49999999999986,
          8.399999999999988
        ]
      },
      "properties": {
        "fish_zone": 0,
        "fish_probability": 0.06,
        "sst": 28.309993263706588,
        "chlorophyll": 0.12325959652662277,
        "current_u": -0.04793242737650871,
        "current_v": 0.1107114627957344,
        "bathymetry": 47.37369155883789
      }
    },
    {
      "type": "Feature",
      "geometry": {
        "type": "Point",
        "coordinates": [
          81.49999999999986,
          8.499999999999988
        ]
      },
      "properties": {
        "fish_zone": 0,
        "fish_probability": 0.03333333333333333,
        "sst": 28.369993262365483,
        "chlorophyll": 0.11553516983985901,
        "current_u": -0.06362937390804291,
        "current_v": 0.11978688836097717,
        "bathymetry": 186.12559509277344
      }
    },
    {
      "type": "Feature",
      "geometry": {
        "type": "Point",
        "coordinates": [
          81.49999999999986,
          8.599999999999987
        ]
      },
      "properties": {
        "fish_zone": 0,
        "fish_probability": 0.03666666666666667,
        "sst": 28.459993260353826,
        "chlorophyll": 0.11786734312772751,
        "current_u": -0.07300518453121185,
        "current_v": 0.12088198959827423,
        "bathymetry": 763.3331298828125
      }
    },
    {
      "type": "Feature",
      "geometry": {
        "type": "Point",
        "coordinates": [
          81.49999999999986,
          8.699999999999987
        ]
      },
      "properties": {
        "fish_zone": 0,
        "fish_probability": 0.03,
        "sst": 28.50999325923624,
        "chlorophyll": 0.12139401584863663,
        "current_u": -0.08028865605592728,
        "current_v": 0.11477093398571014,
        "bathymetry": 1941.8929443359375
      }
    },
    {
      "type": "Feature",
      "geometry": {
        "type": "Point",
        "coordinates": [
          81.49999999999986,
          8.799999999999986
        ]
      },
      "properties": {
        "fish_zone": 0,
        "fish_probability": 0.006666666666666667,
        "sst": 28.519993259012722,
        "chlorophyll": 0.11847995221614838,
        "current_u": -0.10569354891777039,
        "current_v": 0.11513292789459229,
        "bathymetry": 2865.702880859375
      }
    },
    {
      "type": "Feature",
      "geometry": {
        "type": "Point",
        "coordinates": [
          81.49999999999986,
          8.899999999999986
        ]
      },
      "properties": {
        "fish_zone": 0,
        "fish_probability": 0.0,
        "sst": 28.42999326102438,
        "chlorophyll": 0.11851924657821655,
        "current_u": -0.12776073813438416,
        "current_v": 0.11762818694114685,
        "bathymetry": 3220.820068359375
      }
    },
    {
      "type": "Feature",
      "geometry": {
        "type": "Point",
        "coordinates": [
          81.49999999999986,
          8.999999999999986
        ]
      },
      "properties": {
        "fish_zone": 0,
        "fish_probability": 0.0,
        "sst": 28.379993262141966,
        "chlorophyll": 0.11986017972230911,
        "current_u": -0.1523035317659378,
        "current_v": 0.1204647347331047,
        "bathymetry": 3597.031982421875
      }
    },
    {
      "type": "Feature",
      "geometry": {
        "type": "Point",
        "coordinates": [
          81.49999999999986,
          9.099999999999985
        ]
      },
      "properties": {
        "fish_zone": 0,
        "fish_probability": 0.0,
        "sst": 28.419993261247896,
        "chlorophyll": 0.12212169915437698,
        "current_u": -0.17788667976856232,
        "current_v": 0.12278162688016891,
        "bathymetry": 3597.031982421875
      }
    },
    {
      "type": "Feature",
      "geometry": {
        "type": "Point",
        "coordinates": [
          81.49999999999986,
          9.199999999999985
        ]
      },
      "properties": {
        "fish_zone": 0,
        "fish_probability": 0.0,
        "sst": 28.369993262365483,
        "chlorophyll": 0.12017424404621124,
        "current_u": -0.20258213579654694,
        "current_v": 0.1253979653120041,
        "bathymetry": 3597.031982421875
      }
    },
    {
      "type": "Feature",
      "geometry": {
        "type": "Point",
        "coordinates": [
          81.49999999999986,
          9.299999999999985
        ]
      },
      "properties": {
        "fish_zone": 0,
        "fish_probability": 0.0,
        "sst": 28.359993262589,
        "chlorophyll": 0.12005217373371124,
        "current_u": -0.2413349151611328,
        "current_v": 0.14127086102962494,
        "bathymetry": 3992.48388671875
      }
    },
    {
      "type": "Feature",
      "geometry": {
        "type": "Point",
        "coordinates": [
          81.49999999999986,
          9.399999999999984
        ]
      },
      "properties": {
        "fish_zone": 0,
        "fish_probability": 0.0,
        "sst": 28.379993262141966,
        "chlorophyll": 0.12001321464776993,
        "current_u": -0.25344163179397583,
        "current_v": 0.1521274745464325,
        "bathymetry": 3992.48388671875
      }
    },
    {
      "type": "Feature",
      "geometry": {
        "type": "Point",
        "coordinates": [
          81.49999999999986,
          9.499999999999984
        ]
      },
      "properties": {
        "fish_zone": 0,
        "fish_probability": 0.0,
        "sst": 28.409993261471413,
        "chlorophyll": 0.12329855561256409,
        "current_u": -0.25897839665412903,
        "current_v": 0.1621222048997879,
        "bathymetry": 3992.48388671875
      }
    },
    {
      "type": "Feature",
      "geometry": {
        "type": "Point",
        "coordinates": [
          81.49999999999986,
          9.599999999999984
        ]
      },
      "properties": {
        "fish_zone": 0,
        "fish_probability": 0.0,
        "sst": 28.349993262812518,
        "chlorophyll": 0.1300155222415924,
        "current_u": -0.2577497065067291,
        "current_v": 0.17180457711219788,
        "bathymetry": 3992.48388671875
      }
    },
    {
      "type": "Feature",
      "geometry": {
        "type": "Point",
        "coordinates": [
          81.49999999999986,
          9.699999999999983
        ]
      },
      "properties": {
        "fish_zone": 0,
        "fish_probability": 0.0,
        "sst": 28.259993264824175,
        "chlorophyll": 0.13007982075214386,
        "current_u": -0.24884259700775146,
        "current_v": 0.18337252736091614,
        "bathymetry": 3992.48388671875
      }
    },
    {
      "type": "Feature",
      "geometry": {
        "type": "Point",
        "coordinates": [
          81.49999999999986,
          9.799999999999983
        ]
      },
      "properties": {
        "fish_zone": 0,
        "fish_probability": 0.0,
        "sst": 28.069993269071006,
        "chlorophyll": 0.12737390398979187,
        "current_u": -0.21808390319347382,
        "current_v": 0.21104386448860168,
        "bathymetry": 3992.48388671875
      }
    },
    {
      "type": "Feature",
      "geometry": {
        "type": "Point",
        "coordinates": [
          81.49999999999986,
          9.899999999999983
        ]
      },
      "properties": {
        "fish_zone": 0,
        "fish_probability": 0.0,
        "sst": 28.029993269965075,
        "chlorophyll": 0.1283564269542694,
        "current_u": -0.20047125220298767,
        "current_v": 0.22553779184818268,
        "bathymetry": 3597.031982421875
      }
    },
    {
      "type": "Feature",
      "geometry": {
        "type": "Point",
        "coordinates": [
          81.59999999999985,
          5.0
        ]
      },
      "properties": {
        "fish_zone": 0,
        "fish_probability": 0.0,
        "sst": 29.149993244931125,
        "chlorophyll": 0.053181279450654984,
        "current_u": -0.16200502216815948,
        "current_v": 0.05397051200270653,
        "bathymetry": 4405.22412109375
      }
    },
    {
      "type": "Feature",
      "geometry": {
        "type": "Point",
        "coordinates": [
          81.59999999999985,
          5.1
        ]
      },
      "properties": {
        "fish_zone": 0,
        "fish_probability": 0.0,
        "sst": 29.039993247389816,
        "chlorophyll": 0.05449001491069794,
        "current_u": -0.12102426588535309,
        "current_v": 0.05261349678039551,
        "bathymetry": 4405.22412109375
      }
    },
    {
      "type": "Feature",
      "geometry": {
        "type": "Point",
        "coordinates": [
          81.59999999999985,
          5.199999999999999
        ]
      },
      "properties": {
        "fish_zone": 0,
        "fish_probability": 0.0,
        "sst": 28.969993248954438,
        "chlorophyll": 0.060847919434309006,
        "current_u": -0.08914367854595184,
        "current_v": 0.029107650741934776,
        "bathymetry": 4405.22412109375
      }
    },
    {
      "type": "Feature",
      "geometry": {
        "type": "Point",
        "coordinates": [
          81.59999999999985,
          5.299999999999999
        ]
      },
      "properties": {
        "fish_zone": 0,
        "fish_probability": 0.0,
        "sst": 28.849993251636647,
        "chlorophyll": 0.0673416331410408,
        "current_u": -0.09970445930957794,
        "current_v": -0.026294585317373276,
        "bathymetry": 4405.22412109375
      }
    },
    {
      "type": "Feature",
      "geometry": {
        "type": "Point",
        "coordinates": [
          81.59999999999985,
          5.399999999999999
        ]
      },
      "properties": {
        "fish_zone": 0,
        "fish_probability": 0.0,
        "sst": 28.799993252754234,
        "chlorophyll": 0.07495075464248657,
        "current_u": -0.13053275644779205,
        "current_v": -0.041545309126377106,
        "bathymetry": 4405.22412109375
      }
    },
    {
      "type": "Feature",
      "geometry": {
        "type": "Point",
        "coordinates": [
          81.59999999999985,
          5.499999999999998
        ]
      },
      "properties": {
        "fish_zone": 0,
        "fish_probability": 0.0,
        "sst": 28.719993254542374,
        "chlorophyll": 0.08076848834753036,
        "current_u": -0.1723187267780304,
        "current_v": -0.05240992084145546,
        "bathymetry": 3992.48388671875
      }
    },
    {
      "type": "Feature",
      "geometry": {
        "type": "Point",
        "coordinates": [
          81.59999999999985,
          5.599999999999998
        ]
      },
      "properties": {
        "fish_zone": 0,
        "fish_probability": 0.0033333333333333335,
        "sst": 28.599993257224583,
        "chlorophyll": 0.08605220168828964,
        "current_u": -0.21546320617198944,
        "current_v": -0.06371653825044632,
        "bathymetry": 3992.48388671875
      }
    },
    {
      "type": "Feature",
      "geometry": {
        "type": "Point",
        "coordinates": [
          81.59999999999985,
          5.6999999999999975
        ]
      },
      "properties": {
        "fish_zone": 0,
        "fish_probability": 0.0,
        "sst": 28.519993259012722,
        "chlorophyll": 0.09216099232435226,
        "current_u": -0.2627064287662506,
        "current_v": -0.07455114275217056,
        "bathymetry": 3992.48388671875
      }
    },
    {
      "type": "Feature",
      "geometry": {
        "type": "Point",
        "coordinates": [
          81.59999999999985,
          5.799999999999997
        ]
      },
      "properties": {
        "fish_zone": 0,
        "fish_probability": 0.0,
        "sst": 28.269993264600657,
        "chlorophyll": 0.10117681324481964,
        "current_u": -0.36224231123924255,
        "current_v": -0.09898322075605392,
        "bathymetry": 3992.48388671875
      }
    },
    {
      "type": "Feature",
      "geometry": {
        "type": "Point",
        "coordinates": [
          81.59999999999985,
          5.899999999999997
        ]
      },
      "properties": {
        "fish_zone": 0,
        "fish_probability": 0.0,
        "sst": 28.179993266612314,
        "chlorophyll": 0.11426623165607452,
        "current_u": -0.39367493987083435,
        "current_v": -0.12544859945774078,
        "bathymetry": 3220.820068359375
      }
    },
    {
      "type": "Feature",
      "geometry": {
        "type": "Point",
        "coordinates": [
          81.59999999999985,
          5.9999999999999964
        ]
      },
      "properties": {
        "fish_zone": 0,
        "fish_probability": 0.0,
        "sst": 28.109993268176936,
        "chlorophyll": 0.11997360736131668,
        "current_u": -0.4165004789829254,
        "current_v": -0.19417579472064972,
        "bathymetry": 2225.077880859375
      }
    },
    {
      "type": "Feature",
      "geometry": {
        "type": "Point",
        "coordinates": [
          81.59999999999985,
          6.099999999999996
        ]
      },
      "properties": {
        "fish_zone": 0,
        "fish_probability": 0.023333333333333334,
        "sst": 28.039993269741558,
        "chlorophyll": 0.1368677020072937,
        "current_u": -0.4414996802806854,
        "current_v": -0.28718623518943787,
        "bathymetry": 1062.43994140625
      }
    },
    {
      "type": "Feature",
      "geometry": {
        "type": "Point",
        "coordinates": [
          81.59999999999985,
          6.199999999999996
        ]
      },
      "properties": {
        "fish_zone": 0,
        "fish_probability": 0.02666666666666667,
        "sst": 28.019993270188593,
        "chlorophyll": 0.1581609845161438,
        "current_u": -0.405057817697525,
        "current_v": -0.2995719611644745,
        "bathymetry": 109.72930145263672
      }
    },
    {
      "type": "Feature",
      "geometry": {
        "type": "Point",
        "coordinates": [
          81.59999999999985,
          6.299999999999995
        ]
      },
      "properties": {
        "fish_zone": 1,
        "fish_probability": 0.79,
        "sst": 27.999993270635628,
        "chlorophyll": 0.3814208507537842,
        "current_u": -0.07276277989149094,
        "current_v": -0.14578558504581451,
        "bathymetry": 11.404999732971191
      }
    },
    {
      "type": "Feature",
      "geometry": {
        "type": "Point",
        "coordinates": [
          81.59999999999985,
          7.89999999999999
        ]
      },
      "properties": {
        "fish_zone": 0,
        "fish_probability": 0.013333333333333334,
        "sst": 28.23999326527121,
        "chlorophyll": 0.2640210688114166,
        "current_u": -0.010467855259776115,
        "current_v": -0.0031153622549027205,
        "bathymetry": 11.404999732971191
      }
    },
    {
      "type": "Feature",
      "geometry": {
        "type": "Point",
        "coordinates": [
          81.59999999999985,
          7.999999999999989
        ]
      },
      "properties": {
        "fish_zone": 0,
        "fish_probability": 0.006666666666666667,
        "sst": 28.289993264153622,
        "chlorophyll": 0.12258415669202805,
        "current_u": -0.026737486943602562,
        "current_v": 0.03373415395617485,
        "bathymetry": 18.495559692382812
      }
    },
    {
      "type": "Feature",
      "geometry": {
        "type": "Point",
        "coordinates": [
          81.59999999999985,
          8.099999999999989
        ]
      },
      "properties": {
        "fish_zone": 0,
        "fish_probability": 0.05,
        "sst": 28.269993264600657,
        "chlorophyll": 0.10921064764261246,
        "current_u": -0.028410382568836212,
        "current_v": 0.08846516907215118,
        "bathymetry": 40.344051361083984
      }
    },
    {
      "type": "Feature",
      "geometry": {
        "type": "Point",
        "coordinates": [
          81.59999999999985,
          8.199999999999989
        ]
      },
      "properties": {
        "fish_zone": 0,
        "fish_probability": 0.05333333333333334,
        "sst": 28.27999326437714,
        "chlorophyll": 0.10718216001987457,
        "current_u": -0.03690853714942932,
        "current_v": 0.09660586714744568,
        "bathymetry": 40.344051361083984
      }
    },
    {
      "type": "Feature",
      "geometry": {
        "type": "Point",
        "coordinates": [
          81.59999999999985,
          8.299999999999988
        ]
      },
      "properties": {
        "fish_zone": 0,
        "fish_probability": 0.04,
        "sst": 28.369993262365483,
        "chlorophyll": 0.1092696487903595,
        "current_u": -0.03645054250955582,
        "current_v": 0.0764523595571518,
        "bathymetry": 65.80726623535156
      }
    },
    {
      "type": "Feature",
      "geometry": {
        "type": "Point",
        "coordinates": [
          81.59999999999985,
          8.399999999999988
        ]
      },
      "properties": {
        "fish_zone": 0,
        "fish_probability": 0.01,
        "sst": 28.39999326169493,
        "chlorophyll": 0.11199110746383667,
        "current_u": -0.03616192564368248,
        "current_v": 0.05565926432609558,
        "bathymetry": 902.3392944335938
      }
    },
    {
      "type": "Feature",
      "geometry": {
        "type": "Point",
        "coordinates": [
          81.59999999999985,
          8.499999999999988
        ]
      },
      "properties": {
        "fish_zone": 0,
        "fish_probability": 0.0033333333333333335,
        "sst": 28.39999326169493,
        "chlorophyll": 0.11222980171442032,
        "current_u": -0.03898143768310547,
        "current_v": 0.05947420001029968,
        "bathymetry": 1941.8929443359375
      }
    },
    {
      "type": "Feature",
      "geometry": {
        "type": "Point",
        "coordinates": [
          81.59999999999985,
          8.599999999999987
        ]
      },
      "properties": {
        "fish_zone": 0,
        "fish_probability": 0.0,
        "sst": 28.349993262812518,
        "chlorophyll": 0.11280323565006256,
        "current_u": -0.05046216398477554,
        "current_v": 0.06782428920269012,
        "bathymetry": 2865.702880859375
      }
    },
    {
      "type": "Feature",
      "geometry": {
        "type": "Point",
        "coordinates": [
          81.59999999999985,
          8.699999999999987
        ]
      },
      "properties": {
        "fish_zone": 0,
        "fish_probability": 0.0,
        "sst": 28.349993262812518,
        "chlorophyll": 0.11028167605400085,
        "current_u": -0.07020363211631775,
        "current_v": 0.07907340675592422,
        "bathymetry": 2865.702880859375
      }
    },
    {
      "type": "Feature",
      "geometry": {
        "type": "Point",
        "coordinates": [
          81.59999999999985,
          8.799999999999986
        ]
      },
      "properties": {
        "fish_zone": 0,
        "fish_probability": 0.0,
        "sst": 28.339993263036035,
        "chlorophyll": 0.10580028593540192,
        "current_u": -0.12022839486598969,
        "current_v": 0.09896956384181976,
        "bathymetry": 3220.820068359375
      }
    },
    {
      "type": "Feature",
      "geometry": {
        "type": "Point",
        "coordinates": [
          81.59999999999985,
          8.899999999999986
        ]
      },
      "properties": {
        "fish_zone": 0,
        "fish_probability": 0.0,
        "sst": 28.269993264600657,
        "chlorophyll": 0.11270790547132492,
        "current_u": -0.14550824463367462,
        "current_v": 0.10961678624153137,
        "bathymetry": 3597.031982421875
      }
    },
    {
      "type": "Feature",
      "geometry": {
        "type": "Point",
        "coordinates": [
          81.59999999999985,
          8.999999999999986
        ]
      },
      "properties": {
        "fish_zone": 0,
        "fish_probability": 0.0,
        "sst": 28.379993262141966,
        "chlorophyll": 0.12131135910749435,
        "current_u": -0.1701745092868805,
        "current_v": 0.11876175552606583,
        "bathymetry": 3597.031982421875
      }
    },
    {
      "type": "Feature",
      "geometry": {
        "type": "Point",
        "coordinates": [
          81.59999999999985,
          9.099999999999985
        ]
      },
      "properties": {
        "fish_zone": 0,
        "fish_probability": 0.0,
        "sst": 28.46999326013031,
        "chlorophyll": 0.11801287531852722,
        "current_u": -0.194691002368927,
        "current_v": 0.1233527809381485,
        "bathymetry": 3597.031982421875
      }
    },
    {
      "type": "Feature",
      "geometry": {
        "type": "Point",
        "coordinates": [
          81.59999999999985,
          9.199999999999985
        ]
      },
      "properties": {
        "fish_zone": 0,
        "fish_probability": 0.0,
        "sst": 28.39999326169493,
        "chlorophyll": 0.11715292185544968,
        "current_u": -0.21651200950145721,
        "current_v": 0.12460549920797348,
        "bathymetry": 3597.031982421875
      }
    },
    {
      "type": "Feature",
      "geometry": {
        "type": "Point",
        "coordinates": [
          81.59999999999985,
          9.299999999999985
        ]
      },
      "properties": {
        "fish_zone": 0,
        "fish_probability": 0.0,
        "sst": 28.259993264824175,
        "chlorophyll": 0.11995062232017517,
        "current_u": -0.25418123602867126,
        "current_v": 0.12788550555706024,
        "bathymetry": 3992.48388671875
      }
    },
    {
      "type": "Feature",
      "geometry": {
        "type": "Point",
        "coordinates": [
          81.59999999999985,
          9.399999999999984
        ]
      },
      "properties": {
        "fish_zone": 0,
        "fish_probability": 0.0,
        "sst": 28.289993264153622,
        "chlorophyll": 0.11803685128688812,
        "current_u": -0.2673386037349701,
        "current_v": 0.1333146095275879,
        "bathymetry": 3992.48388671875
      }
    },
    {
      "type": "Feature",
      "geometry": {
        "type": "Point",
        "coordinates": [
          81.59999999999985,
          9.499999999999984
        ]
      },
      "properties": {
        "fish_zone": 0,
        "fish_probability": 0.0,
        "sst": 28.419993261247896,
        "chlorophyll": 0.12138145416975021,
        "current_u": -0.2736460864543915,
        "current_v": 0.13866326212882996,
        "bathymetry": 3992.48388671875
      }
    },
    {
      "type": "Feature",
      "geometry": {
        "type": "Point",
        "coordinates": [
          81.59999999999985,
          9.599999999999984
        ]
      },
      "properties": {
        "fish_zone": 0,
        "fish_probability": 0.0,
        "sst": 28.38999326191845,
        "chlorophyll": 0.12665466964244843,
        "current_u": -0.27283424139022827,
        "current_v": 0.14590947329998016,
        "bathymetry": 3992.48388671875
      }
    },
    {
      "type": "Feature",
      "geometry": {
        "type": "Point",
        "coordinates": [
          81.59999999999985,
          9.699999999999983
        ]
      },
      "properties": {
        "fish_zone": 0,
        "fish_probability": 0.0,
        "sst": 28.309993263706588,
        "chlorophyll": 0.13123323023319244,
        "current_u": -0.264608234167099,
        "current_v": 0.15587052702903748,
        "bathymetry": 3992.48388671875
      }
    },
    {
      "type": "Feature",
      "geometry": {
        "type": "Point",
        "coordinates": [
          81.59999999999985,
          9.799999999999983
        ]
      },
      "properties": {
        "fish_zone": 0,
        "fish_probability": 0.0,
        "sst": 28.149993267282866,
        "chlorophyll": 0.13075637817382812,
        "current_u": -0.23393931984901428,
        "current_v": 0.1793544590473175,
        "bathymetry": 3597.031982421875
      }
    },
    {
      "type": "Feature",
      "geometry": {
        "type": "Point",
        "coordinates": [
          81.59999999999985,
          9.899999999999983
        ]
      },
      "properties": {
        "fish_zone": 0,
        "fish_probability": 0.0,
        "sst": 28.11999326795342,
        "chlorophyll": 0.12868012487888336,
        "current_u": -0.21710947155952454,
        "current_v": 0.1918366551399231,
        "bathymetry": 3597.031982421875
      }
    },
    {
      "type": "Feature",
      "geometry": {
        "type": "Point",
        "coordinates": [
          81.69999999999985,
          5.0
        ]
      },
      "properties": {
        "fish_zone": 0,
        "fish_probability": 0.0,
        "sst": 29.139993245154642,
        "chlorophyll": 0.05377460643649101,
        "current_u": -0.1635706126689911,
        "current_v": 0.049477092921733856,
        "bathymetry": 4405.22412109375
      }
    },
    {
      "type": "Feature",
      "geometry": {
        "type": "Point",
        "coordinates": [
          81.69999999999985,
          5.1
        ]
      },
      "properties": {
        "fish_zone": 0,
        "fish_probability": 0.0,
        "sst": 29.039993247389816,
        "chlorophyll": 0.05482471361756325,
        "current_u": -0.1278652399778366,
        "current_v": 0.05266115441918373,
        "bathymetry": 4405.22412109375
      }
    },
    {
      "type": "Feature",
      "geometry": {
        "type": "Point",
        "coordinates": [
          81.69999999999985,
          5.199999999999999
        ]
      },
      "properties": {
        "fish_zone": 0,
        "fish_probability": 0.0,
        "sst": 28.97999324873092,
        "chlorophyll": 0.058809202164411545,
        "current_u": -0.09326242655515671,
        "current_v": 0.03564424440264702,
        "bathymetry": 4405.22412109375
      }
    },
    {
      "type": "Feature",
      "geometry": {
        "type": "Point",
        "coordinates": [
          81.69999999999985,
          5.299999999999999
        ]
      },
      "properties": {
        "fish_zone": 0,
        "fish_probability": 0.0,
        "sst": 28.879993250966095,
        "chlorophyll": 0.06674651056528091,
        "current_u": -0.09282635897397995,
        "current_v": -0.015124545432627201,
        "bathymetry": 4405.22412109375
      }
    },
    {
      "type": "Feature",
      "geometry": {
        "type": "Point",
        "coordinates": [
          81.69999999999985,
          5.399999999999999
        ]
      },
      "properties": {
        "fish_zone": 0,
        "fish_probability": 0.0,
        "sst": 28.8199932523072,
        "chlorophyll": 0.07231462001800537,
        "current_u": -0.11614897847175598,
        "current_v": -0.030584517866373062,
        "bathymetry": 4405.22412109375
      }
    },
    {
      "type": "Feature",
      "geometry": {
        "type": "Point",
        "coordinates": [
          81.69999999999985,
          5.499999999999998
        ]
      },
      "properties": {
        "fish_zone": 0,
        "fish_probability": 0.0,
        "sst": 28.719993254542374,
        "chlorophyll": 0.07497676461935043,
        "current_u": -0.15059973299503326,
        "current_v": -0.04002786800265312,
        "bathymetry": 4405.22412109375
      }
    },
    {
      "type": "Feature",
      "geometry": {
        "type": "Point",
        "coordinates": [
          81.69999999999985,
          5.599999999999998
        ]
      },
      "properties": {
        "fish_zone": 0,
        "fish_probability": 0.0,
        "sst": 28.599993257224583,
        "chlorophyll": 0.08308983594179153,
        "current_u": -0.19429919123649597,
        "current_v": -0.05399518087506294,
        "bathymetry": 4405.22412109375
      }
    },
    {
      "type": "Feature",
      "geometry": {
        "type": "Point",
        "coordinates": [
          81.69999999999985,
          5.6999999999999975
        ]
      },
      "properties": {
        "fish_zone": 0,
        "fish_probability": 0.0033333333333333335,
        "sst": 28.529993258789204,
        "chlorophyll": 0.08759123831987381,
        "current_u": -0.24227048456668854,
        "current_v": -0.07265109568834305,
        "bathymetry": 4405.22412109375
      }
    },
    {
      "type": "Feature",
      "geometry": {
        "type": "Point",
        "coordinates": [
          81.69999999999985,
          5.799999999999997
        ]
      },
      "properties": {
        "fish_zone": 0,
        "fish_probability": 0.0,
        "sst": 28.299993263930105,
        "chlorophyll": 0.099934883415699,
        "current_u": -0.33983707427978516,
        "current_v": -0.11423493921756744,
        "bathymetry": 3992.48388671875
      }
    },
    {
      "type": "Feature",
      "geometry": {
        "type": "Point",
        "coordinates": [
          81.69999999999985,
          5.899999999999997
        ]
      },
      "properties": {
        "fish_zone": 0,
        "fish_probability": 0.0,
        "sst": 28.209993265941762,
        "chlorophyll": 0.11390097439289093,
        "current_u": -0.37453073263168335,
        "current_v": -0.13735289871692657,
        "bathymetry": 3597.031982421875
      }
    },
    {
      "type": "Feature",
      "geometry": {
        "type": "Point",
        "coordinates": [
          81.69999999999985,
          5.9999999999999964
        ]
      },
      "properties": {
        "fish_zone": 0,
        "fish_probability": 0.0,
        "sst": 28.149993267282866,
        "chlorophyll": 0.12308724969625473,
        "current_u": -0.3874077796936035,
        "current_v": -0.1686478555202484,
        "bathymetry": 2865.702880859375
      }
    },
    {
      "type": "Feature",
      "geometry": {
        "type": "Point",
        "coordinates": [
          81.69999999999985,
          6.099999999999996
        ]
      },
      "properties": {
        "fish_zone": 0,
        "fish_probability": 0.0,
        "sst": 28.08999326862397,
        "chlorophyll": 0.13731758296489716,
        "current_u": -0.39795565605163574,
        "current_v": -0.23390816152095795,
        "bathymetry": 2533.3359375
      }
    },
    {
      "type": "Feature",
      "geometry": {
        "type": "Point",
        "coordinates": [
          81.69999999999985,
          6.199999999999996
        ]
      },
      "properties": {
        "fish_zone": 0,
        "fish_probability": 0.013333333333333334,
        "sst": 28.04999326951804,
        "chlorophyll": 0.14867359399795532,
        "current_u": -0.40104255080223083,
        "current_v": -0.3086664080619812,
        "bathymetry": 1452.2509765625
      }
    },
    {
      "type": "Feature",
      "geometry": {
        "type": "Point",
        "coordinates": [
          81.69999999999985,
          6.299999999999995
        ]
      },
      "properties": {
        "fish_zone": 0,
        "fish_probability": 0.07,
        "sst": 27.999993270635628,
        "chlorophyll": 0.17763565480709076,
        "current_u": -0.18052832782268524,
        "current_v": -0.16042768955230713,
        "bathymetry": 47.37369155883789
      }
    },
    {
      "type": "Feature",
      "geometry": {
        "type": "Point",
        "coordinates": [
          81.69999999999985,
          6.399999999999995
        ]
      },
      "properties": {
        "fish_zone": 1,
        "fish_probability": 0.79,
        "sst": 28.019993270188593,
        "chlorophyll": 0.38733646273612976,
        "current_u": -0.07728828489780426,
        "current_v": -0.16730591654777527,
        "bathymetry": 11.404999732971191
      }
    },
    {
      "type": "Feature",
      "geometry": {
        "type": "Point",
        "coordinates": [
          81.69999999999985,
          7.79999999999999
        ]
      },
      "properties": {
        "fish_zone": 0,
        "fish_probability": 0.01,
        "sst": 28.15999326705935,
        "chlorophyll": 0.16127003729343414,
        "current_u": -0.026802359148859978,
        "current_v": 0.039195310324430466,
        "bathymetry": 29.444730758666992
      }
    },
    {
      "type": "Feature",
      "geometry": {
        "type": "Point",
        "coordinates": [
          81.69999999999985,
          7.89999999999999
        ]
      },
      "properties": {
        "fish_zone": 0,
        "fish_probability": 0.04,
        "sst": 28.219993265718244,
        "chlorophyll": 0.11384017765522003,
        "current_u": -0.025017276406288147,
        "current_v": 0.06213276460766792,
        "bathymetry": 40.344051361083984
      }
    },
    {
      "type": "Feature",
      "geometry": {
        "type": "Point",
        "coordinates": [
          81.69999999999985,
          7.999999999999989
        ]
      },
      "properties": {
        "fish_zone": 0,
        "fish_probability": 0.03666666666666667,
        "sst": 28.289993264153622,
        "chlorophyll": 0.10195494443178177,
        "current_u": -0.03420432284474373,
        "current_v": 0.0633690357208252,
        "bathymetry": 47.37369155883789
      }
    },
    {
      "type": "Feature",
      "geometry": {
        "type": "Point",
        "coordinates": [
          81.69999999999985,
          8.099999999999989
        ]
      },
      "properties": {
        "fish_zone": 0,
        "fish_probability": 0.03333333333333333,
        "sst": 28.299993263930105,
        "chlorophyll": 0.10042686015367508,
        "current_u": -0.03102150745689869,
        "current_v": 0.06801526248455048,
        "bathymetry": 55.76428985595703
      }
    },
    {
      "type": "Feature",
      "geometry": {
        "type": "Point",
        "coordinates": [
          81.69999999999985,
          8.199999999999989
        ]
      },
      "properties": {
        "fish_zone": 0,
        "fish_probability": 0.02,
        "sst": 28.31999326348307,
        "chlorophyll": 0.1010388657450676,
        "current_u": -0.02500608004629612,
        "current_v": 0.0513097383081913,
        "bathymetry": 186.12559509277344
      }
    },
    {
      "type": "Feature",
      "geometry": {
        "type": "Point",
        "coordinates": [
          81.69999999999985,
          8.299999999999988
        ]
      },
      "properties": {
        "fish_zone": 0,
        "fish_probability": 0.0033333333333333335,
        "sst": 28.43999326080086,
        "chlorophyll": 0.10553283989429474,
        "current_u": -0.018877984955906868,
        "current_v": 0.033999547362327576,
        "bathymetry": 1684.2840576171875
      }
    },
    {
      "type": "Feature",
      "geometry": {
        "type": "Point",
        "coordinates": [
          81.69999999999985,
          8.399999999999988
        ]
      },
      "properties": {
        "fish_zone": 0,
        "fish_probability": 0.0,
        "sst": 28.46999326013031,
        "chlorophyll": 0.107025645673275,
        "current_u": -0.022823723033070564,
        "current_v": 0.029497843235731125,
        "bathymetry": 2865.702880859375
      }
    },
    {
      "type": "Feature",
      "geometry": {
        "type": "Point",
        "coordinates": [
          81.69999999999985,
          8.499999999999988
        ]
      },
      "properties": {
        "fish_zone": 0,
        "fish_probability": 0.0,
        "sst": 28.409993261471413,
        "chlorophyll": 0.10851365327835083,
        "current_u": -0.03161516785621643,
        "current_v": 0.03922073170542717,
        "bathymetry": 3220.820068359375
      }
    },
    {
      "type": "Feature",
      "geometry": {
        "type": "Point",
        "coordinates": [
          81.69999999999985,
          8.599999999999987
        ]
      },
      "properties": {
        "fish_zone": 0,
        "fish_probability": 0.0,
        "sst": 28.299993263930105,
        "chlorophyll": 0.10806357115507126,
        "current_u": -0.05112266167998314,
        "current_v": 0.05211438983678818,
        "bathymetry": 3220.820068359375
      }
    },
    {
      "type": "Feature",
      "geometry": {
        "type": "Point",
        "coordinates": [
          81.69999999999985,
          8.699999999999987
        ]
      },
      "properties": {
        "fish_zone": 0,
        "fish_probability": 0.0,
        "sst": 28.27999326437714,
        "chlorophyll": 0.1022498682141304,
        "current_u": -0.08046320080757141,
        "current_v": 0.06626933068037033,
        "bathymetry": 3220.820068359375
      }
    },
    {
      "type": "Feature",
      "geometry": {
        "type": "Point",
        "coordinates": [
          81.69999999999985,
          8.799999999999986
        ]
      },
      "properties": {
        "fish_zone": 0,
        "fish_probability": 0.0,
        "sst": 28.249993265047692,
        "chlorophyll": 0.10834195464849472,
        "current_u": -0.14363428950309753,
        "current_v": 0.09986183792352676,
        "bathymetry": 3597.031982421875
      }
    },
    {
      "type": "Feature",
      "geometry": {
        "type": "Point",
        "coordinates": [
          81.69999999999985,
          8.899999999999986
        ]
      },
      "properties": {
        "fish_zone": 0,
        "fish_probability": 0.0,
        "sst": 28.189993266388797,
        "chlorophyll": 0.1145595833659172,
        "current_u": -0.16809412837028503,
        "current_v": 0.11695007979869843,
        "bathymetry": 3597.031982421875
      }
    },
    {
      "type": "Feature",
      "geometry": {
        "type": "Point",
        "coordinates": [
          81.69999999999985,
          8.999999999999986
        ]
      },
      "properties": {
        "fish_zone": 0,
        "fish_probability": 0.0,
        "sst": 28.309993263706588,
        "chlorophyll": 0.11668594926595688,
        "current_u": -0.19019784033298492,
        "current_v": 0.12825947999954224,
        "bathymetry": 3992.48388671875
      }
    },
    {
      "type": "Feature",
      "geometry": {
        "type": "Point",
        "coordinates": [
          81.69999999999985,
          9.099999999999985
        ]
      },
      "properties": {
        "fish_zone": 0,
        "fish_probability": 0.0,
        "sst": 28.39999326169493,
        "chlorophyll": 0.1130206510424614,
        "current_u": -0.2104814350605011,
        "current_v": 0.13251559436321259,
        "bathymetry": 3992.48388671875
      }
    },
    {
      "type": "Feature",
      "geometry": {
        "type": "Point",
        "coordinates": [
          81.69999999999985,
          9.199999999999985
        ]
      },
      "properties": {
        "fish_zone": 0,
        "fish_probability": 0.0,
        "sst": 28.339993263036035,
        "chlorophyll": 0.11431919783353806,
        "current_u": -0.22740958631038666,
        "current_v": 0.13091103732585907,
        "bathymetry": 3992.48388671875
      }
    },
    {
      "type": "Feature",
      "geometry": {
        "type": "Point",
        "coordinates": [
          81.69999999999985,
          9.299999999999985
        ]
      },
      "properties": {
        "fish_zone": 0,
        "fish_probability": 0.0,
        "sst": 28.209993265941762,
        "chlorophyll": 0.11516227573156357,
        "current_u": -0.2628478705883026,
        "current_v": 0.12254604697227478,
        "bathymetry": 3992.48388671875
      }
    },
    {
      "type": "Feature",
      "geometry": {
        "type": "Point",
        "coordinates": [
          81.69999999999985,
          9.399999999999984
        ]
      },
      "properties": {
        "fish_zone": 0,
        "fish_probability": 0.0,
        "sst": 28.259993264824175,
        "chlorophyll": 0.11432740837335587,
        "current_u": -0.27692583203315735,
        "current_v": 0.12307518720626831,
        "bathymetry": 3992.48388671875
      }
    },
    {
      "type": "Feature",
      "geometry": {
        "type": "Point",
        "coordinates": [
          81.69999999999985,
          9.499999999999984
        ]
      },
      "properties": {
        "fish_zone": 0,
        "fish_probability": 0.0,
        "sst": 28.409993261471413,
        "chlorophyll": 0.11659669131040573,
        "current_u": -0.28454047441482544,
        "current_v": 0.12581582367420197,
        "bathymetry": 3992.48388671875
      }
    },
    {
      "type": "Feature",
      "geometry": {
        "type": "Point",
        "coordinates": [
          81.69999999999985,
          9.599999999999984
        ]
      },
      "properties": {
        "fish_zone": 0,
        "fish_probability": 0.0,
        "sst": 28.369993262365483,
        "chlorophyll": 0.12798960506916046,
        "current_u": -0.2854791283607483,
        "current_v": 0.1310422569513321,
        "bathymetry": 3992.48388671875
      }
    },
    {
      "type": "Feature",
      "geometry": {
        "type": "Point",
        "coordinates": [
          81.69999999999985,
          9.699999999999983
        ]
      },
      "properties": {
        "fish_zone": 0,
        "fish_probability": 0.0,
        "sst": 28.299993263930105,
        "chlorophyll": 0.1308804601430893,
        "current_u": -0.2797766625881195,
        "current_v": 0.1391676962375641,
        "bathymetry": 3992.48388671875
      }
    },
    {
      "type": "Feature",
      "geometry": {
        "type": "Point",
        "coordinates": [
          81.69999999999985,
          9.799999999999983
        ]
      },
      "properties": {
        "fish_zone": 0,
        "fish_probability": 0.0,
        "sst": 28.15999326705935,
        "chlorophyll": 0.1281929314136505,
        "current_u": -0.25234073400497437,
        "current_v": 0.15356935560703278,
        "bathymetry": 3992.48388671875
      }
    },
    {
      "type": "Feature",
      "geometry": {
        "type": "Point",
        "coordinates": [
          81.69999999999985,
          9.899999999999983
        ]
      },
      "properties": {
        "fish_zone": 0,
        "fish_probability": 0.0,
        "sst": 28.139993267506384,
        "chlorophyll": 0.12990635633468628,
        "current_u": -0.23603853583335876,
        "current_v": 0.16354359686374664,
        "bathymetry": 3992.48388671875
      }
    },
    {
      "type": "Feature",
      "geometry": {
        "type": "Point",
        "coordinates": [
          81.79999999999984,
          5.0
        ]
      },
      "properties": {
        "fish_zone": 0,
        "fish_probability": 0.0,
        "sst": 29.199993243813537,
        "chlorophyll": 0.052598632872104645,
        "current_u": -0.17536546289920807,
        "current_v": 0.0443420484662056,
        "bathymetry": 4405.22412109375
      }
    },
    {
      "type": "Feature",
      "geometry": {
        "type": "Point",
        "coordinates": [
          81.79999999999984,
          5.1
        ]
      },
      "properties": {
        "fish_zone": 0,
        "fish_probability": 0.0,
        "sst": 29.159993244707607,
        "chlorophyll": 0.056363385170698166,
        "current_u": -0.15128815174102783,
        "current_v": 0.054792407900094986,
        "bathymetry": 4405.22412109375
      }
    },
    {
      "type": "Feature",
      "geometry": {
        "type": "Point",
        "coordinates": [
          81.79999999999984,
          5.199999999999999
        ]
      },
      "properties": {
        "fish_zone": 0,
        "fish_probability": 0.0,
        "sst": 29.109993245825194,
        "chlorophyll": 0.057863783091306686,
        "current_u": -0.11519554257392883,
        "current_v": 0.054397307336330414,
        "bathymetry": 4405.22412109375
      }
    },
    {
      "type": "Feature",
      "geometry": {
        "type": "Point",
        "coordinates": [
          81.79999999999984,
          5.299999999999999
        ]
      },
      "properties": {
        "fish_zone": 0,
        "fish_probability": 0.0,
        "sst": 28.989993248507403,
        "chlorophyll": 0.06502977758646011,
        "current_u": -0.08151077479124069,
        "current_v": 0.013473822735249996,
        "bathymetry": 4405.22412109375
      }
    },
    {
      "type": "Feature",
      "geometry": {
        "type": "Point",
        "coordinates": [
          81.79999999999984,
          5.399999999999999
        ]
      },
      "properties": {
        "fish_zone": 0,
        "fish_probability": 0.0,
        "sst": 28.89999325051906,
        "chlorophyll": 0.06897420436143875,
        "current_u": -0.09256710857152939,
        "current_v": -0.005128585733473301,
        "bathymetry": 4405.22412109375
      }
    },
    {
      "type": "Feature",
      "geometry": {
        "type": "Point",
        "coordinates": [
          81.79999999999984,
          5.499999999999998
        ]
      },
      "properties": {
        "fish_zone": 0,
        "fish_probability": 0.0,
        "sst": 28.78999325297775,
        "chlorophyll": 0.07674385607242584,
        "current_u": -0.11555030941963196,
        "current_v": -0.016293879598379135,
        "bathymetry": 4405.22412109375
      }
    },
    {
      "type": "Feature",
      "geometry": {
        "type": "Point",
        "coordinates": [
          81.79999999999984,
          5.599999999999998
        ]
      },
      "properties": {
        "fish_zone": 0,
        "fish_probability": 0.0,
        "sst": 28.69999325498941,
        "chlorophyll": 0.0789669007062912,
        "current_u": -0.1551014930009842,
        "current_v": -0.02810780517756939,
        "bathymetry": 4405.22412109375
      }
    },
    {
      "type": "Feature",
      "geometry": {
        "type": "Point",
        "coordinates": [
          81.79999999999984,
          5.6999999999999975
        ]
      },
      "properties": {
        "fish_zone": 0,
        "fish_probability": 0.0,
        "sst": 28.649993256106995,
        "chlorophyll": 0.08368522673845291,
        "current_u": -0.197938472032547,
        "current_v": -0.041055742651224136,
        "bathymetry": 4405.22412109375
      }
    },
    {
      "type": "Feature",
      "geometry": {
        "type": "Point",
        "coordinates": [
          81.79999999999984,
          5.799999999999997
        ]
      },
      "properties": {
        "fish_zone": 0,
        "fish_probability": 0.0,
        "sst": 28.39999326169493,
        "chlorophyll": 0.09486863762140274,
        "current_u": -0.2904036343097687,
        "current_v": -0.09888149052858353,
        "bathymetry": 4405.22412109375
      }
    },
    {
      "type": "Feature",
      "geometry": {
        "type": "Point",
        "coordinates": [
          81.79999999999984,
          5.899999999999997
        ]
      },
      "properties": {
        "fish_zone": 0,
        "fish_probability": 0.0,
        "sst": 28.27999326437714,
        "chlorophyll": 0.09953732043504715,
        "current_u": -0.3250214755535126,
        "current_v": -0.1386394500732422,
        "bathymetry": 4405.22412109375
      }
    },
    {
      "type": "Feature",
      "geometry": {
        "type": "Point",
        "coordinates": [
          81.79999999999984,
          5.9999999999999964
        ]
      },
      "properties": {
        "fish_zone": 0,
        "fish_probability": 0.0,
        "sst": 28.229993265494727,
        "chlorophyll": 0.12052801251411438,
        "current_u": -0.33014822006225586,
        "current_v": -0.1593737006187439,
        "bathymetry": 3597.031982421875
      }
    },
    {
      "type": "Feature",
      "geometry": {
        "type": "Point",
        "coordinates": [
          81.79999999999984,
          6.099999999999996
        ]
      },
      "properties": {
        "fish_zone": 0,
        "fish_probability": 0.0,
        "sst": 28.189993266388797,
        "chlorophyll": 0.11966441571712494,
        "current_u": -0.3184112012386322,
        "current_v": -0.16883032023906708,
        "bathymetry": 3597.031982421875
      }
    },
    {
      "type": "Feature",
      "geometry": {
        "type": "Point",
        "coordinates": [
          81.79999999999984,
          6.199999999999996
        ]
      },
      "properties": {
        "fish_zone": 0,
        "fish_probability": 0.0,
        "sst": 28.16999326683583,
        "chlorophyll": 0.11936088651418686,
        "current_u": -0.30399376153945923,
        "current_v": -0.18954691290855408,
        "bathymetry": 3992.48388671875
      }
    },
    {
      "type": "Feature",
      "geometry": {
        "type": "Point",
        "coordinates": [
          81.79999999999984,
          6.299999999999995
        ]
      },
      "properties": {
        "fish_zone": 0,
        "fish_probability": 0.0,
        "sst": 28.07999326884749,
        "chlorophyll": 0.1349164843559265,
        "current_u": -0.2606837749481201,
        "current_v": -0.28615570068359375,
        "bathymetry": 2225.077880859375
      }
    },
    {
      "type": "Feature",
      "geometry": {
        "type": "Point",
        "coordinates": [
          81.79999999999984,
          6.399999999999995
        ]
      },
      "properties": {
        "fish_zone": 0,
        "fish_probability": 0.0,
        "sst": 28.039993269741558,
        "chlorophyll": 0.13805526494979858,
        "current_u": -0.20571623742580414,
        "current_v": -0.2989265024662018,
        "bathymetry": 2225.077880859375
      }
    },
    {
      "type": "Feature",
      "geometry": {
        "type": "Point",
        "coordinates": [
          81.79999999999984,
          6.499999999999995
        ]
      },
      "properties": {
        "fish_zone": 0,
        "fish_probability": 0.043333333333333335,
        "sst": 28.039993269741558,
        "chlorophyll": 0.14123116433620453,
        "current_u": -0.15042728185653687,
        "current_v": -0.27149826288223267,
        "bathymetry": 130.66600036621094
      }
    },
    {
      "type": "Feature",
      "geometry": {
        "type": "Point",
        "coordinates": [
          81.79999999999984,
          6.599999999999994
        ]
      },
      "properties": {
        "fish_zone": 0,
        "fish_probability": 0.08,
        "sst": 28.08999326862397,
        "chlorophyll": 0.1632494479417801,
        "current_u": -0.12332230806350708,
        "current_v": -0.23175933957099915,
        "bathymetry": 29.444730758666992
      }
    },
    {
      "type": "Feature",
      "geometry": {
        "type": "Point",
        "coordinates": [
          81.79999999999984,
          7.599999999999991
        ]
      },
      "properties": {
        "fish_zone": 0,
        "fish_probability": 0.01,
        "sst": 28.329993263259553,
        "chlorophyll": 0.1543617844581604,
        "current_u": -0.012993096373975277,
        "current_v": 0.029194112867116928,
        "bathymetry": 25.211410522460938
      }
    },
    {
      "type": "Feature",
      "geometry": {
        "type": "Point",
        "coordinates": [
          81.79999999999984,
          7.69999999999999
        ]
      },
      "properties": {
        "fish_zone": 0,
        "fish_probability": 0.006666666666666667,
        "sst": 28.349993262812518,
        "chlorophyll": 0.12772591412067413,
        "current_u": -0.004517446272075176,
        "current_v": 0.04237440600991249,
        "bathymetry": 40.344051361083984
      }
    },
    {
      "type": "Feature",
      "geometry": {
        "type": "Point",
        "coordinates": [
          81.79999999999984,
          7.79999999999999
        ]
      },
      "properties": {
        "fish_zone": 0,
        "fish_probability": 0.006666666666666667,
        "sst": 28.379993262141966,
        "chlorophyll": 0.10563413053750992,
        "current_u": 0.00028858441510237753,
        "current_v": 0.02000853605568409,
        "bathymetry": 186.12559509277344
      }
    },
    {
      "type": "Feature",
      "geometry": {
        "type": "Point",
        "coordinates": [
          81.79999999999984,
          7.89999999999999
        ]
      },
      "properties": {
        "fish_zone": 0,
        "fish_probability": 0.0033333333333333335,
        "sst": 28.299993263930105,
        "chlorophyll": 0.1011841893196106,
        "current_u": 0.0029603608418256044,
        "current_v": 0.012365132570266724,
        "bathymetry": 1245.291015625
      }
    },
    {
      "type": "Feature",
      "geometry": {
        "type": "Point",
        "coordinates": [
          81.79999999999984,
          7.999999999999989
        ]
      },
      "properties": {
        "fish_zone": 0,
        "fish_probability": 0.0,
        "sst": 28.289993264153622,
        "chlorophyll": 0.09781195968389511,
        "current_u": 0.0008197596180252731,
        "current_v": 5.826211781823076e-05,
        "bathymetry": 2225.077880859375
      }
    },
    {
      "type": "Feature",
      "geometry": {
        "type": "Point",
        "coordinates": [
          81.79999999999984,
          8.099999999999989
        ]
      },
      "properties": {
        "fish_zone": 0,
        "fish_probability": 0.0033333333333333335,
        "sst": 28.329993263259553,
        "chlorophyll": 0.0959627628326416,
        "current_u": -0.00289405370131135,
        "current_v": -0.004833557642996311,
        "bathymetry": 1245.291015625
      }
    },
    {
      "type": "Feature",
      "geometry": {
        "type": "Point",
        "coordinates": [
          81.79999999999984,
          8.199999999999989
        ]
      },
      "properties": {
        "fish_zone": 0,
        "fish_probability": 0.0,
        "sst": 28.379993262141966,
        "chlorophyll": 0.09371485561132431,
        "current_u": -0.009591293521225452,
        "current_v": -0.005812357179820538,
        "bathymetry": 2225.077880859375
      }
    },
    {
      "type": "Feature",
      "geometry": {
        "type": "Point",
        "coordinates": [
          81.79999999999984,
          8.299999999999988
        ]
      },
      "properties": {
        "fish_zone": 0,
        "fish_probability": 0.0033333333333333335,
        "sst": 28.50999325923624,
        "chlorophyll": 0.09510488063097,
        "current_u": -0.0206159595400095,
        "current_v": 0.006683642510324717,
        "bathymetry": 3220.820068359375
      }
    },
    {
      "type": "Feature",
      "geometry": {
        "type": "Point",
        "coordinates": [
          81.79999999999984,
          8.399999999999988
        ]
      },
      "properties": {
        "fish_zone": 0,
        "fish_probability": 0.0,
        "sst": 28.499993259459757,
        "chlorophyll": 0.09654995054006577,
        "current_u": -0.038532961159944534,
        "current_v": 0.023077813908457756,
        "bathymetry": 3597.031982421875
      }
    },
    {
      "type": "Feature",
      "geometry": {
        "type": "Point",
        "coordinates": [
          81.79999999999984,
          8.499999999999988
        ]
      },
      "properties": {
        "fish_zone": 0,
        "fish_probability": 0.0,
        "sst": 28.349993262812518,
        "chlorophyll": 0.09879427403211594,
        "current_u": -0.0673450455069542,
        "current_v": 0.043352942913770676,
        "bathymetry": 3597.031982421875
      }
    },
    {
      "type": "Feature",
      "geometry": {
        "type": "Point",
        "coordinates": [
          81.79999999999984,
          8.599999999999987
        ]
      },
      "properties": {
        "fish_zone": 0,
        "fish_probability": 0.0,
        "sst": 28.27999326437714,
        "chlorophyll": 0.09729114919900894,
        "current_u": -0.10156967490911484,
        "current_v": 0.06642881035804749,
        "bathymetry": 3597.031982421875
      }
    },
    {
      "type": "Feature",
      "geometry": {
        "type": "Point",
        "coordinates": [
          81.79999999999984,
          8.699999999999987
        ]
      },
      "properties": {
        "fish_zone": 0,
        "fish_probability": 0.0,
        "sst": 28.289993264153622,
        "chlorophyll": 0.09877049922943115,
        "current_u": -0.13618923723697662,
        "current_v": 0.08975546061992645,
        "bathymetry": 3992.48388671875
      }
    },
    {
      "type": "Feature",
      "geometry": {
        "type": "Point",
        "coordinates": [
          81.79999999999984,
          8.799999999999986
        ]
      },
      "properties": {
        "fish_zone": 0,
        "fish_probability": 0.0,
        "sst": 28.23999326527121,
        "chlorophyll": 0.10600174963474274,
        "current_u": -0.18805031478405,
        "current_v": 0.12595975399017334,
        "bathymetry": 3992.48388671875
      }
    },
    {
      "type": "Feature",
      "geometry": {
        "type": "Point",
        "coordinates": [
          81.79999999999984,
          8.899999999999986
        ]
      },
      "properties": {
        "fish_zone": 0,
        "fish_probability": 0.0,
        "sst": 28.15999326705935,
        "chlorophyll": 0.10407144576311111,
        "current_u": -0.20234732329845428,
        "current_v": 0.13450409471988678,
        "bathymetry": 3992.48388671875
      }
    },
    {
      "type": "Feature",
      "geometry": {
        "type": "Point",
        "coordinates": [
          81.79999999999984,
          8.999999999999986
        ]
      },
      "properties": {
        "fish_zone": 0,
        "fish_probability": 0.0,
        "sst": 28.08999326862397,
        "chlorophyll": 0.10364526510238647,
        "current_u": -0.21394509077072144,
        "current_v": 0.13646593689918518,
        "bathymetry": 3992.48388671875
      }
    },
    {
      "type": "Feature",
      "geometry": {
        "type": "Point",
        "coordinates": [
          81.79999999999984,
          9.099999999999985
        ]
      },
      "properties": {
        "fish_zone": 0,
        "fish_probability": 0.0,
        "sst": 28.15999326705935,
        "chlorophyll": 0.10448095202445984,
        "current_u": -0.22479890286922455,
        "current_v": 0.1367931067943573,
        "bathymetry": 3992.48388671875
      }
    },
    {
      "type": "Feature",
      "geometry": {
        "type": "Point",
        "coordinates": [
          81.79999999999984,
          9.199999999999985
        ]
      },
      "properties": {
        "fish_zone": 0,
        "fish_probability": 0.0,
        "sst": 28.179993266612314,
        "chlorophyll": 0.10664999485015869,
        "current_u": -0.23638558387756348,
        "current_v": 0.13338902592658997,
        "bathymetry": 3992.48388671875
      }
    },
    {
      "type": "Feature",
      "geometry": {
        "type": "Point",
        "coordinates": [
          81.79999999999984,
          9.299999999999985
        ]
      },
      "properties": {
        "fish_zone": 0,
        "fish_probability": 0.0,
        "sst": 28.19999326616528,
        "chlorophyll": 0.10766322165727615,
        "current_u": -0.2714414596557617,
        "current_v": 0.11165783554315567,
        "bathymetry": 3992.48388671875
      }
    },
    {
      "type": "Feature",
      "geometry": {
        "type": "Point",
        "coordinates": [
          81.79999999999984,
          9.399999999999984
        ]
      },
      "properties": {
        "fish_zone": 0,
        "fish_probability": 0.0,
        "sst": 28.269993264600657,
        "chlorophyll": 0.10611187666654587,
        "current_u": -0.28627246618270874,
        "current_v": 0.10560987889766693,
        "bathymetry": 3992.48388671875
      }
    },
    {
      "type": "Feature",
      "geometry": {
        "type": "Point",
        "coordinates": [
          81.79999999999984,
          9.499999999999984
        ]
      },
      "properties": {
        "fish_zone": 0,
        "fish_probability": 0.0,
        "sst": 28.329993263259553,
        "chlorophyll": 0.11157561093568802,
        "current_u": -0.2928380072116852,
        "current_v": 0.1037788838148117,
        "bathymetry": 3992.48388671875
      }
    },
    {
      "type": "Feature",
      "geometry": {
        "type": "Point",
        "coordinates": [
          81.79999999999984,
          9.599999999999984
        ]
      },
      "properties": {
        "fish_zone": 0,
        "fish_probability": 0.0,
        "sst": 28.289993264153622,
        "chlorophyll": 0.12112125754356384,
        "current_u": -0.2944853901863098,
        "current_v": 0.1059824749827385,
        "bathymetry": 3992.48388671875
      }
    },
    {
      "type": "Feature",
      "geometry": {
        "type": "Point",
        "coordinates": [
          81.79999999999984,
          9.699999999999983
        ]
      },
      "properties": {
        "fish_zone": 0,
        "fish_probability": 0.0,
        "sst": 28.229993265494727,
        "chlorophyll": 0.12598828971385956,
        "current_u": -0.2926318943500519,
        "current_v": 0.10903169959783554,
        "bathymetry": 3992.48388671875
      }
    },
    {
      "type": "Feature",
      "geometry": {
        "type": "Point",
        "coordinates": [
          81.79999999999984,
          9.799999999999983
        ]
      },
      "properties": {
        "fish_zone": 0,
        "fish_probability": 0.0,
        "sst": 28.16999326683583,
        "chlorophyll": 0.129142627120018,
        "current_u": -0.28356561064720154,
        "current_v": 0.10922493785619736,
        "bathymetry": 3992.48388671875
      }
    },
    {
      "type": "Feature",
      "geometry": {
        "type": "Point",
        "coordinates": [
          81.79999999999984,
          9.899999999999983
        ]
      },
      "properties": {
        "fish_zone": 0,
        "fish_probability": 0.0,
        "sst": 28.189993266388797,
        "chlorophyll": 0.13248583674430847,
        "current_u": -0.275726318359375,
        "current_v": 0.11205635219812393,
        "bathymetry": 3992.48388671875
      }
    },
    {
      "type": "Feature",
      "geometry": {
        "type": "Point",
        "coordinates": [
          81.89999999999984,
          5.0
        ]
      },
      "properties": {
        "fish_zone": 0,
        "fish_probability": 0.0,
        "sst": 29.189993244037055,
        "chlorophyll": 0.05111120641231537,
        "current_u": -0.18570132553577423,
        "current_v": 0.043392330408096313,
        "bathymetry": 4405.22412109375
      }
    },
    {
      "type": "Feature",
      "geometry": {
        "type": "Point",
        "coordinates": [
          81.89999999999984,
          5.1
        ]
      },
      "properties": {
        "fish_zone": 0,
        "fish_probability": 0.0,
        "sst": 29.16999324448409,
        "chlorophyll": 0.05488194152712822,
        "current_u": -0.16478843986988068,
        "current_v": 0.05646136775612831,
        "bathymetry": 4405.22412109375
      }
    },
    {
      "type": "Feature",
      "geometry": {
        "type": "Point",
        "coordinates": [
          81.89999999999984,
          5.199999999999999
        ]
      },
      "properties": {
        "fish_zone": 0,
        "fish_probability": 0.0,
        "sst": 29.139993245154642,
        "chlorophyll": 0.05881393328309059,
        "current_u": -0.13071495294570923,
        "current_v": 0.06305938959121704,
        "bathymetry": 4405.22412109375
      }
    },
    {
      "type": "Feature",
      "geometry": {
        "type": "Point",
        "coordinates": [
          81.89999999999984,
          5.299999999999999
        ]
      },
      "properties": {
        "fish_zone": 0,
        "fish_probability": 0.0,
        "sst": 29.079993246495746,
        "chlorophyll": 0.06343815475702286,
        "current_u": -0.0763736441731453,
        "current_v": 0.02782573737204075,
        "bathymetry": 4405.22412109375
      }
    },
    {
      "type": "Feature",
      "geometry": {
        "type": "Point",
        "coordinates": [
          81.89999999999984,
          5.399999999999999
        ]
      },
      "properties": {
        "fish_zone": 0,
        "fish_probability": 0.0,
        "sst": 28.999993248283886,
        "chlorophyll": 0.06852257251739502,
        "current_u": -0.08006396889686584,
        "current_v": 0.0065734428353607655,
        "bathymetry": 4405.22412109375
      }
    },
    {
      "type": "Feature",
      "geometry": {
        "type": "Point",
        "coordinates": [
          81.89999999999984,
          5.499999999999998
        ]
      },
      "properties": {
        "fish_zone": 0,
        "fish_probability": 0.0,
        "sst": 28.869993251189612,
        "chlorophyll": 0.07523702085018158,
        "current_u": -0.10002408921718597,
        "current_v": -0.006708783097565174,
        "bathymetry": 4405.22412109375
      }
    },
    {
      "type": "Feature",
      "geometry": {
        "type": "Point",
        "coordinates": [
          81.89999999999984,
          5.599999999999998
        ]
      },
      "properties": {
        "fish_zone": 0,
        "fish_probability": 0.0,
        "sst": 28.77999325320127,
        "chlorophyll": 0.0805797278881073,
        "current_u": -0.13596273958683014,
        "current_v": -0.0162925086915493,
        "bathymetry": 4405.22412109375
      }
    },
    {
      "type": "Feature",
      "geometry": {
        "type": "Point",
        "coordinates": [
          81.89999999999984,
          5.6999999999999975
        ]
      },
      "properties": {
        "fish_zone": 0,
        "fish_probability": 0.0,
        "sst": 28.73999325409534,
        "chlorophyll": 0.08220342546701431,
        "current_u": -0.17421597242355347,
        "current_v": -0.02490817755460739,
        "bathymetry": 4405.22412109375
      }
    },
    {
      "type": "Feature",
      "geometry": {
        "type": "Point",
        "coordinates": [
          81.89999999999984,
          5.799999999999997
        ]
      },
      "properties": {
        "fish_zone": 0,
        "fish_probability": 0.0,
        "sst": 28.529993258789204,
        "chlorophyll": 0.08818106353282928,
        "current_u": -0.2641869783401489,
        "current_v": -0.07939999550580978,
        "bathymetry": 4405.22412109375
      }
    },
    {
      "type": "Feature",
      "geometry": {
        "type": "Point",
        "coordinates": [
          81.89999999999984,
          5.899999999999997
        ]
      },
      "properties": {
        "fish_zone": 0,
        "fish_probability": 0.0,
        "sst": 28.369993262365483,
        "chlorophyll": 0.0979032889008522,
        "current_u": -0.2993920147418976,
        "current_v": -0.12529969215393066,
        "bathymetry": 4405.22412109375
      }
    },
    {
      "type": "Feature",
      "geometry": {
        "type": "Point",
        "coordinates": [
          81.89999999999984,
          5.9999999999999964
        ]
      },
      "properties": {
        "fish_zone": 0,
        "fish_probability": 0.0,
        "sst": 28.259993264824175,
        "chlorophyll": 0.11878223717212677,
        "current_u": -0.30799224972724915,
        "current_v": -0.15270178020000458,
        "bathymetry": 4405.22412109375
      }
    },
    {
      "type": "Feature",
      "geometry": {
        "type": "Point",
        "coordinates": [
          81.89999999999984,
          6.099999999999996
        ]
      },
      "properties": {
        "fish_zone": 0,
        "fish_probability": 0.0,
        "sst": 28.209993265941762,
        "chlorophyll": 0.11398036777973175,
        "current_u": -0.29997166991233826,
        "current_v": -0.15657100081443787,
        "bathymetry": 3992.48388671875
      }
    },
    {
      "type": "Feature",
      "geometry": {
        "type": "Point",
        "coordinates": [
          81.89999999999984,
          6.199999999999996
        ]
      },
      "properties": {
        "fish_zone": 0,
        "fish_probability": 0.0,
        "sst": 28.19999326616528,
        "chlorophyll": 0.11784321069717407,
        "current_u": -0.286042183637619,
        "current_v": -0.15439589321613312,
        "bathymetry": 3992.48388671875
      }
    },
    {
      "type": "Feature",
      "geometry": {
        "type": "Point",
        "coordinates": [
          81.89999999999984,
          6.299999999999995
        ]
      },
      "properties": {
        "fish_zone": 0,
        "fish_probability": 0.0,
        "sst": 28.15999326705935,
        "chlorophyll": 0.12357194721698761,
        "current_u": -0.25154632329940796,
        "current_v": -0.1954377293586731,
        "bathymetry": 2533.3359375
      }
    },
    {
      "type": "Feature",
      "geometry": {
        "type": "Point",
        "coordinates": [
          81.89999999999984,
          6.399999999999995
        ]
      },
      "properties": {
        "fish_zone": 0,
        "fish_probability": 0.0,
        "sst": 28.1299932677299,
        "chlorophyll": 0.129847452044487,
        "current_u": -0.21722088754177094,
        "current_v": -0.22960811853408813,
        "bathymetry": 2865.702880859375
      }
    },
    {
      "type": "Feature",
      "geometry": {
        "type": "Point",
        "coordinates": [
          81.89999999999984,
          6.499999999999995
        ]
      },
      "properties": {
        "fish_zone": 0,
        "fish_probability": 0.0,
        "sst": 28.11999326795342,
        "chlorophyll": 0.1257915049791336,
        "current_u": -0.18063369393348694,
        "current_v": -0.24972204864025116,
        "bathymetry": 2865.702880859375
      }
    },
    {
      "type": "Feature",
      "geometry": {
        "type": "Point",
        "coordinates": [
          81.89999999999984,
          6.599999999999994
        ]
      },
      "properties": {
        "fish_zone": 0,
        "fish_probability": 0.06666666666666667,
        "sst": 28.149993267282866,
        "chlorophyll": 0.12227840721607208,
        "current_u": -0.1511496901512146,
        "current_v": -0.2566932737827301,
        "bathymetry": 55.76428985595703
      }
    },
    {
      "type": "Feature",
      "geometry": {
        "type": "Point",
        "coordinates": [
          81.89999999999984,
          6.699999999999994
        ]
      },
      "properties": {
        "fish_zone": 0,
        "fish_probability": 0.05333333333333334,
        "sst": 28.16999326683583,
        "chlorophyll": 0.12552137672901154,
        "current_u": -0.13089619576931,
        "current_v": -0.24778661131858826,
        "bathymetry": 34.43415069580078
      }
    },
    {
      "type": "Feature",
      "geometry": {
        "type": "Point",
        "coordinates": [
          81.89999999999984,
          6.799999999999994
        ]
      },
      "properties": {
        "fish_zone": 0,
        "fish_probability": 0.09333333333333334,
        "sst": 28.209993265941762,
        "chlorophyll": 0.14661166071891785,
        "current_u": -0.061263203620910645,
        "current_v": -0.1332218497991562,
        "bathymetry": 34.43415069580078
      }
    },
    {
      "type": "Feature",
      "geometry": {
        "type": "Point",
        "coordinates": [
          81.89999999999984,
          6.899999999999993
        ]
      },
      "properties": {
        "fish_zone": 0,
        "fish_probability": 0.29333333333333333,
        "sst": 28.23999326527121,
        "chlorophyll": 0.20873606204986572,
        "current_u": -0.03875628486275673,
        "current_v": -0.09240520000457764,
        "bathymetry": 18.495559692382812
      }
    },
    {
      "type": "Feature",
      "geometry": {
        "type": "Point",
        "coordinates": [
          81.89999999999984,
          6.999999999999993
        ]
      },
      "properties": {
        "fish_zone": 0,
        "fish_probability": 0.01,
        "sst": 28.249993265047692,
        "chlorophyll": 0.1711605340242386,
        "current_u": -0.03316319361329079,
        "current_v": -0.06423275917768478,
        "bathymetry": 15.810070037841797
      }
    },
    {
      "type": "Feature",
      "geometry": {
        "type": "Point",
        "coordinates": [
          81.89999999999984,
          7.0999999999999925
        ]
      },
      "properties": {
        "fish_zone": 0,
        "fish_probability": 0.006666666666666667,
        "sst": 28.309993263706588,
        "chlorophyll": 0.13805757462978363,
        "current_u": -0.029889971017837524,
        "current_v": -0.041819214820861816,
        "bathymetry": 18.495559692382812
      }
    },
    {
      "type": "Feature",
      "geometry": {
        "type": "Point",
        "coordinates": [
          81.89999999999984,
          7.199999999999992
        ]
      },
      "properties": {
        "fish_zone": 0,
        "fish_probability": 0.006666666666666667,
        "sst": 28.329993263259553,
        "chlorophyll": 0.1281861811876297,
        "current_u": -0.03311826288700104,
        "current_v": -0.02546502649784088,
        "bathymetry": 25.211410522460938
      }
    },
    {
      "type": "Feature",
      "geometry": {
        "type": "Point",
        "coordinates": [
          81.89999999999984,
          7.299999999999992
        ]
      },
      "properties": {
        "fish_zone": 0,
        "fish_probability": 0.013333333333333334,
        "sst": 28.299993263930105,
        "chlorophyll": 0.1375083029270172,
        "current_u": -0.008598425425589085,
        "current_v": -0.0010727107292041183,
        "bathymetry": 25.211410522460938
      }
    },
    {
      "type": "Feature",
      "geometry": {
        "type": "Point",
        "coordinates": [
          81.89999999999984,
          7.3999999999999915
        ]
      },
      "properties": {
        "fish_zone": 0,
        "fish_probability": 0.013333333333333334,
        "sst": 28.339993263036035,
        "chlorophyll": 0.1350017786026001,
        "current_u": -0.00038586460868828,
        "current_v": 0.007343994453549385,
        "bathymetry": 34.43415069580078
      }
    },
    {
      "type": "Feature",
      "geometry": {
        "type": "Point",
        "coordinates": [
          81.89999999999984,
          7.499999999999991
        ]
      },
      "properties": {
        "fish_zone": 0,
        "fish_probability": 0.013333333333333334,
        "sst": 28.349993262812518,
        "chlorophyll": 0.11432746797800064,
        "current_u": 0.0004996898351237178,
        "current_v": 0.002515375381335616,
        "bathymetry": 25.211410522460938
      }
    },
    {
      "type": "Feature",
      "geometry": {
        "type": "Point",
        "coordinates": [
          81.89999999999984,
          7.599999999999991
        ]
      },
      "properties": {
        "fish_zone": 0,
        "fish_probability": 0.01,
        "sst": 28.27999326437714,
        "chlorophyll": 0.10890836268663406,
        "current_u": 0.003967856988310814,
        "current_v": -0.0004717707633972168,
        "bathymetry": 266.0403137207031
      }
    },
    {
      "type": "Feature",
      "geometry": {
        "type": "Point",
        "coordinates": [
          81.89999999999984,
          7.69999999999999
        ]
      },
      "properties": {
        "fish_zone": 0,
        "fish_probability": 0.0,
        "sst": 28.27999326437714,
        "chlorophyll": 0.10720917582511902,
        "current_u": 0.01809054985642433,
        "current_v": 0.003969034645706415,
        "bathymetry": 109.72930145263672
      }
    },
    {
      "type": "Feature",
      "geometry": {
        "type": "Point",
        "coordinates": [
          81.89999999999984,
          7.79999999999999
        ]
      },
      "properties": {
        "fish_zone": 0,
        "fish_probability": 0.0033333333333333335,
        "sst": 28.31999326348307,
        "chlorophyll": 0.1058383509516716,
        "current_u": 0.00618453323841095,
        "current_v": -0.004893025849014521,
        "bathymetry": 1941.8929443359375
      }
    },
    {
      "type": "Feature",
      "geometry": {
        "type": "Point",
        "coordinates": [
          81.89999999999984,
          7.89999999999999
        ]
      },
      "properties": {
        "fish_zone": 0,
        "fish_probability": 0.0,
        "sst": 28.27999326437714,
        "chlorophyll": 0.10150600224733353,
        "current_u": -0.0014451821334660053,
        "current_v": -0.010600688867270947,
        "bathymetry": 2865.702880859375
      }
    },
    {
      "type": "Feature",
      "geometry": {
        "type": "Point",
        "coordinates": [
          81.89999999999984,
          7.999999999999989
        ]
      },
      "properties": {
        "fish_zone": 0,
        "fish_probability": 0.0,
        "sst": 28.299993263930105,
        "chlorophyll": 0.09934385120868683,
        "current_u": -0.0045480583794415,
        "current_v": -0.010832027532160282,
        "bathymetry": 2865.702880859375
      }
    },
    {
      "type": "Feature",
      "geometry": {
        "type": "Point",
        "coordinates": [
          81.89999999999984,
          8.099999999999989
        ]
      },
      "properties": {
        "fish_zone": 0,
        "fish_probability": 0.0,
        "sst": 28.31999326348307,
        "chlorophyll": 0.0983176901936531,
        "current_u": -0.009488668292760849,
        "current_v": -0.006468443665653467,
        "bathymetry": 2533.3359375
      }
    },
    {
      "type": "Feature",
      "geometry": {
        "type": "Point",
        "coordinates": [
          81.89999999999984,
          8.199999999999989
        ]
      },
      "properties": {
        "fish_zone": 0,
        "fish_probability": 0.0,
        "sst": 28.339993263036035,
        "chlorophyll": 0.09552128612995148,
        "current_u": -0.019600046798586845,
        "current_v": -0.0020763040520250797,
        "bathymetry": 2865.702880859375
      }
    },
    {
      "type": "Feature",
      "geometry": {
        "type": "Point",
        "coordinates": [
          81.89999999999984,
          8.299999999999988
        ]
      },
      "properties": {
        "fish_zone": 0,
        "fish_probability": 0.0,
        "sst": 28.459993260353826,
        "chlorophyll": 0.09111571311950684,
        "current_u": -0.043944090604782104,
        "current_v": 0.025551578029990196,
        "bathymetry": 3597.031982421875
      }
    },
    {
      "type": "Feature",
      "geometry": {
        "type": "Point",
        "coordinates": [
          81.89999999999984,
          8.399999999999988
        ]
      },
      "properties": {
        "fish_zone": 0,
        "fish_probability": 0.0,
        "sst": 28.459993260353826,
        "chlorophyll": 0.09180766344070435,
        "current_u": -0.06921380758285522,
        "current_v": 0.04850775748491287,
        "bathymetry": 3597.031982421875
      }
    },
    {
      "type": "Feature",
      "geometry": {
        "type": "Point",
        "coordinates": [
          81.89999999999984,
          8.499999999999988
        ]
      },
      "properties": {
        "fish_zone": 0,
        "fish_probability": 0.0,
        "sst": 28.39999326169493,
        "chlorophyll": 0.09272333979606628,
        "current_u": -0.10146420449018478,
        "current_v": 0.07279452681541443,
        "bathymetry": 3992.48388671875
      }
    },
    {
      "type": "Feature",
      "geometry": {
        "type": "Point",
        "coordinates": [
          81.89999999999984,
          8.599999999999987
        ]
      },
      "properties": {
        "fish_zone": 0,
        "fish_probability": 0.0,
        "sst": 28.38999326191845,
        "chlorophyll": 0.09187351167201996,
        "current_u": -0.13281555473804474,
        "current_v": 0.09410311281681061,
        "bathymetry": 3992.48388671875
      }
    },
    {
      "type": "Feature",
      "geometry": {
        "type": "Point",
        "coordinates": [
          81.89999999999984,
          8.699999999999987
        ]
      },
      "properties": {
        "fish_zone": 0,
        "fish_probability": 0.0,
        "sst": 28.379993262141966,
        "chlorophyll": 0.09450523555278778,
        "current_u": -0.15984205901622772,
        "current_v": 0.11201898753643036,
        "bathymetry": 3992.48388671875
      }
    },
    {
      "type": "Feature",
      "geometry": {
        "type": "Point",
        "coordinates": [
          81.89999999999984,
          8.799999999999986
        ]
      },
      "properties": {
        "fish_zone": 0,
        "fish_probability": 0.0,
        "sst": 28.309993263706588,
        "chlorophyll": 0.09878914803266525,
        "current_u": -0.19715340435504913,
        "current_v": 0.1312790960073471,
        "bathymetry": 3992.48388671875
      }
    },
    {
      "type": "Feature",
      "geometry": {
        "type": "Point",
        "coordinates": [
          81.89999999999984,
          8.899999999999986
        ]
      },
      "properties": {
        "fish_zone": 0,
        "fish_probability": 0.0,
        "sst": 28.259993264824175,
        "chlorophyll": 0.0950004905462265,
        "current_u": -0.20560576021671295,
        "current_v": 0.13259288668632507,
        "bathymetry": 3992.48388671875
      }
    },
    {
      "type": "Feature",
      "geometry": {
        "type": "Point",
        "coordinates": [
          81.89999999999984,
          8.999999999999986
        ]
      },
      "properties": {
        "fish_zone": 0,
        "fish_probability": 0.0,
        "sst": 28.16999326683583,
        "chlorophyll": 0.094040647149086,
        "current_u": -0.2128090262413025,
        "current_v": 0.1296762377023697,
        "bathymetry": 4405.22412109375
      }
    },
    {
      "type": "Feature",
      "geometry": {
        "type": "Point",
        "coordinates": [
          81.89999999999984,
          9.099999999999985
        ]
      },
      "properties": {
        "fish_zone": 0,
        "fish_probability": 0.0,
        "sst": 28.23999326527121,
        "chlorophyll": 0.09485170990228653,
        "current_u": -0.22261755168437958,
        "current_v": 0.12639039754867554,
        "bathymetry": 4405.22412109375
      }
    },
    {
      "type": "Feature",
      "geometry": {
        "type": "Point",
        "coordinates": [
          81.89999999999984,
          9.199999999999985
        ]
      },
      "properties": {
        "fish_zone": 0,
        "fish_probability": 0.0,
        "sst": 28.229993265494727,
        "chlorophyll": 0.09895133227109909,
        "current_u": -0.23663993179798126,
        "current_v": 0.12096306681632996,
        "bathymetry": 4405.22412109375
      }
    },
    {
      "type": "Feature",
      "geometry": {
        "type": "Point",
        "coordinates": [
          81.89999999999984,
          9.299999999999985
        ]
      },
      "properties": {
        "fish_zone": 0,
        "fish_probability": 0.0,
        "sst": 28.19999326616528,
        "chlorophyll": 0.10690929740667343,
        "current_u": -0.2768152356147766,
        "current_v": 0.09821239113807678,
        "bathymetry": 3992.48388671875
      }
    },
    {
      "type": "Feature",
      "geometry": {
        "type": "Point",
        "coordinates": [
          81.89999999999984,
          9.399999999999984
        ]
      },
      "properties": {
        "fish_zone": 0,
        "fish_probability": 0.0,
        "sst": 28.23999326527121,
        "chlorophyll": 0.10567659884691238,
        "current_u": -0.2912861108779907,
        "current_v": 0.09226102381944656,
        "bathymetry": 3992.48388671875
      }
    },
    {
      "type": "Feature",
      "geometry": {
        "type": "Point",
        "coordinates": [
          81.89999999999984,
          9.499999999999984
        ]
      },
      "properties": {
        "fish_zone": 0,
        "fish_probability": 0.0,
        "sst": 28.299993263930105,
        "chlorophyll": 0.1052611917257309,
        "current_u": -0.2953646779060364,
        "current_v": 0.0925571620464325,
        "bathymetry": 3992.48388671875
      }
    },
    {
      "type": "Feature",
      "geometry": {
        "type": "Point",
        "coordinates": [
          81.89999999999984,
          9.599999999999984
        ]
      },
      "properties": {
        "fish_zone": 0,
        "fish_probability": 0.0,
        "sst": 28.269993264600657,
        "chlorophyll": 0.10987028479576111,
        "current_u": -0.29434508085250854,
        "current_v": 0.09455728530883789,
        "bathymetry": 3992.48388671875
      }
    },
    {
      "type": "Feature",
      "geometry": {
        "type": "Point",
        "coordinates": [
          81.89999999999984,
          9.699999999999983
        ]
      },
      "properties": {
        "fish_zone": 0,
        "fish_probability": 0.0,
        "sst": 28.219993265718244,
        "chlorophyll": 0.11891519278287888,
        "current_u": -0.29074224829673767,
        "current_v": 0.09667230397462845,
        "bathymetry": 3992.48388671875
      }
    },
    {
      "type": "Feature",
      "geometry": {
        "type": "Point",
        "coordinates": [
          81.89999999999984,
          9.799999999999983
        ]
      },
      "properties": {
        "fish_zone": 0,
        "fish_probability": 0.0,
        "sst": 28.08999326862397,
        "chlorophyll": 0.11895503848791122,
        "current_u": -0.2864232361316681,
        "current_v": 0.08849219232797623,
        "bathymetry": 3992.48388671875
      }
    },
    {
      "type": "Feature",
      "geometry": {
        "type": "Point",
        "coordinates": [
          81.89999999999984,
          9.899999999999983
        ]
      },
      "properties": {
        "fish_zone": 0,
        "fish_probability": 0.0,
        "sst": 28.07999326884749,
        "chlorophyll": 0.11967146396636963,
        "current_u": -0.2856544256210327,
        "current_v": 0.0874665305018425,
        "bathymetry": 3992.48388671875
      }
    }
  ]
}