{
  "type": "FeatureCollection",
  "features": [
    {
      "type": "Feature",
      "geometry": {
        "type": "Point",
        "coordinates": [
          79.0,
          5.0
        ]
      },
      "properties": {
        "fish_zone": 0,
        "fish_probability": 0.016666666666666666,
        "sst": 30.56999321319165,
        "chlorophyll": 0.0919402614235878,
        "current_u": -0.16696672141551971,
        "current_v": -0.13187558948993683,
        "bathymetry": 4405.22412109375
      }
    },
    {
      "type": "Feature",
      "geometry": {
        "type": "Point",
        "coordinates": [
          79.0,
          5.1
        ]
      },
      "properties": {
        "fish_zone": 0,
        "fish_probability": 0.016666666666666666,
        "sst": 30.579993212968134,
        "chlorophyll": 0.09165686368942261,
        "current_u": -0.14404891431331635,
        "current_v": -0.17254738509655,
        "bathymetry": 4405.22412109375
      }
    },
    {
      "type": "Feature",
      "geometry": {
        "type": "Point",
        "coordinates": [
          79.0,
          5.199999999999999
        ]
      },
      "properties": {
        "fish_zone": 0,
        "fish_probability": 0.02,
        "sst": 30.589993212744616,
        "chlorophyll": 0.09253277629613876,
        "current_u": -0.10979225486516953,
        "current_v": -0.21984818577766418,
        "bathymetry": 4405.22412109375
      }
    },
    {
      "type": "Feature",
      "geometry": {
        "type": "Point",
        "coordinates": [
          79.0,
          5.299999999999999
        ]
      },
      "properties": {
        "fish_zone": 0,
        "fish_probability": 0.016666666666666666,
        "sst": 30.55999321341517,
        "chlorophyll": 0.09028875082731247,
        "current_u": -0.06042901799082756,
        "current_v": -0.29366210103034973,
        "bathymetry": 4405.22412109375
      }
    },
    {
      "type": "Feature",
      "geometry": {
        "type": "Point",
        "coordinates": [
          79.0,
          5.399999999999999
        ]
      },
      "properties": {
        "fish_zone": 0,
        "fish_probability": 0.016666666666666666,
        "sst": 30.52999321408572,
        "chlorophyll": 0.09030332416296005,
        "current_u": -0.032848868519067764,
        "current_v": -0.3286287188529968,
        "bathymetry": 4405.22412109375
      }
    },
    {
      "type": "Feature",
      "geometry": {
        "type": "Point",
        "coordinates": [
          79.0,
          5.499999999999998
        ]
      },
      "properties": {
        "fish_zone": 0,
        "fish_probability": 0.016666666666666666,
        "sst": 30.51999321430924,
        "chlorophyll": 0.09182772785425186,
        "current_u": -0.002086248015984893,
        "current_v": -0.3615173101425171,
        "bathymetry": 3992.48388671875
      }
    },
    {
      "type": "Feature",
      "geometry": {
        "type": "Point",
        "coordinates": [
          79.0,
          5.599999999999998
        ]
      },
      "properties": {
        "fish_zone": 0,
        "fish_probability": 0.016666666666666666,
        "sst": 30.499993214756273,
        "chlorophyll": 0.09594053775072098,
        "current_u": 0.02645617350935936,
        "current_v": -0.381584107875824,
        "bathymetry": 3992.48388671875
      }
    },
    {
      "type": "Feature",
      "geometry": {
        "type": "Point",
        "coordinates": [
          79.0,
          5.6999999999999975
        ]
      },
      "properties": {
        "fish_zone": 0,
        "fish_probability": 0.02,
        "sst": 30.499993214756273,
        "chlorophyll": 0.10002099722623825,
        "current_u": 0.06283121556043625,
        "current_v": -0.3994317948818207,
        "bathymetry": 3597.031982421875
      }
    },
    {
      "type": "Feature",
      "geometry": {
        "type": "Point",
        "coordinates": [
          79.0,
          5.799999999999997
        ]
      },
      "properties": {
        "fish_zone": 0,
        "fish_probability": 0.02,
        "sst": 30.60999321229758,
        "chlorophyll": 0.11424112319946289,
        "current_u": 0.1485108584165573,
        "current_v": -0.43294182419776917,
        "bathymetry": 3597.031982421875
      }
    },
    {
      "type": "Feature",
      "geometry": {
        "type": "Point",
        "coordinates": [
          79.0,
          5.899999999999997
        ]
      },
      "properties": {
        "fish_zone": 0,
        "fish_probability": 0.02,
        "sst": 30.699993210285925,
        "chlorophyll": 0.11121182888746262,
        "current_u": 0.19245097041130066,
        "current_v": -0.44044360518455505,
        "bathymetry": 3220.820068359375
      }
    },
    {
      "type": "Feature",
      "geometry": {
        "type": "Point",
        "coordinates": [
          79.0,
          5.9999999999999964
        ]
      },
      "properties": {
        "fish_zone": 0,
        "fish_probability": 0.02,
        "sst": 30.669993210956477,
        "chlorophyll": 0.10683818906545639,
        "current_u": 0.23006907105445862,
        "current_v": -0.4394608438014984,
        "bathymetry": 3220.820068359375
      }
    },
    {
      "type": "Feature",
      "geometry": {
        "type": "Point",
        "coordinates": [
          79.0,
          6.099999999999996
        ]
      },
      "properties": {
        "fish_zone": 0,
        "fish_probability": 0.0033333333333333335,
        "sst": 30.549993213638686,
        "chlorophyll": 0.11209849268198013,
        "current_u": 0.2583773136138916,
        "current_v": -0.42814064025878906,
        "bathymetry": 3220.820068359375
      }
    },
    {
      "type": "Feature",
      "geometry": {
        "type": "Point",
        "coordinates": [
          79.0,
          6.199999999999996
        ]
      },
      "properties": {
        "fish_zone": 0,
        "fish_probability": 0.0033333333333333335,
        "sst": 30.509993214532756,
        "chlorophyll": 0.11304482072591782,
        "current_u": 0.27634018659591675,
        "current_v": -0.41211816668510437,
        "bathymetry": 3220.820068359375
      }
    },
    {
      "type": "Feature",
      "geometry": {
        "type": "Point",
        "coordinates": [
          79.0,
          6.299999999999995
        ]
      },
      "properties": {
        "fish_zone": 0,
        "fish_probability": 0.0033333333333333335,
        "sst": 30.509993214532756,
        "chlorophyll": 0.11079364269971848,
        "current_u": 0.29593539237976074,
        "current_v": -0.37295275926589966,
        "bathymetry": 3220.820068359375
      }
    },
    {
      "type": "Feature",
      "geometry": {
        "type": "Point",
        "coordinates": [
          79.0,
          6.399999999999995
        ]
      },
      "properties": {
        "fish_zone": 0,
        "fish_probability": 0.0033333333333333335,
        "sst": 30.509993214532756,
        "chlorophyll": 0.11584148555994034,
        "current_u": 0.2931538224220276,
        "current_v": -0.34440502524375916,
        "bathymetry": 2865.702880859375
      }
    },
    {
      "type": "Feature",
      "geometry": {
        "type": "Point",
        "coordinates": [
          79.0,
          6.499999999999995
        ]
      },
      "properties": {
        "fish_zone": 0,
        "fish_probability": 0.0033333333333333335,
        "sst": 30.44999321587386,
        "chlorophyll": 0.12393324077129364,
        "current_u": 0.2865329682826996,
        "current_v": -0.3148561716079712,
        "bathymetry": 2865.702880859375
      }
    },
    {
      "type": "Feature",
      "geometry": {
        "type": "Point",
        "coordinates": [
          79.0,
          6.599999999999994
        ]
      },
      "properties": {
        "fish_zone": 0,
        "fish_probability": 0.0033333333333333335,
        "sst": 30.369993217662,
        "chlorophyll": 0.12248446047306061,
        "current_u": 0.27277976274490356,
        "current_v": -0.28640997409820557,
        "bathymetry": 2865.702880859375
      }
    },
    {
      "type": "Feature",
      "geometry": {
        "type": "Point",
        "coordinates": [
          79.0,
          6.699999999999994
        ]
      },
      "properties": {
        "fish_zone": 0,
        "fish_probability": 0.0033333333333333335,
        "sst": 30.349993218109034,
        "chlorophyll": 0.12982282042503357,
        "current_u": 0.25712963938713074,
        "current_v": -0.2576020061969757,
        "bathymetry": 2865.702880859375
      }
    },
    {
      "type": "Feature",
      "geometry": {
        "type": "Point",
        "coordinates": [
          79.0,
          6.799999999999994
        ]
      },
      "properties": {
        "fish_zone": 0,
        "fish_probability": 0.0033333333333333335,
        "sst": 30.349993218109034,
        "chlorophyll": 0.13162633776664734,
        "current_u": 0.2036389708518982,
        "current_v": -0.21029512584209442,
        "bathymetry": 2865.702880859375
      }
    },
    {
      "type": "Feature",
      "geometry": {
        "type": "Point",
        "coordinates": [
          79.0,
          6.899999999999993
        ]
      },
      "properties": {
        "fish_zone": 0,
        "fish_probability": 0.0,
        "sst": 30.29999321922662,
        "chlorophyll": 0.13358350098133087,
        "current_u": 0.17162184417247772,
        "current_v": -0.19887195527553558,
        "bathymetry": 2533.3359375
      }
    },
    {
      "type": "Feature",
      "geometry": {
        "type": "Point",
        "coordinates": [
          79.0,
          6.999999999999993
        ]
      },
      "properties": {
        "fish_zone": 0,
        "fish_probability": 0.0,
        "sst": 30.269993219897174,
        "chlorophyll": 0.12748387455940247,
        "current_u": 0.14190834760665894,
        "current_v": -0.19208161532878876,
        "bathymetry": 2533.3359375
      }
    },
    {
      "type": "Feature",
      "geometry": {
        "type": "Point",
        "coordinates": [
          79.0,
          7.0999999999999925
        ]
      },
      "properties": {
        "fish_zone": 0,
        "fish_probability": 0.0033333333333333335,
        "sst": 30.32999321855607,
        "chlorophyll": 0.12452724575996399,
        "current_u": 0.11646708846092224,
        "current_v": -0.18972137570381165,
        "bathymetry": 2865.702880859375
      }
    },
    {
      "type": "Feature",
      "geometry": {
        "type": "Point",
        "coordinates": [
          79.0,
          7.199999999999992
        ]
      },
      "properties": {
        "fish_zone": 0,
        "fish_probability": 0.0033333333333333335,
        "sst": 30.389993217214965,
        "chlorophyll": 0.11970189958810806,
        "current_u": 0.09756027907133102,
        "current_v": -0.19077694416046143,
        "bathymetry": 2865.702880859375
      }
    },
    {
      "type": "Feature",
      "geometry": {
        "type": "Point",
        "coordinates": [
          79.0,
          7.299999999999992
        ]
      },
      "properties": {
        "fish_zone": 0,
        "fish_probability": 0.0,
        "sst": 30.579993212968134,
        "chlorophyll": 0.11502975970506668,
        "current_u": 0.09809417277574539,
        "current_v": -0.18440891802310944,
        "bathymetry": 2533.3359375
      }
    },
    {
      "type": "Feature",
      "geometry": {
        "type": "Point",
        "coordinates": [
          79.0,
          7.3999999999999915
        ]
      },
      "properties": {
        "fish_zone": 0,
        "fish_probability": 0.0,
        "sst": 30.63999321162703,
        "chlorophyll": 0.12838074564933777,
        "current_u": 0.09488362818956375,
        "current_v": -0.170779287815094,
        "bathymetry": 2533.3359375
      }
    },
    {
      "type": "Feature",
      "geometry": {
        "type": "Point",
        "coordinates": [
          79.0,
          7.499999999999991
        ]
      },
      "properties": {
        "fish_zone": 0,
        "fish_probability": 0.0,
        "sst": 30.649993211403512,
        "chlorophyll": 0.11950311809778214,
        "current_u": 0.09011276811361313,
        "current_v": -0.15231162309646606,
        "bathymetry": 2533.3359375
      }
    },
    {
      "type": "Feature",
      "geometry": {
        "type": "Point",
        "coordinates": [
          79.0,
          7.599999999999991
        ]
      },
      "properties": {
        "fish_zone": 0,
        "fish_probability": 0.0033333333333333335,
        "sst": 30.60999321229758,
        "chlorophyll": 0.12030376493930817,
        "current_u": 0.09039739519357681,
        "current_v": -0.13452297449111938,
        "bathymetry": 2533.3359375
      }
    },
    {
      "type": "Feature",
      "geometry": {
        "type": "Point",
        "coordinates": [
          79.0,
          7.69999999999999
        ]
      },
      "properties": {
        "fish_zone": 0,
        "fish_probability": 0.0033333333333333335,
        "sst": 30.56999321319165,
        "chlorophyll": 0.11539243906736374,
        "current_u": 0.0964813157916069,
        "current_v": -0.11907245218753815,
        "bathymetry": 2533.3359375
      }
    },
    {
      "type": "Feature",
      "geometry": {
        "type": "Point",
        "coordinates": [
          79.0,
          7.79999999999999
        ]
      },
      "properties": {
        "fish_zone": 0,
        "fish_probability": 0.01,
        "sst": 30.56999321319165,
        "chlorophyll": 0.11689726263284683,
        "current_u": 0.11250898241996765,
        "current_v": -0.08091959357261658,
        "bathymetry": 2225.077880859375
      }
    },
    {
      "type": "Feature",
      "geometry": {
        "type": "Point",
        "coordinates": [
          79.0,
          7.89999999999999
        ]
      },
      "properties": {
        "fish_zone": 0,
        "fish_probability": 0.01,
        "sst": 30.60999321229758,
        "chlorophyll": 0.10624305158853531,
        "current_u": 0.12343410402536392,
        "current_v": -0.060629770159721375,
        "bathymetry": 2225.077880859375
      }
    },
    {
      "type": "Feature",
      "geometry": {
        "type": "Point",
        "coordinates": [
          79.0,
          7.999999999999989
        ]
      },
      "properties": {
        "fish_zone": 0,
        "fish_probability": 0.03666666666666667,
        "sst": 30.55999321341517,
        "chlorophyll": 0.11720084398984909,
        "current_u": 0.13247740268707275,
        "current_v": -0.03856246545910835,
        "bathymetry": 1941.8929443359375
      }
    },
    {
      "type": "Feature",
      "geometry": {
        "type": "Point",
        "coordinates": [
          79.0,
          8.099999999999989
        ]
      },
      "properties": {
        "fish_zone": 0,
        "fish_probability": 0.03666666666666667,
        "sst": 30.40999321676793,
        "chlorophyll": 0.11842998117208481,
        "current_u": 0.14391161501407623,
        "current_v": -0.012820840813219547,
        "bathymetry": 1941.8929443359375
      }
    },
    {
      "type": "Feature",
      "geometry": {
        "type": "Point",
        "coordinates": [
          79.0,
          8.199999999999989
        ]
      },
      "properties": {
        "fish_zone": 0,
        "fish_probability": 0.03333333333333333,
        "sst": 30.32999321855607,
        "chlorophyll": 0.12181486189365387,
        "current_u": 0.15984706580638885,
        "current_v": 0.013611081056296825,
        "bathymetry": 1684.2840576171875
      }
    },
    {
      "type": "Feature",
      "geometry": {
        "type": "Point",
        "coordinates": [
          79.0,
          8.299999999999988
        ]
      },
      "properties": {
        "fish_zone": 0,
        "fish_probability": 0.043333333333333335,
        "sst": 30.279993219673656,
        "chlorophyll": 0.1318325698375702,
        "current_u": 0.17796167731285095,
        "current_v": 0.05827646702528,
        "bathymetry": 1245.291015625
      }
    },
    {
      "type": "Feature",
      "geometry": {
        "type": "Point",
        "coordinates": [
          79.0,
          8.399999999999988
        ]
      },
      "properties": {
        "fish_zone": 0,
        "fish_probability": 0.03666666666666667,
        "sst": 30.29999321922662,
        "chlorophyll": 0.14463165402412415,
        "current_u": 0.18243828415870667,
        "current_v": 0.07457607984542847,
        "bathymetry": 1452.2509765625
      }
    },
    {
      "type": "Feature",
      "geometry": {
        "type": "Point",
        "coordinates": [
          79.0,
          8.499999999999988
        ]
      },
      "properties": {
        "fish_zone": 0,
        "fish_probability": 0.06333333333333334,
        "sst": 30.339993218332552,
        "chlorophyll": 0.14025484025478363,
        "current_u": 0.18925879895687103,
        "current_v": 0.08452434837818146,
        "bathymetry": 1245.291015625
      }
    },
    {
      "type": "Feature",
      "geometry": {
        "type": "Point",
        "coordinates": [
          79.0,
          8.599999999999987
        ]
      },
      "properties": {
        "fish_zone": 0,
        "fish_probability": 0.04,
        "sst": 30.439993216097378,
        "chlorophyll": 0.138736292719841,
        "current_u": 0.18033111095428467,
        "current_v": 0.074581578373909,
        "bathymetry": 1245.291015625
      }
    },
    {
      "type": "Feature",
      "geometry": {
        "type": "Point",
        "coordinates": [
          79.0,
          8.699999999999987
        ]
      },
      "properties": {
        "fish_zone": 0,
        "fish_probability": 0.21666666666666667,
        "sst": 30.539993213862203,
        "chlorophyll": 0.2058807760477066,
        "current_u": 0.14901408553123474,
        "current_v": 0.05204056203365326,
        "bathymetry": 1245.291015625
      }
    },
    {
      "type": "Feature",
      "geometry": {
        "type": "Point",
        "coordinates": [
          79.0,
          8.799999999999986
        ]
      },
      "properties": {
        "fish_zone": 0,
        "fish_probability": 0.06,
        "sst": 30.79999320805075,
        "chlorophyll": 0.2114994078874588,
        "current_u": 0.06577599793672562,
        "current_v": 0.04832422360777855,
        "bathymetry": 902.3392944335938
      }
    },
    {
      "type": "Feature",
      "geometry": {
        "type": "Point",
        "coordinates": [
          79.0,
          8.899999999999986
        ]
      },
      "properties": {
        "fish_zone": 0,
        "fish_probability": 0.07333333333333333,
        "sst": 30.849993206933163,
        "chlorophyll": 0.29128649830818176,
        "current_u": -0.03046673722565174,
        "current_v": 0.05800659582018852,
        "bathymetry": 643.5667724609375
      }
    },
    {
      "type": "Feature",
      "geometry": {
        "type": "Point",
        "coordinates": [
          79.0,
          8.999999999999986
        ]
      },
      "properties": {
        "fish_zone": 0,
        "fish_probability": 0.23333333333333334,
        "sst": 31.079993201792263,
        "chlorophyll": 0.6117427945137024,
        "current_u": -0.047154344618320465,
        "current_v": 0.09323995560407639,
        "bathymetry": 222.47520446777344
      }
    },
    {
      "type": "Feature",
      "geometry": {
        "type": "Point",
        "coordinates": [
          79.0,
          9.099999999999985
        ]
      },
      "properties": {
        "fish_zone": 0,
        "fish_probability": 0.12666666666666668,
        "sst": 31.21999319866302,
        "chlorophyll": 0.6848103404045105,
        "current_u": 0.041013624519109726,
        "current_v": 0.08369649946689606,
        "bathymetry": 15.810070037841797
      }
    },
    {
      "type": "Feature",
      "geometry": {
        "type": "Point",
        "coordinates": [
          79.0,
          9.199999999999985
        ]
      },
      "properties": {
        "fish_zone": 0,
        "fish_probability": 0.05333333333333334,
        "sst": 31.21999319866302,
        "chlorophyll": 0.8618645071983337,
        "current_u": 0.05306730791926384,
        "current_v": 0.06753569841384888,
        "bathymetry": 11.404999732971191
      }
    },
    {
      "type": "Feature",
      "geometry": {
        "type": "Point",
        "coordinates": [
          79.0,
          9.399999999999984
        ]
      },
      "properties": {
        "fish_zone": 0,
        "fish_probability": 0.04,
        "sst": 31.369993195310258,
        "chlorophyll": 1.2542768716812134,
        "current_u": 0.017755825072526932,
        "current_v": -0.015365436673164368,
        "bathymetry": 9.572997093200684
      }
    },
    {
      "type": "Feature",
      "geometry": {
        "type": "Point",
        "coordinates": [
          79.0,
          9.499999999999984
        ]
      },
      "properties": {
        "fish_zone": 0,
        "fish_probability": 0.07333333333333333,
        "sst": 31.269993197545432,
        "chlorophyll": 1.2126922607421875,
        "current_u": 0.005777094047516584,
        "current_v": -0.014280891045928001,
        "bathymetry": 7.92956018447876
      }
    },
    {
      "type": "Feature",
      "geometry": {
        "type": "Point",
        "coordinates": [
          79.0,
          9.599999999999984
        ]
      },
      "properties": {
        "fish_zone": 0,
        "fish_probability": 0.09666666666666666,
        "sst": 31.10999320112171,
        "chlorophyll": 1.4503533840179443,
        "current_u": -0.00499372836202383,
        "current_v": -0.030530842021107674,
        "bathymetry": 7.92956018447876
      }
    },
    {
      "type": "Feature",
      "geometry": {
        "type": "Point",
        "coordinates": [
          79.0,
          9.699999999999983
        ]
      },
      "properties": {
        "fish_zone": 0,
        "fish_probability": 0.07,
        "sst": 31.099993201345228,
        "chlorophyll": 1.6807223558425903,
        "current_u": -0.01650949753820896,
        "current_v": 0.016568930819630623,
        "bathymetry": 7.92956018447876
      }
    },
    {
      "type": "Feature",
      "geometry": {
        "type": "Point",
        "coordinates": [
          79.1,
          5.0
        ]
      },
      "properties": {
        "fish_zone": 0,
        "fish_probability": 0.016666666666666666,
        "sst": 30.539993213862203,
        "chlorophyll": 0.0911637470126152,
        "current_u": -0.13501493632793427,
        "current_v": -0.16514821350574493,
        "bathymetry": 4405.22412109375
      }
    },
    {
      "type": "Feature",
      "geometry": {
        "type": "Point",
        "coordinates": [
          79.1,
          5.1
        ]
      },
      "properties": {
        "fish_zone": 0,
        "fish_probability": 0.02,
        "sst": 30.52999321408572,
        "chlorophyll": 0.09269186109304428,
        "current_u": -0.10879810899496078,
        "current_v": -0.2130497694015503,
        "bathymetry": 4405.22412109375
      }
    },
    {
      "type": "Feature",
      "geometry": {
        "type": "Point",
        "coordinates": [
          79.1,
          5.199999999999999
        ]
      },
      "properties": {
        "fish_zone": 0,
        "fish_probability": 0.016666666666666666,
        "sst": 30.539993213862203,
        "chlorophyll": 0.09280038625001907,
        "current_u": -0.07516176253557205,
        "current_v": -0.2622772753238678,
        "bathymetry": 4405.22412109375
      }
    },
    {
      "type": "Feature",
      "geometry": {
        "type": "Point",
        "coordinates": [
          79.1,
          5.299999999999999
        ]
      },
      "properties": {
        "fish_zone": 0,
        "fish_probability": 0.016666666666666666,
        "sst": 30.549993213638686,
        "chlorophyll": 0.0928427129983902,
        "current_u": -0.03915281221270561,
        "current_v": -0.3323844075202942,
        "bathymetry": 4405.22412109375
      }
    },
    {
      "type": "Feature",
      "geometry": {
        "type": "Point",
        "coordinates": [
          79.1,
          5.399999999999999
        ]
      },
      "properties": {
        "fish_zone": 0,
        "fish_probability": 0.016666666666666666,
        "sst": 30.52999321408572,
        "chlorophyll": 0.09316380321979523,
        "current_u": -0.015847133472561836,
        "current_v": -0.3675035834312439,
        "bathymetry": 4405.22412109375
      }
    },
    {
      "type": "Feature",
      "geometry": {
        "type": "Point",
        "coordinates": [
          79.1,
          5.499999999999998
        ]
      },
      "properties": {
        "fish_zone": 0,
        "fish_probability": 0.013333333333333334,
        "sst": 30.499993214756273,
        "chlorophyll": 0.09405956417322159,
        "current_u": 0.009005151689052582,
        "current_v": -0.3956867754459381,
        "bathymetry": 3992.48388671875
      }
    },
    {
      "type": "Feature",
      "geometry": {
        "type": "Point",
        "coordinates": [
          79.1,
          5.599999999999998
        ]
      },
      "properties": {
        "fish_zone": 0,
        "fish_probability": 0.016666666666666666,
        "sst": 30.469993215426825,
        "chlorophyll": 0.09902741014957428,
        "current_u": 0.03204837068915367,
        "current_v": -0.40924400091171265,
        "bathymetry": 3992.48388671875
      }
    },
    {
      "type": "Feature",
      "geometry": {
        "type": "Point",
        "coordinates": [
          79.1,
          5.6999999999999975
        ]
      },
      "properties": {
        "fish_zone": 0,
        "fish_probability": 0.02,
        "sst": 30.459993215650343,
        "chlorophyll": 0.10183044523000717,
        "current_u": 0.0640711635351181,
        "current_v": -0.4250841438770294,
        "bathymetry": 3597.031982421875
      }
    },
    {
      "type": "Feature",
      "geometry": {
        "type": "Point",
        "coordinates": [
          79.1,
          5.799999999999997
        ]
      },
      "properties": {
        "fish_zone": 0,
        "fish_probability": 0.02,
        "sst": 30.579993212968134,
        "chlorophyll": 0.12067873775959015,
        "current_u": 0.14127077162265778,
        "current_v": -0.4475209712982178,
        "bathymetry": 3220.820068359375
      }
    },
    {
      "type": "Feature",
      "geometry": {
        "type": "Point",
        "coordinates": [
          79.1,
          5.899999999999997
        ]
      },
      "properties": {
        "fish_zone": 0,
        "fish_probability": 0.02,
        "sst": 30.67999321073296,
        "chlorophyll": 0.10473783314228058,
        "current_u": 0.1798451989889145,
        "current_v": -0.44674524664878845,
        "bathymetry": 3220.820068359375
      }
    },
    {
      "type": "Feature",
      "geometry": {
        "type": "Point",
        "coordinates": [
          79.1,
          5.9999999999999964
        ]
      },
      "properties": {
        "fish_zone": 0,
        "fish_probability": 0.02,
        "sst": 30.619993212074064,
        "chlorophyll": 0.11396675556898117,
        "current_u": 0.2125268280506134,
        "current_v": -0.43879324197769165,
        "bathymetry": 3220.820068359375
      }
    },
    {
      "type": "Feature",
      "geometry": {
        "type": "Point",
        "coordinates": [
          79.1,
          6.099999999999996
        ]
      },
      "properties": {
        "fish_zone": 0,
        "fish_probability": 0.0033333333333333335,
        "sst": 30.479993215203308,
        "chlorophyll": 0.11552667617797852,
        "current_u": 0.23821546137332916,
        "current_v": -0.42234712839126587,
        "bathymetry": 3220.820068359375
      }
    },
    {
      "type": "Feature",
      "geometry": {
        "type": "Point",
        "coordinates": [
          79.1,
          6.199999999999996
        ]
      },
      "properties": {
        "fish_zone": 0,
        "fish_probability": 0.0033333333333333335,
        "sst": 30.429993216320895,
        "chlorophyll": 0.11140669882297516,
        "current_u": 0.25441426038742065,
        "current_v": -0.4043703079223633,
        "bathymetry": 3597.031982421875
      }
    },
    {
      "type": "Feature",
      "geometry": {
        "type": "Point",
        "coordinates": [
          79.1,
          6.299999999999995
        ]
      },
      "properties": {
        "fish_zone": 0,
        "fish_probability": 0.0033333333333333335,
        "sst": 30.469993215426825,
        "chlorophyll": 0.10826755315065384,
        "current_u": 0.2745506167411804,
        "current_v": -0.3691999912261963,
        "bathymetry": 2865.702880859375
      }
    },
    {
      "type": "Feature",
      "geometry": {
        "type": "Point",
        "coordinates": [
          79.1,
          6.399999999999995
        ]
      },
      "properties": {
        "fish_zone": 0,
        "fish_probability": 0.0033333333333333335,
        "sst": 30.509993214532756,
        "chlorophyll": 0.11636702716350555,
        "current_u": 0.27246424555778503,
        "current_v": -0.34149467945098877,
        "bathymetry": 2865.702880859375
      }
    },
    {
      "type": "Feature",
      "geometry": {
        "type": "Point",
        "coordinates": [
          79.1,
          6.499999999999995
        ]
      },
      "properties": {
        "fish_zone": 0,
        "fish_probability": 0.0033333333333333335,
        "sst": 30.48999321497979,
        "chlorophyll": 0.12550850212574005,
        "current_u": 0.267437607049942,
        "current_v": -0.3120931088924408,
        "bathymetry": 2865.702880859375
      }
    },
    {
      "type": "Feature",
      "geometry": {
        "type": "Point",
        "coordinates": [
          79.1,
          6.599999999999994
        ]
      },
      "properties": {
        "fish_zone": 0,
        "fish_probability": 0.0033333333333333335,
        "sst": 30.469993215426825,
        "chlorophyll": 0.13360358774662018,
        "current_u": 0.25432610511779785,
        "current_v": -0.28518441319465637,
        "bathymetry": 2865.702880859375
      }
    },
    {
      "type": "Feature",
      "geometry": {
        "type": "Point",
        "coordinates": [
          79.1,
          6.699999999999994
        ]
      },
      "properties": {
        "fish_zone": 0,
        "fish_probability": 0.0,
        "sst": 30.469993215426825,
        "chlorophyll": 0.15000168979167938,
        "current_u": 0.2383759617805481,
        "current_v": -0.26027488708496094,
        "bathymetry": 2533.3359375
      }
    },
    {
      "type": "Feature",
      "geometry": {
        "type": "Point",
        "coordinates": [
          79.1,
          6.799999999999994
        ]
      },
      "properties": {
        "fish_zone": 0,
        "fish_probability": 0.0,
        "sst": 30.479993215203308,
        "chlorophyll": 0.14147703349590302,
        "current_u": 0.18949413299560547,
        "current_v": -0.2250233292579651,
        "bathymetry": 2533.3359375
      }
    },
    {
      "type": "Feature",
      "geometry": {
        "type": "Point",
        "coordinates": [
          79.1,
          6.899999999999993
        ]
      },
      "properties": {
        "fish_zone": 0,
        "fish_probability": 0.0,
        "sst": 30.389993217214965,
        "chlorophyll": 0.1405664086341858,
        "current_u": 0.15989187359809875,
        "current_v": -0.21782928705215454,
        "bathymetry": 2533.3359375
      }
    },
    {
      "type": "Feature",
      "geometry": {
        "type": "Point",
        "coordinates": [
          79.1,
          6.999999999999993
        ]
      },
      "properties": {
        "fish_zone": 0,
        "fish_probability": 0.0,
        "sst": 30.319993218779587,
        "chlorophyll": 0.12497301399707794,
        "current_u": 0.13360737264156342,
        "current_v": -0.21326632797718048,
        "bathymetry": 2533.3359375
      }
    },
    {
      "type": "Feature",
      "geometry": {
        "type": "Point",
        "coordinates": [
          79.1,
          7.0999999999999925
        ]
      },
      "properties": {
        "fish_zone": 0,
        "fish_probability": 0.0,
        "sst": 30.349993218109034,
        "chlorophyll": 0.1350172758102417,
        "current_u": 0.11205131560564041,
        "current_v": -0.20919746160507202,
        "bathymetry": 2533.3359375
      }
    },
    {
      "type": "Feature",
      "geometry": {
        "type": "Point",
        "coordinates": [
          79.1,
          7.199999999999992
        ]
      },
      "properties": {
        "fish_zone": 0,
        "fish_probability": 0.0,
        "sst": 30.399993216991447,
        "chlorophyll": 0.1143634244799614,
        "current_u": 0.09589788317680359,
        "current_v": -0.20593616366386414,
        "bathymetry": 2533.3359375
      }
    },
    {
      "type": "Feature",
      "geometry": {
        "type": "Point",
        "coordinates": [
          79.1,
          7.299999999999992
        ]
      },
      "properties": {
        "fish_zone": 0,
        "fish_probability": 0.0,
        "sst": 30.5999932125211,
        "chlorophyll": 0.11139446496963501,
        "current_u": 0.09518210589885712,
        "current_v": -0.1964006870985031,
        "bathymetry": 2533.3359375
      }
    },
    {
      "type": "Feature",
      "geometry": {
        "type": "Point",
        "coordinates": [
          79.1,
          7.3999999999999915
        ]
      },
      "properties": {
        "fish_zone": 0,
        "fish_probability": 0.0,
        "sst": 30.629993211850547,
        "chlorophyll": 0.11448399722576141,
        "current_u": 0.09471575915813446,
        "current_v": -0.1833374798297882,
        "bathymetry": 2533.3359375
      }
    },
    {
      "type": "Feature",
      "geometry": {
        "type": "Point",
        "coordinates": [
          79.1,
          7.499999999999991
        ]
      },
      "properties": {
        "fish_zone": 0,
        "fish_probability": 0.0,
        "sst": 30.5999932125211,
        "chlorophyll": 0.11867137998342514,
        "current_u": 0.08802588284015656,
        "current_v": -0.16258998215198517,
        "bathymetry": 2533.3359375
      }
    },
    {
      "type": "Feature",
      "geometry": {
        "type": "Point",
        "coordinates": [
          79.1,
          7.599999999999991
        ]
      },
      "properties": {
        "fish_zone": 0,
        "fish_probability": 0.006666666666666667,
        "sst": 30.51999321430924,
        "chlorophyll": 0.12220577895641327,
        "current_u": 0.08561093360185623,
        "current_v": -0.14410866796970367,
        "bathymetry": 2533.3359375
      }
    },
    {
      "type": "Feature",
      "geometry": {
        "type": "Point",
        "coordinates": [
          79.1,
          7.69999999999999
        ]
      },
      "properties": {
        "fish_zone": 0,
        "fish_probability": 0.0033333333333333335,
        "sst": 30.479993215203308,
        "chlorophyll": 0.11487672477960587,
        "current_u": 0.09091711044311523,
        "current_v": -0.12594643235206604,
        "bathymetry": 2225.077880859375
      }
    },
    {
      "type": "Feature",
      "geometry": {
        "type": "Point",
        "coordinates": [
          79.1,
          7.79999999999999
        ]
      },
      "properties": {
        "fish_zone": 0,
        "fish_probability": 0.05,
        "sst": 30.429993216320895,
        "chlorophyll": 0.10150957852602005,
        "current_u": 0.09579959511756897,
        "current_v": -0.08924060314893723,
        "bathymetry": 1941.8929443359375
      }
    },
    {
      "type": "Feature",
      "geometry": {
        "type": "Point",
        "coordinates": [
          79.1,
          7.89999999999999
        ]
      },
      "properties": {
        "fish_zone": 0,
        "fish_probability": 0.03333333333333333,
        "sst": 30.44999321587386,
        "chlorophyll": 0.11357754468917847,
        "current_u": 0.10001450031995773,
        "current_v": -0.07101313024759293,
        "bathymetry": 1684.2840576171875
      }
    },
    {
      "type": "Feature",
      "geometry": {
        "type": "Point",
        "coordinates": [
          79.1,
          7.999999999999989
        ]
      },
      "properties": {
        "fish_zone": 0,
        "fish_probability": 0.03333333333333333,
        "sst": 30.369993217662,
        "chlorophyll": 0.11897379159927368,
        "current_u": 0.1067722961306572,
        "current_v": -0.050935354083776474,
        "bathymetry": 1684.2840576171875
      }
    },
    {
      "type": "Feature",
      "geometry": {
        "type": "Point",
        "coordinates": [
          79.1,
          8.099999999999989
        ]
      },
      "properties": {
        "fish_zone": 0,
        "fish_probability": 0.03333333333333333,
        "sst": 30.239993220567726,
        "chlorophyll": 0.11166895180940628,
        "current_u": 0.1182776615023613,
        "current_v": -0.030042439699172974,
        "bathymetry": 1684.2840576171875
      }
    },
    {
      "type": "Feature",
      "geometry": {
        "type": "Point",
        "coordinates": [
          79.1,
          8.199999999999989
        ]
      },
      "properties": {
        "fish_zone": 0,
        "fish_probability": 0.03333333333333333,
        "sst": 30.20999322123828,
        "chlorophyll": 0.11983852833509445,
        "current_u": 0.13279226422309875,
        "current_v": -0.008221795782446861,
        "bathymetry": 1452.2509765625
      }
    },
    {
      "type": "Feature",
      "geometry": {
        "type": "Point",
        "coordinates": [
          79.1,
          8.299999999999988
        ]
      },
      "properties": {
        "fish_zone": 0,
        "fish_probability": 0.04666666666666667,
        "sst": 30.25999322012069,
        "chlorophyll": 0.1253659427165985,
        "current_u": 0.16081015765666962,
        "current_v": 0.025400159880518913,
        "bathymetry": 902.3392944335938
      }
    },
    {
      "type": "Feature",
      "geometry": {
        "type": "Point",
        "coordinates": [
          79.1,
          8.399999999999988
        ]
      },
      "properties": {
        "fish_zone": 0,
        "fish_probability": 0.04,
        "sst": 30.28999321945014,
        "chlorophyll": 0.14014586806297302,
        "current_u": 0.1712869107723236,
        "current_v": 0.03421705588698387,
        "bathymetry": 1062.43994140625
      }
    },
    {
      "type": "Feature",
      "geometry": {
        "type": "Point",
        "coordinates": [
          79.1,
          8.499999999999988
        ]
      },
      "properties": {
        "fish_zone": 0,
        "fish_probability": 0.043333333333333335,
        "sst": 30.32999321855607,
        "chlorophyll": 0.1296575516462326,
        "current_u": 0.18137598037719727,
        "current_v": 0.04205302521586418,
        "bathymetry": 1062.43994140625
      }
    },
    {
      "type": "Feature",
      "geometry": {
        "type": "Point",
        "coordinates": [
          79.1,
          8.599999999999987
        ]
      },
      "properties": {
        "fish_zone": 0,
        "fish_probability": 0.04,
        "sst": 30.499993214756273,
        "chlorophyll": 0.13931214809417725,
        "current_u": 0.1743500977754593,
        "current_v": 0.04047396034002304,
        "bathymetry": 1062.43994140625
      }
    },
    {
      "type": "Feature",
      "geometry": {
        "type": "Point",
        "coordinates": [
          79.1,
          8.699999999999987
        ]
      },
      "properties": {
        "fish_zone": 0,
        "fish_probability": 0.21,
        "sst": 30.5999932125211,
        "chlorophyll": 0.22093893587589264,
        "current_u": 0.1445843130350113,
        "current_v": 0.021816110238432884,
        "bathymetry": 1062.43994140625
      }
    },
    {
      "type": "Feature",
      "geometry": {
        "type": "Point",
        "coordinates": [
          79.1,
          8.799999999999986
        ]
      },
      "properties": {
        "fish_zone": 0,
        "fish_probability": 0.08,
        "sst": 30.779993208497785,
        "chlorophyll": 0.22050847113132477,
        "current_u": 0.06010277196764946,
        "current_v": 0.03475549817085266,
        "bathymetry": 763.3331298828125
      }
    },
    {
      "type": "Feature",
      "geometry": {
        "type": "Point",
        "coordinates": [
          79.1,
          8.899999999999986
        ]
      },
      "properties": {
        "fish_zone": 0,
        "fish_probability": 0.07333333333333333,
        "sst": 30.779993208497785,
        "chlorophyll": 0.2649163603782654,
        "current_u": -0.03410579264163971,
        "current_v": 0.04067221283912659,
        "bathymetry": 643.5667724609375
      }
    },
    {
      "type": "Feature",
      "geometry": {
        "type": "Point",
        "coordinates": [
          79.1,
          8.999999999999986
        ]
      },
      "properties": {
        "fish_zone": 0,
        "fish_probability": 0.09,
        "sst": 31.039993202686333,
        "chlorophyll": 0.49495309591293335,
        "current_u": -0.043626297265291214,
        "current_v": 0.05511409044265747,
        "bathymetry": 222.47520446777344
      }
    },
    {
      "type": "Feature",
      "geometry": {
        "type": "Point",
        "coordinates": [
          79.1,
          9.099999999999985
        ]
      },
      "properties": {
        "fish_zone": 0,
        "fish_probability": 0.03666666666666667,
        "sst": 31.14999320022764,
        "chlorophyll": 0.6390625238418579,
        "current_u": 0.06173952668905258,
        "current_v": 0.056337133049964905,
        "bathymetry": 18.495559692382812
      }
    },
    {
      "type": "Feature",
      "geometry": {
        "type": "Point",
        "coordinates": [
          79.1,
          9.199999999999985
        ]
      },
      "properties": {
        "fish_zone": 0,
        "fish_probability": 0.17666666666666667,
        "sst": 31.169993199780606,
        "chlorophyll": 0.8050810694694519,
        "current_u": 0.09021218121051788,
        "current_v": 0.061354488134384155,
        "bathymetry": 13.467140197753906
      }
    },
    {
      "type": "Feature",
      "geometry": {
        "type": "Point",
        "coordinates": [
          79.1,
          9.399999999999984
        ]
      },
      "properties": {
        "fish_zone": 0,
        "fish_probability": 0.043333333333333335,
        "sst": 31.429993193969153,
        "chlorophyll": 1.2145311832427979,
        "current_u": 0.008374204859137535,
        "current_v": 0.0018352088518440723,
        "bathymetry": 13.467140197753906
      }
    },
    {
      "type": "Feature",
      "geometry": {
        "type": "Point",
        "coordinates": [
          79.1,
          9.499999999999984
        ]
      },
      "properties": {
        "fish_zone": 0,
        "fish_probability": 0.04666666666666667,
        "sst": 31.4599931932986,
        "chlorophyll": 1.2295528650283813,
        "current_u": -0.0021415159571915865,
        "current_v": 0.04067615047097206,
        "bathymetry": 9.572997093200684
      }
    },
    {
      "type": "Feature",
      "geometry": {
        "type": "Point",
        "coordinates": [
          79.1,
          9.599999999999984
        ]
      },
      "properties": {
        "fish_zone": 0,
        "fish_probability": 0.04666666666666667,
        "sst": 31.29999319687488,
        "chlorophyll": 1.2550292015075684,
        "current_u": -0.0004131756431888789,
        "current_v": 0.04577329009771347,
        "bathymetry": 9.572997093200684
      }
    },
    {
      "type": "Feature",
      "geometry": {
        "type": "Point",
        "coordinates": [
          79.1,
          9.699999999999983
        ]
      },
      "properties": {
        "fish_zone": 0,
        "fish_probability": 0.07666666666666666,
        "sst": 31.21999319866302,
        "chlorophyll": 1.269085168838501,
        "current_u": -0.003064952092245221,
        "current_v": 0.042653560638427734,
        "bathymetry": 7.92956018447876
      }
    },
    {
      "type": "Feature",
      "geometry": {
        "type": "Point",
        "coordinates": [
          79.19999999999999,
          5.0
        ]
      },
      "properties": {
        "fish_zone": 0,
        "fish_probability": 0.02,
        "sst": 30.539993213862203,
        "chlorophyll": 0.09328962862491608,
        "current_u": -0.10024277120828629,
        "current_v": -0.19370923936367035,
        "bathymetry": 4405.22412109375
      }
    },
    {
      "type": "Feature",
      "geometry": {
        "type": "Point",
        "coordinates": [
          79.19999999999999,
          5.1
        ]
      },
      "properties": {
        "fish_zone": 0,
        "fish_probability": 0.016666666666666666,
        "sst": 30.51999321430924,
        "chlorophyll": 0.09296506643295288,
        "current_u": -0.07004325091838837,
        "current_v": -0.2440122812986374,
        "bathymetry": 4405.22412109375
      }
    },
    {
      "type": "Feature",
      "geometry": {
        "type": "Point",
        "coordinates": [
          79.19999999999999,
          5.199999999999999
        ]
      },
      "properties": {
        "fish_zone": 0,
        "fish_probability": 0.016666666666666666,
        "sst": 30.52999321408572,
        "chlorophyll": 0.09423182904720306,
        "current_u": -0.04099472239613533,
        "current_v": -0.29286161065101624,
        "bathymetry": 4405.22412109375
      }
    },
    {
      "type": "Feature",
      "geometry": {
        "type": "Point",
        "coordinates": [
          79.19999999999999,
          5.299999999999999
        ]
      },
      "properties": {
        "fish_zone": 0,
        "fish_probability": 0.016666666666666666,
        "sst": 30.549993213638686,
        "chlorophyll": 0.09386659413576126,
        "current_u": -0.0173039548099041,
        "current_v": -0.36239859461784363,
        "bathymetry": 4405.22412109375
      }
    },
    {
      "type": "Feature",
      "geometry": {
        "type": "Point",
        "coordinates": [
          79.19999999999999,
          5.399999999999999
        ]
      },
      "properties": {
        "fish_zone": 0,
        "fish_probability": 0.013333333333333334,
        "sst": 30.51999321430924,
        "chlorophyll": 0.0958026647567749,
        "current_u": 0.0005103478324599564,
        "current_v": -0.3946452736854553,
        "bathymetry": 4405.22412109375
      }
    },
    {
      "type": "Feature",
      "geometry": {
        "type": "Point",
        "coordinates": [
          79.19999999999999,
          5.499999999999998
        ]
      },
      "properties": {
        "fish_zone": 0,
        "fish_probability": 0.013333333333333334,
        "sst": 30.479993215203308,
        "chlorophyll": 0.09929224848747253,
        "current_u": 0.01919720508158207,
        "current_v": -0.4152359366416931,
        "bathymetry": 3992.48388671875
      }
    },
    {
      "type": "Feature",
      "geometry": {
        "type": "Point",
        "coordinates": [
          79.19999999999999,
          5.599999999999998
        ]
      },
      "properties": {
        "fish_zone": 0,
        "fish_probability": 0.016666666666666666,
        "sst": 30.439993216097378,
        "chlorophyll": 0.10269869118928909,
        "current_u": 0.0394875630736351,
        "current_v": -0.42418861389160156,
        "bathymetry": 3992.48388671875
      }
    },
    {
      "type": "Feature",
      "geometry": {
        "type": "Point",
        "coordinates": [
          79.19999999999999,
          5.6999999999999975
        ]
      },
      "properties": {
        "fish_zone": 0,
        "fish_probability": 0.02,
        "sst": 30.439993216097378,
        "chlorophyll": 0.10350769013166428,
        "current_u": 0.06696069240570068,
        "current_v": -0.4378562271595001,
        "bathymetry": 3597.031982421875
      }
    },
    {
      "type": "Feature",
      "geometry": {
        "type": "Point",
        "coordinates": [
          79.19999999999999,
          5.799999999999997
        ]
      },
      "properties": {
        "fish_zone": 0,
        "fish_probability": 0.02,
        "sst": 30.549993213638686,
        "chlorophyll": 0.11424289643764496,
        "current_u": 0.1388016790151596,
        "current_v": -0.4500960111618042,
        "bathymetry": 3220.820068359375
      }
    },
    {
      "type": "Feature",
      "geometry": {
        "type": "Point",
        "coordinates": [
          79.19999999999999,
          5.899999999999997
        ]
      },
      "properties": {
        "fish_zone": 0,
        "fish_probability": 0.02,
        "sst": 30.649993211403512,
        "chlorophyll": 0.11817795783281326,
        "current_u": 0.1707504689693451,
        "current_v": -0.441633015871048,
        "bathymetry": 3220.820068359375
      }
    },
    {
      "type": "Feature",
      "geometry": {
        "type": "Point",
        "coordinates": [
          79.19999999999999,
          5.9999999999999964
        ]
      },
      "properties": {
        "fish_zone": 0,
        "fish_probability": 0.02,
        "sst": 30.589993212744616,
        "chlorophyll": 0.1131923720240593,
        "current_u": 0.1994800865650177,
        "current_v": -0.4287506639957428,
        "bathymetry": 3220.820068359375
      }
    },
    {
      "type": "Feature",
      "geometry": {
        "type": "Point",
        "coordinates": [
          79.19999999999999,
          6.099999999999996
        ]
      },
      "properties": {
        "fish_zone": 0,
        "fish_probability": 0.0033333333333333335,
        "sst": 30.44999321587386,
        "chlorophyll": 0.11379639804363251,
        "current_u": 0.22154711186885834,
        "current_v": -0.4106070101261139,
        "bathymetry": 3597.031982421875
      }
    },
    {
      "type": "Feature",
      "geometry": {
        "type": "Point",
        "coordinates": [
          79.19999999999999,
          6.199999999999996
        ]
      },
      "properties": {
        "fish_zone": 0,
        "fish_probability": 0.0033333333333333335,
        "sst": 30.40999321676793,
        "chlorophyll": 0.10835061967372894,
        "current_u": 0.2347813844680786,
        "current_v": -0.39245325326919556,
        "bathymetry": 3220.820068359375
      }
    },
    {
      "type": "Feature",
      "geometry": {
        "type": "Point",
        "coordinates": [
          79.19999999999999,
          6.299999999999995
        ]
      },
      "properties": {
        "fish_zone": 0,
        "fish_probability": 0.0033333333333333335,
        "sst": 30.44999321587386,
        "chlorophyll": 0.10880178213119507,
        "current_u": 0.2521699368953705,
        "current_v": -0.36068758368492126,
        "bathymetry": 2865.702880859375
      }
    },
    {
      "type": "Feature",
      "geometry": {
        "type": "Point",
        "coordinates": [
          79.19999999999999,
          6.399999999999995
        ]
      },
      "properties": {
        "fish_zone": 0,
        "fish_probability": 0.0033333333333333335,
        "sst": 30.499993214756273,
        "chlorophyll": 0.11085005104541779,
        "current_u": 0.2509712874889374,
        "current_v": -0.33586975932121277,
        "bathymetry": 2865.702880859375
      }
    },
    {
      "type": "Feature",
      "geometry": {
        "type": "Point",
        "coordinates": [
          79.19999999999999,
          6.499999999999995
        ]
      },
      "properties": {
        "fish_zone": 0,
        "fish_probability": 0.0033333333333333335,
        "sst": 30.509993214532756,
        "chlorophyll": 0.12435667216777802,
        "current_u": 0.2457917034626007,
        "current_v": -0.30955857038497925,
        "bathymetry": 2865.702880859375
      }
    },
    {
      "type": "Feature",
      "geometry": {
        "type": "Point",
        "coordinates": [
          79.19999999999999,
          6.599999999999994
        ]
      },
      "properties": {
        "fish_zone": 0,
        "fish_probability": 0.0033333333333333335,
        "sst": 30.52999321408572,
        "chlorophyll": 0.12968377768993378,
        "current_u": 0.23126572370529175,
        "current_v": -0.2874889373779297,
        "bathymetry": 2865.702880859375
      }
    },
    {
      "type": "Feature",
      "geometry": {
        "type": "Point",
        "coordinates": [
          79.19999999999999,
          6.699999999999994
        ]
      },
      "properties": {
        "fish_zone": 0,
        "fish_probability": 0.0,
        "sst": 30.549993213638686,
        "chlorophyll": 0.15279731154441833,
        "current_u": 0.21344736218452454,
        "current_v": -0.2698552906513214,
        "bathymetry": 2533.3359375
      }
    },
    {
      "type": "Feature",
      "geometry": {
        "type": "Point",
        "coordinates": [
          79.19999999999999,
          6.799999999999994
        ]
      },
      "properties": {
        "fish_zone": 0,
        "fish_probability": 0.0,
        "sst": 30.55999321341517,
        "chlorophyll": 0.1432008445262909,
        "current_u": 0.17287331819534302,
        "current_v": -0.24634917080402374,
        "bathymetry": 2533.3359375
      }
    },
    {
      "type": "Feature",
      "geometry": {
        "type": "Point",
        "coordinates": [
          79.19999999999999,
          6.899999999999993
        ]
      },
      "properties": {
        "fish_zone": 0,
        "fish_probability": 0.0,
        "sst": 30.44999321587386,
        "chlorophyll": 0.1350821703672409,
        "current_u": 0.15047587454319,
        "current_v": -0.24213150143623352,
        "bathymetry": 2533.3359375
      }
    },
    {
      "type": "Feature",
      "geometry": {
        "type": "Point",
        "coordinates": [
          79.19999999999999,
          6.999999999999993
        ]
      },
      "properties": {
        "fish_zone": 0,
        "fish_probability": 0.0,
        "sst": 30.349993218109034,
        "chlorophyll": 0.1229843944311142,
        "current_u": 0.1306551843881607,
        "current_v": -0.23774737119674683,
        "bathymetry": 2533.3359375
      }
    },
    {
      "type": "Feature",
      "geometry": {
        "type": "Point",
        "coordinates": [
          79.19999999999999,
          7.0999999999999925
        ]
      },
      "properties": {
        "fish_zone": 0,
        "fish_probability": 0.0,
        "sst": 30.349993218109034,
        "chlorophyll": 0.11844958364963531,
        "current_u": 0.11261161416769028,
        "current_v": -0.23103809356689453,
        "bathymetry": 2533.3359375
      }
    },
    {
      "type": "Feature",
      "geometry": {
        "type": "Point",
        "coordinates": [
          79.19999999999999,
          7.199999999999992
        ]
      },
      "properties": {
        "fish_zone": 0,
        "fish_probability": 0.0,
        "sst": 30.399993216991447,
        "chlorophyll": 0.11708584427833557,
        "current_u": 0.09706506878137589,
        "current_v": -0.22387000918388367,
        "bathymetry": 2533.3359375
      }
    },
    {
      "type": "Feature",
      "geometry": {
        "type": "Point",
        "coordinates": [
          79.19999999999999,
          7.299999999999992
        ]
      },
      "properties": {
        "fish_zone": 0,
        "fish_probability": 0.0,
        "sst": 30.579993212968134,
        "chlorophyll": 0.11376044899225235,
        "current_u": 0.08761726319789886,
        "current_v": -0.21322962641716003,
        "bathymetry": 2533.3359375
      }
    },
    {
      "type": "Feature",
      "geometry": {
        "type": "Point",
        "coordinates": [
          79.19999999999999,
          7.3999999999999915
        ]
      },
      "properties": {
        "fish_zone": 0,
        "fish_probability": 0.0,
        "sst": 30.5999932125211,
        "chlorophyll": 0.1175159141421318,
        "current_u": 0.08877895772457123,
        "current_v": -0.2018737494945526,
        "bathymetry": 2533.3359375
      }
    },
    {
      "type": "Feature",
      "geometry": {
        "type": "Point",
        "coordinates": [
          79.19999999999999,
          7.499999999999991
        ]
      },
      "properties": {
        "fish_zone": 0,
        "fish_probability": 0.0,
        "sst": 30.549993213638686,
        "chlorophyll": 0.122137151658535,
        "current_u": 0.08425533026456833,
        "current_v": -0.18298186361789703,
        "bathymetry": 2533.3359375
      }
    },
    {
      "type": "Feature",
      "geometry": {
        "type": "Point",
        "coordinates": [
          79.19999999999999,
          7.599999999999991
        ]
      },
      "properties": {
        "fish_zone": 0,
        "fish_probability": 0.006666666666666667,
        "sst": 30.479993215203308,
        "chlorophyll": 0.11196785420179367,
        "current_u": 0.08283219486474991,
        "current_v": -0.1631084829568863,
        "bathymetry": 2533.3359375
      }
    },
    {
      "type": "Feature",
      "geometry": {
        "type": "Point",
        "coordinates": [
          79.19999999999999,
          7.69999999999999
        ]
      },
      "properties": {
        "fish_zone": 0,
        "fish_probability": 0.006666666666666667,
        "sst": 30.429993216320895,
        "chlorophyll": 0.1141076609492302,
        "current_u": 0.08583754301071167,
        "current_v": -0.14096786081790924,
        "bathymetry": 2225.077880859375
      }
    },
    {
      "type": "Feature",
      "geometry": {
        "type": "Point",
        "coordinates": [
          79.19999999999999,
          7.79999999999999
        ]
      },
      "properties": {
        "fish_zone": 0,
        "fish_probability": 0.04,
        "sst": 30.349993218109034,
        "chlorophyll": 0.09760703146457672,
        "current_u": 0.08043231070041656,
        "current_v": -0.106153704226017,
        "bathymetry": 1684.2840576171875
      }
    },
    {
      "type": "Feature",
      "geometry": {
        "type": "Point",
        "coordinates": [
          79.19999999999999,
          7.89999999999999
        ]
      },
      "properties": {
        "fish_zone": 0,
        "fish_probability": 0.043333333333333335,
        "sst": 30.32999321855607,
        "chlorophyll": 0.11071078479290009,
        "current_u": 0.07895499467849731,
        "current_v": -0.0914534330368042,
        "bathymetry": 1684.2840576171875
      }
    },
    {
      "type": "Feature",
      "geometry": {
        "type": "Point",
        "coordinates": [
          79.19999999999999,
          7.999999999999989
        ]
      },
      "properties": {
        "fish_zone": 0,
        "fish_probability": 0.0,
        "sst": 30.229993220791243,
        "chlorophyll": 0.11848536878824234,
        "current_u": 0.08404069393873215,
        "current_v": -0.07595818489789963,
        "bathymetry": 1452.2509765625
      }
    },
    {
      "type": "Feature",
      "geometry": {
        "type": "Point",
        "coordinates": [
          79.19999999999999,
          8.099999999999989
        ]
      },
      "properties": {
        "fish_zone": 0,
        "fish_probability": 0.03,
        "sst": 30.109993223473452,
        "chlorophyll": 0.11892136186361313,
        "current_u": 0.09334367513656616,
        "current_v": -0.056518469005823135,
        "bathymetry": 1452.2509765625
      }
    },
    {
      "type": "Feature",
      "geometry": {
        "type": "Point",
        "coordinates": [
          79.19999999999999,
          8.199999999999989
        ]
      },
      "properties": {
        "fish_zone": 0,
        "fish_probability": 0.04,
        "sst": 30.089993223920487,
        "chlorophyll": 0.12920421361923218,
        "current_u": 0.10408724844455719,
        "current_v": -0.033324629068374634,
        "bathymetry": 1245.291015625
      }
    },
    {
      "type": "Feature",
      "geometry": {
        "type": "Point",
        "coordinates": [
          79.19999999999999,
          8.299999999999988
        ]
      },
      "properties": {
        "fish_zone": 0,
        "fish_probability": 0.056666666666666664,
        "sst": 30.189993221685313,
        "chlorophyll": 0.1285874843597412,
        "current_u": 0.14363569021224976,
        "current_v": 0.001849571825005114,
        "bathymetry": 763.3331298828125
      }
    },
    {
      "type": "Feature",
      "geometry": {
        "type": "Point",
        "coordinates": [
          79.19999999999999,
          8.399999999999988
        ]
      },
      "properties": {
        "fish_zone": 0,
        "fish_probability": 0.06,
        "sst": 30.239993220567726,
        "chlorophyll": 0.13156121969223022,
        "current_u": 0.1678234040737152,
        "current_v": -0.0009685825789347291,
        "bathymetry": 763.3331298828125
      }
    },
    {
      "type": "Feature",
      "geometry": {
        "type": "Point",
        "coordinates": [
          79.19999999999999,
          8.499999999999988
        ]
      },
      "properties": {
        "fish_zone": 0,
        "fish_probability": 0.05,
        "sst": 30.319993218779587,
        "chlorophyll": 0.11773722618818283,
        "current_u": 0.18349634110927582,
        "current_v": -0.0007643712451681495,
        "bathymetry": 902.3392944335938
      }
    },
    {
      "type": "Feature",
      "geometry": {
        "type": "Point",
        "coordinates": [
          79.19999999999999,
          8.599999999999987
        ]
      },
      "properties": {
        "fish_zone": 0,
        "fish_probability": 0.043333333333333335,
        "sst": 30.48999321497979,
        "chlorophyll": 0.12290801107883453,
        "current_u": 0.17744915187358856,
        "current_v": 0.010422767139971256,
        "bathymetry": 902.3392944335938
      }
    },
    {
      "type": "Feature",
      "geometry": {
        "type": "Point",
        "coordinates": [
          79.19999999999999,
          8.699999999999987
        ]
      },
      "properties": {
        "fish_zone": 0,
        "fish_probability": 0.043333333333333335,
        "sst": 30.5999932125211,
        "chlorophyll": 0.1876278519630432,
        "current_u": 0.14561636745929718,
        "current_v": 0.01622616872191429,
        "bathymetry": 902.3392944335938
      }
    },
    {
      "type": "Feature",
      "geometry": {
        "type": "Point",
        "coordinates": [
          79.19999999999999,
          8.799999999999986
        ]
      },
      "properties": {
        "fish_zone": 0,
        "fish_probability": 0.07666666666666666,
        "sst": 30.729993209615373,
        "chlorophyll": 0.2395869344472885,
        "current_u": 0.051646869629621506,
        "current_v": 0.03738553822040558,
        "bathymetry": 643.5667724609375
      }
    },
    {
      "type": "Feature",
      "geometry": {
        "type": "Point",
        "coordinates": [
          79.19999999999999,
          8.899999999999986
        ]
      },
      "properties": {
        "fish_zone": 0,
        "fish_probability": 0.07,
        "sst": 30.71999320983889,
        "chlorophyll": 0.2660551965236664,
        "current_u": -0.029988229274749756,
        "current_v": 0.05297468975186348,
        "bathymetry": 643.5667724609375
      }
    },
    {
      "type": "Feature",
      "geometry": {
        "type": "Point",
        "coordinates": [
          79.19999999999999,
          8.999999999999986
        ]
      },
      "properties": {
        "fish_zone": 0,
        "fish_probability": 0.07666666666666666,
        "sst": 31.019993203133367,
        "chlorophyll": 0.4392169117927551,
        "current_u": -0.02931828610599041,
        "current_v": 0.05694369226694107,
        "bathymetry": 453.9377136230469
      }
    },
    {
      "type": "Feature",
      "geometry": {
        "type": "Point",
        "coordinates": [
          79.19999999999999,
          9.099999999999985
        ]
      },
      "properties": {
        "fish_zone": 0,
        "fish_probability": 0.06,
        "sst": 31.10999320112171,
        "chlorophyll": 0.5866000652313232,
        "current_u": 0.07656779140233994,
        "current_v": 0.04623889550566673,
        "bathymetry": 18.495559692382812
      }
    },
    {
      "type": "Feature",
      "geometry": {
        "type": "Point",
        "coordinates": [
          79.19999999999999,
          9.199999999999985
        ]
      },
      "properties": {
        "fish_zone": 0,
        "fish_probability": 0.22333333333333333,
        "sst": 31.129993200674676,
        "chlorophyll": 0.8635037541389465,
        "current_u": 0.12830331921577454,
        "current_v": 0.06996720284223557,
        "bathymetry": 15.810070037841797
      }
    },
    {
      "type": "Feature",
      "geometry": {
        "type": "Point",
        "coordinates": [
          79.19999999999999,
          9.399999999999984
        ]
      },
      "properties": {
        "fish_zone": 0,
        "fish_probability": 0.04,
        "sst": 31.41999319419267,
        "chlorophyll": 1.157427191734314,
        "current_u": -0.016737041994929314,
        "current_v": 0.051811497658491135,
        "bathymetry": 9.572997093200684
      }
    },
    {
      "type": "Feature",
      "geometry": {
        "type": "Point",
        "coordinates": [
          79.19999999999999,
          9.499999999999984
        ]
      },
      "properties": {
        "fish_zone": 0,
        "fish_probability": 0.043333333333333335,
        "sst": 31.519993191957496,
        "chlorophyll": 1.1608964204788208,
        "current_u": -0.01838315650820732,
        "current_v": 0.0632583349943161,
        "bathymetry": 9.572997093200684
      }
    },
    {
      "type": "Feature",
      "geometry": {
        "type": "Point",
        "coordinates": [
          79.19999999999999,
          9.599999999999984
        ]
      },
      "properties": {
        "fish_zone": 0,
        "fish_probability": 0.06,
        "sst": 31.37999319508674,
        "chlorophyll": 1.1818758249282837,
        "current_u": -0.0009146902011707425,
        "current_v": 0.0714370459318161,
        "bathymetry": 9.572997093200684
      }
    },
    {
      "type": "Feature",
      "geometry": {
        "type": "Point",
        "coordinates": [
          79.19999999999999,
          9.699999999999983
        ]
      },
      "properties": {
        "fish_zone": 0,
        "fish_probability": 0.043333333333333335,
        "sst": 31.289993197098397,
        "chlorophyll": 1.1827915906906128,
        "current_u": 0.01313695963472128,
        "current_v": 0.05805666744709015,
        "bathymetry": 9.572997093200684
      }
    },
    {
      "type": "Feature",
      "geometry": {
        "type": "Point",
        "coordinates": [
          79.19999999999999,
          9.799999999999983
        ]
      },
      "properties": {
        "fish_zone": 0,
        "fish_probability": 0.08,
        "sst": 31.06999320201578,
        "chlorophyll": 1.1980009078979492,
        "current_u": 0.018434369936585426,
        "current_v": 0.017503052949905396,
        "bathymetry": 7.92956018447876
      }
    },
    {
      "type": "Feature",
      "geometry": {
        "type": "Point",
        "coordinates": [
          79.19999999999999,
          9.899999999999983
        ]
      },
      "properties": {
        "fish_zone": 0,
        "fish_probability": 0.08666666666666667,
        "sst": 30.999993203580402,
        "chlorophyll": 1.3676908016204834,
        "current_u": 0.008594759739935398,
        "current_v": 0.03137219697237015,
        "bathymetry": 7.92956018447876
      }
    },
    {
      "type": "Feature",
      "geometry": {
        "type": "Point",
        "coordinates": [
          79.29999999999998,
          5.0
        ]
      },
      "properties": {
        "fish_zone": 0,
        "fish_probability": 0.013333333333333334,
        "sst": 30.619993212074064,
        "chlorophyll": 0.09369749575853348,
        "current_u": -0.04736796021461487,
        "current_v": -0.23222073912620544,
        "bathymetry": 4405.22412109375
      }
    },
    {
      "type": "Feature",
      "geometry": {
        "type": "Point",
        "coordinates": [
          79.29999999999998,
          5.1
        ]
      },
      "properties": {
        "fish_zone": 0,
        "fish_probability": 0.013333333333333334,
        "sst": 30.55999321341517,
        "chlorophyll": 0.09394250065088272,
        "current_u": -0.005585128907114267,
        "current_v": -0.27789416909217834,
        "bathymetry": 4405.22412109375
      }
    },
    {
      "type": "Feature",
      "geometry": {
        "type": "Point",
        "coordinates": [
          79.29999999999998,
          5.199999999999999
        ]
      },
      "properties": {
        "fish_zone": 0,
        "fish_probability": 0.013333333333333334,
        "sst": 30.55999321341517,
        "chlorophyll": 0.09382903575897217,
        "current_u": 0.017432168126106262,
        "current_v": -0.32560309767723083,
        "bathymetry": 4405.22412109375
      }
    },
    {
      "type": "Feature",
      "geometry": {
        "type": "Point",
        "coordinates": [
          79.29999999999998,
          5.299999999999999
        ]
      },
      "properties": {
        "fish_zone": 0,
        "fish_probability": 0.01,
        "sst": 30.579993212968134,
        "chlorophyll": 0.09576399624347687,
        "current_u": 0.034946259111166,
        "current_v": -0.40191376209259033,
        "bathymetry": 4405.22412109375
      }
    },
    {
      "type": "Feature",
      "geometry": {
        "type": "Point",
        "coordinates": [
          79.29999999999998,
          5.399999999999999
        ]
      },
      "properties": {
        "fish_zone": 0,
        "fish_probability": 0.01,
        "sst": 30.499993214756273,
        "chlorophyll": 0.10099903494119644,
        "current_u": 0.04179316386580467,
        "current_v": -0.41929593682289124,
        "bathymetry": 4405.22412109375
      }
    },
    {
      "type": "Feature",
      "geometry": {
        "type": "Point",
        "coordinates": [
          79.29999999999998,
          5.499999999999998
        ]
      },
      "properties": {
        "fish_zone": 0,
        "fish_probability": 0.01,
        "sst": 30.389993217214965,
        "chlorophyll": 0.10080739855766296,
        "current_u": 0.052232302725315094,
        "current_v": -0.42465242743492126,
        "bathymetry": 3992.48388671875
      }
    },
    {
      "type": "Feature",
      "geometry": {
        "type": "Point",
        "coordinates": [
          79.29999999999998,
          5.599999999999998
        ]
      },
      "properties": {
        "fish_zone": 0,
        "fish_probability": 0.013333333333333334,
        "sst": 30.349993218109034,
        "chlorophyll": 0.1069885641336441,
        "current_u": 0.06487250328063965,
        "current_v": -0.4296150505542755,
        "bathymetry": 3992.48388671875
      }
    },
    {
      "type": "Feature",
      "geometry": {
        "type": "Point",
        "coordinates": [
          79.29999999999998,
          5.6999999999999975
        ]
      },
      "properties": {
        "fish_zone": 0,
        "fish_probability": 0.013333333333333334,
        "sst": 30.359993217885517,
        "chlorophyll": 0.1115262359380722,
        "current_u": 0.08503304421901703,
        "current_v": -0.43983638286590576,
        "bathymetry": 3597.031982421875
      }
    },
    {
      "type": "Feature",
      "geometry": {
        "type": "Point",
        "coordinates": [
          79.29999999999998,
          5.799999999999997
        ]
      },
      "properties": {
        "fish_zone": 0,
        "fish_probability": 0.013333333333333334,
        "sst": 30.48999321497979,
        "chlorophyll": 0.11292058229446411,
        "current_u": 0.14395543932914734,
        "current_v": -0.4402666985988617,
        "bathymetry": 3220.820068359375
      }
    },
    {
      "type": "Feature",
      "geometry": {
        "type": "Point",
        "coordinates": [
          79.29999999999998,
          5.899999999999997
        ]
      },
      "properties": {
        "fish_zone": 0,
        "fish_probability": 0.013333333333333334,
        "sst": 30.55999321341517,
        "chlorophyll": 0.1140398234128952,
        "current_u": 0.16381391882896423,
        "current_v": -0.41775330901145935,
        "bathymetry": 3597.031982421875
      }
    },
    {
      "type": "Feature",
      "geometry": {
        "type": "Point",
        "coordinates": [
          79.29999999999998,
          5.9999999999999964
        ]
      },
      "properties": {
        "fish_zone": 0,
        "fish_probability": 0.013333333333333334,
        "sst": 30.52999321408572,
        "chlorophyll": 0.11320358514785767,
        "current_u": 0.17940230667591095,
        "current_v": -0.39510467648506165,
        "bathymetry": 3597.031982421875
      }
    },
    {
      "type": "Feature",
      "geometry": {
        "type": "Point",
        "coordinates": [
          79.29999999999998,
          6.099999999999996
        ]
      },
      "properties": {
        "fish_zone": 0,
        "fish_probability": 0.0033333333333333335,
        "sst": 30.469993215426825,
        "chlorophyll": 0.11104896664619446,
        "current_u": 0.19165323674678802,
        "current_v": -0.37534722685813904,
        "bathymetry": 3597.031982421875
      }
    },
    {
      "type": "Feature",
      "geometry": {
        "type": "Point",
        "coordinates": [
          79.29999999999998,
          6.199999999999996
        ]
      },
      "properties": {
        "fish_zone": 0,
        "fish_probability": 0.006666666666666667,
        "sst": 30.44999321587386,
        "chlorophyll": 0.10883146524429321,
        "current_u": 0.19735775887966156,
        "current_v": -0.35639652609825134,
        "bathymetry": 2865.702880859375
      }
    },
    {
      "type": "Feature",
      "geometry": {
        "type": "Point",
        "coordinates": [
          79.29999999999998,
          6.299999999999995
        ]
      },
      "properties": {
        "fish_zone": 0,
        "fish_probability": 0.0,
        "sst": 30.499993214756273,
        "chlorophyll": 0.10687439888715744,
        "current_u": 0.1990639716386795,
        "current_v": -0.33249086141586304,
        "bathymetry": 2533.3359375
      }
    },
    {
      "type": "Feature",
      "geometry": {
        "type": "Point",
        "coordinates": [
          79.29999999999998,
          6.399999999999995
        ]
      },
      "properties": {
        "fish_zone": 0,
        "fish_probability": 0.0,
        "sst": 30.539993213862203,
        "chlorophyll": 0.1088077649474144,
        "current_u": 0.1958990842103958,
        "current_v": -0.3226173222064972,
        "bathymetry": 2533.3359375
      }
    },
    {
      "type": "Feature",
      "geometry": {
        "type": "Point",
        "coordinates": [
          79.29999999999998,
          6.499999999999995
        ]
      },
      "properties": {
        "fish_zone": 0,
        "fish_probability": 0.0,
        "sst": 30.619993212074064,
        "chlorophyll": 0.11137644201517105,
        "current_u": 0.18900224566459656,
        "current_v": -0.3127898573875427,
        "bathymetry": 2533.3359375
      }
    },
    {
      "type": "Feature",
      "geometry": {
        "type": "Point",
        "coordinates": [
          79.29999999999998,
          6.599999999999994
        ]
      },
      "properties": {
        "fish_zone": 0,
        "fish_probability": 0.0,
        "sst": 30.749993209168338,
        "chlorophyll": 0.11519278585910797,
        "current_u": 0.1773083657026291,
        "current_v": -0.30595722794532776,
        "bathymetry": 2533.3359375
      }
    },
    {
      "type": "Feature",
      "geometry": {
        "type": "Point",
        "coordinates": [
          79.29999999999998,
          6.699999999999994
        ]
      },
      "properties": {
        "fish_zone": 0,
        "fish_probability": 0.0,
        "sst": 30.819993207603716,
        "chlorophyll": 0.1191452220082283,
        "current_u": 0.16485372185707092,
        "current_v": -0.30309200286865234,
        "bathymetry": 2533.3359375
      }
    },
    {
      "type": "Feature",
      "geometry": {
        "type": "Point",
        "coordinates": [
          79.29999999999998,
          6.799999999999994
        ]
      },
      "properties": {
        "fish_zone": 0,
        "fish_probability": 0.0,
        "sst": 30.8299932073802,
        "chlorophyll": 0.12746821343898773,
        "current_u": 0.14399485290050507,
        "current_v": -0.2990283966064453,
        "bathymetry": 2225.077880859375
      }
    },
    {
      "type": "Feature",
      "geometry": {
        "type": "Point",
        "coordinates": [
          79.29999999999998,
          6.899999999999993
        ]
      },
      "properties": {
        "fish_zone": 0,
        "fish_probability": 0.0,
        "sst": 30.619993212074064,
        "chlorophyll": 0.12596090137958527,
        "current_u": 0.12946653366088867,
        "current_v": -0.29513490200042725,
        "bathymetry": 2225.077880859375
      }
    },
    {
      "type": "Feature",
      "geometry": {
        "type": "Point",
        "coordinates": [
          79.29999999999998,
          6.999999999999993
        ]
      },
      "properties": {
        "fish_zone": 0,
        "fish_probability": 0.0,
        "sst": 30.429993216320895,
        "chlorophyll": 0.12234887480735779,
        "current_u": 0.11356326192617416,
        "current_v": -0.2889842689037323,
        "bathymetry": 2225.077880859375
      }
    },
    {
      "type": "Feature",
      "geometry": {
        "type": "Point",
        "coordinates": [
          79.29999999999998,
          7.0999999999999925
        ]
      },
      "properties": {
        "fish_zone": 0,
        "fish_probability": 0.0,
        "sst": 30.349993218109034,
        "chlorophyll": 0.12531623244285583,
        "current_u": 0.10072305053472519,
        "current_v": -0.28206154704093933,
        "bathymetry": 2225.077880859375
      }
    },
    {
      "type": "Feature",
      "geometry": {
        "type": "Point",
        "coordinates": [
          79.29999999999998,
          7.199999999999992
        ]
      },
      "properties": {
        "fish_zone": 0,
        "fish_probability": 0.0,
        "sst": 30.359993217885517,
        "chlorophyll": 0.1261858344078064,
        "current_u": 0.09064729511737823,
        "current_v": -0.27382001280784607,
        "bathymetry": 2225.077880859375
      }
    },
    {
      "type": "Feature",
      "geometry": {
        "type": "Point",
        "coordinates": [
          79.29999999999998,
          7.299999999999992
        ]
      },
      "properties": {
        "fish_zone": 0,
        "fish_probability": 0.0,
        "sst": 30.44999321587386,
        "chlorophyll": 0.12446773052215576,
        "current_u": 0.07584445178508759,
        "current_v": -0.2519894540309906,
        "bathymetry": 2225.077880859375
      }
    },
    {
      "type": "Feature",
      "geometry": {
        "type": "Point",
        "coordinates": [
          79.29999999999998,
          7.3999999999999915
        ]
      },
      "properties": {
        "fish_zone": 0,
        "fish_probability": 0.0,
        "sst": 30.459993215650343,
        "chlorophyll": 0.12831246852874756,
        "current_u": 0.07385437190532684,
        "current_v": -0.23848918080329895,
        "bathymetry": 2225.077880859375
      }
    },
    {
      "type": "Feature",
      "geometry": {
        "type": "Point",
        "coordinates": [
          79.29999999999998,
          7.499999999999991
        ]
      },
      "properties": {
        "fish_zone": 0,
        "fish_probability": 0.016666666666666666,
        "sst": 30.439993216097378,
        "chlorophyll": 0.12755802273750305,
        "current_u": 0.0743890181183815,
        "current_v": -0.22151793539524078,
        "bathymetry": 1941.8929443359375
      }
    },
    {
      "type": "Feature",
      "geometry": {
        "type": "Point",
        "coordinates": [
          79.29999999999998,
          7.599999999999991
        ]
      },
      "properties": {
        "fish_zone": 0,
        "fish_probability": 0.03,
        "sst": 30.40999321676793,
        "chlorophyll": 0.12255202233791351,
        "current_u": 0.07533952593803406,
        "current_v": -0.20357397198677063,
        "bathymetry": 1941.8929443359375
      }
    },
    {
      "type": "Feature",
      "geometry": {
        "type": "Point",
        "coordinates": [
          79.29999999999998,
          7.69999999999999
        ]
      },
      "properties": {
        "fish_zone": 0,
        "fish_probability": 0.03,
        "sst": 30.379993217438482,
        "chlorophyll": 0.12667232751846313,
        "current_u": 0.07664357125759125,
        "current_v": -0.18874616920948029,
        "bathymetry": 1941.8929443359375
      }
    },
    {
      "type": "Feature",
      "geometry": {
        "type": "Point",
        "coordinates": [
          79.29999999999998,
          7.79999999999999
        ]
      },
      "properties": {
        "fish_zone": 0,
        "fish_probability": 0.04,
        "sst": 30.229993220791243,
        "chlorophyll": 0.10647737234830856,
        "current_u": 0.06942463666200638,
        "current_v": -0.17843343317508698,
        "bathymetry": 1684.2840576171875
      }
    },
    {
      "type": "Feature",
      "geometry": {
        "type": "Point",
        "coordinates": [
          79.29999999999998,
          7.89999999999999
        ]
      },
      "properties": {
        "fish_zone": 0,
        "fish_probability": 0.04,
        "sst": 30.039993225038074,
        "chlorophyll": 0.11819131672382355,
        "current_u": 0.06409474462270737,
        "current_v": -0.17435215413570404,
        "bathymetry": 1684.2840576171875
      }
    },
    {
      "type": "Feature",
      "geometry": {
        "type": "Point",
        "coordinates": [
          79.29999999999998,
          7.999999999999989
        ]
      },
      "properties": {
        "fish_zone": 0,
        "fish_probability": 0.03666666666666667,
        "sst": 29.859993229061388,
        "chlorophyll": 0.14930500090122223,
        "current_u": 0.06249796599149704,
        "current_v": -0.16239668428897858,
        "bathymetry": 1452.2509765625
      }
    },
    {
      "type": "Feature",
      "geometry": {
        "type": "Point",
        "coordinates": [
          79.29999999999998,
          8.099999999999989
        ]
      },
      "properties": {
        "fish_zone": 0,
        "fish_probability": 0.03666666666666667,
        "sst": 29.739993231743597,
        "chlorophyll": 0.12559451162815094,
        "current_u": 0.06555216014385223,
        "current_v": -0.14144006371498108,
        "bathymetry": 1452.2509765625
      }
    },
    {
      "type": "Feature",
      "geometry": {
        "type": "Point",
        "coordinates": [
          79.29999999999998,
          8.199999999999989
        ]
      },
      "properties": {
        "fish_zone": 0,
        "fish_probability": 0.043333333333333335,
        "sst": 29.729993231967114,
        "chlorophyll": 0.13890627026557922,
        "current_u": 0.0773630440235138,
        "current_v": -0.11190726608037949,
        "bathymetry": 1245.291015625
      }
    },
    {
      "type": "Feature",
      "geometry": {
        "type": "Point",
        "coordinates": [
          79.29999999999998,
          8.299999999999988
        ]
      },
      "properties": {
        "fish_zone": 0,
        "fish_probability": 0.04,
        "sst": 29.839993229508423,
        "chlorophyll": 0.16750113666057587,
        "current_u": 0.12528619170188904,
        "current_v": -0.06259264796972275,
        "bathymetry": 1062.43994140625
      }
    },
    {
      "type": "Feature",
      "geometry": {
        "type": "Point",
        "coordinates": [
          79.29999999999998,
          8.399999999999988
        ]
      },
      "properties": {
        "fish_zone": 0,
        "fish_probability": 0.04666666666666667,
        "sst": 29.929993227496766,
        "chlorophyll": 0.19840748608112335,
        "current_u": 0.15626110136508942,
        "current_v": -0.05540447682142258,
        "bathymetry": 902.3392944335938
      }
    },
    {
      "type": "Feature",
      "geometry": {
        "type": "Point",
        "coordinates": [
          79.29999999999998,
          8.499999999999988
        ]
      },
      "properties": {
        "fish_zone": 0,
        "fish_probability": 0.04666666666666667,
        "sst": 30.25999322012069,
        "chlorophyll": 0.14943827688694,
        "current_u": 0.1772143691778183,
        "current_v": -0.049198731780052185,
        "bathymetry": 902.3392944335938
      }
    },
    {
      "type": "Feature",
      "geometry": {
        "type": "Point",
        "coordinates": [
          79.29999999999998,
          8.599999999999987
        ]
      },
      "properties": {
        "fish_zone": 0,
        "fish_probability": 0.05,
        "sst": 30.429993216320895,
        "chlorophyll": 0.12342534959316254,
        "current_u": 0.17379286885261536,
        "current_v": -0.02345215529203415,
        "bathymetry": 643.5667724609375
      }
    },
    {
      "type": "Feature",
      "geometry": {
        "type": "Point",
        "coordinates": [
          79.29999999999998,
          8.699999999999987
        ]
      },
      "properties": {
        "fish_zone": 0,
        "fish_probability": 0.05,
        "sst": 30.499993214756273,
        "chlorophyll": 0.12890522181987762,
        "current_u": 0.13561230897903442,
        "current_v": 0.01044945977628231,
        "bathymetry": 763.3331298828125
      }
    },
    {
      "type": "Feature",
      "geometry": {
        "type": "Point",
        "coordinates": [
          79.29999999999998,
          8.799999999999986
        ]
      },
      "properties": {
        "fish_zone": 0,
        "fish_probability": 0.09333333333333334,
        "sst": 30.619993212074064,
        "chlorophyll": 0.21178700029850006,
        "current_u": 0.004533173982053995,
        "current_v": 0.07204873859882355,
        "bathymetry": 643.5667724609375
      }
    },
    {
      "type": "Feature",
      "geometry": {
        "type": "Point",
        "coordinates": [
          79.29999999999998,
          8.899999999999986
        ]
      },
      "properties": {
        "fish_zone": 1,
        "fish_probability": 0.57,
        "sst": 30.649993211403512,
        "chlorophyll": 0.22545473277568817,
        "current_u": -0.047903694212436676,
        "current_v": 0.10361634939908981,
        "bathymetry": 643.5667724609375
      }
    },
    {
      "type": "Feature",
      "geometry": {
        "type": "Point",
        "coordinates": [
          79.29999999999998,
          8.999999999999986
        ]
      },
      "properties": {
        "fish_zone": 0,
        "fish_probability": 0.07333333333333333,
        "sst": 31.089993201568745,
        "chlorophyll": 0.39542385935783386,
        "current_u": -0.030491715297102928,
        "current_v": 0.05622793734073639,
        "bathymetry": 109.72930145263672
      }
    },
    {
      "type": "Feature",
      "geometry": {
        "type": "Point",
        "coordinates": [
          79.29999999999998,
          9.099999999999985
        ]
      },
      "properties": {
        "fish_zone": 1,
        "fish_probability": 0.5733333333333334,
        "sst": 31.099993201345228,
        "chlorophyll": 0.5484068393707275,
        "current_u": 0.07387354969978333,
        "current_v": 0.1843356490135193,
        "bathymetry": 18.495559692382812
      }
    },
    {
      "type": "Feature",
      "geometry": {
        "type": "Point",
        "coordinates": [
          79.29999999999998,
          9.199999999999985
        ]
      },
      "properties": {
        "fish_zone": 1,
        "fish_probability": 0.6,
        "sst": 31.089993201568745,
        "chlorophyll": 0.7944009304046631,
        "current_u": 0.1913343369960785,
        "current_v": 0.31447675824165344,
        "bathymetry": 9.572997093200684
      }
    },
    {
      "type": "Feature",
      "geometry": {
        "type": "Point",
        "coordinates": [
          79.29999999999998,
          9.399999999999984
        ]
      },
      "properties": {
        "fish_zone": 0,
        "fish_probability": 0.5,
        "sst": 31.25999319776895,
        "chlorophyll": 1.110421061515808,
        "current_u": 0.025259558111429214,
        "current_v": 0.18116915225982666,
        "bathymetry": 11.404999732971191
      }
    },
    {
      "type": "Feature",
      "geometry": {
        "type": "Point",
        "coordinates": [
          79.29999999999998,
          9.499999999999984
        ]
      },
      "properties": {
        "fish_zone": 0,
        "fish_probability": 0.09666666666666666,
        "sst": 31.48999319262805,
        "chlorophyll": 1.186282992362976,
        "current_u": 0.02182779088616371,
        "current_v": 0.09064900130033493,
        "bathymetry": 11.404999732971191
      }
    },
    {
      "type": "Feature",
      "geometry": {
        "type": "Point",
        "coordinates": [
          79.29999999999998,
          9.599999999999984
        ]
      },
      "properties": {
        "fish_zone": 0,
        "fish_probability": 0.06,
        "sst": 31.409993194416188,
        "chlorophyll": 1.1503934860229492,
        "current_u": 0.017822161316871643,
        "current_v": 0.07396138459444046,
        "bathymetry": 11.404999732971191
      }
    },
    {
      "type": "Feature",
      "geometry": {
        "type": "Point",
        "coordinates": [
          79.29999999999998,
          9.699999999999983
        ]
      },
      "properties": {
        "fish_zone": 0,
        "fish_probability": 0.06333333333333334,
        "sst": 31.33999319598081,
        "chlorophyll": 1.1071966886520386,
        "current_u": 0.010041393339633942,
        "current_v": 0.06497065722942352,
        "bathymetry": 13.467140197753906
      }
    },
    {
      "type": "Feature",
      "geometry": {
        "type": "Point",
        "coordinates": [
          79.29999999999998,
          9.799999999999983
        ]
      },
      "properties": {
        "fish_zone": 0,
        "fish_probability": 0.06333333333333334,
        "sst": 31.129993200674676,
        "chlorophyll": 1.0694241523742676,
        "current_u": 0.027159856632351875,
        "current_v": 0.03828442841768265,
        "bathymetry": 11.404999732971191
      }
    },
    {
      "type": "Feature",
      "geometry": {
        "type": "Point",
        "coordinates": [
          79.29999999999998,
          9.899999999999983
        ]
      },
      "properties": {
        "fish_zone": 0,
        "fish_probability": 0.08666666666666667,
        "sst": 31.089993201568745,
        "chlorophyll": 1.1170005798339844,
        "current_u": 0.04655426740646362,
        "current_v": 0.06291172653436661,
        "bathymetry": 7.92956018447876
      }
    },
    {
      "type": "Feature",
      "geometry": {
        "type": "Point",
        "coordinates": [
          79.39999999999998,
          5.0
        ]
      },
      "properties": {
        "fish_zone": 0,
        "fish_probability": 0.013333333333333334,
        "sst": 30.739993209391855,
        "chlorophyll": 0.09274940937757492,
        "current_u": -0.025767942890524864,
        "current_v": -0.24077308177947998,
        "bathymetry": 4405.22412109375
      }
    },
    {
      "type": "Feature",
      "geometry": {
        "type": "Point",
        "coordinates": [
          79.39999999999998,
          5.1
        ]
      },
      "properties": {
        "fish_zone": 0,
        "fish_probability": 0.013333333333333334,
        "sst": 30.619993212074064,
        "chlorophyll": 0.09436774998903275,
        "current_u": 0.018013719469308853,
        "current_v": -0.2841636538505554,
        "bathymetry": 4405.22412109375
      }
    },
    {
      "type": "Feature",
      "geometry": {
        "type": "Point",
        "coordinates": [
          79.39999999999998,
          5.199999999999999
        ]
      },
      "properties": {
        "fish_zone": 0,
        "fish_probability": 0.013333333333333334,
        "sst": 30.589993212744616,
        "chlorophyll": 0.09463251382112503,
        "current_u": 0.037701964378356934,
        "current_v": -0.334033340215683,
        "bathymetry": 4405.22412109375
      }
    },
    {
      "type": "Feature",
      "geometry": {
        "type": "Point",
        "coordinates": [
          79.39999999999998,
          5.299999999999999
        ]
      },
      "properties": {
        "fish_zone": 0,
        "fish_probability": 0.01,
        "sst": 30.589993212744616,
        "chlorophyll": 0.09897928684949875,
        "current_u": 0.05513652041554451,
        "current_v": -0.4112488031387329,
        "bathymetry": 4405.22412109375
      }
    },
    {
      "type": "Feature",
      "geometry": {
        "type": "Point",
        "coordinates": [
          79.39999999999998,
          5.399999999999999
        ]
      },
      "properties": {
        "fish_zone": 0,
        "fish_probability": 0.01,
        "sst": 30.549993213638686,
        "chlorophyll": 0.10732882469892502,
        "current_u": 0.06513886898756027,
        "current_v": -0.4227001965045929,
        "bathymetry": 3992.48388671875
      }
    },
    {
      "type": "Feature",
      "geometry": {
        "type": "Point",
        "coordinates": [
          79.39999999999998,
          5.499999999999998
        ]
      },
      "properties": {
        "fish_zone": 0,
        "fish_probability": 0.01,
        "sst": 30.459993215650343,
        "chlorophyll": 0.10448095202445984,
        "current_u": 0.0782516673207283,
        "current_v": -0.4245990812778473,
        "bathymetry": 3992.48388671875
      }
    },
    {
      "type": "Feature",
      "geometry": {
        "type": "Point",
        "coordinates": [
          79.39999999999998,
          5.599999999999998
        ]
      },
      "properties": {
        "fish_zone": 0,
        "fish_probability": 0.013333333333333334,
        "sst": 30.399993216991447,
        "chlorophyll": 0.1077965646982193,
        "current_u": 0.0865880623459816,
        "current_v": -0.4274185597896576,
        "bathymetry": 3992.48388671875
      }
    },
    {
      "type": "Feature",
      "geometry": {
        "type": "Point",
        "coordinates": [
          79.39999999999998,
          5.6999999999999975
        ]
      },
      "properties": {
        "fish_zone": 0,
        "fish_probability": 0.013333333333333334,
        "sst": 30.399993216991447,
        "chlorophyll": 0.11791525036096573,
        "current_u": 0.10082905739545822,
        "current_v": -0.4326761066913605,
        "bathymetry": 3597.031982421875
      }
    },
    {
      "type": "Feature",
      "geometry": {
        "type": "Point",
        "coordinates": [
          79.39999999999998,
          5.799999999999997
        ]
      },
      "properties": {
        "fish_zone": 0,
        "fish_probability": 0.013333333333333334,
        "sst": 30.499993214756273,
        "chlorophyll": 0.11318425834178925,
        "current_u": 0.14806807041168213,
        "current_v": -0.4275628924369812,
        "bathymetry": 3597.031982421875
      }
    },
    {
      "type": "Feature",
      "geometry": {
        "type": "Point",
        "coordinates": [
          79.39999999999998,
          5.899999999999997
        ]
      },
      "properties": {
        "fish_zone": 0,
        "fish_probability": 0.016666666666666666,
        "sst": 30.539993213862203,
        "chlorophyll": 0.11413939297199249,
        "current_u": 0.1647942215204239,
        "current_v": -0.40424197912216187,
        "bathymetry": 3992.48388671875
      }
    },
    {
      "type": "Feature",
      "geometry": {
        "type": "Point",
        "coordinates": [
          79.39999999999998,
          5.9999999999999964
        ]
      },
      "properties": {
        "fish_zone": 0,
        "fish_probability": 0.016666666666666666,
        "sst": 30.539993213862203,
        "chlorophyll": 0.11897189915180206,
        "current_u": 0.17534345388412476,
        "current_v": -0.3793475329875946,
        "bathymetry": 3992.48388671875
      }
    },
    {
      "type": "Feature",
      "geometry": {
        "type": "Point",
        "coordinates": [
          79.39999999999998,
          6.099999999999996
        ]
      },
      "properties": {
        "fish_zone": 0,
        "fish_probability": 0.0033333333333333335,
        "sst": 30.52999321408572,
        "chlorophyll": 0.10715914517641068,
        "current_u": 0.18326379358768463,
        "current_v": -0.3606066107749939,
        "bathymetry": 3597.031982421875
      }
    },
    {
      "type": "Feature",
      "geometry": {
        "type": "Point",
        "coordinates": [
          79.39999999999998,
          6.199999999999996
        ]
      },
      "properties": {
        "fish_zone": 0,
        "fish_probability": 0.006666666666666667,
        "sst": 30.51999321430924,
        "chlorophyll": 0.1055605486035347,
        "current_u": 0.18476718664169312,
        "current_v": -0.3439692556858063,
        "bathymetry": 2865.702880859375
      }
    },
    {
      "type": "Feature",
      "geometry": {
        "type": "Point",
        "coordinates": [
          79.39999999999998,
          6.299999999999995
        ]
      },
      "properties": {
        "fish_zone": 0,
        "fish_probability": 0.0,
        "sst": 30.52999321408572,
        "chlorophyll": 0.10484456270933151,
        "current_u": 0.17914828658103943,
        "current_v": -0.32654330134391785,
        "bathymetry": 2533.3359375
      }
    },
    {
      "type": "Feature",
      "geometry": {
        "type": "Point",
        "coordinates": [
          79.39999999999998,
          6.399999999999995
        ]
      },
      "properties": {
        "fish_zone": 0,
        "fish_probability": 0.0,
        "sst": 30.56999321319165,
        "chlorophyll": 0.10566328465938568,
        "current_u": 0.17418956756591797,
        "current_v": -0.3225187063217163,
        "bathymetry": 2533.3359375
      }
    },
    {
      "type": "Feature",
      "geometry": {
        "type": "Point",
        "coordinates": [
          79.39999999999998,
          6.499999999999995
        ]
      },
      "properties": {
        "fish_zone": 0,
        "fish_probability": 0.0,
        "sst": 30.649993211403512,
        "chlorophyll": 0.11076367646455765,
        "current_u": 0.16624964773654938,
        "current_v": -0.3179144263267517,
        "bathymetry": 2225.077880859375
      }
    },
    {
      "type": "Feature",
      "geometry": {
        "type": "Point",
        "coordinates": [
          79.39999999999998,
          6.599999999999994
        ]
      },
      "properties": {
        "fish_zone": 0,
        "fish_probability": 0.0,
        "sst": 30.809993207827233,
        "chlorophyll": 0.1100437119603157,
        "current_u": 0.15566790103912354,
        "current_v": -0.3139081299304962,
        "bathymetry": 2225.077880859375
      }
    },
    {
      "type": "Feature",
      "geometry": {
        "type": "Point",
        "coordinates": [
          79.39999999999998,
          6.699999999999994
        ]
      },
      "properties": {
        "fish_zone": 0,
        "fish_probability": 0.0,
        "sst": 30.889993206039094,
        "chlorophyll": 0.10965336114168167,
        "current_u": 0.14581745862960815,
        "current_v": -0.31226176023483276,
        "bathymetry": 2225.077880859375
      }
    },
    {
      "type": "Feature",
      "geometry": {
        "type": "Point",
        "coordinates": [
          79.39999999999998,
          6.799999999999994
        ]
      },
      "properties": {
        "fish_zone": 0,
        "fish_probability": 0.0033333333333333335,
        "sst": 30.90999320559206,
        "chlorophyll": 0.1222366914153099,
        "current_u": 0.12404289841651917,
        "current_v": -0.31004253029823303,
        "bathymetry": 1941.8929443359375
      }
    },
    {
      "type": "Feature",
      "geometry": {
        "type": "Point",
        "coordinates": [
          79.39999999999998,
          6.899999999999993
        ]
      },
      "properties": {
        "fish_zone": 0,
        "fish_probability": 0.0033333333333333335,
        "sst": 30.689993210509442,
        "chlorophyll": 0.11643238365650177,
        "current_u": 0.11179039627313614,
        "current_v": -0.30642345547676086,
        "bathymetry": 1941.8929443359375
      }
    },
    {
      "type": "Feature",
      "geometry": {
        "type": "Point",
        "coordinates": [
          79.39999999999998,
          6.999999999999993
        ]
      },
      "properties": {
        "fish_zone": 0,
        "fish_probability": 0.0033333333333333335,
        "sst": 30.48999321497979,
        "chlorophyll": 0.1215711459517479,
        "current_u": 0.10007492452859879,
        "current_v": -0.30019739270210266,
        "bathymetry": 1941.8929443359375
      }
    },
    {
      "type": "Feature",
      "geometry": {
        "type": "Point",
        "coordinates": [
          79.39999999999998,
          7.0999999999999925
        ]
      },
      "properties": {
        "fish_zone": 0,
        "fish_probability": 0.006666666666666667,
        "sst": 30.389993217214965,
        "chlorophyll": 0.12605735659599304,
        "current_u": 0.09234695136547089,
        "current_v": -0.2938629984855652,
        "bathymetry": 1941.8929443359375
      }
    },
    {
      "type": "Feature",
      "geometry": {
        "type": "Point",
        "coordinates": [
          79.39999999999998,
          7.199999999999992
        ]
      },
      "properties": {
        "fish_zone": 0,
        "fish_probability": 0.006666666666666667,
        "sst": 30.379993217438482,
        "chlorophyll": 0.13146978616714478,
        "current_u": 0.08680994808673859,
        "current_v": -0.28777652978897095,
        "bathymetry": 1941.8929443359375
      }
    },
    {
      "type": "Feature",
      "geometry": {
        "type": "Point",
        "coordinates": [
          79.39999999999998,
          7.299999999999992
        ]
      },
      "properties": {
        "fish_zone": 0,
        "fish_probability": 0.016666666666666666,
        "sst": 30.399993216991447,
        "chlorophyll": 0.14468778669834137,
        "current_u": 0.07510943710803986,
        "current_v": -0.27138516306877136,
        "bathymetry": 1941.8929443359375
      }
    },
    {
      "type": "Feature",
      "geometry": {
        "type": "Point",
        "coordinates": [
          79.39999999999998,
          7.3999999999999915
        ]
      },
      "properties": {
        "fish_zone": 0,
        "fish_probability": 0.016666666666666666,
        "sst": 30.399993216991447,
        "chlorophyll": 0.13707774877548218,
        "current_u": 0.07204268127679825,
        "current_v": -0.2589384615421295,
        "bathymetry": 1941.8929443359375
      }
    },
    {
      "type": "Feature",
      "geometry": {
        "type": "Point",
        "coordinates": [
          79.39999999999998,
          7.499999999999991
        ]
      },
      "properties": {
        "fish_zone": 0,
        "fish_probability": 0.016666666666666666,
        "sst": 30.40999321676793,
        "chlorophyll": 0.13993999361991882,
        "current_u": 0.07332224398851395,
        "current_v": -0.24467672407627106,
        "bathymetry": 1941.8929443359375
      }
    },
    {
      "type": "Feature",
      "geometry": {
        "type": "Point",
        "coordinates": [
          79.39999999999998,
          7.599999999999991
        ]
      },
      "properties": {
        "fish_zone": 0,
        "fish_probability": 0.03,
        "sst": 30.419993216544412,
        "chlorophyll": 0.14493593573570251,
        "current_u": 0.07610306143760681,
        "current_v": -0.23040926456451416,
        "bathymetry": 1941.8929443359375
      }
    },
    {
      "type": "Feature",
      "geometry": {
        "type": "Point",
        "coordinates": [
          79.39999999999998,
          7.69999999999999
        ]
      },
      "properties": {
        "fish_zone": 0,
        "fish_probability": 0.03,
        "sst": 30.40999321676793,
        "chlorophyll": 0.14219874143600464,
        "current_u": 0.07819489389657974,
        "current_v": -0.22053983807563782,
        "bathymetry": 1941.8929443359375
      }
    },
    {
      "type": "Feature",
      "geometry": {
        "type": "Point",
        "coordinates": [
          79.39999999999998,
          7.79999999999999
        ]
      },
      "properties": {
        "fish_zone": 0,
        "fish_probability": 0.04,
        "sst": 30.28999321945014,
        "chlorophyll": 0.1464506983757019,
        "current_u": 0.06700961291790009,
        "current_v": -0.21507000923156738,
        "bathymetry": 1684.2840576171875
      }
    },
    {
      "type": "Feature",
      "geometry": {
        "type": "Point",
        "coordinates": [
          79.39999999999998,
          7.89999999999999
        ]
      },
      "properties": {
        "fish_zone": 0,
        "fish_probability": 0.04,
        "sst": 30.09999322369697,
        "chlorophyll": 0.11558548361063004,
        "current_u": 0.058157917112112045,
        "current_v": -0.21134576201438904,
        "bathymetry": 1684.2840576171875
      }
    },
    {
      "type": "Feature",
      "geometry": {
        "type": "Point",
        "coordinates": [
          79.39999999999998,
          7.999999999999989
        ]
      },
      "properties": {
        "fish_zone": 0,
        "fish_probability": 0.03666666666666667,
        "sst": 29.929993227496766,
        "chlorophyll": 0.12586894631385803,
        "current_u": 0.04887819290161133,
        "current_v": -0.20306211709976196,
        "bathymetry": 1452.2509765625
      }
    },
    {
      "type": "Feature",
      "geometry": {
        "type": "Point",
        "coordinates": [
          79.39999999999998,
          8.099999999999989
        ]
      },
      "properties": {
        "fish_zone": 0,
        "fish_probability": 0.03666666666666667,
        "sst": 29.809993230178975,
        "chlorophyll": 0.14266884326934814,
        "current_u": 0.04591880366206169,
        "current_v": -0.1856708526611328,
        "bathymetry": 1452.2509765625
      }
    },
    {
      "type": "Feature",
      "geometry": {
        "type": "Point",
        "coordinates": [
          79.39999999999998,
          8.199999999999989
        ]
      },
      "properties": {
        "fish_zone": 0,
        "fish_probability": 0.043333333333333335,
        "sst": 29.759993231296562,
        "chlorophyll": 0.16214661300182343,
        "current_u": 0.05890462547540665,
        "current_v": -0.15905123949050903,
        "bathymetry": 1245.291015625
      }
    },
    {
      "type": "Feature",
      "geometry": {
        "type": "Point",
        "coordinates": [
          79.39999999999998,
          8.299999999999988
        ]
      },
      "properties": {
        "fish_zone": 1,
        "fish_probability": 0.81,
        "sst": 29.769993231073045,
        "chlorophyll": 0.20498168468475342,
        "current_u": 0.10581178963184357,
        "current_v": -0.10116005688905716,
        "bathymetry": 1062.43994140625
      }
    },
    {
      "type": "Feature",
      "geometry": {
        "type": "Point",
        "coordinates": [
          79.39999999999998,
          8.399999999999988
        ]
      },
      "properties": {
        "fish_zone": 0,
        "fish_probability": 0.2833333333333333,
        "sst": 29.86999322883787,
        "chlorophyll": 0.2145533710718155,
        "current_u": 0.13283486664295197,
        "current_v": -0.07658701390028,
        "bathymetry": 1062.43994140625
      }
    },
    {
      "type": "Feature",
      "geometry": {
        "type": "Point",
        "coordinates": [
          79.39999999999998,
          8.499999999999988
        ]
      },
      "properties": {
        "fish_zone": 0,
        "fish_probability": 0.04666666666666667,
        "sst": 30.239993220567726,
        "chlorophyll": 0.179182231426239,
        "current_u": 0.15183661878108978,
        "current_v": -0.05463702604174614,
        "bathymetry": 902.3392944335938
      }
    },
    {
      "type": "Feature",
      "geometry": {
        "type": "Point",
        "coordinates": [
          79.39999999999998,
          8.599999999999987
        ]
      },
      "properties": {
        "fish_zone": 0,
        "fish_probability": 0.05,
        "sst": 30.399993216991447,
        "chlorophyll": 0.14377446472644806,
        "current_u": 0.14887943863868713,
        "current_v": -0.023777440190315247,
        "bathymetry": 763.3331298828125
      }
    },
    {
      "type": "Feature",
      "geometry": {
        "type": "Point",
        "coordinates": [
          79.39999999999998,
          8.699999999999987
        ]
      },
      "properties": {
        "fish_zone": 0,
        "fish_probability": 0.05,
        "sst": 30.459993215650343,
        "chlorophyll": 0.13570111989974976,
        "current_u": 0.11189331859350204,
        "current_v": 0.011878889054059982,
        "bathymetry": 643.5667724609375
      }
    },
    {
      "type": "Feature",
      "geometry": {
        "type": "Point",
        "coordinates": [
          79.39999999999998,
          8.799999999999986
        ]
      },
      "properties": {
        "fish_zone": 0,
        "fish_probability": 0.06,
        "sst": 30.619993212074064,
        "chlorophyll": 0.17074526846408844,
        "current_u": -0.0197704266756773,
        "current_v": 0.10172392427921295,
        "bathymetry": 541.0889282226562
      }
    },
    {
      "type": "Feature",
      "geometry": {
        "type": "Point",
        "coordinates": [
          79.39999999999998,
          8.899999999999986
        ]
      },
      "properties": {
        "fish_zone": 0,
        "fish_probability": 0.15666666666666668,
        "sst": 30.699993210285925,
        "chlorophyll": 0.23214635252952576,
        "current_u": -0.06666991859674454,
        "current_v": 0.06887583434581757,
        "bathymetry": 541.0889282226562
      }
    },
    {
      "type": "Feature",
      "geometry": {
        "type": "Point",
        "coordinates": [
          79.39999999999998,
          8.999999999999986
        ]
      },
      "properties": {
        "fish_zone": 0,
        "fish_probability": 0.16,
        "sst": 31.059993202239298,
        "chlorophyll": 0.40785741806030273,
        "current_u": -0.06595347076654434,
        "current_v": 0.08229933679103851,
        "bathymetry": 18.495559692382812
      }
    },
    {
      "type": "Feature",
      "geometry": {
        "type": "Point",
        "coordinates": [
          79.39999999999998,
          9.099999999999985
        ]
      },
      "properties": {
        "fish_zone": 1,
        "fish_probability": 0.5833333333333334,
        "sst": 31.019993203133367,
        "chlorophyll": 0.5875620245933533,
        "current_u": 0.037155039608478546,
        "current_v": 0.2147170454263687,
        "bathymetry": 13.467140197753906
      }
    },
    {
      "type": "Feature",
      "geometry": {
        "type": "Point",
        "coordinates": [
          79.39999999999998,
          9.199999999999985
        ]
      },
      "properties": {
        "fish_zone": 1,
        "fish_probability": 0.57,
        "sst": 30.979993204027437,
        "chlorophyll": 0.7462550401687622,
        "current_u": 0.22413600981235504,
        "current_v": 0.30086180567741394,
        "bathymetry": 7.92956018447876
      }
    },
    {
      "type": "Feature",
      "geometry": {
        "type": "Point",
        "coordinates": [
          79.39999999999998,
          9.399999999999984
        ]
      },
      "properties": {
        "fish_zone": 0,
        "fish_probability": 0.05,
        "sst": 31.10999320112171,
        "chlorophyll": 1.0825668573379517,
        "current_u": 0.06773281842470169,
        "current_v": 0.06353586167097092,
        "bathymetry": 11.404999732971191
      }
    },
    {
      "type": "Feature",
      "geometry": {
        "type": "Point",
        "coordinates": [
          79.39999999999998,
          9.499999999999984
        ]
      },
      "properties": {
        "fish_zone": 0,
        "fish_probability": 0.12,
        "sst": 31.389993194863223,
        "chlorophyll": 1.1847949028015137,
        "current_u": 0.03684183210134506,
        "current_v": 0.09702940285205841,
        "bathymetry": 13.467140197753906
      }
    },
    {
      "type": "Feature",
      "geometry": {
        "type": "Point",
        "coordinates": [
          79.39999999999998,
          9.599999999999984
        ]
      },
      "properties": {
        "fish_zone": 0,
        "fish_probability": 0.12333333333333334,
        "sst": 31.399993194639706,
        "chlorophyll": 1.1639684438705444,
        "current_u": 0.024944491684436798,
        "current_v": 0.09758264571428299,
        "bathymetry": 13.467140197753906
      }
    },
    {
      "type": "Feature",
      "geometry": {
        "type": "Point",
        "coordinates": [
          79.39999999999998,
          9.699999999999983
        ]
      },
      "properties": {
        "fish_zone": 0,
        "fish_probability": 0.11666666666666667,
        "sst": 31.359993195533775,
        "chlorophyll": 1.1581519842147827,
        "current_u": 0.02053181082010269,
        "current_v": 0.08544187247753143,
        "bathymetry": 13.467140197753906
      }
    },
    {
      "type": "Feature",
      "geometry": {
        "type": "Point",
        "coordinates": [
          79.39999999999998,
          9.799999999999983
        ]
      },
      "properties": {
        "fish_zone": 0,
        "fish_probability": 0.06333333333333334,
        "sst": 31.18999319933357,
        "chlorophyll": 1.0493521690368652,
        "current_u": 0.025840243324637413,
        "current_v": 0.06409508734941483,
        "bathymetry": 11.404999732971191
      }
    },
    {
      "type": "Feature",
      "geometry": {
        "type": "Point",
        "coordinates": [
          79.39999999999998,
          9.899999999999983
        ]
      },
      "properties": {
        "fish_zone": 0,
        "fish_probability": 0.07,
        "sst": 31.14999320022764,
        "chlorophyll": 0.9856579899787903,
        "current_u": 0.041547976434230804,
        "current_v": 0.06317637115716934,
        "bathymetry": 9.572997093200684
      }
    },
    {
      "type": "Feature",
      "geometry": {
        "type": "Point",
        "coordinates": [
          79.49999999999997,
          5.0
        ]
      },
      "properties": {
        "fish_zone": 0,
        "fish_probability": 0.013333333333333334,
        "sst": 30.75999320894482,
        "chlorophyll": 0.09321130812168121,
        "current_u": -0.009918337687849998,
        "current_v": -0.2462080717086792,
        "bathymetry": 4405.22412109375
      }
    },
    {
      "type": "Feature",
      "geometry": {
        "type": "Point",
        "coordinates": [
          79.49999999999997,
          5.1
        ]
      },
      "properties": {
        "fish_zone": 0,
        "fish_probability": 0.013333333333333334,
        "sst": 30.629993211850547,
        "chlorophyll": 0.09295353293418884,
        "current_u": 0.035813018679618835,
        "current_v": -0.2881268262863159,
        "bathymetry": 4405.22412109375
      }
    },
    {
      "type": "Feature",
      "geometry": {
        "type": "Point",
        "coordinates": [
          79.49999999999997,
          5.199999999999999
        ]
      },
      "properties": {
        "fish_zone": 0,
        "fish_probability": 0.013333333333333334,
        "sst": 30.579993212968134,
        "chlorophyll": 0.09430205821990967,
        "current_u": 0.057428136467933655,
        "current_v": -0.3414594829082489,
        "bathymetry": 4405.22412109375
      }
    },
    {
      "type": "Feature",
      "geometry": {
        "type": "Point",
        "coordinates": [
          79.49999999999997,
          5.299999999999999
        ]
      },
      "properties": {
        "fish_zone": 0,
        "fish_probability": 0.01,
        "sst": 30.5999932125211,
        "chlorophyll": 0.09915791451931,
        "current_u": 0.07677918672561646,
        "current_v": -0.4189922511577606,
        "bathymetry": 4405.22412109375
      }
    },
    {
      "type": "Feature",
      "geometry": {
        "type": "Point",
        "coordinates": [
          79.49999999999997,
          5.399999999999999
        ]
      },
      "properties": {
        "fish_zone": 0,
        "fish_probability": 0.01,
        "sst": 30.629993211850547,
        "chlorophyll": 0.10144256800413132,
        "current_u": 0.08334948122501373,
        "current_v": -0.4236775040626526,
        "bathymetry": 4405.22412109375
      }
    },
    {
      "type": "Feature",
      "geometry": {
        "type": "Point",
        "coordinates": [
          79.49999999999997,
          5.499999999999998
        ]
      },
      "properties": {
        "fish_zone": 0,
        "fish_probability": 0.01,
        "sst": 30.579993212968134,
        "chlorophyll": 0.10518798977136612,
        "current_u": 0.10003931075334549,
        "current_v": -0.42398300766944885,
        "bathymetry": 4405.22412109375
      }
    },
    {
      "type": "Feature",
      "geometry": {
        "type": "Point",
        "coordinates": [
          79.49999999999997,
          5.599999999999998
        ]
      },
      "properties": {
        "fish_zone": 0,
        "fish_probability": 0.013333333333333334,
        "sst": 30.51999321430924,
        "chlorophyll": 0.10766594856977463,
        "current_u": 0.10911757498979568,
        "current_v": -0.4257528781890869,
        "bathymetry": 3992.48388671875
      }
    },
    {
      "type": "Feature",
      "geometry": {
        "type": "Point",
        "coordinates": [
          79.49999999999997,
          5.6999999999999975
        ]
      },
      "properties": {
        "fish_zone": 0,
        "fish_probability": 0.016666666666666666,
        "sst": 30.509993214532756,
        "chlorophyll": 0.10976725816726685,
        "current_u": 0.11859339475631714,
        "current_v": -0.4256725609302521,
        "bathymetry": 3992.48388671875
      }
    },
    {
      "type": "Feature",
      "geometry": {
        "type": "Point",
        "coordinates": [
          79.49999999999997,
          5.799999999999997
        ]
      },
      "properties": {
        "fish_zone": 0,
        "fish_probability": 0.016666666666666666,
        "sst": 30.539993213862203,
        "chlorophyll": 0.11299608647823334,
        "current_u": 0.15240520238876343,
        "current_v": -0.41378581523895264,
        "bathymetry": 3992.48388671875
      }
    },
    {
      "type": "Feature",
      "geometry": {
        "type": "Point",
        "coordinates": [
          79.49999999999997,
          5.899999999999997
        ]
      },
      "properties": {
        "fish_zone": 0,
        "fish_probability": 0.016666666666666666,
        "sst": 30.55999321341517,
        "chlorophyll": 0.11241050064563751,
        "current_u": 0.16824674606323242,
        "current_v": -0.3954735994338989,
        "bathymetry": 3992.48388671875
      }
    },
    {
      "type": "Feature",
      "geometry": {
        "type": "Point",
        "coordinates": [
          79.49999999999997,
          5.9999999999999964
        ]
      },
      "properties": {
        "fish_zone": 0,
        "fish_probability": 0.016666666666666666,
        "sst": 30.56999321319165,
        "chlorophyll": 0.11212725192308426,
        "current_u": 0.18134433031082153,
        "current_v": -0.37416645884513855,
        "bathymetry": 3597.031982421875
      }
    },
    {
      "type": "Feature",
      "geometry": {
        "type": "Point",
        "coordinates": [
          79.49999999999997,
          6.099999999999996
        ]
      },
      "properties": {
        "fish_zone": 0,
        "fish_probability": 0.006666666666666667,
        "sst": 30.589993212744616,
        "chlorophyll": 0.1099080964922905,
        "current_u": 0.1853904277086258,
        "current_v": -0.35911399126052856,
        "bathymetry": 3220.820068359375
      }
    },
    {
      "type": "Feature",
      "geometry": {
        "type": "Point",
        "coordinates": [
          79.49999999999997,
          6.199999999999996
        ]
      },
      "properties": {
        "fish_zone": 0,
        "fish_probability": 0.006666666666666667,
        "sst": 30.579993212968134,
        "chlorophyll": 0.10768938809633255,
        "current_u": 0.1844514161348343,
        "current_v": -0.3446567952632904,
        "bathymetry": 2865.702880859375
      }
    },
    {
      "type": "Feature",
      "geometry": {
        "type": "Point",
        "coordinates": [
          79.49999999999997,
          6.299999999999995
        ]
      },
      "properties": {
        "fish_zone": 0,
        "fish_probability": 0.0,
        "sst": 30.55999321341517,
        "chlorophyll": 0.10363338887691498,
        "current_u": 0.1713617742061615,
        "current_v": -0.3195916414260864,
        "bathymetry": 2533.3359375
      }
    },
    {
      "type": "Feature",
      "geometry": {
        "type": "Point",
        "coordinates": [
          79.49999999999997,
          6.399999999999995
        ]
      },
      "properties": {
        "fish_zone": 0,
        "fish_probability": 0.0,
        "sst": 30.56999321319165,
        "chlorophyll": 0.10316558182239532,
        "current_u": 0.16067206859588623,
        "current_v": -0.3126944601535797,
        "bathymetry": 2225.077880859375
      }
    },
    {
      "type": "Feature",
      "geometry": {
        "type": "Point",
        "coordinates": [
          79.49999999999997,
          6.499999999999995
        ]
      },
      "properties": {
        "fish_zone": 0,
        "fish_probability": 0.0,
        "sst": 30.629993211850547,
        "chlorophyll": 0.10926991701126099,
        "current_u": 0.14671513438224792,
        "current_v": -0.30831247568130493,
        "bathymetry": 2225.077880859375
      }
    },
    {
      "type": "Feature",
      "geometry": {
        "type": "Point",
        "coordinates": [
          79.49999999999997,
          6.599999999999994
        ]
      },
      "properties": {
        "fish_zone": 0,
        "fish_probability": 0.0033333333333333335,
        "sst": 30.749993209168338,
        "chlorophyll": 0.1122233048081398,
        "current_u": 0.13333368301391602,
        "current_v": -0.30584532022476196,
        "bathymetry": 1941.8929443359375
      }
    },
    {
      "type": "Feature",
      "geometry": {
        "type": "Point",
        "coordinates": [
          79.49999999999997,
          6.699999999999994
        ]
      },
      "properties": {
        "fish_zone": 0,
        "fish_probability": 0.0033333333333333335,
        "sst": 30.809993207827233,
        "chlorophyll": 0.10936427116394043,
        "current_u": 0.12430714815855026,
        "current_v": -0.3087339401245117,
        "bathymetry": 1941.8929443359375
      }
    },
    {
      "type": "Feature",
      "geometry": {
        "type": "Point",
        "coordinates": [
          79.49999999999997,
          6.799999999999994
        ]
      },
      "properties": {
        "fish_zone": 0,
        "fish_probability": 0.006666666666666667,
        "sst": 30.83999320715668,
        "chlorophyll": 0.12411607056856155,
        "current_u": 0.10225895792245865,
        "current_v": -0.3223728835582733,
        "bathymetry": 1684.2840576171875
      }
    },
    {
      "type": "Feature",
      "geometry": {
        "type": "Point",
        "coordinates": [
          79.49999999999997,
          6.899999999999993
        ]
      },
      "properties": {
        "fish_zone": 0,
        "fish_probability": 0.006666666666666667,
        "sst": 30.67999321073296,
        "chlorophyll": 0.12883904576301575,
        "current_u": 0.09633007645606995,
        "current_v": -0.32434841990470886,
        "bathymetry": 1684.2840576171875
      }
    },
    {
      "type": "Feature",
      "geometry": {
        "type": "Point",
        "coordinates": [
          79.49999999999997,
          6.999999999999993
        ]
      },
      "properties": {
        "fish_zone": 0,
        "fish_probability": 0.0033333333333333335,
        "sst": 30.51999321430924,
        "chlorophyll": 0.12629620730876923,
        "current_u": 0.08851005882024765,
        "current_v": -0.32057833671569824,
        "bathymetry": 1452.2509765625
      }
    },
    {
      "type": "Feature",
      "geometry": {
        "type": "Point",
        "coordinates": [
          79.49999999999997,
          7.0999999999999925
        ]
      },
      "properties": {
        "fish_zone": 0,
        "fish_probability": 0.016666666666666666,
        "sst": 30.44999321587386,
        "chlorophyll": 0.13389766216278076,
        "current_u": 0.08848970383405685,
        "current_v": -0.31765860319137573,
        "bathymetry": 1684.2840576171875
      }
    },
    {
      "type": "Feature",
      "geometry": {
        "type": "Point",
        "coordinates": [
          79.49999999999997,
          7.199999999999992
        ]
      },
      "properties": {
        "fish_zone": 0,
        "fish_probability": 0.016666666666666666,
        "sst": 30.439993216097378,
        "chlorophyll": 0.1450573354959488,
        "current_u": 0.08900051563978195,
        "current_v": -0.31858083605766296,
        "bathymetry": 1684.2840576171875
      }
    },
    {
      "type": "Feature",
      "geometry": {
        "type": "Point",
        "coordinates": [
          79.49999999999997,
          7.299999999999992
        ]
      },
      "properties": {
        "fish_zone": 0,
        "fish_probability": 0.03,
        "sst": 30.439993216097378,
        "chlorophyll": 0.1554034948348999,
        "current_u": 0.07776829600334167,
        "current_v": -0.3131837844848633,
        "bathymetry": 1684.2840576171875
      }
    },
    {
      "type": "Feature",
      "geometry": {
        "type": "Point",
        "coordinates": [
          79.49999999999997,
          7.3999999999999915
        ]
      },
      "properties": {
        "fish_zone": 0,
        "fish_probability": 0.03,
        "sst": 30.439993216097378,
        "chlorophyll": 0.15665295720100403,
        "current_u": 0.07071077078580856,
        "current_v": -0.29942426085472107,
        "bathymetry": 1684.2840576171875
      }
    },
    {
      "type": "Feature",
      "geometry": {
        "type": "Point",
        "coordinates": [
          79.49999999999997,
          7.499999999999991
        ]
      },
      "properties": {
        "fish_zone": 0,
        "fish_probability": 0.03,
        "sst": 30.439993216097378,
        "chlorophyll": 0.15535402297973633,
        "current_u": 0.06764987856149673,
        "current_v": -0.28207847476005554,
        "bathymetry": 1684.2840576171875
      }
    },
    {
      "type": "Feature",
      "geometry": {
        "type": "Point",
        "coordinates": [
          79.49999999999997,
          7.599999999999991
        ]
      },
      "properties": {
        "fish_zone": 0,
        "fish_probability": 0.03666666666666667,
        "sst": 30.419993216544412,
        "chlorophyll": 0.1571628600358963,
        "current_u": 0.07084912061691284,
        "current_v": -0.2632123827934265,
        "bathymetry": 1684.2840576171875
      }
    },
    {
      "type": "Feature",
      "geometry": {
        "type": "Point",
        "coordinates": [
          79.49999999999997,
          7.69999999999999
        ]
      },
      "properties": {
        "fish_zone": 0,
        "fish_probability": 0.03666666666666667,
        "sst": 30.40999321676793,
        "chlorophyll": 0.16542980074882507,
        "current_u": 0.07278622686862946,
        "current_v": -0.24674680829048157,
        "bathymetry": 1684.2840576171875
      }
    },
    {
      "type": "Feature",
      "geometry": {
        "type": "Point",
        "coordinates": [
          79.49999999999997,
          7.79999999999999
        ]
      },
      "properties": {
        "fish_zone": 0,
        "fish_probability": 0.03666666666666667,
        "sst": 30.319993218779587,
        "chlorophyll": 0.17364414036273956,
        "current_u": 0.06309313327074051,
        "current_v": -0.23293189704418182,
        "bathymetry": 1452.2509765625
      }
    },
    {
      "type": "Feature",
      "geometry": {
        "type": "Point",
        "coordinates": [
          79.49999999999997,
          7.89999999999999
        ]
      },
      "properties": {
        "fish_zone": 0,
        "fish_probability": 0.03666666666666667,
        "sst": 30.20999322123828,
        "chlorophyll": 0.1402561366558075,
        "current_u": 0.054625254124403,
        "current_v": -0.23125115036964417,
        "bathymetry": 1452.2509765625
      }
    },
    {
      "type": "Feature",
      "geometry": {
        "type": "Point",
        "coordinates": [
          79.49999999999997,
          7.999999999999989
        ]
      },
      "properties": {
        "fish_zone": 0,
        "fish_probability": 0.043333333333333335,
        "sst": 30.119993223249935,
        "chlorophyll": 0.12983736395835876,
        "current_u": 0.042045459151268005,
        "current_v": -0.23086494207382202,
        "bathymetry": 1245.291015625
      }
    },
    {
      "type": "Feature",
      "geometry": {
        "type": "Point",
        "coordinates": [
          79.49999999999997,
          8.099999999999989
        ]
      },
      "properties": {
        "fish_zone": 0,
        "fish_probability": 0.043333333333333335,
        "sst": 30.049993224814557,
        "chlorophyll": 0.13984854519367218,
        "current_u": 0.030792437493801117,
        "current_v": -0.21764898300170898,
        "bathymetry": 1245.291015625
      }
    },
    {
      "type": "Feature",
      "geometry": {
        "type": "Point",
        "coordinates": [
          79.49999999999997,
          8.199999999999989
        ]
      },
      "properties": {
        "fish_zone": 0,
        "fish_probability": 0.043333333333333335,
        "sst": 29.999993225932144,
        "chlorophyll": 0.16311882436275482,
        "current_u": 0.03792678937315941,
        "current_v": -0.19709166884422302,
        "bathymetry": 1245.291015625
      }
    },
    {
      "type": "Feature",
      "geometry": {
        "type": "Point",
        "coordinates": [
          79.49999999999997,
          8.299999999999988
        ]
      },
      "properties": {
        "fish_zone": 1,
        "fish_probability": 0.8166666666666667,
        "sst": 30.009993225708627,
        "chlorophyll": 0.21037077903747559,
        "current_u": 0.06965699791908264,
        "current_v": -0.13984568417072296,
        "bathymetry": 1062.43994140625
      }
    },
    {
      "type": "Feature",
      "geometry": {
        "type": "Point",
        "coordinates": [
          79.49999999999997,
          8.399999999999988
        ]
      },
      "properties": {
        "fish_zone": 1,
        "fish_probability": 0.8266666666666667,
        "sst": 30.089993223920487,
        "chlorophyll": 0.23433475196361542,
        "current_u": 0.09749443829059601,
        "current_v": -0.10810974985361099,
        "bathymetry": 1062.43994140625
      }
    },
    {
      "type": "Feature",
      "geometry": {
        "type": "Point",
        "coordinates": [
          79.49999999999997,
          8.499999999999988
        ]
      },
      "properties": {
        "fish_zone": 0,
        "fish_probability": 0.04,
        "sst": 30.339993218332552,
        "chlorophyll": 0.1839270144701004,
        "current_u": 0.11399529129266739,
        "current_v": -0.06861338764429092,
        "bathymetry": 1062.43994140625
      }
    },
    {
      "type": "Feature",
      "geometry": {
        "type": "Point",
        "coordinates": [
          79.49999999999997,
          8.599999999999987
        ]
      },
      "properties": {
        "fish_zone": 0,
        "fish_probability": 0.043333333333333335,
        "sst": 30.389993217214965,
        "chlorophyll": 0.15213821828365326,
        "current_u": 0.11360916495323181,
        "current_v": -0.020511982962489128,
        "bathymetry": 902.3392944335938
      }
    },
    {
      "type": "Feature",
      "geometry": {
        "type": "Point",
        "coordinates": [
          79.49999999999997,
          8.699999999999987
        ]
      },
      "properties": {
        "fish_zone": 0,
        "fish_probability": 0.01,
        "sst": 30.439993216097378,
        "chlorophyll": 0.15185198187828064,
        "current_u": 0.08055397868156433,
        "current_v": 0.01650978997349739,
        "bathymetry": 643.5667724609375
      }
    },
    {
      "type": "Feature",
      "geometry": {
        "type": "Point",
        "coordinates": [
          79.49999999999997,
          8.799999999999986
        ]
      },
      "properties": {
        "fish_zone": 0,
        "fish_probability": 0.07,
        "sst": 30.659993211179994,
        "chlorophyll": 0.20006614923477173,
        "current_u": -0.0338321290910244,
        "current_v": 0.06903166323900223,
        "bathymetry": 222.47520446777344
      }
    },
    {
      "type": "Feature",
      "geometry": {
        "type": "Point",
        "coordinates": [
          79.49999999999997,
          8.899999999999986
        ]
      },
      "properties": {
        "fish_zone": 0,
        "fish_probability": 0.18,
        "sst": 30.779993208497785,
        "chlorophyll": 0.29766255617141724,
        "current_u": -0.07718703150749207,
        "current_v": 0.04999871924519539,
        "bathymetry": 21.598819732666016
      }
    },
    {
      "type": "Feature",
      "geometry": {
        "type": "Point",
        "coordinates": [
          79.49999999999997,
          8.999999999999986
        ]
      },
      "properties": {
        "fish_zone": 1,
        "fish_probability": 0.5533333333333333,
        "sst": 31.059993202239298,
        "chlorophyll": 0.5471023917198181,
        "current_u": -0.08626886457204819,
        "current_v": 0.08916249871253967,
        "bathymetry": 21.598819732666016
      }
    },
    {
      "type": "Feature",
      "geometry": {
        "type": "Point",
        "coordinates": [
          79.49999999999997,
          9.099999999999985
        ]
      },
      "properties": {
        "fish_zone": 1,
        "fish_probability": 0.55,
        "sst": 31.039993202686333,
        "chlorophyll": 0.6117498874664307,
        "current_u": 0.01480583380907774,
        "current_v": 0.15995194017887115,
        "bathymetry": 11.404999732971191
      }
    },
    {
      "type": "Feature",
      "geometry": {
        "type": "Point",
        "coordinates": [
          79.49999999999997,
          9.399999999999984
        ]
      },
      "properties": {
        "fish_zone": 0,
        "fish_probability": 0.04666666666666667,
        "sst": 31.089993201568745,
        "chlorophyll": 1.0022944211959839,
        "current_u": 0.03012736886739731,
        "current_v": 0.04676283895969391,
        "bathymetry": 15.810070037841797
      }
    },
    {
      "type": "Feature",
      "geometry": {
        "type": "Point",
        "coordinates": [
          79.49999999999997,
          9.499999999999984
        ]
      },
      "properties": {
        "fish_zone": 0,
        "fish_probability": 0.05,
        "sst": 31.239993198215984,
        "chlorophyll": 1.1476035118103027,
        "current_u": 0.025138871744275093,
        "current_v": 0.0638352558016777,
        "bathymetry": 15.810070037841797
      }
    },
    {
      "type": "Feature",
      "geometry": {
        "type": "Point",
        "coordinates": [
          79.49999999999997,
          9.599999999999984
        ]
      },
      "properties": {
        "fish_zone": 0,
        "fish_probability": 0.14,
        "sst": 31.269993197545432,
        "chlorophyll": 1.200228214263916,
        "current_u": 0.028477951884269714,
        "current_v": 0.099051333963871,
        "bathymetry": 13.467140197753906
      }
    },
    {
      "type": "Feature",
      "geometry": {
        "type": "Point",
        "coordinates": [
          79.49999999999997,
          9.699999999999983
        ]
      },
      "properties": {
        "fish_zone": 0,
        "fish_probability": 0.13,
        "sst": 31.25999319776895,
        "chlorophyll": 1.169909954071045,
        "current_u": 0.03212607651948929,
        "current_v": 0.095496267080307,
        "bathymetry": 13.467140197753906
      }
    },
    {
      "type": "Feature",
      "geometry": {
        "type": "Point",
        "coordinates": [
          79.49999999999997,
          9.799999999999983
        ]
      },
      "properties": {
        "fish_zone": 0,
        "fish_probability": 0.06666666666666667,
        "sst": 31.129993200674676,
        "chlorophyll": 1.0473157167434692,
        "current_u": 0.03646650165319443,
        "current_v": 0.061271436512470245,
        "bathymetry": 13.467140197753906
      }
    },
    {
      "type": "Feature",
      "geometry": {
        "type": "Point",
        "coordinates": [
          79.49999999999997,
          9.899999999999983
        ]
      },
      "properties": {
        "fish_zone": 0,
        "fish_probability": 0.06333333333333334,
        "sst": 31.089993201568745,
        "chlorophyll": 0.998511552810669,
        "current_u": 0.03848951682448387,
        "current_v": 0.05072920024394989,
        "bathymetry": 11.404999732971191
      }
    },
    {
      "type": "Feature",
      "geometry": {
        "type": "Point",
        "coordinates": [
          79.59999999999997,
          5.0
        ]
      },
      "properties": {
        "fish_zone": 0,
        "fish_probability": 0.013333333333333334,
        "sst": 30.67999321073296,
        "chlorophyll": 0.09527479857206345,
        "current_u": -9.105166100198403e-05,
        "current_v": -0.24670301377773285,
        "bathymetry": 4405.22412109375
      }
    },
    {
      "type": "Feature",
      "geometry": {
        "type": "Point",
        "coordinates": [
          79.59999999999997,
          5.1
        ]
      },
      "properties": {
        "fish_zone": 0,
        "fish_probability": 0.013333333333333334,
        "sst": 30.55999321341517,
        "chlorophyll": 0.09865152090787888,
        "current_u": 0.046599131077528,
        "current_v": -0.28750330209732056,
        "bathymetry": 4405.22412109375
      }
    },
    {
      "type": "Feature",
      "geometry": {
        "type": "Point",
        "coordinates": [
          79.59999999999997,
          5.199999999999999
        ]
      },
      "properties": {
        "fish_zone": 0,
        "fish_probability": 0.013333333333333334,
        "sst": 30.51999321430924,
        "chlorophyll": 0.09891877323389053,
        "current_u": 0.07393552362918854,
        "current_v": -0.34289348125457764,
        "bathymetry": 4405.22412109375
      }
    },
    {
      "type": "Feature",
      "geometry": {
        "type": "Point",
        "coordinates": [
          79.59999999999997,
          5.299999999999999
        ]
      },
      "properties": {
        "fish_zone": 0,
        "fish_probability": 0.01,
        "sst": 30.56999321319165,
        "chlorophyll": 0.0983283519744873,
        "current_u": 0.10266901552677155,
        "current_v": -0.42387402057647705,
        "bathymetry": 4405.22412109375
      }
    },
    {
      "type": "Feature",
      "geometry": {
        "type": "Point",
        "coordinates": [
          79.59999999999997,
          5.399999999999999
        ]
      },
      "properties": {
        "fish_zone": 0,
        "fish_probability": 0.01,
        "sst": 30.63999321162703,
        "chlorophyll": 0.10325092822313309,
        "current_u": 0.10425566136837006,
        "current_v": -0.4232695698738098,
        "bathymetry": 4405.22412109375
      }
    },
    {
      "type": "Feature",
      "geometry": {
        "type": "Point",
        "coordinates": [
          79.59999999999997,
          5.499999999999998
        ]
      },
      "properties": {
        "fish_zone": 0,
        "fish_probability": 0.01,
        "sst": 30.649993211403512,
        "chlorophyll": 0.10504868626594543,
        "current_u": 0.11719956994056702,
        "current_v": -0.42153534293174744,
        "bathymetry": 3992.48388671875
      }
    },
    {
      "type": "Feature",
      "geometry": {
        "type": "Point",
        "coordinates": [
          79.59999999999997,
          5.599999999999998
        ]
      },
      "properties": {
        "fish_zone": 0,
        "fish_probability": 0.01,
        "sst": 30.619993212074064,
        "chlorophyll": 0.10687859356403351,
        "current_u": 0.1281580775976181,
        "current_v": -0.42357900738716125,
        "bathymetry": 3992.48388671875
      }
    },
    {
      "type": "Feature",
      "geometry": {
        "type": "Point",
        "coordinates": [
          79.59999999999997,
          5.6999999999999975
        ]
      },
      "properties": {
        "fish_zone": 0,
        "fish_probability": 0.013333333333333334,
        "sst": 30.589993212744616,
        "chlorophyll": 0.10943827778100967,
        "current_u": 0.1368097960948944,
        "current_v": -0.42063242197036743,
        "bathymetry": 3992.48388671875
      }
    },
    {
      "type": "Feature",
      "geometry": {
        "type": "Point",
        "coordinates": [
          79.59999999999997,
          5.799999999999997
        ]
      },
      "properties": {
        "fish_zone": 0,
        "fish_probability": 0.013333333333333334,
        "sst": 30.579993212968134,
        "chlorophyll": 0.11335879564285278,
        "current_u": 0.15806534886360168,
        "current_v": -0.40076103806495667,
        "bathymetry": 3992.48388671875
      }
    },
    {
      "type": "Feature",
      "geometry": {
        "type": "Point",
        "coordinates": [
          79.59999999999997,
          5.899999999999997
        ]
      },
      "properties": {
        "fish_zone": 0,
        "fish_probability": 0.01,
        "sst": 30.589993212744616,
        "chlorophyll": 0.11498422175645828,
        "current_u": 0.17091721296310425,
        "current_v": -0.38720062375068665,
        "bathymetry": 3597.031982421875
      }
    },
    {
      "type": "Feature",
      "geometry": {
        "type": "Point",
        "coordinates": [
          79.59999999999997,
          5.9999999999999964
        ]
      },
      "properties": {
        "fish_zone": 0,
        "fish_probability": 0.016666666666666666,
        "sst": 30.619993212074064,
        "chlorophyll": 0.11316804587841034,
        "current_u": 0.1897512674331665,
        "current_v": -0.37458908557891846,
        "bathymetry": 3220.820068359375
      }
    },
    {
      "type": "Feature",
      "geometry": {
        "type": "Point",
        "coordinates": [
          79.59999999999997,
          6.099999999999996
        ]
      },
      "properties": {
        "fish_zone": 0,
        "fish_probability": 0.006666666666666667,
        "sst": 30.63999321162703,
        "chlorophyll": 0.10397311300039291,
        "current_u": 0.18853893876075745,
        "current_v": -0.364682137966156,
        "bathymetry": 2865.702880859375
      }
    },
    {
      "type": "Feature",
      "geometry": {
        "type": "Point",
        "coordinates": [
          79.59999999999997,
          6.199999999999996
        ]
      },
      "properties": {
        "fish_zone": 0,
        "fish_probability": 0.006666666666666667,
        "sst": 30.63999321162703,
        "chlorophyll": 0.10941454768180847,
        "current_u": 0.18666532635688782,
        "current_v": -0.3518015146255493,
        "bathymetry": 2865.702880859375
      }
    },
    {
      "type": "Feature",
      "geometry": {
        "type": "Point",
        "coordinates": [
          79.59999999999997,
          6.299999999999995
        ]
      },
      "properties": {
        "fish_zone": 0,
        "fish_probability": 0.013333333333333334,
        "sst": 30.5999932125211,
        "chlorophyll": 0.10713649541139603,
        "current_u": 0.17124120891094208,
        "current_v": -0.3234601616859436,
        "bathymetry": 1941.8929443359375
      }
    },
    {
      "type": "Feature",
      "geometry": {
        "type": "Point",
        "coordinates": [
          79.59999999999997,
          6.399999999999995
        ]
      },
      "properties": {
        "fish_zone": 0,
        "fish_probability": 0.016666666666666666,
        "sst": 30.579993212968134,
        "chlorophyll": 0.10671334713697433,
        "current_u": 0.16002941131591797,
        "current_v": -0.3164518475532532,
        "bathymetry": 1684.2840576171875
      }
    },
    {
      "type": "Feature",
      "geometry": {
        "type": "Point",
        "coordinates": [
          79.59999999999997,
          6.499999999999995
        ]
      },
      "properties": {
        "fish_zone": 0,
        "fish_probability": 0.016666666666666666,
        "sst": 30.5999932125211,
        "chlorophyll": 0.10935332626104355,
        "current_u": 0.1469196081161499,
        "current_v": -0.3105551302433014,
        "bathymetry": 1684.2840576171875
      }
    },
    {
      "type": "Feature",
      "geometry": {
        "type": "Point",
        "coordinates": [
          79.59999999999997,
          6.599999999999994
        ]
      },
      "properties": {
        "fish_zone": 0,
        "fish_probability": 0.016666666666666666,
        "sst": 30.669993210956477,
        "chlorophyll": 0.12513522803783417,
        "current_u": 0.12967222929000854,
        "current_v": -0.30435582995414734,
        "bathymetry": 1452.2509765625
      }
    },
    {
      "type": "Feature",
      "geometry": {
        "type": "Point",
        "coordinates": [
          79.59999999999997,
          6.699999999999994
        ]
      },
      "properties": {
        "fish_zone": 0,
        "fish_probability": 0.006666666666666667,
        "sst": 30.709993210062407,
        "chlorophyll": 0.12185793370008469,
        "current_u": 0.11254967004060745,
        "current_v": -0.3045470118522644,
        "bathymetry": 1452.2509765625
      }
    },
    {
      "type": "Feature",
      "geometry": {
        "type": "Point",
        "coordinates": [
          79.59999999999997,
          6.799999999999994
        ]
      },
      "properties": {
        "fish_zone": 0,
        "fish_probability": 0.013333333333333334,
        "sst": 30.739993209391855,
        "chlorophyll": 0.13058742880821228,
        "current_u": 0.08256830275058746,
        "current_v": -0.3377758264541626,
        "bathymetry": 1062.43994140625
      }
    },
    {
      "type": "Feature",
      "geometry": {
        "type": "Point",
        "coordinates": [
          79.59999999999997,
          6.899999999999993
        ]
      },
      "properties": {
        "fish_zone": 0,
        "fish_probability": 0.01,
        "sst": 30.629993211850547,
        "chlorophyll": 0.14490383863449097,
        "current_u": 0.07901808619499207,
        "current_v": -0.34389933943748474,
        "bathymetry": 902.3392944335938
      }
    },
    {
      "type": "Feature",
      "geometry": {
        "type": "Point",
        "coordinates": [
          79.59999999999997,
          6.999999999999993
        ]
      },
      "properties": {
        "fish_zone": 0,
        "fish_probability": 0.01,
        "sst": 30.52999321408572,
        "chlorophyll": 0.16277363896369934,
        "current_u": 0.07235973328351974,
        "current_v": -0.32865408062934875,
        "bathymetry": 902.3392944335938
      }
    },
    {
      "type": "Feature",
      "geometry": {
        "type": "Point",
        "coordinates": [
          79.59999999999997,
          7.0999999999999925
        ]
      },
      "properties": {
        "fish_zone": 0,
        "fish_probability": 0.02666666666666667,
        "sst": 30.499993214756273,
        "chlorophyll": 0.16277572512626648,
        "current_u": 0.08300069719552994,
        "current_v": -0.31506022810935974,
        "bathymetry": 1062.43994140625
      }
    },
    {
      "type": "Feature",
      "geometry": {
        "type": "Point",
        "coordinates": [
          79.59999999999997,
          7.199999999999992
        ]
      },
      "properties": {
        "fish_zone": 0,
        "fish_probability": 0.02666666666666667,
        "sst": 30.499993214756273,
        "chlorophyll": 0.17742674052715302,
        "current_u": 0.09285254031419754,
        "current_v": -0.3133417069911957,
        "bathymetry": 1062.43994140625
      }
    },
    {
      "type": "Feature",
      "geometry": {
        "type": "Point",
        "coordinates": [
          79.59999999999997,
          7.299999999999992
        ]
      },
      "properties": {
        "fish_zone": 0,
        "fish_probability": 0.05,
        "sst": 30.539993213862203,
        "chlorophyll": 0.19113989174365997,
        "current_u": 0.07481999695301056,
        "current_v": -0.302254319190979,
        "bathymetry": 763.3331298828125
      }
    },
    {
      "type": "Feature",
      "geometry": {
        "type": "Point",
        "coordinates": [
          79.59999999999997,
          7.3999999999999915
        ]
      },
      "properties": {
        "fish_zone": 0,
        "fish_probability": 0.05,
        "sst": 30.55999321341517,
        "chlorophyll": 0.19461752474308014,
        "current_u": 0.06786072254180908,
        "current_v": -0.28551891446113586,
        "bathymetry": 763.3331298828125
      }
    },
    {
      "type": "Feature",
      "geometry": {
        "type": "Point",
        "coordinates": [
          79.59999999999997,
          7.499999999999991
        ]
      },
      "properties": {
        "fish_zone": 1,
        "fish_probability": 0.8366666666666667,
        "sst": 30.52999321408572,
        "chlorophyll": 0.23791924118995667,
        "current_u": 0.05855540186166763,
        "current_v": -0.2628271281719208,
        "bathymetry": 1062.43994140625
      }
    },
    {
      "type": "Feature",
      "geometry": {
        "type": "Point",
        "coordinates": [
          79.59999999999997,
          7.599999999999991
        ]
      },
      "properties": {
        "fish_zone": 1,
        "fish_probability": 0.83,
        "sst": 30.439993216097378,
        "chlorophyll": 0.24849095940589905,
        "current_u": 0.05730632692575455,
        "current_v": -0.24142220616340637,
        "bathymetry": 902.3392944335938
      }
    },
    {
      "type": "Feature",
      "geometry": {
        "type": "Point",
        "coordinates": [
          79.59999999999997,
          7.69999999999999
        ]
      },
      "properties": {
        "fish_zone": 1,
        "fish_probability": 0.83,
        "sst": 30.379993217438482,
        "chlorophyll": 0.276228666305542,
        "current_u": 0.05676719918847084,
        "current_v": -0.22169212996959686,
        "bathymetry": 902.3392944335938
      }
    },
    {
      "type": "Feature",
      "geometry": {
        "type": "Point",
        "coordinates": [
          79.59999999999997,
          7.79999999999999
        ]
      },
      "properties": {
        "fish_zone": 1,
        "fish_probability": 0.8333333333333334,
        "sst": 30.28999321945014,
        "chlorophyll": 0.4335938096046448,
        "current_u": 0.038713499903678894,
        "current_v": -0.1741960495710373,
        "bathymetry": 763.3331298828125
      }
    },
    {
      "type": "Feature",
      "geometry": {
        "type": "Point",
        "coordinates": [
          79.59999999999997,
          7.89999999999999
        ]
      },
      "properties": {
        "fish_zone": 1,
        "fish_probability": 0.8266666666666667,
        "sst": 30.309993219003104,
        "chlorophyll": 0.26392194628715515,
        "current_u": 0.027603164315223694,
        "current_v": -0.15535277128219604,
        "bathymetry": 763.3331298828125
      }
    },
    {
      "type": "Feature",
      "geometry": {
        "type": "Point",
        "coordinates": [
          79.59999999999997,
          7.999999999999989
        ]
      },
      "properties": {
        "fish_zone": 1,
        "fish_probability": 0.8333333333333334,
        "sst": 30.339993218332552,
        "chlorophyll": 0.4134097695350647,
        "current_u": 0.046234481036663055,
        "current_v": -0.15965233743190765,
        "bathymetry": 763.3331298828125
      }
    },
    {
      "type": "Feature",
      "geometry": {
        "type": "Point",
        "coordinates": [
          79.59999999999997,
          8.099999999999989
        ]
      },
      "properties": {
        "fish_zone": 0,
        "fish_probability": 0.056666666666666664,
        "sst": 30.359993217885517,
        "chlorophyll": 0.19198867678642273,
        "current_u": 0.031196342781186104,
        "current_v": -0.14462488889694214,
        "bathymetry": 763.3331298828125
      }
    },
    {
      "type": "Feature",
      "geometry": {
        "type": "Point",
        "coordinates": [
          79.59999999999997,
          8.199999999999989
        ]
      },
      "properties": {
        "fish_zone": 0,
        "fish_probability": 0.056666666666666664,
        "sst": 30.369993217662,
        "chlorophyll": 0.18746212124824524,
        "current_u": 0.029849054291844368,
        "current_v": -0.16271017491817474,
        "bathymetry": 763.3331298828125
      }
    },
    {
      "type": "Feature",
      "geometry": {
        "type": "Point",
        "coordinates": [
          79.59999999999997,
          8.299999999999988
        ]
      },
      "properties": {
        "fish_zone": 1,
        "fish_probability": 0.84,
        "sst": 30.429993216320895,
        "chlorophyll": 0.22219397127628326,
        "current_u": 0.02259308286011219,
        "current_v": -0.1137685626745224,
        "bathymetry": 902.3392944335938
      }
    },
    {
      "type": "Feature",
      "geometry": {
        "type": "Point",
        "coordinates": [
          79.59999999999997,
          8.399999999999988
        ]
      },
      "properties": {
        "fish_zone": 0,
        "fish_probability": 0.3566666666666667,
        "sst": 30.499993214756273,
        "chlorophyll": 0.2313261479139328,
        "current_u": 0.06426700949668884,
        "current_v": -0.09138088673353195,
        "bathymetry": 902.3392944335938
      }
    },
    {
      "type": "Feature",
      "geometry": {
        "type": "Point",
        "coordinates": [
          79.59999999999997,
          8.499999999999988
        ]
      },
      "properties": {
        "fish_zone": 0,
        "fish_probability": 0.01,
        "sst": 30.649993211403512,
        "chlorophyll": 0.19450721144676208,
        "current_u": 0.07709755748510361,
        "current_v": -0.06522364169359207,
        "bathymetry": 902.3392944335938
      }
    },
    {
      "type": "Feature",
      "geometry": {
        "type": "Point",
        "coordinates": [
          79.59999999999997,
          8.599999999999987
        ]
      },
      "properties": {
        "fish_zone": 0,
        "fish_probability": 0.013333333333333334,
        "sst": 30.619993212074064,
        "chlorophyll": 0.17234322428703308,
        "current_u": 0.07314878702163696,
        "current_v": -0.012096372433006763,
        "bathymetry": 763.3331298828125
      }
    },
    {
      "type": "Feature",
      "geometry": {
        "type": "Point",
        "coordinates": [
          79.59999999999997,
          8.699999999999987
        ]
      },
      "properties": {
        "fish_zone": 0,
        "fish_probability": 0.01,
        "sst": 30.63999321162703,
        "chlorophyll": 0.17760688066482544,
        "current_u": 0.035950783640146255,
        "current_v": 0.039694447070360184,
        "bathymetry": 541.0889282226562
      }
    },
    {
      "type": "Feature",
      "geometry": {
        "type": "Point",
        "coordinates": [
          79.59999999999997,
          8.799999999999986
        ]
      },
      "properties": {
        "fish_zone": 0,
        "fish_probability": 0.12333333333333334,
        "sst": 30.859993206709646,
        "chlorophyll": 0.4501553177833557,
        "current_u": -0.044775430113077164,
        "current_v": 0.08736336976289749,
        "bathymetry": 13.467140197753906
      }
    },
    {
      "type": "Feature",
      "geometry": {
        "type": "Point",
        "coordinates": [
          79.59999999999997,
          8.899999999999986
        ]
      },
      "properties": {
        "fish_zone": 0,
        "fish_probability": 0.15666666666666668,
        "sst": 30.969993204250954,
        "chlorophyll": 0.5450706481933594,
        "current_u": -0.07672258466482162,
        "current_v": 0.051249124109745026,
        "bathymetry": 15.810070037841797
      }
    },
    {
      "type": "Feature",
      "geometry": {
        "type": "Point",
        "coordinates": [
          79.59999999999997,
          8.999999999999986
        ]
      },
      "properties": {
        "fish_zone": 0,
        "fish_probability": 0.4166666666666667,
        "sst": 31.10999320112171,
        "chlorophyll": 0.8630196452140808,
        "current_u": -0.08776220679283142,
        "current_v": 0.04277452453970909,
        "bathymetry": 11.404999732971191
      }
    },
    {
      "type": "Feature",
      "geometry": {
        "type": "Point",
        "coordinates": [
          79.59999999999997,
          9.099999999999985
        ]
      },
      "properties": {
        "fish_zone": 1,
        "fish_probability": 0.6533333333333333,
        "sst": 31.099993201345228,
        "chlorophyll": 0.6757376790046692,
        "current_u": -0.0025933622382581234,
        "current_v": 0.10163774341344833,
        "bathymetry": 7.92956018447876
      }
    },
    {
      "type": "Feature",
      "geometry": {
        "type": "Point",
        "coordinates": [
          79.59999999999997,
          9.299999999999985
        ]
      },
      "properties": {
        "fish_zone": 0,
        "fish_probability": 0.08666666666666667,
        "sst": 31.14999320022764,
        "chlorophyll": 1.0141900777816772,
        "current_u": 0.07268474251031876,
        "current_v": 0.07129476964473724,
        "bathymetry": 11.404999732971191
      }
    },
    {
      "type": "Feature",
      "geometry": {
        "type": "Point",
        "coordinates": [
          79.59999999999997,
          9.399999999999984
        ]
      },
      "properties": {
        "fish_zone": 0,
        "fish_probability": 0.04666666666666667,
        "sst": 31.14999320022764,
        "chlorophyll": 1.1590081453323364,
        "current_u": 0.012998657301068306,
        "current_v": 0.05033716931939125,
        "bathymetry": 13.467140197753906
      }
    },
    {
      "type": "Feature",
      "geometry": {
        "type": "Point",
        "coordinates": [
          79.59999999999997,
          9.499999999999984
        ]
      },
      "properties": {
        "fish_zone": 0,
        "fish_probability": 0.056666666666666664,
        "sst": 31.13999320045116,
        "chlorophyll": 1.1201035976409912,
        "current_u": 0.015380424447357655,
        "current_v": 0.07255696505308151,
        "bathymetry": 15.810070037841797
      }
    },
    {
      "type": "Feature",
      "geometry": {
        "type": "Point",
        "coordinates": [
          79.59999999999997,
          9.599999999999984
        ]
      },
      "properties": {
        "fish_zone": 0,
        "fish_probability": 0.06666666666666667,
        "sst": 31.159993200004124,
        "chlorophyll": 1.1506316661834717,
        "current_u": 0.035066887736320496,
        "current_v": 0.060942668467760086,
        "bathymetry": 13.467140197753906
      }
    },
    {
      "type": "Feature",
      "geometry": {
        "type": "Point",
        "coordinates": [
          79.59999999999997,
          9.699999999999983
        ]
      },
      "properties": {
        "fish_zone": 0,
        "fish_probability": 0.07,
        "sst": 31.169993199780606,
        "chlorophyll": 1.2242060899734497,
        "current_u": 0.03993946686387062,
        "current_v": 0.05636186525225639,
        "bathymetry": 13.467140197753906
      }
    },
    {
      "type": "Feature",
      "geometry": {
        "type": "Point",
        "coordinates": [
          79.59999999999997,
          9.799999999999983
        ]
      },
      "properties": {
        "fish_zone": 0,
        "fish_probability": 0.13666666666666666,
        "sst": 31.089993201568745,
        "chlorophyll": 0.9908777475357056,
        "current_u": 0.045868296176195145,
        "current_v": 0.08744058012962341,
        "bathymetry": 11.404999732971191
      }
    },
    {
      "type": "Feature",
      "geometry": {
        "type": "Point",
        "coordinates": [
          79.59999999999997,
          9.899999999999983
        ]
      },
      "properties": {
        "fish_zone": 0,
        "fish_probability": 0.14,
        "sst": 31.039993202686333,
        "chlorophyll": 1.094246506690979,
        "current_u": 0.04530447721481323,
        "current_v": 0.08056885004043579,
        "bathymetry": 13.467140197753906
      }
    },
    {
      "type": "Feature",
      "geometry": {
        "type": "Point",
        "coordinates": [
          79.69999999999996,
          5.0
        ]
      },
      "properties": {
        "fish_zone": 0,
        "fish_probability": 0.013333333333333334,
        "sst": 30.629993211850547,
        "chlorophyll": 0.08958739787340164,
        "current_u": 0.0061329943127930164,
        "current_v": -0.24273666739463806,
        "bathymetry": 4405.22412109375
      }
    },
    {
      "type": "Feature",
      "geometry": {
        "type": "Point",
        "coordinates": [
          79.69999999999996,
          5.1
        ]
      },
      "properties": {
        "fish_zone": 0,
        "fish_probability": 0.013333333333333334,
        "sst": 30.52999321408572,
        "chlorophyll": 0.09795909374952316,
        "current_u": 0.05056753754615784,
        "current_v": -0.28306421637535095,
        "bathymetry": 4405.22412109375
      }
    },
    {
      "type": "Feature",
      "geometry": {
        "type": "Point",
        "coordinates": [
          79.69999999999996,
          5.199999999999999
        ]
      },
      "properties": {
        "fish_zone": 0,
        "fish_probability": 0.013333333333333334,
        "sst": 30.499993214756273,
        "chlorophyll": 0.09973716735839844,
        "current_u": 0.0858871191740036,
        "current_v": -0.3398657739162445,
        "bathymetry": 4405.22412109375
      }
    },
    {
      "type": "Feature",
      "geometry": {
        "type": "Point",
        "coordinates": [
          79.69999999999996,
          5.299999999999999
        ]
      },
      "properties": {
        "fish_zone": 0,
        "fish_probability": 0.01,
        "sst": 30.539993213862203,
        "chlorophyll": 0.10232292115688324,
        "current_u": 0.1228533461689949,
        "current_v": -0.4233723282814026,
        "bathymetry": 4405.22412109375
      }
    },
    {
      "type": "Feature",
      "geometry": {
        "type": "Point",
        "coordinates": [
          79.69999999999996,
          5.399999999999999
        ]
      },
      "properties": {
        "fish_zone": 0,
        "fish_probability": 0.01,
        "sst": 30.629993211850547,
        "chlorophyll": 0.10193940252065659,
        "current_u": 0.1248031035065651,
        "current_v": -0.423462837934494,
        "bathymetry": 4405.22412109375
      }
    },
    {
      "type": "Feature",
      "geometry": {
        "type": "Point",
        "coordinates": [
          79.69999999999996,
          5.499999999999998
        ]
      },
      "properties": {
        "fish_zone": 0,
        "fish_probability": 0.01,
        "sst": 30.659993211179994,
        "chlorophyll": 0.10553736984729767,
        "current_u": 0.13370053470134735,
        "current_v": -0.42004096508026123,
        "bathymetry": 4405.22412109375
      }
    },
    {
      "type": "Feature",
      "geometry": {
        "type": "Point",
        "coordinates": [
          79.69999999999996,
          5.599999999999998
        ]
      },
      "properties": {
        "fish_zone": 0,
        "fish_probability": 0.01,
        "sst": 30.63999321162703,
        "chlorophyll": 0.1088968813419342,
        "current_u": 0.14348413050174713,
        "current_v": -0.4211122393608093,
        "bathymetry": 3992.48388671875
      }
    },
    {
      "type": "Feature",
      "geometry": {
        "type": "Point",
        "coordinates": [
          79.69999999999996,
          5.6999999999999975
        ]
      },
      "properties": {
        "fish_zone": 0,
        "fish_probability": 0.013333333333333334,
        "sst": 30.619993212074064,
        "chlorophyll": 0.11235005408525467,
        "current_u": 0.15451928973197937,
        "current_v": -0.4175472855567932,
        "bathymetry": 3992.48388671875
      }
    },
    {
      "type": "Feature",
      "geometry": {
        "type": "Point",
        "coordinates": [
          79.69999999999996,
          5.799999999999997
        ]
      },
      "properties": {
        "fish_zone": 0,
        "fish_probability": 0.013333333333333334,
        "sst": 30.589993212744616,
        "chlorophyll": 0.11468708515167236,
        "current_u": 0.17048987746238708,
        "current_v": -0.39229610562324524,
        "bathymetry": 3992.48388671875
      }
    },
    {
      "type": "Feature",
      "geometry": {
        "type": "Point",
        "coordinates": [
          79.69999999999996,
          5.899999999999997
        ]
      },
      "properties": {
        "fish_zone": 0,
        "fish_probability": 0.01,
        "sst": 30.5999932125211,
        "chlorophyll": 0.11476515233516693,
        "current_u": 0.175804004073143,
        "current_v": -0.38211122155189514,
        "bathymetry": 3597.031982421875
      }
    },
    {
      "type": "Feature",
      "geometry": {
        "type": "Point",
        "coordinates": [
          79.69999999999996,
          5.9999999999999964
        ]
      },
      "properties": {
        "fish_zone": 0,
        "fish_probability": 0.013333333333333334,
        "sst": 30.63999321162703,
        "chlorophyll": 0.1133442372083664,
        "current_u": 0.19212956726551056,
        "current_v": -0.3755322992801666,
        "bathymetry": 3220.820068359375
      }
    },
    {
      "type": "Feature",
      "geometry": {
        "type": "Point",
        "coordinates": [
          79.69999999999996,
          6.099999999999996
        ]
      },
      "properties": {
        "fish_zone": 0,
        "fish_probability": 0.0033333333333333335,
        "sst": 30.669993210956477,
        "chlorophyll": 0.11321427673101425,
        "current_u": 0.18669110536575317,
        "current_v": -0.36763641238212585,
        "bathymetry": 2533.3359375
      }
    },
    {
      "type": "Feature",
      "geometry": {
        "type": "Point",
        "coordinates": [
          79.69999999999996,
          6.199999999999996
        ]
      },
      "properties": {
        "fish_zone": 0,
        "fish_probability": 0.0033333333333333335,
        "sst": 30.669993210956477,
        "chlorophyll": 0.11198659241199493,
        "current_u": 0.18226879835128784,
        "current_v": -0.35570916533470154,
        "bathymetry": 2533.3359375
      }
    },
    {
      "type": "Feature",
      "geometry": {
        "type": "Point",
        "coordinates": [
          79.69999999999996,
          6.299999999999995
        ]
      },
      "properties": {
        "fish_zone": 0,
        "fish_probability": 0.016666666666666666,
        "sst": 30.629993211850547,
        "chlorophyll": 0.1097090020775795,
        "current_u": 0.16673992574214935,
        "current_v": -0.3176504969596863,
        "bathymetry": 1684.2840576171875
      }
    },
    {
      "type": "Feature",
      "geometry": {
        "type": "Point",
        "coordinates": [
          79.69999999999996,
          6.399999999999995
        ]
      },
      "properties": {
        "fish_zone": 0,
        "fish_probability": 0.023333333333333334,
        "sst": 30.589993212744616,
        "chlorophyll": 0.12052429467439651,
        "current_u": 0.1542692929506302,
        "current_v": -0.29838621616363525,
        "bathymetry": 902.3392944335938
      }
    },
    {
      "type": "Feature",
      "geometry": {
        "type": "Point",
        "coordinates": [
          79.69999999999996,
          6.499999999999995
        ]
      },
      "properties": {
        "fish_zone": 0,
        "fish_probability": 0.03333333333333333,
        "sst": 30.589993212744616,
        "chlorophyll": 0.11794054508209229,
        "current_u": 0.14375993609428406,
        "current_v": -0.2794223129749298,
        "bathymetry": 763.3331298828125
      }
    },
    {
      "type": "Feature",
      "geometry": {
        "type": "Point",
        "coordinates": [
          79.69999999999996,
          6.599999999999994
        ]
      },
      "properties": {
        "fish_zone": 0,
        "fish_probability": 0.02666666666666667,
        "sst": 30.629993211850547,
        "chlorophyll": 0.12370467931032181,
        "current_u": 0.12711244821548462,
        "current_v": -0.2534528374671936,
        "bathymetry": 763.3331298828125
      }
    },
    {
      "type": "Feature",
      "geometry": {
        "type": "Point",
        "coordinates": [
          79.69999999999996,
          6.699999999999994
        ]
      },
      "properties": {
        "fish_zone": 0,
        "fish_probability": 0.016666666666666666,
        "sst": 30.659993211179994,
        "chlorophyll": 0.13371823728084564,
        "current_u": 0.10578838735818863,
        "current_v": -0.21911141276359558,
        "bathymetry": 763.3331298828125
      }
    },
    {
      "type": "Feature",
      "geometry": {
        "type": "Point",
        "coordinates": [
          79.69999999999996,
          6.799999999999994
        ]
      },
      "properties": {
        "fish_zone": 0,
        "fish_probability": 0.04,
        "sst": 30.699993210285925,
        "chlorophyll": 0.1558905690908432,
        "current_u": 0.05806015431880951,
        "current_v": -0.1830570548772812,
        "bathymetry": 55.76428985595703
      }
    },
    {
      "type": "Feature",
      "geometry": {
        "type": "Point",
        "coordinates": [
          79.69999999999996,
          6.899999999999993
        ]
      },
      "properties": {
        "fish_zone": 0,
        "fish_probability": 0.03666666666666667,
        "sst": 30.60999321229758,
        "chlorophyll": 0.1764436811208725,
        "current_u": 0.051558077335357666,
        "current_v": -0.21927621960639954,
        "bathymetry": 40.344051361083984
      }
    },
    {
      "type": "Feature",
      "geometry": {
        "type": "Point",
        "coordinates": [
          79.69999999999996,
          6.999999999999993
        ]
      },
      "properties": {
        "fish_zone": 0,
        "fish_probability": 0.03666666666666667,
        "sst": 30.52999321408572,
        "chlorophyll": 0.1846088021993637,
        "current_u": 0.06129411980509758,
        "current_v": -0.23818394541740417,
        "bathymetry": 34.43415069580078
      }
    },
    {
      "type": "Feature",
      "geometry": {
        "type": "Point",
        "coordinates": [
          79.69999999999996,
          7.0999999999999925
        ]
      },
      "properties": {
        "fish_zone": 0,
        "fish_probability": 0.04666666666666667,
        "sst": 30.51999321430924,
        "chlorophyll": 0.193324476480484,
        "current_u": 0.06961850076913834,
        "current_v": -0.19305552542209625,
        "bathymetry": 40.344051361083984
      }
    },
    {
      "type": "Feature",
      "geometry": {
        "type": "Point",
        "coordinates": [
          79.69999999999996,
          7.199999999999992
        ]
      },
      "properties": {
        "fish_zone": 1,
        "fish_probability": 0.77,
        "sst": 30.539993213862203,
        "chlorophyll": 0.2140413522720337,
        "current_u": 0.07678624242544174,
        "current_v": -0.15095867216587067,
        "bathymetry": 40.344051361083984
      }
    },
    {
      "type": "Feature",
      "geometry": {
        "type": "Point",
        "coordinates": [
          79.69999999999996,
          7.299999999999992
        ]
      },
      "properties": {
        "fish_zone": 1,
        "fish_probability": 0.7033333333333334,
        "sst": 30.5999932125211,
        "chlorophyll": 0.2336469292640686,
        "current_u": 0.04002030938863754,
        "current_v": -0.09631504863500595,
        "bathymetry": 29.444730758666992
      }
    },
    {
      "type": "Feature",
      "geometry": {
        "type": "Point",
        "coordinates": [
          79.69999999999996,
          7.3999999999999915
        ]
      },
      "properties": {
        "fish_zone": 0,
        "fish_probability": 0.10333333333333333,
        "sst": 30.60999321229758,
        "chlorophyll": 0.2631029486656189,
        "current_u": 0.039116572588682175,
        "current_v": -0.07536481320858002,
        "bathymetry": 25.211410522460938
      }
    },
    {
      "type": "Feature",
      "geometry": {
        "type": "Point",
        "coordinates": [
          79.69999999999996,
          7.499999999999991
        ]
      },
      "properties": {
        "fish_zone": 0,
        "fish_probability": 0.09,
        "sst": 30.56999321319165,
        "chlorophyll": 0.3599521517753601,
        "current_u": 0.026901980862021446,
        "current_v": -0.040534500032663345,
        "bathymetry": 21.598819732666016
      }
    },
    {
      "type": "Feature",
      "geometry": {
        "type": "Point",
        "coordinates": [
          79.69999999999996,
          7.599999999999991
        ]
      },
      "properties": {
        "fish_zone": 0,
        "fish_probability": 0.056666666666666664,
        "sst": 30.44999321587386,
        "chlorophyll": 0.37648245692253113,
        "current_u": 0.03108123317360878,
        "current_v": -0.006039466243237257,
        "bathymetry": 18.495559692382812
      }
    },
    {
      "type": "Feature",
      "geometry": {
        "type": "Point",
        "coordinates": [
          79.69999999999996,
          7.69999999999999
        ]
      },
      "properties": {
        "fish_zone": 0,
        "fish_probability": 0.05333333333333334,
        "sst": 30.369993217662,
        "chlorophyll": 0.4654119908809662,
        "current_u": 0.04141910374164581,
        "current_v": 0.027257313951849937,
        "bathymetry": 18.495559692382812
      }
    },
    {
      "type": "Feature",
      "geometry": {
        "type": "Point",
        "coordinates": [
          79.69999999999996,
          7.79999999999999
        ]
      },
      "properties": {
        "fish_zone": 0,
        "fish_probability": 0.09333333333333334,
        "sst": 30.25999322012069,
        "chlorophyll": 0.6124081611633301,
        "current_u": 0.01873813383281231,
        "current_v": 0.07571468502283096,
        "bathymetry": 11.404999732971191
      }
    },
    {
      "type": "Feature",
      "geometry": {
        "type": "Point",
        "coordinates": [
          79.69999999999996,
          7.89999999999999
        ]
      },
      "properties": {
        "fish_zone": 1,
        "fish_probability": 0.6366666666666667,
        "sst": 30.339993218332552,
        "chlorophyll": 0.5725950598716736,
        "current_u": 0.011614362709224224,
        "current_v": 0.1079014241695404,
        "bathymetry": 11.404999732971191
      }
    },
    {
      "type": "Feature",
      "geometry": {
        "type": "Point",
        "coordinates": [
          79.69999999999996,
          7.999999999999989
        ]
      },
      "properties": {
        "fish_zone": 1,
        "fish_probability": 0.55,
        "sst": 30.429993216320895,
        "chlorophyll": 1.4720683097839355,
        "current_u": 0.04286489263176918,
        "current_v": 0.14032860100269318,
        "bathymetry": 9.572997093200684
      }
    },
    {
      "type": "Feature",
      "geometry": {
        "type": "Point",
        "coordinates": [
          79.69999999999996,
          8.299999999999988
        ]
      },
      "properties": {
        "fish_zone": 0,
        "fish_probability": 0.07,
        "sst": 30.619993212074064,
        "chlorophyll": 0.9530776143074036,
        "current_u": 0.04430398717522621,
        "current_v": 0.03415507823228836,
        "bathymetry": 130.66600036621094
      }
    },
    {
      "type": "Feature",
      "geometry": {
        "type": "Point",
        "coordinates": [
          79.69999999999996,
          8.399999999999988
        ]
      },
      "properties": {
        "fish_zone": 0,
        "fish_probability": 0.07,
        "sst": 30.67999321073296,
        "chlorophyll": 0.787591814994812,
        "current_u": 0.057063594460487366,
        "current_v": 0.027546001598238945,
        "bathymetry": 318.1274108886719
      }
    },
    {
      "type": "Feature",
      "geometry": {
        "type": "Point",
        "coordinates": [
          79.69999999999996,
          8.499999999999988
        ]
      },
      "properties": {
        "fish_zone": 0,
        "fish_probability": 0.07,
        "sst": 30.83999320715668,
        "chlorophyll": 0.5480045676231384,
        "current_u": 0.045975297689437866,
        "current_v": 0.03464624285697937,
        "bathymetry": 266.0403137207031
      }
    },
    {
      "type": "Feature",
      "geometry": {
        "type": "Point",
        "coordinates": [
          79.69999999999996,
          8.599999999999987
        ]
      },
      "properties": {
        "fish_zone": 0,
        "fish_probability": 0.03,
        "sst": 30.8299932073802,
        "chlorophyll": 0.5127478241920471,
        "current_u": 0.03354490548372269,
        "current_v": 0.05375473573803902,
        "bathymetry": 47.37369155883789
      }
    },
    {
      "type": "Feature",
      "geometry": {
        "type": "Point",
        "coordinates": [
          79.69999999999996,
          8.699999999999987
        ]
      },
      "properties": {
        "fish_zone": 0,
        "fish_probability": 0.09333333333333334,
        "sst": 30.849993206933163,
        "chlorophyll": 0.6374520659446716,
        "current_u": 0.006490292027592659,
        "current_v": 0.084346242249012,
        "bathymetry": 15.810070037841797
      }
    },
    {
      "type": "Feature",
      "geometry": {
        "type": "Point",
        "coordinates": [
          79.69999999999996,
          8.799999999999986
        ]
      },
      "properties": {
        "fish_zone": 0,
        "fish_probability": 0.07333333333333333,
        "sst": 31.02999320290985,
        "chlorophyll": 0.7102137804031372,
        "current_u": -0.059112247079610825,
        "current_v": 0.03851190209388733,
        "bathymetry": 18.495559692382812
      }
    },
    {
      "type": "Feature",
      "geometry": {
        "type": "Point",
        "coordinates": [
          79.69999999999996,
          8.899999999999986
        ]
      },
      "properties": {
        "fish_zone": 0,
        "fish_probability": 0.13333333333333333,
        "sst": 31.099993201345228,
        "chlorophyll": 0.8674109578132629,
        "current_u": -0.07131994515657425,
        "current_v": 0.024389494210481644,
        "bathymetry": 11.404999732971191
      }
    },
    {
      "type": "Feature",
      "geometry": {
        "type": "Point",
        "coordinates": [
          79.69999999999996,
          8.999999999999986
        ]
      },
      "properties": {
        "fish_zone": 0,
        "fish_probability": 0.21666666666666667,
        "sst": 31.13999320045116,
        "chlorophyll": 1.0160176753997803,
        "current_u": -0.07009236514568329,
        "current_v": 0.038620151579380035,
        "bathymetry": 7.92956018447876
      }
    },
    {
      "type": "Feature",
      "geometry": {
        "type": "Point",
        "coordinates": [
          79.69999999999996,
          9.099999999999985
        ]
      },
      "properties": {
        "fish_zone": 0,
        "fish_probability": 0.1,
        "sst": 31.10999320112171,
        "chlorophyll": 1.172187089920044,
        "current_u": -0.011705671437084675,
        "current_v": 0.059605587273836136,
        "bathymetry": 7.92956018447876
      }
    },
    {
      "type": "Feature",
      "geometry": {
        "type": "Point",
        "coordinates": [
          79.69999999999996,
          9.299999999999985
        ]
      },
      "properties": {
        "fish_zone": 0,
        "fish_probability": 0.05333333333333334,
        "sst": 31.199993199110054,
        "chlorophyll": 1.0582867860794067,
        "current_u": 0.05213593691587448,
        "current_v": 0.06448635458946228,
        "bathymetry": 11.404999732971191
      }
    },
    {
      "type": "Feature",
      "geometry": {
        "type": "Point",
        "coordinates": [
          79.69999999999996,
          9.399999999999984
        ]
      },
      "properties": {
        "fish_zone": 0,
        "fish_probability": 0.05333333333333334,
        "sst": 31.17999319955709,
        "chlorophyll": 1.1246336698532104,
        "current_u": 0.027935832738876343,
        "current_v": 0.06731945276260376,
        "bathymetry": 13.467140197753906
      }
    },
    {
      "type": "Feature",
      "geometry": {
        "type": "Point",
        "coordinates": [
          79.69999999999996,
          9.599999999999984
        ]
      },
      "properties": {
        "fish_zone": 0,
        "fish_probability": 0.12666666666666668,
        "sst": 31.14999320022764,
        "chlorophyll": 1.1485785245895386,
        "current_u": 0.01733803004026413,
        "current_v": 0.08343162387609482,
        "bathymetry": 9.572997093200684
      }
    },
    {
      "type": "Feature",
      "geometry": {
        "type": "Point",
        "coordinates": [
          79.69999999999996,
          9.699999999999983
        ]
      },
      "properties": {
        "fish_zone": 0,
        "fish_probability": 0.07,
        "sst": 31.159993200004124,
        "chlorophyll": 1.2016551494598389,
        "current_u": 0.018172986805438995,
        "current_v": 0.07201041281223297,
        "bathymetry": 11.404999732971191
      }
    },
    {
      "type": "Feature",
      "geometry": {
        "type": "Point",
        "coordinates": [
          79.69999999999996,
          9.799999999999983
        ]
      },
      "properties": {
        "fish_zone": 1,
        "fish_probability": 0.5333333333333333,
        "sst": 31.099993201345228,
        "chlorophyll": 1.0120326280593872,
        "current_u": 0.05422120541334152,
        "current_v": 0.11495273560285568,
        "bathymetry": 9.572997093200684
      }
    },
    {
      "type": "Feature",
      "geometry": {
        "type": "Point",
        "coordinates": [
          79.69999999999996,
          9.899999999999983
        ]
      },
      "properties": {
        "fish_zone": 0,
        "fish_probability": 0.19666666666666666,
        "sst": 31.049993202462815,
        "chlorophyll": 1.0833293199539185,
        "current_u": 0.06405217945575714,
        "current_v": 0.09894635528326035,
        "bathymetry": 15.810070037841797
      }
    },
    {
      "type": "Feature",
      "geometry": {
        "type": "Point",
        "coordinates": [
          79.79999999999995,
          5.0
        ]
      },
      "properties": {
        "fish_zone": 0,
        "fish_probability": 0.01,
        "sst": 30.60999321229758,
        "chlorophyll": 0.09077583998441696,
        "current_u": 0.024817517027258873,
        "current_v": -0.22519353032112122,
        "bathymetry": 4405.22412109375
      }
    },
    {
      "type": "Feature",
      "geometry": {
        "type": "Point",
        "coordinates": [
          79.79999999999995,
          5.1
        ]
      },
      "properties": {
        "fish_zone": 0,
        "fish_probability": 0.01,
        "sst": 30.56999321319165,
        "chlorophyll": 0.09156422317028046,
        "current_u": 0.05133328586816788,
        "current_v": -0.2558225095272064,
        "bathymetry": 4405.22412109375
      }
    },
    {
      "type": "Feature",
      "geometry": {
        "type": "Point",
        "coordinates": [
          79.79999999999995,
          5.199999999999999
        ]
      },
      "properties": {
        "fish_zone": 0,
        "fish_probability": 0.01,
        "sst": 30.549993213638686,
        "chlorophyll": 0.11020584404468536,
        "current_u": 0.10242469608783722,
        "current_v": -0.3183557093143463,
        "bathymetry": 4405.22412109375
      }
    },
    {
      "type": "Feature",
      "geometry": {
        "type": "Point",
        "coordinates": [
          79.79999999999995,
          5.299999999999999
        ]
      },
      "properties": {
        "fish_zone": 0,
        "fish_probability": 0.006666666666666667,
        "sst": 30.539993213862203,
        "chlorophyll": 0.09983086585998535,
        "current_u": 0.15944036841392517,
        "current_v": -0.4236280620098114,
        "bathymetry": 4405.22412109375
      }
    },
    {
      "type": "Feature",
      "geometry": {
        "type": "Point",
        "coordinates": [
          79.79999999999995,
          5.399999999999999
        ]
      },
      "properties": {
        "fish_zone": 0,
        "fish_probability": 0.006666666666666667,
        "sst": 30.589993212744616,
        "chlorophyll": 0.10513903200626373,
        "current_u": 0.16513691842556,
        "current_v": -0.4352233409881592,
        "bathymetry": 4405.22412109375
      }
    },
    {
      "type": "Feature",
      "geometry": {
        "type": "Point",
        "coordinates": [
          79.79999999999995,
          5.499999999999998
        ]
      },
      "properties": {
        "fish_zone": 0,
        "fish_probability": 0.006666666666666667,
        "sst": 30.63999321162703,
        "chlorophyll": 0.10909366607666016,
        "current_u": 0.16851991415023804,
        "current_v": -0.43374186754226685,
        "bathymetry": 4405.22412109375
      }
    },
    {
      "type": "Feature",
      "geometry": {
        "type": "Point",
        "coordinates": [
          79.79999999999995,
          5.599999999999998
        ]
      },
      "properties": {
        "fish_zone": 0,
        "fish_probability": 0.01,
        "sst": 30.63999321162703,
        "chlorophyll": 0.1063251793384552,
        "current_u": 0.18353304266929626,
        "current_v": -0.4288402199745178,
        "bathymetry": 3992.48388671875
      }
    },
    {
      "type": "Feature",
      "geometry": {
        "type": "Point",
        "coordinates": [
          79.79999999999995,
          5.6999999999999975
        ]
      },
      "properties": {
        "fish_zone": 0,
        "fish_probability": 0.013333333333333334,
        "sst": 30.619993212074064,
        "chlorophyll": 0.10587257891893387,
        "current_u": 0.19444549083709717,
        "current_v": -0.41664230823516846,
        "bathymetry": 3992.48388671875
      }
    },
    {
      "type": "Feature",
      "geometry": {
        "type": "Point",
        "coordinates": [
          79.79999999999995,
          5.799999999999997
        ]
      },
      "properties": {
        "fish_zone": 0,
        "fish_probability": 0.01,
        "sst": 30.539993213862203,
        "chlorophyll": 0.11615010350942612,
        "current_u": 0.21631714701652527,
        "current_v": -0.3816794455051422,
        "bathymetry": 2533.3359375
      }
    },
    {
      "type": "Feature",
      "geometry": {
        "type": "Point",
        "coordinates": [
          79.79999999999995,
          5.899999999999997
        ]
      },
      "properties": {
        "fish_zone": 0,
        "fish_probability": 0.016666666666666666,
        "sst": 30.56999321319165,
        "chlorophyll": 0.11608992516994476,
        "current_u": 0.2025885283946991,
        "current_v": -0.3654622435569763,
        "bathymetry": 1941.8929443359375
      }
    },
    {
      "type": "Feature",
      "geometry": {
        "type": "Point",
        "coordinates": [
          79.79999999999995,
          5.9999999999999964
        ]
      },
      "properties": {
        "fish_zone": 0,
        "fish_probability": 0.016666666666666666,
        "sst": 30.649993211403512,
        "chlorophyll": 0.11602939665317535,
        "current_u": 0.20075534284114838,
        "current_v": -0.35875728726387024,
        "bathymetry": 1684.2840576171875
      }
    },
    {
      "type": "Feature",
      "geometry": {
        "type": "Point",
        "coordinates": [
          79.79999999999995,
          6.099999999999996
        ]
      },
      "properties": {
        "fish_zone": 0,
        "fish_probability": 0.02,
        "sst": 30.689993210509442,
        "chlorophyll": 0.1191369816660881,
        "current_u": 0.18507497012615204,
        "current_v": -0.3461572229862213,
        "bathymetry": 1245.291015625
      }
    },
    {
      "type": "Feature",
      "geometry": {
        "type": "Point",
        "coordinates": [
          79.79999999999995,
          6.199999999999996
        ]
      },
      "properties": {
        "fish_zone": 0,
        "fish_probability": 0.03,
        "sst": 30.699993210285925,
        "chlorophyll": 0.11343640834093094,
        "current_u": 0.16887180507183075,
        "current_v": -0.3194056749343872,
        "bathymetry": 763.3331298828125
      }
    },
    {
      "type": "Feature",
      "geometry": {
        "type": "Point",
        "coordinates": [
          79.79999999999995,
          6.299999999999995
        ]
      },
      "properties": {
        "fish_zone": 0,
        "fish_probability": 0.043333333333333335,
        "sst": 30.689993210509442,
        "chlorophyll": 0.11903897672891617,
        "current_u": 0.13590972125530243,
        "current_v": -0.24018074572086334,
        "bathymetry": 55.76428985595703
      }
    },
    {
      "type": "Feature",
      "geometry": {
        "type": "Point",
        "coordinates": [
          79.79999999999995,
          6.399999999999995
        ]
      },
      "properties": {
        "fish_zone": 0,
        "fish_probability": 0.03333333333333333,
        "sst": 30.649993211403512,
        "chlorophyll": 0.12019942700862885,
        "current_u": 0.11999724805355072,
        "current_v": -0.19390428066253662,
        "bathymetry": 55.76428985595703
      }
    },
    {
      "type": "Feature",
      "geometry": {
        "type": "Point",
        "coordinates": [
          79.79999999999995,
          6.499999999999995
        ]
      },
      "properties": {
        "fish_zone": 0,
        "fish_probability": 0.03666666666666667,
        "sst": 30.5999932125211,
        "chlorophyll": 0.12231753021478653,
        "current_u": 0.09968988597393036,
        "current_v": -0.14493437111377716,
        "bathymetry": 55.76428985595703
      }
    },
    {
      "type": "Feature",
      "geometry": {
        "type": "Point",
        "coordinates": [
          79.79999999999995,
          6.599999999999994
        ]
      },
      "properties": {
        "fish_zone": 0,
        "fish_probability": 0.043333333333333335,
        "sst": 30.539993213862203,
        "chlorophyll": 0.13642804324626923,
        "current_u": 0.09122075140476227,
        "current_v": -0.0856667086482048,
        "bathymetry": 55.76428985595703
      }
    },
    {
      "type": "Feature",
      "geometry": {
        "type": "Point",
        "coordinates": [
          79.79999999999995,
          6.699999999999994
        ]
      },
      "properties": {
        "fish_zone": 0,
        "fish_probability": 0.0,
        "sst": 30.52999321408572,
        "chlorophyll": 0.16423383355140686,
        "current_u": 0.066207155585289,
        "current_v": -0.038040705025196075,
        "bathymetry": 40.344051361083984
      }
    },
    {
      "type": "Feature",
      "geometry": {
        "type": "Point",
        "coordinates": [
          79.79999999999995,
          6.799999999999994
        ]
      },
      "properties": {
        "fish_zone": 0,
        "fish_probability": 0.02,
        "sst": 30.55999321341517,
        "chlorophyll": 0.20092451572418213,
        "current_u": 0.042495109140872955,
        "current_v": 0.002086989814415574,
        "bathymetry": 25.211410522460938
      }
    },
    {
      "type": "Feature",
      "geometry": {
        "type": "Point",
        "coordinates": [
          79.79999999999995,
          6.899999999999993
        ]
      },
      "properties": {
        "fish_zone": 0,
        "fish_probability": 0.02,
        "sst": 30.56999321319165,
        "chlorophyll": 0.2638342082500458,
        "current_u": 0.045509420335292816,
        "current_v": 0.0038092858158051968,
        "bathymetry": 21.598819732666016
      }
    },
    {
      "type": "Feature",
      "geometry": {
        "type": "Point",
        "coordinates": [
          79.79999999999995,
          6.999999999999993
        ]
      },
      "properties": {
        "fish_zone": 0,
        "fish_probability": 0.016666666666666666,
        "sst": 30.55999321341517,
        "chlorophyll": 0.4097869098186493,
        "current_u": 0.05385240539908409,
        "current_v": -0.0010559582151472569,
        "bathymetry": 15.810070037841797
      }
    },
    {
      "type": "Feature",
      "geometry": {
        "type": "Point",
        "coordinates": [
          79.79999999999995,
          7.0999999999999925
        ]
      },
      "properties": {
        "fish_zone": 0,
        "fish_probability": 0.02,
        "sst": 30.56999321319165,
        "chlorophyll": 0.28679195046424866,
        "current_u": 0.05848934128880501,
        "current_v": 0.004415969830006361,
        "bathymetry": 11.404999732971191
      }
    },
    {
      "type": "Feature",
      "geometry": {
        "type": "Point",
        "coordinates": [
          79.79999999999995,
          7.199999999999992
        ]
      },
      "properties": {
        "fish_zone": 0,
        "fish_probability": 0.02666666666666667,
        "sst": 30.579993212968134,
        "chlorophyll": 0.3292069137096405,
        "current_u": 0.04857581853866577,
        "current_v": 0.013836785219609737,
        "bathymetry": 7.92956018447876
      }
    },
    {
      "type": "Feature",
      "geometry": {
        "type": "Point",
        "coordinates": [
          79.79999999999995,
          7.299999999999992
        ]
      },
      "properties": {
        "fish_zone": 0,
        "fish_probability": 0.023333333333333334,
        "sst": 30.60999321229758,
        "chlorophyll": 1.5328418016433716,
        "current_u": 0.016674980521202087,
        "current_v": 0.009509415365755558,
        "bathymetry": 9.572997093200684
      }
    },
    {
      "type": "Feature",
      "geometry": {
        "type": "Point",
        "coordinates": [
          79.79999999999995,
          7.3999999999999915
        ]
      },
      "properties": {
        "fish_zone": 0,
        "fish_probability": 0.02,
        "sst": 30.5999932125211,
        "chlorophyll": 2.48093318939209,
        "current_u": 0.009515110403299332,
        "current_v": 0.00678963353857398,
        "bathymetry": 7.92956018447876
      }
    },
    {
      "type": "Feature",
      "geometry": {
        "type": "Point",
        "coordinates": [
          79.79999999999995,
          8.299999999999988
        ]
      },
      "properties": {
        "fish_zone": 0,
        "fish_probability": 0.04666666666666667,
        "sst": 30.699993210285925,
        "chlorophyll": 11.27913761138916,
        "current_u": 0.0787956640124321,
        "current_v": 0.02495252713561058,
        "bathymetry": 15.810070037841797
      }
    },
    {
      "type": "Feature",
      "geometry": {
        "type": "Point",
        "coordinates": [
          79.79999999999995,
          8.399999999999988
        ]
      },
      "properties": {
        "fish_zone": 0,
        "fish_probability": 0.023333333333333334,
        "sst": 30.709993210062407,
        "chlorophyll": 6.46756649017334,
        "current_u": 0.0462501235306263,
        "current_v": 0.055504728108644485,
        "bathymetry": 7.92956018447876
      }
    },
    {
      "type": "Feature",
      "geometry": {
        "type": "Point",
        "coordinates": [
          79.79999999999995,
          8.499999999999988
        ]
      },
      "properties": {
        "fish_zone": 0,
        "fish_probability": 0.02,
        "sst": 30.899993205815576,
        "chlorophyll": 7.839583873748779,
        "current_u": 0.014294573105871677,
        "current_v": 0.07870301604270935,
        "bathymetry": 7.92956018447876
      }
    },
    {
      "type": "Feature",
      "geometry": {
        "type": "Point",
        "coordinates": [
          79.79999999999995,
          8.599999999999987
        ]
      },
      "properties": {
        "fish_zone": 1,
        "fish_probability": 0.5133333333333333,
        "sst": 31.119993200898193,
        "chlorophyll": 2.8428940773010254,
        "current_u": 0.00819238368421793,
        "current_v": 0.10883977264165878,
        "bathymetry": 9.572997093200684
      }
    },
    {
      "type": "Feature",
      "geometry": {
        "type": "Point",
        "coordinates": [
          79.79999999999995,
          8.699999999999987
        ]
      },
      "properties": {
        "fish_zone": 0,
        "fish_probability": 0.49,
        "sst": 31.2299931984395,
        "chlorophyll": 1.7352790832519531,
        "current_u": 0.0013811929384246469,
        "current_v": 0.12047509849071503,
        "bathymetry": 7.92956018447876
      }
    },
    {
      "type": "Feature",
      "geometry": {
        "type": "Point",
        "coordinates": [
          79.79999999999995,
          8.799999999999986
        ]
      },
      "properties": {
        "fish_zone": 0,
        "fish_probability": 0.11,
        "sst": 31.349993195757293,
        "chlorophyll": 1.7965747117996216,
        "current_u": -0.04002974554896355,
        "current_v": 0.0838354229927063,
        "bathymetry": 7.92956018447876
      }
    },
    {
      "type": "Feature",
      "geometry": {
        "type": "Point",
        "coordinates": [
          79.79999999999995,
          8.899999999999986
        ]
      },
      "properties": {
        "fish_zone": 0,
        "fish_probability": 0.08333333333333333,
        "sst": 31.329993196204327,
        "chlorophyll": 1.7014659643173218,
        "current_u": -0.04333199933171272,
        "current_v": 0.060113031417131424,
        "bathymetry": 7.92956018447876
      }
    },
    {
      "type": "Feature",
      "geometry": {
        "type": "Point",
        "coordinates": [
          79.79999999999995,
          8.999999999999986
        ]
      },
      "properties": {
        "fish_zone": 0,
        "fish_probability": 0.08,
        "sst": 31.199993199110054,
        "chlorophyll": 2.70819354057312,
        "current_u": -0.031354695558547974,
        "current_v": 0.029887637123465538,
        "bathymetry": 7.92956018447876
      }
    },
    {
      "type": "Feature",
      "geometry": {
        "type": "Point",
        "coordinates": [
          79.79999999999995,
          9.099999999999985
        ]
      },
      "properties": {
        "fish_zone": 0,
        "fish_probability": 0.043333333333333335,
        "sst": 31.21999319866302,
        "chlorophyll": 1.8814823627471924,
        "current_u": 0.00673650624230504,
        "current_v": 0.03255658224225044,
        "bathymetry": 7.92956018447876
      }
    },
    {
      "type": "Feature",
      "geometry": {
        "type": "Point",
        "coordinates": [
          79.79999999999995,
          9.299999999999985
        ]
      },
      "properties": {
        "fish_zone": 0,
        "fish_probability": 0.02666666666666667,
        "sst": 31.329993196204327,
        "chlorophyll": 1.3470942974090576,
        "current_u": 0.03277689218521118,
        "current_v": 0.05762206017971039,
        "bathymetry": 11.404999732971191
      }
    },
    {
      "type": "Feature",
      "geometry": {
        "type": "Point",
        "coordinates": [
          79.79999999999995,
          9.399999999999984
        ]
      },
      "properties": {
        "fish_zone": 0,
        "fish_probability": 0.04666666666666667,
        "sst": 31.309993196651362,
        "chlorophyll": 1.348172664642334,
        "current_u": 0.01792130619287491,
        "current_v": 0.08026225119829178,
        "bathymetry": 9.572997093200684
      }
    },
    {
      "type": "Feature",
      "geometry": {
        "type": "Point",
        "coordinates": [
          79.79999999999995,
          9.499999999999984
        ]
      },
      "properties": {
        "fish_zone": 1,
        "fish_probability": 0.52,
        "sst": 31.289993197098397,
        "chlorophyll": 1.4113354682922363,
        "current_u": 0.0179887767881155,
        "current_v": 0.10638882964849472,
        "bathymetry": 7.92956018447876
      }
    },
    {
      "type": "Feature",
      "geometry": {
        "type": "Point",
        "coordinates": [
          79.79999999999995,
          9.699999999999983
        ]
      },
      "properties": {
        "fish_zone": 1,
        "fish_probability": 0.5833333333333334,
        "sst": 31.209993198886536,
        "chlorophyll": 1.2373602390289307,
        "current_u": -0.01835855096578598,
        "current_v": 0.132754847407341,
        "bathymetry": 7.92956018447876
      }
    },
    {
      "type": "Feature",
      "geometry": {
        "type": "Point",
        "coordinates": [
          79.79999999999995,
          9.799999999999983
        ]
      },
      "properties": {
        "fish_zone": 1,
        "fish_probability": 0.5533333333333333,
        "sst": 31.289993197098397,
        "chlorophyll": 1.1249068975448608,
        "current_u": 0.0799105241894722,
        "current_v": 0.14294959604740143,
        "bathymetry": 9.572997093200684
      }
    },
    {
      "type": "Feature",
      "geometry": {
        "type": "Point",
        "coordinates": [
          79.79999999999995,
          9.899999999999983
        ]
      },
      "properties": {
        "fish_zone": 1,
        "fish_probability": 0.5766666666666667,
        "sst": 31.269993197545432,
        "chlorophyll": 1.0926932096481323,
        "current_u": 0.10572052747011185,
        "current_v": 0.10036913305521011,
        "bathymetry": 9.572997093200684
      }
    },
    {
      "type": "Feature",
      "geometry": {
        "type": "Point",
        "coordinates": [
          79.89999999999995,
          5.0
        ]
      },
      "properties": {
        "fish_zone": 0,
        "fish_probability": 0.01,
        "sst": 30.669993210956477,
        "chlorophyll": 0.09376281499862671,
        "current_u": 0.039622578769922256,
        "current_v": -0.21719849109649658,
        "bathymetry": 4405.22412109375
      }
    },
    {
      "type": "Feature",
      "geometry": {
        "type": "Point",
        "coordinates": [
          79.89999999999995,
          5.1
        ]
      },
      "properties": {
        "fish_zone": 0,
        "fish_probability": 0.01,
        "sst": 30.649993211403512,
        "chlorophyll": 0.0963522344827652,
        "current_u": 0.057281408458948135,
        "current_v": -0.24159909784793854,
        "bathymetry": 4405.22412109375
      }
    },
    {
      "type": "Feature",
      "geometry": {
        "type": "Point",
        "coordinates": [
          79.89999999999995,
          5.199999999999999
        ]
      },
      "properties": {
        "fish_zone": 0,
        "fish_probability": 0.01,
        "sst": 30.63999321162703,
        "chlorophyll": 0.08819420635700226,
        "current_u": 0.10614833980798721,
        "current_v": -0.2992122173309326,
        "bathymetry": 4405.22412109375
      }
    },
    {
      "type": "Feature",
      "geometry": {
        "type": "Point",
        "coordinates": [
          79.89999999999995,
          5.299999999999999
        ]
      },
      "properties": {
        "fish_zone": 0,
        "fish_probability": 0.006666666666666667,
        "sst": 30.5999932125211,
        "chlorophyll": 0.10030686855316162,
        "current_u": 0.1840980052947998,
        "current_v": -0.4218510687351227,
        "bathymetry": 4405.22412109375
      }
    },
    {
      "type": "Feature",
      "geometry": {
        "type": "Point",
        "coordinates": [
          79.89999999999995,
          5.399999999999999
        ]
      },
      "properties": {
        "fish_zone": 0,
        "fish_probability": 0.006666666666666667,
        "sst": 30.629993211850547,
        "chlorophyll": 0.10467415302991867,
        "current_u": 0.19687901437282562,
        "current_v": -0.4457686245441437,
        "bathymetry": 4405.22412109375
      }
    },
    {
      "type": "Feature",
      "geometry": {
        "type": "Point",
        "coordinates": [
          79.89999999999995,
          5.499999999999998
        ]
      },
      "properties": {
        "fish_zone": 0,
        "fish_probability": 0.006666666666666667,
        "sst": 30.659993211179994,
        "chlorophyll": 0.12120097130537033,
        "current_u": 0.19798235595226288,
        "current_v": -0.4470398426055908,
        "bathymetry": 4405.22412109375
      }
    },
    {
      "type": "Feature",
      "geometry": {
        "type": "Point",
        "coordinates": [
          79.89999999999995,
          5.599999999999998
        ]
      },
      "properties": {
        "fish_zone": 0,
        "fish_probability": 0.006666666666666667,
        "sst": 30.659993211179994,
        "chlorophyll": 0.10875746607780457,
        "current_u": 0.21483758091926575,
        "current_v": -0.4381428062915802,
        "bathymetry": 4405.22412109375
      }
    },
    {
      "type": "Feature",
      "geometry": {
        "type": "Point",
        "coordinates": [
          79.89999999999995,
          5.6999999999999975
        ]
      },
      "properties": {
        "fish_zone": 0,
        "fish_probability": 0.013333333333333334,
        "sst": 30.63999321162703,
        "chlorophyll": 0.11454275995492935,
        "current_u": 0.22403186559677124,
        "current_v": -0.41786643862724304,
        "bathymetry": 3992.48388671875
      }
    },
    {
      "type": "Feature",
      "geometry": {
        "type": "Point",
        "coordinates": [
          79.89999999999995,
          5.799999999999997
        ]
      },
      "properties": {
        "fish_zone": 0,
        "fish_probability": 0.01,
        "sst": 30.549993213638686,
        "chlorophyll": 0.1169520914554596,
        "current_u": 0.2465485781431198,
        "current_v": -0.380499005317688,
        "bathymetry": 2225.077880859375
      }
    },
    {
      "type": "Feature",
      "geometry": {
        "type": "Point",
        "coordinates": [
          79.89999999999995,
          5.899999999999997
        ]
      },
      "properties": {
        "fish_zone": 0,
        "fish_probability": 0.023333333333333334,
        "sst": 30.619993212074064,
        "chlorophyll": 0.11963989585638046,
        "current_u": 0.2310907244682312,
        "current_v": -0.3609725534915924,
        "bathymetry": 1245.291015625
      }
    },
    {
      "type": "Feature",
      "geometry": {
        "type": "Point",
        "coordinates": [
          79.89999999999995,
          5.9999999999999964
        ]
      },
      "properties": {
        "fish_zone": 0,
        "fish_probability": 0.03666666666666667,
        "sst": 30.67999321073296,
        "chlorophyll": 0.11913882941007614,
        "current_u": 0.2155967354774475,
        "current_v": -0.34682783484458923,
        "bathymetry": 222.47520446777344
      }
    },
    {
      "type": "Feature",
      "geometry": {
        "type": "Point",
        "coordinates": [
          79.89999999999995,
          6.099999999999996
        ]
      },
      "properties": {
        "fish_zone": 0,
        "fish_probability": 0.04,
        "sst": 30.659993211179994,
        "chlorophyll": 0.11707978695631027,
        "current_u": 0.19601388275623322,
        "current_v": -0.327039897441864,
        "bathymetry": 65.80726623535156
      }
    },
    {
      "type": "Feature",
      "geometry": {
        "type": "Point",
        "coordinates": [
          79.89999999999995,
          6.199999999999996
        ]
      },
      "properties": {
        "fish_zone": 0,
        "fish_probability": 0.04,
        "sst": 30.63999321162703,
        "chlorophyll": 0.11838361620903015,
        "current_u": 0.17533549666404724,
        "current_v": -0.2935318052768707,
        "bathymetry": 65.80726623535156
      }
    },
    {
      "type": "Feature",
      "geometry": {
        "type": "Point",
        "coordinates": [
          79.89999999999995,
          6.299999999999995
        ]
      },
      "properties": {
        "fish_zone": 0,
        "fish_probability": 0.04666666666666667,
        "sst": 30.589993212744616,
        "chlorophyll": 0.1229611411690712,
        "current_u": 0.12850455939769745,
        "current_v": -0.16015833616256714,
        "bathymetry": 55.76428985595703
      }
    },
    {
      "type": "Feature",
      "geometry": {
        "type": "Point",
        "coordinates": [
          79.89999999999995,
          6.399999999999995
        ]
      },
      "properties": {
        "fish_zone": 0,
        "fish_probability": 0.023333333333333334,
        "sst": 30.56999321319165,
        "chlorophyll": 0.12534725666046143,
        "current_u": 0.10461346805095673,
        "current_v": -0.0807194635272026,
        "bathymetry": 47.37369155883789
      }
    },
    {
      "type": "Feature",
      "geometry": {
        "type": "Point",
        "coordinates": [
          79.89999999999995,
          6.499999999999995
        ]
      },
      "properties": {
        "fish_zone": 0,
        "fish_probability": 0.006666666666666667,
        "sst": 30.51999321430924,
        "chlorophyll": 0.13889971375465393,
        "current_u": 0.08609219640493393,
        "current_v": -0.033120833337306976,
        "bathymetry": 25.211410522460938
      }
    },
    {
      "type": "Feature",
      "geometry": {
        "type": "Point",
        "coordinates": [
          79.89999999999995,
          6.599999999999994
        ]
      },
      "properties": {
        "fish_zone": 0,
        "fish_probability": 0.0,
        "sst": 30.459993215650343,
        "chlorophyll": 0.1421484500169754,
        "current_u": 0.0845106840133667,
        "current_v": -0.008553110994398594,
        "bathymetry": 15.810070037841797
      }
    },
    {
      "type": "Feature",
      "geometry": {
        "type": "Point",
        "coordinates": [
          79.89999999999995,
          6.699999999999994
        ]
      },
      "properties": {
        "fish_zone": 0,
        "fish_probability": 0.0,
        "sst": 30.44999321587386,
        "chlorophyll": 0.17011557519435883,
        "current_u": 0.06870629638433456,
        "current_v": -0.019353361800312996,
        "bathymetry": 11.404999732971191
      }
    },
    {
      "type": "Feature",
      "geometry": {
        "type": "Point",
        "coordinates": [
          79.89999999999995,
          8.599999999999987
        ]
      },
      "properties": {
        "fish_zone": 0,
        "fish_probability": 0.03,
        "sst": 31.099993201345228,
        "chlorophyll": 3.8135178089141846,
        "current_u": 0.006070198491215706,
        "current_v": -0.022329075261950493,
        "bathymetry": 13.467140197753906
      }
    },
    {
      "type": "Feature",
      "geometry": {
        "type": "Point",
        "coordinates": [
          79.89999999999995,
          8.699999999999987
        ]
      },
      "properties": {
        "fish_zone": 0,
        "fish_probability": 0.02,
        "sst": 31.2299931984395,
        "chlorophyll": 2.8254964351654053,
        "current_u": -0.003429266158491373,
        "current_v": -0.012996080331504345,
        "bathymetry": 7.92956018447876
      }
    },
    {
      "type": "Feature",
      "geometry": {
        "type": "Point",
        "coordinates": [
          79.89999999999995,
          8.799999999999986
        ]
      },
      "properties": {
        "fish_zone": 0,
        "fish_probability": 0.07,
        "sst": 31.309993196651362,
        "chlorophyll": 2.2136712074279785,
        "current_u": -0.03594240918755531,
        "current_v": -0.015926038846373558,
        "bathymetry": 7.92956018447876
      }
    },
    {
      "type": "Feature",
      "geometry": {
        "type": "Point",
        "coordinates": [
          79.89999999999995,
          8.899999999999986
        ]
      },
      "properties": {
        "fish_zone": 0,
        "fish_probability": 0.07333333333333333,
        "sst": 31.2299931984395,
        "chlorophyll": 2.8116037845611572,
        "current_u": -0.039002593606710434,
        "current_v": -0.030443141236901283,
        "bathymetry": 7.92956018447876
      }
    },
    {
      "type": "Feature",
      "geometry": {
        "type": "Point",
        "coordinates": [
          79.89999999999995,
          8.999999999999986
        ]
      },
      "properties": {
        "fish_zone": 0,
        "fish_probability": 0.07333333333333333,
        "sst": 31.119993200898193,
        "chlorophyll": 3.4572107791900635,
        "current_u": -0.025506749749183655,
        "current_v": 0.006536883767694235,
        "bathymetry": 7.92956018447876
      }
    },
    {
      "type": "Feature",
      "geometry": {
        "type": "Point",
        "coordinates": [
          79.89999999999995,
          9.099999999999985
        ]
      },
      "properties": {
        "fish_zone": 0,
        "fish_probability": 0.02666666666666667,
        "sst": 31.21999319866302,
        "chlorophyll": 3.080749034881592,
        "current_u": 0.010226130485534668,
        "current_v": 0.018461303785443306,
        "bathymetry": 7.92956018447876
      }
    },
    {
      "type": "Feature",
      "geometry": {
        "type": "Point",
        "coordinates": [
          79.89999999999995,
          9.299999999999985
        ]
      },
      "properties": {
        "fish_zone": 0,
        "fish_probability": 0.06,
        "sst": 31.309993196651362,
        "chlorophyll": 1.7035883665084839,
        "current_u": 0.015574571676552296,
        "current_v": 0.08536470681428909,
        "bathymetry": 7.92956018447876
      }
    },
    {
      "type": "Feature",
      "geometry": {
        "type": "Point",
        "coordinates": [
          79.89999999999995,
          9.399999999999984
        ]
      },
      "properties": {
        "fish_zone": 0,
        "fish_probability": 0.056666666666666664,
        "sst": 31.269993197545432,
        "chlorophyll": 1.616774559020996,
        "current_u": 0.008355144411325455,
        "current_v": 0.09035342186689377,
        "bathymetry": 7.92956018447876
      }
    },
    {
      "type": "Feature",
      "geometry": {
        "type": "Point",
        "coordinates": [
          79.89999999999995,
          9.499999999999984
        ]
      },
      "properties": {
        "fish_zone": 0,
        "fish_probability": 0.48,
        "sst": 31.239993198215984,
        "chlorophyll": 2.1229360103607178,
        "current_u": 0.012892777100205421,
        "current_v": 0.10302542895078659,
        "bathymetry": 7.92956018447876
      }
    },
    {
      "type": "Feature",
      "geometry": {
        "type": "Point",
        "coordinates": [
          79.89999999999995,
          9.599999999999984
        ]
      },
      "properties": {
        "fish_zone": 1,
        "fish_probability": 0.58,
        "sst": 31.089993201568745,
        "chlorophyll": 2.3083953857421875,
        "current_u": -0.022297456860542297,
        "current_v": 0.1036873310804367,
        "bathymetry": 7.92956018447876
      }
    },
    {
      "type": "Feature",
      "geometry": {
        "type": "Point",
        "coordinates": [
          79.89999999999995,
          9.699999999999983
        ]
      },
      "properties": {
        "fish_zone": 1,
        "fish_probability": 0.56,
        "sst": 31.079993201792263,
        "chlorophyll": 2.291358470916748,
        "current_u": -0.039302580058574677,
        "current_v": 0.1412695199251175,
        "bathymetry": 7.92956018447876
      }
    },
    {
      "type": "Feature",
      "geometry": {
        "type": "Point",
        "coordinates": [
          79.89999999999995,
          9.799999999999983
        ]
      },
      "properties": {
        "fish_zone": 1,
        "fish_probability": 0.59,
        "sst": 31.319993196427845,
        "chlorophyll": 1.2596603631973267,
        "current_u": 0.10839468240737915,
        "current_v": 0.15291376411914825,
        "bathymetry": 11.404999732971191
      }
    },
    {
      "type": "Feature",
      "geometry": {
        "type": "Point",
        "coordinates": [
          79.89999999999995,
          9.899999999999983
        ]
      },
      "properties": {
        "fish_zone": 0,
        "fish_probability": 0.17666666666666667,
        "sst": 31.369993195310258,
        "chlorophyll": 1.1028189659118652,
        "current_u": 0.12124025076627731,
        "current_v": 0.090834841132164,
        "bathymetry": 7.92956018447876
      }
    },
    {
      "type": "Feature",
      "geometry": {
        "type": "Point",
        "coordinates": [
          79.99999999999994,
          5.0
        ]
      },
      "properties": {
        "fish_zone": 0,
        "fish_probability": 0.01,
        "sst": 30.739993209391855,
        "chlorophyll": 0.10391977429389954,
        "current_u": 0.05537048727273941,
        "current_v": -0.21029973030090332,
        "bathymetry": 4405.22412109375
      }
    },
    {
      "type": "Feature",
      "geometry": {
        "type": "Point",
        "coordinates": [
          79.99999999999994,
          5.1
        ]
      },
      "properties": {
        "fish_zone": 0,
        "fish_probability": 0.01,
        "sst": 30.729993209615373,
        "chlorophyll": 0.10114404559135437,
        "current_u": 0.0667065903544426,
        "current_v": -0.22882893681526184,
        "bathymetry": 4405.22412109375
      }
    },
    {
      "type": "Feature",
      "geometry": {
        "type": "Point",
        "coordinates": [
          79.99999999999994,
          5.199999999999999
        ]
      },
      "properties": {
        "fish_zone": 0,
        "fish_probability": 0.01,
        "sst": 30.71999320983889,
        "chlorophyll": 0.0901869460940361,
        "current_u": 0.10486268252134323,
        "current_v": -0.27568870782852173,
        "bathymetry": 4405.22412109375
      }
    },
    {
      "type": "Feature",
      "geometry": {
        "type": "Point",
        "coordinates": [
          79.99999999999994,
          5.299999999999999
        ]
      },
      "properties": {
        "fish_zone": 0,
        "fish_probability": 0.006666666666666667,
        "sst": 30.659993211179994,
        "chlorophyll": 0.08630559593439102,
        "current_u": 0.20817358791828156,
        "current_v": -0.41245654225349426,
        "bathymetry": 4405.22412109375
      }
    },
    {
      "type": "Feature",
      "geometry": {
        "type": "Point",
        "coordinates": [
          79.99999999999994,
          5.399999999999999
        ]
      },
      "properties": {
        "fish_zone": 0,
        "fish_probability": 0.006666666666666667,
        "sst": 30.659993211179994,
        "chlorophyll": 0.10119735449552536,
        "current_u": 0.23322759568691254,
        "current_v": -0.45092952251434326,
        "bathymetry": 4405.22412109375
      }
    },
    {
      "type": "Feature",
      "geometry": {
        "type": "Point",
        "coordinates": [
          79.99999999999994,
          5.499999999999998
        ]
      },
      "properties": {
        "fish_zone": 0,
        "fish_probability": 0.006666666666666667,
        "sst": 30.67999321073296,
        "chlorophyll": 0.10511200875043869,
        "current_u": 0.24141857028007507,
        "current_v": -0.4578245282173157,
        "bathymetry": 4405.22412109375
      }
    },
    {
      "type": "Feature",
      "geometry": {
        "type": "Point",
        "coordinates": [
          79.99999999999994,
          5.599999999999998
        ]
      },
      "properties": {
        "fish_zone": 0,
        "fish_probability": 0.006666666666666667,
        "sst": 30.659993211179994,
        "chlorophyll": 0.1041993647813797,
        "current_u": 0.25859835743904114,
        "current_v": -0.4493617117404938,
        "bathymetry": 4405.22412109375
      }
    },
    {
      "type": "Feature",
      "geometry": {
        "type": "Point",
        "coordinates": [
          79.99999999999994,
          5.6999999999999975
        ]
      },
      "properties": {
        "fish_zone": 0,
        "fish_probability": 0.013333333333333334,
        "sst": 30.629993211850547,
        "chlorophyll": 0.10769342631101608,
        "current_u": 0.2745155990123749,
        "current_v": -0.426779180765152,
        "bathymetry": 3992.48388671875
      }
    },
    {
      "type": "Feature",
      "geometry": {
        "type": "Point",
        "coordinates": [
          79.99999999999994,
          5.799999999999997
        ]
      },
      "properties": {
        "fish_zone": 0,
        "fish_probability": 0.016666666666666666,
        "sst": 30.589993212744616,
        "chlorophyll": 0.11045321822166443,
        "current_u": 0.28732961416244507,
        "current_v": -0.385727196931839,
        "bathymetry": 1684.2840576171875
      }
    },
    {
      "type": "Feature",
      "geometry": {
        "type": "Point",
        "coordinates": [
          79.99999999999994,
          5.899999999999997
        ]
      },
      "properties": {
        "fish_zone": 0,
        "fish_probability": 0.03666666666666667,
        "sst": 30.659993211179994,
        "chlorophyll": 0.11951492726802826,
        "current_u": 0.2818961441516876,
        "current_v": -0.3778936266899109,
        "bathymetry": 318.1274108886719
      }
    },
    {
      "type": "Feature",
      "geometry": {
        "type": "Point",
        "coordinates": [
          79.99999999999994,
          5.9999999999999964
        ]
      },
      "properties": {
        "fish_zone": 0,
        "fish_probability": 0.043333333333333335,
        "sst": 30.659993211179994,
        "chlorophyll": 0.12909288704395294,
        "current_u": 0.2634754478931427,
        "current_v": -0.36256667971611023,
        "bathymetry": 77.85385131835938
      }
    },
    {
      "type": "Feature",
      "geometry": {
        "type": "Point",
        "coordinates": [
          79.99999999999994,
          6.099999999999996
        ]
      },
      "properties": {
        "fish_zone": 0,
        "fish_probability": 0.04,
        "sst": 30.589993212744616,
        "chlorophyll": 0.12847451865673065,
        "current_u": 0.2301659882068634,
        "current_v": -0.3250357508659363,
        "bathymetry": 77.85385131835938
      }
    },
    {
      "type": "Feature",
      "geometry": {
        "type": "Point",
        "coordinates": [
          79.99999999999994,
          6.199999999999996
        ]
      },
      "properties": {
        "fish_zone": 0,
        "fish_probability": 0.04,
        "sst": 30.55999321341517,
        "chlorophyll": 0.12585052847862244,
        "current_u": 0.1865495890378952,
        "current_v": -0.24757957458496094,
        "bathymetry": 65.80726623535156
      }
    },
    {
      "type": "Feature",
      "geometry": {
        "type": "Point",
        "coordinates": [
          79.99999999999994,
          6.299999999999995
        ]
      },
      "properties": {
        "fish_zone": 0,
        "fish_probability": 0.013333333333333334,
        "sst": 30.469993215426825,
        "chlorophyll": 0.13045263290405273,
        "current_u": 0.13114692270755768,
        "current_v": -0.07649101316928864,
        "bathymetry": 15.810070037841797
      }
    },
    {
      "type": "Feature",
      "geometry": {
        "type": "Point",
        "coordinates": [
          79.99999999999994,
          9.299999999999985
        ]
      },
      "properties": {
        "fish_zone": 0,
        "fish_probability": 0.043333333333333335,
        "sst": 31.089993201568745,
        "chlorophyll": 1.9890680313110352,
        "current_u": 0.006224118173122406,
        "current_v": 0.06639280915260315,
        "bathymetry": 7.92956018447876
      }
    },
    {
      "type": "Feature",
      "geometry": {
        "type": "Point",
        "coordinates": [
          79.99999999999994,
          9.399999999999984
        ]
      },
      "properties": {
        "fish_zone": 0,
        "fish_probability": 0.043333333333333335,
        "sst": 31.06999320201578,
        "chlorophyll": 2.011457681655884,
        "current_u": 0.005582792684435844,
        "current_v": 0.06669827550649643,
        "bathymetry": 7.92956018447876
      }
    },
    {
      "type": "Feature",
      "geometry": {
        "type": "Point",
        "coordinates": [
          79.99999999999994,
          9.499999999999984
        ]
      },
      "properties": {
        "fish_zone": 0,
        "fish_probability": 0.04666666666666667,
        "sst": 31.049993202462815,
        "chlorophyll": 2.50064754486084,
        "current_u": 0.004574280697852373,
        "current_v": 0.07344767451286316,
        "bathymetry": 7.92956018447876
      }
    },
    {
      "type": "Feature",
      "geometry": {
        "type": "Point",
        "coordinates": [
          79.99999999999994,
          9.599999999999984
        ]
      },
      "properties": {
        "fish_zone": 0,
        "fish_probability": 0.08333333333333333,
        "sst": 30.86999320648613,
        "chlorophyll": 2.6742935180664062,
        "current_u": -0.02625020407140255,
        "current_v": 0.08121562749147415,
        "bathymetry": 7.92956018447876
      }
    },
    {
      "type": "Feature",
      "geometry": {
        "type": "Point",
        "coordinates": [
          79.99999999999994,
          9.899999999999983
        ]
      },
      "properties": {
        "fish_zone": 0,
        "fish_probability": 0.19,
        "sst": 31.2299931984395,
        "chlorophyll": 1.0638004541397095,
        "current_u": 0.10918039828538895,
        "current_v": 0.08030597120523453,
        "bathymetry": 9.572997093200684
      }
    },
    {
      "type": "Feature",
      "geometry": {
        "type": "Point",
        "coordinates": [
          80.09999999999994,
          5.0
        ]
      },
      "properties": {
        "fish_zone": 0,
        "fish_probability": 0.01,
        "sst": 30.779993208497785,
        "chlorophyll": 0.10055223852396011,
        "current_u": 0.07068727165460587,
        "current_v": -0.20282362401485443,
        "bathymetry": 4405.22412109375
      }
    },
    {
      "type": "Feature",
      "geometry": {
        "type": "Point",
        "coordinates": [
          80.09999999999994,
          5.1
        ]
      },
      "properties": {
        "fish_zone": 0,
        "fish_probability": 0.01,
        "sst": 30.779993208497785,
        "chlorophyll": 0.10114889591932297,
        "current_u": 0.07972400635480881,
        "current_v": -0.21584586799144745,
        "bathymetry": 4405.22412109375
      }
    },
    {
      "type": "Feature",
      "geometry": {
        "type": "Point",
        "coordinates": [
          80.09999999999994,
          5.199999999999999
        ]
      },
      "properties": {
        "fish_zone": 0,
        "fish_probability": 0.01,
        "sst": 30.769993208721303,
        "chlorophyll": 0.10499799251556396,
        "current_u": 0.10463511943817139,
        "current_v": -0.25178879499435425,
        "bathymetry": 4405.22412109375
      }
    },
    {
      "type": "Feature",
      "geometry": {
        "type": "Point",
        "coordinates": [
          80.09999999999994,
          5.299999999999999
        ]
      },
      "properties": {
        "fish_zone": 0,
        "fish_probability": 0.006666666666666667,
        "sst": 30.709993210062407,
        "chlorophyll": 0.10172684490680695,
        "current_u": 0.22220845520496368,
        "current_v": -0.39136257767677307,
        "bathymetry": 4405.22412109375
      }
    },
    {
      "type": "Feature",
      "geometry": {
        "type": "Point",
        "coordinates": [
          80.09999999999994,
          5.399999999999999
        ]
      },
      "properties": {
        "fish_zone": 0,
        "fish_probability": 0.006666666666666667,
        "sst": 30.669993210956477,
        "chlorophyll": 0.10122980177402496,
        "current_u": 0.26780617237091064,
        "current_v": -0.4480014145374298,
        "bathymetry": 4405.22412109375
      }
    },
    {
      "type": "Feature",
      "geometry": {
        "type": "Point",
        "coordinates": [
          80.09999999999994,
          5.499999999999998
        ]
      },
      "properties": {
        "fish_zone": 0,
        "fish_probability": 0.006666666666666667,
        "sst": 30.63999321162703,
        "chlorophyll": 0.10482782870531082,
        "current_u": 0.2905898690223694,
        "current_v": -0.46637436747550964,
        "bathymetry": 4405.22412109375
      }
    },
    {
      "type": "Feature",
      "geometry": {
        "type": "Point",
        "coordinates": [
          80.09999999999994,
          5.599999999999998
        ]
      },
      "properties": {
        "fish_zone": 0,
        "fish_probability": 0.016666666666666666,
        "sst": 30.5999932125211,
        "chlorophyll": 0.10478412359952927,
        "current_u": 0.3073180019855499,
        "current_v": -0.45887747406959534,
        "bathymetry": 4405.22412109375
      }
    },
    {
      "type": "Feature",
      "geometry": {
        "type": "Point",
        "coordinates": [
          80.09999999999994,
          5.6999999999999975
        ]
      },
      "properties": {
        "fish_zone": 0,
        "fish_probability": 0.013333333333333334,
        "sst": 30.56999321319165,
        "chlorophyll": 0.12199215590953827,
        "current_u": 0.3363698422908783,
        "current_v": -0.442338228225708,
        "bathymetry": 3597.031982421875
      }
    },
    {
      "type": "Feature",
      "geometry": {
        "type": "Point",
        "coordinates": [
          80.09999999999994,
          5.799999999999997
        ]
      },
      "properties": {
        "fish_zone": 0,
        "fish_probability": 0.02,
        "sst": 30.539993213862203,
        "chlorophyll": 0.12531420588493347,
        "current_u": 0.3505418300628662,
        "current_v": -0.3888795077800751,
        "bathymetry": 1684.2840576171875
      }
    },
    {
      "type": "Feature",
      "geometry": {
        "type": "Point",
        "coordinates": [
          80.09999999999994,
          5.899999999999997
        ]
      },
      "properties": {
        "fish_zone": 0,
        "fish_probability": 0.04666666666666667,
        "sst": 30.539993213862203,
        "chlorophyll": 0.15018834173679352,
        "current_u": 0.3463139832019806,
        "current_v": -0.363445520401001,
        "bathymetry": 77.85385131835938
      }
    },
    {
      "type": "Feature",
      "geometry": {
        "type": "Point",
        "coordinates": [
          80.09999999999994,
          5.9999999999999964
        ]
      },
      "properties": {
        "fish_zone": 0,
        "fish_probability": 0.04666666666666667,
        "sst": 30.499993214756273,
        "chlorophyll": 0.17507784068584442,
        "current_u": 0.3068881332874298,
        "current_v": -0.3015170693397522,
        "bathymetry": 77.85385131835938
      }
    },
    {
      "type": "Feature",
      "geometry": {
        "type": "Point",
        "coordinates": [
          80.09999999999994,
          9.499999999999984
        ]
      },
      "properties": {
        "fish_zone": 0,
        "fish_probability": 0.06,
        "sst": 30.939993204921507,
        "chlorophyll": 3.0894577503204346,
        "current_u": -0.0038186009041965008,
        "current_v": -0.02245648205280304,
        "bathymetry": 7.92956018447876
      }
    },
    {
      "type": "Feature",
      "geometry": {
        "type": "Point",
        "coordinates": [
          80.09999999999994,
          9.899999999999983
        ]
      },
      "properties": {
        "fish_zone": 0,
        "fish_probability": 0.14666666666666667,
        "sst": 30.939993204921507,
        "chlorophyll": 0.8523650765419006,
        "current_u": 0.08066292852163315,
        "current_v": 0.07046312838792801,
        "bathymetry": 9.572997093200684
      }
    },
    {
      "type": "Feature",
      "geometry": {
        "type": "Point",
        "coordinates": [
          80.19999999999993,
          5.0
        ]
      },
      "properties": {
        "fish_zone": 0,
        "fish_probability": 0.01,
        "sst": 30.789993208274268,
        "chlorophyll": 0.1002512276172638,
        "current_u": 0.08344540745019913,
        "current_v": -0.19538606703281403,
        "bathymetry": 4405.22412109375
      }
    },
    {
      "type": "Feature",
      "geometry": {
        "type": "Point",
        "coordinates": [
          80.19999999999993,
          5.1
        ]
      },
      "properties": {
        "fish_zone": 0,
        "fish_probability": 0.01,
        "sst": 30.79999320805075,
        "chlorophyll": 0.10149174928665161,
        "current_u": 0.09638030081987381,
        "current_v": -0.20065586268901825,
        "bathymetry": 4405.22412109375
      }
    },
    {
      "type": "Feature",
      "geometry": {
        "type": "Point",
        "coordinates": [
          80.19999999999993,
          5.199999999999999
        ]
      },
      "properties": {
        "fish_zone": 0,
        "fish_probability": 0.01,
        "sst": 30.789993208274268,
        "chlorophyll": 0.10283605009317398,
        "current_u": 0.11257045716047287,
        "current_v": -0.2256411612033844,
        "bathymetry": 4405.22412109375
      }
    },
    {
      "type": "Feature",
      "geometry": {
        "type": "Point",
        "coordinates": [
          80.19999999999993,
          5.299999999999999
        ]
      },
      "properties": {
        "fish_zone": 0,
        "fish_probability": 0.01,
        "sst": 30.71999320983889,
        "chlorophyll": 0.11114853620529175,
        "current_u": 0.21962368488311768,
        "current_v": -0.3534697890281677,
        "bathymetry": 4405.22412109375
      }
    },
    {
      "type": "Feature",
      "geometry": {
        "type": "Point",
        "coordinates": [
          80.19999999999993,
          5.399999999999999
        ]
      },
      "properties": {
        "fish_zone": 0,
        "fish_probability": 0.006666666666666667,
        "sst": 30.659993211179994,
        "chlorophyll": 0.11031080037355423,
        "current_u": 0.2862136960029602,
        "current_v": -0.42886894941329956,
        "bathymetry": 4405.22412109375
      }
    },
    {
      "type": "Feature",
      "geometry": {
        "type": "Point",
        "coordinates": [
          80.19999999999993,
          5.499999999999998
        ]
      },
      "properties": {
        "fish_zone": 0,
        "fish_probability": 0.006666666666666667,
        "sst": 30.589993212744616,
        "chlorophyll": 0.11843688786029816,
        "current_u": 0.3324569761753082,
        "current_v": -0.4677898585796356,
        "bathymetry": 4405.22412109375
      }
    },
    {
      "type": "Feature",
      "geometry": {
        "type": "Point",
        "coordinates": [
          80.19999999999993,
          5.599999999999998
        ]
      },
      "properties": {
        "fish_zone": 0,
        "fish_probability": 0.016666666666666666,
        "sst": 30.539993213862203,
        "chlorophyll": 0.114349864423275,
        "current_u": 0.35572752356529236,
        "current_v": -0.46437564492225647,
        "bathymetry": 3992.48388671875
      }
    },
    {
      "type": "Feature",
      "geometry": {
        "type": "Point",
        "coordinates": [
          80.19999999999993,
          5.6999999999999975
        ]
      },
      "properties": {
        "fish_zone": 0,
        "fish_probability": 0.013333333333333334,
        "sst": 30.51999321430924,
        "chlorophyll": 0.11676722019910812,
        "current_u": 0.3857738971710205,
        "current_v": -0.44691434502601624,
        "bathymetry": 3597.031982421875
      }
    },
    {
      "type": "Feature",
      "geometry": {
        "type": "Point",
        "coordinates": [
          80.19999999999993,
          5.799999999999997
        ]
      },
      "properties": {
        "fish_zone": 0,
        "fish_probability": 0.04,
        "sst": 30.48999321497979,
        "chlorophyll": 0.13049335777759552,
        "current_u": 0.42410486936569214,
        "current_v": -0.37882164120674133,
        "bathymetry": 222.47520446777344
      }
    },
    {
      "type": "Feature",
      "geometry": {
        "type": "Point",
        "coordinates": [
          80.19999999999993,
          5.899999999999997
        ]
      },
      "properties": {
        "fish_zone": 0,
        "fish_probability": 0.04666666666666667,
        "sst": 30.44999321587386,
        "chlorophyll": 0.16865603625774384,
        "current_u": 0.4144786596298218,
        "current_v": -0.3446539044380188,
        "bathymetry": 65.80726623535156
      }
    },
    {
      "type": "Feature",
      "geometry": {
        "type": "Point",
        "coordinates": [
          80.19999999999993,
          5.9999999999999964
        ]
      },
      "properties": {
        "fish_zone": 1,
        "fish_probability": 0.7,
        "sst": 30.419993216544412,
        "chlorophyll": 0.32101190090179443,
        "current_u": 0.3392137885093689,
        "current_v": -0.301472008228302,
        "bathymetry": 65.80726623535156
      }
    },
    {
      "type": "Feature",
      "geometry": {
        "type": "Point",
        "coordinates": [
          80.19999999999993,
          9.899999999999983
        ]
      },
      "properties": {
        "fish_zone": 0,
        "fish_probability": 0.09333333333333334,
        "sst": 30.75999320894482,
        "chlorophyll": 0.8341221809387207,
        "current_u": 0.05193628370761871,
        "current_v": 0.06347111612558365,
        "bathymetry": 9.572997093200684
      }
    },
    {
      "type": "Feature",
      "geometry": {
        "type": "Point",
        "coordinates": [
          80.29999999999993,
          5.0
        ]
      },
      "properties": {
        "fish_zone": 0,
        "fish_probability": 0.01,
        "sst": 30.769993208721303,
        "chlorophyll": 0.09954431653022766,
        "current_u": 0.08763379603624344,
        "current_v": -0.1886928677558899,
        "bathymetry": 4405.22412109375
      }
    },
    {
      "type": "Feature",
      "geometry": {
        "type": "Point",
        "coordinates": [
          80.29999999999993,
          5.1
        ]
      },
      "properties": {
        "fish_zone": 0,
        "fish_probability": 0.01,
        "sst": 30.779993208497785,
        "chlorophyll": 0.10595456510782242,
        "current_u": 0.11910665035247803,
        "current_v": -0.1796833574771881,
        "bathymetry": 4405.22412109375
      }
    },
    {
      "type": "Feature",
      "geometry": {
        "type": "Point",
        "coordinates": [
          80.29999999999993,
          5.199999999999999
        ]
      },
      "properties": {
        "fish_zone": 0,
        "fish_probability": 0.01,
        "sst": 30.769993208721303,
        "chlorophyll": 0.10369773954153061,
        "current_u": 0.14278900623321533,
        "current_v": -0.1812610626220703,
        "bathymetry": 4405.22412109375
      }
    },
    {
      "type": "Feature",
      "geometry": {
        "type": "Point",
        "coordinates": [
          80.29999999999993,
          5.299999999999999
        ]
      },
      "properties": {
        "fish_zone": 0,
        "fish_probability": 0.01,
        "sst": 30.67999321073296,
        "chlorophyll": 0.10804970562458038,
        "current_u": 0.206135556101799,
        "current_v": -0.2540937662124634,
        "bathymetry": 4405.22412109375
      }
    },
    {
      "type": "Feature",
      "geometry": {
        "type": "Point",
        "coordinates": [
          80.29999999999993,
          5.399999999999999
        ]
      },
      "properties": {
        "fish_zone": 0,
        "fish_probability": 0.01,
        "sst": 30.549993213638686,
        "chlorophyll": 0.1086997464299202,
        "current_u": 0.2804129123687744,
        "current_v": -0.3361535966396332,
        "bathymetry": 4405.22412109375
      }
    },
    {
      "type": "Feature",
      "geometry": {
        "type": "Point",
        "coordinates": [
          80.29999999999993,
          5.499999999999998
        ]
      },
      "properties": {
        "fish_zone": 0,
        "fish_probability": 0.006666666666666667,
        "sst": 30.419993216544412,
        "chlorophyll": 0.1313861608505249,
        "current_u": 0.37112662196159363,
        "current_v": -0.416207492351532,
        "bathymetry": 4405.22412109375
      }
    },
    {
      "type": "Feature",
      "geometry": {
        "type": "Point",
        "coordinates": [
          80.29999999999993,
          5.599999999999998
        ]
      },
      "properties": {
        "fish_zone": 0,
        "fish_probability": 0.01,
        "sst": 30.339993218332552,
        "chlorophyll": 0.14063286781311035,
        "current_u": 0.4285428822040558,
        "current_v": -0.44427549839019775,
        "bathymetry": 3992.48388671875
      }
    },
    {
      "type": "Feature",
      "geometry": {
        "type": "Point",
        "coordinates": [
          80.29999999999993,
          5.6999999999999975
        ]
      },
      "properties": {
        "fish_zone": 0,
        "fish_probability": 0.01,
        "sst": 30.32999321855607,
        "chlorophyll": 0.12635919451713562,
        "current_u": 0.4348691701889038,
        "current_v": -0.4087182879447937,
        "bathymetry": 3597.031982421875
      }
    },
    {
      "type": "Feature",
      "geometry": {
        "type": "Point",
        "coordinates": [
          80.29999999999993,
          5.799999999999997
        ]
      },
      "properties": {
        "fish_zone": 0,
        "fish_probability": 0.02666666666666667,
        "sst": 30.339993218332552,
        "chlorophyll": 0.11959578841924667,
        "current_u": 0.45401468873023987,
        "current_v": -0.3156641125679016,
        "bathymetry": 1452.2509765625
      }
    },
    {
      "type": "Feature",
      "geometry": {
        "type": "Point",
        "coordinates": [
          80.29999999999993,
          5.899999999999997
        ]
      },
      "properties": {
        "fish_zone": 0,
        "fish_probability": 0.04666666666666667,
        "sst": 30.309993219003104,
        "chlorophyll": 0.15661686658859253,
        "current_u": 0.3853505551815033,
        "current_v": -0.3032306432723999,
        "bathymetry": 65.80726623535156
      }
    },
    {
      "type": "Feature",
      "geometry": {
        "type": "Point",
        "coordinates": [
          80.29999999999993,
          9.799999999999983
        ]
      },
      "properties": {
        "fish_zone": 0,
        "fish_probability": 0.10666666666666667,
        "sst": 30.199993221461796,
        "chlorophyll": 0.8254244327545166,
        "current_u": -0.027566151693463326,
        "current_v": 0.06258995831012726,
        "bathymetry": 9.572997093200684
      }
    },
    {
      "type": "Feature",
      "geometry": {
        "type": "Point",
        "coordinates": [
          80.29999999999993,
          9.899999999999983
        ]
      },
      "properties": {
        "fish_zone": 0,
        "fish_probability": 0.11666666666666667,
        "sst": 30.09999322369697,
        "chlorophyll": 0.7885589003562927,
        "current_u": 0.00393946235999465,
        "current_v": 0.06829307228326797,
        "bathymetry": 9.572997093200684
      }
    },
    {
      "type": "Feature",
      "geometry": {
        "type": "Point",
        "coordinates": [
          80.39999999999992,
          5.0
        ]
      },
      "properties": {
        "fish_zone": 0,
        "fish_probability": 0.01,
        "sst": 30.739993209391855,
        "chlorophyll": 0.10007932782173157,
        "current_u": 0.07744219154119492,
        "current_v": -0.18730953335762024,
        "bathymetry": 4405.22412109375
      }
    },
    {
      "type": "Feature",
      "geometry": {
        "type": "Point",
        "coordinates": [
          80.39999999999992,
          5.1
        ]
      },
      "properties": {
        "fish_zone": 0,
        "fish_probability": 0.01,
        "sst": 30.739993209391855,
        "chlorophyll": 0.09923974424600601,
        "current_u": 0.1118905246257782,
        "current_v": -0.1746993511915207,
        "bathymetry": 4405.22412109375
      }
    },
    {
      "type": "Feature",
      "geometry": {
        "type": "Point",
        "coordinates": [
          80.39999999999992,
          5.199999999999999
        ]
      },
      "properties": {
        "fish_zone": 0,
        "fish_probability": 0.01,
        "sst": 30.71999320983889,
        "chlorophyll": 0.10306356102228165,
        "current_u": 0.14565007388591766,
        "current_v": -0.16630612313747406,
        "bathymetry": 4405.22412109375
      }
    },
    {
      "type": "Feature",
      "geometry": {
        "type": "Point",
        "coordinates": [
          80.39999999999992,
          5.299999999999999
        ]
      },
      "properties": {
        "fish_zone": 0,
        "fish_probability": 0.01,
        "sst": 30.63999321162703,
        "chlorophyll": 0.10831663012504578,
        "current_u": 0.2012743353843689,
        "current_v": -0.20044033229351044,
        "bathymetry": 4405.22412109375
      }
    },
    {
      "type": "Feature",
      "geometry": {
        "type": "Point",
        "coordinates": [
          80.39999999999992,
          5.399999999999999
        ]
      },
      "properties": {
        "fish_zone": 0,
        "fish_probability": 0.01,
        "sst": 30.52999321408572,
        "chlorophyll": 0.11296632885932922,
        "current_u": 0.26622137427330017,
        "current_v": -0.2638227939605713,
        "bathymetry": 4405.22412109375
      }
    },
    {
      "type": "Feature",
      "geometry": {
        "type": "Point",
        "coordinates": [
          80.39999999999992,
          5.499999999999998
        ]
      },
      "properties": {
        "fish_zone": 0,
        "fish_probability": 0.013333333333333334,
        "sst": 30.389993217214965,
        "chlorophyll": 0.11866747587919235,
        "current_u": 0.35897955298423767,
        "current_v": -0.3482809364795685,
        "bathymetry": 3992.48388671875
      }
    },
    {
      "type": "Feature",
      "geometry": {
        "type": "Point",
        "coordinates": [
          80.39999999999992,
          5.599999999999998
        ]
      },
      "properties": {
        "fish_zone": 0,
        "fish_probability": 0.01,
        "sst": 30.319993218779587,
        "chlorophyll": 0.15748420357704163,
        "current_u": 0.44521647691726685,
        "current_v": -0.40882784128189087,
        "bathymetry": 3992.48388671875
      }
    },
    {
      "type": "Feature",
      "geometry": {
        "type": "Point",
        "coordinates": [
          80.39999999999992,
          5.6999999999999975
        ]
      },
      "properties": {
        "fish_zone": 0,
        "fish_probability": 0.01,
        "sst": 30.319993218779587,
        "chlorophyll": 0.15194743871688843,
        "current_u": 0.48544102907180786,
        "current_v": -0.3964702785015106,
        "bathymetry": 3597.031982421875
      }
    },
    {
      "type": "Feature",
      "geometry": {
        "type": "Point",
        "coordinates": [
          80.39999999999992,
          5.799999999999997
        ]
      },
      "properties": {
        "fish_zone": 0,
        "fish_probability": 0.02,
        "sst": 30.359993217885517,
        "chlorophyll": 0.14329586923122406,
        "current_u": 0.4860991835594177,
        "current_v": -0.29523974657058716,
        "bathymetry": 1684.2840576171875
      }
    },
    {
      "type": "Feature",
      "geometry": {
        "type": "Point",
        "coordinates": [
          80.39999999999992,
          5.899999999999997
        ]
      },
      "properties": {
        "fish_zone": 0,
        "fish_probability": 0.05,
        "sst": 30.349993218109034,
        "chlorophyll": 0.1578608751296997,
        "current_u": 0.4003959894180298,
        "current_v": -0.30240169167518616,
        "bathymetry": 55.76428985595703
      }
    },
    {
      "type": "Feature",
      "geometry": {
        "type": "Point",
        "coordinates": [
          80.39999999999992,
          9.699999999999983
        ]
      },
      "properties": {
        "fish_zone": 0,
        "fish_probability": 0.16333333333333333,
        "sst": 30.01999322548511,
        "chlorophyll": 0.7478843927383423,
        "current_u": -0.05124771595001221,
        "current_v": 0.07895231992006302,
        "bathymetry": 9.572997093200684
      }
    },
    {
      "type": "Feature",
      "geometry": {
        "type": "Point",
        "coordinates": [
          80.39999999999992,
          9.799999999999983
        ]
      },
      "properties": {
        "fish_zone": 0,
        "fish_probability": 0.10333333333333333,
        "sst": 29.9099932279438,
        "chlorophyll": 0.5757794976234436,
        "current_u": -0.020443344488739967,
        "current_v": 0.06319867819547653,
        "bathymetry": 11.404999732971191
      }
    },
    {
      "type": "Feature",
      "geometry": {
        "type": "Point",
        "coordinates": [
          80.39999999999992,
          9.899999999999983
        ]
      },
      "properties": {
        "fish_zone": 0,
        "fish_probability": 0.12,
        "sst": 29.849993229284905,
        "chlorophyll": 0.517787516117096,
        "current_u": 0.005114581435918808,
        "current_v": 0.07947064936161041,
        "bathymetry": 21.598819732666016
      }
    },
    {
      "type": "Feature",
      "geometry": {
        "type": "Point",
        "coordinates": [
          80.49999999999991,
          5.0
        ]
      },
      "properties": {
        "fish_zone": 0,
        "fish_probability": 0.01,
        "sst": 30.75999320894482,
        "chlorophyll": 0.09515105187892914,
        "current_u": 0.06441856920719147,
        "current_v": -0.18548893928527832,
        "bathymetry": 4405.22412109375
      }
    },
    {
      "type": "Feature",
      "geometry": {
        "type": "Point",
        "coordinates": [
          80.49999999999991,
          5.1
        ]
      },
      "properties": {
        "fish_zone": 0,
        "fish_probability": 0.01,
        "sst": 30.71999320983889,
        "chlorophyll": 0.09834978729486465,
        "current_u": 0.09423631429672241,
        "current_v": -0.17287813127040863,
        "bathymetry": 4405.22412109375
      }
    },
    {
      "type": "Feature",
      "geometry": {
        "type": "Point",
        "coordinates": [
          80.49999999999991,
          5.199999999999999
        ]
      },
      "properties": {
        "fish_zone": 0,
        "fish_probability": 0.01,
        "sst": 30.689993210509442,
        "chlorophyll": 0.10085781663656235,
        "current_u": 0.1340278685092926,
        "current_v": -0.15859368443489075,
        "bathymetry": 4405.22412109375
      }
    },
    {
      "type": "Feature",
      "geometry": {
        "type": "Point",
        "coordinates": [
          80.49999999999991,
          5.299999999999999
        ]
      },
      "properties": {
        "fish_zone": 0,
        "fish_probability": 0.01,
        "sst": 30.63999321162703,
        "chlorophyll": 0.10691002011299133,
        "current_u": 0.1946049928665161,
        "current_v": -0.1577686369419098,
        "bathymetry": 4405.22412109375
      }
    },
    {
      "type": "Feature",
      "geometry": {
        "type": "Point",
        "coordinates": [
          80.49999999999991,
          5.399999999999999
        ]
      },
      "properties": {
        "fish_zone": 0,
        "fish_probability": 0.01,
        "sst": 30.55999321341517,
        "chlorophyll": 0.11142538487911224,
        "current_u": 0.2484866827726364,
        "current_v": -0.19394689798355103,
        "bathymetry": 4405.22412109375
      }
    },
    {
      "type": "Feature",
      "geometry": {
        "type": "Point",
        "coordinates": [
          80.49999999999991,
          5.499999999999998
        ]
      },
      "properties": {
        "fish_zone": 0,
        "fish_probability": 0.013333333333333334,
        "sst": 30.439993216097378,
        "chlorophyll": 0.1050945296883583,
        "current_u": 0.32883530855178833,
        "current_v": -0.26167231798171997,
        "bathymetry": 3992.48388671875
      }
    },
    {
      "type": "Feature",
      "geometry": {
        "type": "Point",
        "coordinates": [
          80.49999999999991,
          5.599999999999998
        ]
      },
      "properties": {
        "fish_zone": 0,
        "fish_probability": 0.01,
        "sst": 30.359993217885517,
        "chlorophyll": 0.11966700851917267,
        "current_u": 0.4181402623653412,
        "current_v": -0.33583831787109375,
        "bathymetry": 3597.031982421875
      }
    },
    {
      "type": "Feature",
      "geometry": {
        "type": "Point",
        "coordinates": [
          80.49999999999991,
          5.6999999999999975
        ]
      },
      "properties": {
        "fish_zone": 0,
        "fish_probability": 0.016666666666666666,
        "sst": 30.349993218109034,
        "chlorophyll": 0.12304432690143585,
        "current_u": 0.497074693441391,
        "current_v": -0.3574386239051819,
        "bathymetry": 3220.820068359375
      }
    },
    {
      "type": "Feature",
      "geometry": {
        "type": "Point",
        "coordinates": [
          80.49999999999991,
          5.799999999999997
        ]
      },
      "properties": {
        "fish_zone": 0,
        "fish_probability": 0.02,
        "sst": 30.419993216544412,
        "chlorophyll": 0.13639262318611145,
        "current_u": 0.49027499556541443,
        "current_v": -0.25941264629364014,
        "bathymetry": 1941.8929443359375
      }
    },
    {
      "type": "Feature",
      "geometry": {
        "type": "Point",
        "coordinates": [
          80.49999999999991,
          5.899999999999997
        ]
      },
      "properties": {
        "fish_zone": 0,
        "fish_probability": 0.043333333333333335,
        "sst": 30.40999321676793,
        "chlorophyll": 0.17800326645374298,
        "current_u": 0.39170190691947937,
        "current_v": -0.27550041675567627,
        "bathymetry": 47.37369155883789
      }
    },
    {
      "type": "Feature",
      "geometry": {
        "type": "Point",
        "coordinates": [
          80.49999999999991,
          9.599999999999984
        ]
      },
      "properties": {
        "fish_zone": 1,
        "fish_probability": 0.6133333333333333,
        "sst": 29.809993230178975,
        "chlorophyll": 0.7744784355163574,
        "current_u": -0.06431630253791809,
        "current_v": 0.12679362297058105,
        "bathymetry": 13.467140197753906
      }
    },
    {
      "type": "Feature",
      "geometry": {
        "type": "Point",
        "coordinates": [
          80.49999999999991,
          9.699999999999983
        ]
      },
      "properties": {
        "fish_zone": 1,
        "fish_probability": 0.5833333333333334,
        "sst": 29.78999323062601,
        "chlorophyll": 0.6326192617416382,
        "current_u": -0.05645386874675751,
        "current_v": 0.10764219611883163,
        "bathymetry": 9.572997093200684
      }
    },
    {
      "type": "Feature",
      "geometry": {
        "type": "Point",
        "coordinates": [
          80.49999999999991,
          9.799999999999983
        ]
      },
      "properties": {
        "fish_zone": 1,
        "fish_probability": 0.61,
        "sst": 29.849993229284905,
        "chlorophyll": 0.47732099890708923,
        "current_u": 0.0144394151866436,
        "current_v": 0.16881531476974487,
        "bathymetry": 21.598819732666016
      }
    },
    {
      "type": "Feature",
      "geometry": {
        "type": "Point",
        "coordinates": [
          80.49999999999991,
          9.899999999999983
        ]
      },
      "properties": {
        "fish_zone": 1,
        "fish_probability": 0.5933333333333334,
        "sst": 29.889993228390836,
        "chlorophyll": 0.39684799313545227,
        "current_u": 0.01032073050737381,
        "current_v": 0.15962134301662445,
        "bathymetry": 47.37369155883789
      }
    },
    {
      "type": "Feature",
      "geometry": {
        "type": "Point",
        "coordinates": [
          80.59999999999991,
          5.0
        ]
      },
      "properties": {
        "fish_zone": 0,
        "fish_probability": 0.01,
        "sst": 30.79999320805075,
        "chlorophyll": 0.08909694850444794,
        "current_u": 0.055490873754024506,
        "current_v": -0.18098284304141998,
        "bathymetry": 4405.22412109375
      }
    },
    {
      "type": "Feature",
      "geometry": {
        "type": "Point",
        "coordinates": [
          80.59999999999991,
          5.1
        ]
      },
      "properties": {
        "fish_zone": 0,
        "fish_probability": 0.01,
        "sst": 30.75999320894482,
        "chlorophyll": 0.09307625889778137,
        "current_u": 0.07527901977300644,
        "current_v": -0.1700596958398819,
        "bathymetry": 4405.22412109375
      }
    },
    {
      "type": "Feature",
      "geometry": {
        "type": "Point",
        "coordinates": [
          80.59999999999991,
          5.199999999999999
        ]
      },
      "properties": {
        "fish_zone": 0,
        "fish_probability": 0.01,
        "sst": 30.71999320983889,
        "chlorophyll": 0.09759154170751572,
        "current_u": 0.11328740417957306,
        "current_v": -0.15469853579998016,
        "bathymetry": 4405.22412109375
      }
    },
    {
      "type": "Feature",
      "geometry": {
        "type": "Point",
        "coordinates": [
          80.59999999999991,
          5.299999999999999
        ]
      },
      "properties": {
        "fish_zone": 0,
        "fish_probability": 0.01,
        "sst": 30.689993210509442,
        "chlorophyll": 0.10319317132234573,
        "current_u": 0.18589307367801666,
        "current_v": -0.13204163312911987,
        "bathymetry": 4405.22412109375
      }
    },
    {
      "type": "Feature",
      "geometry": {
        "type": "Point",
        "coordinates": [
          80.59999999999991,
          5.399999999999999
        ]
      },
      "properties": {
        "fish_zone": 0,
        "fish_probability": 0.01,
        "sst": 30.63999321162703,
        "chlorophyll": 0.10618946701288223,
        "current_u": 0.2296903431415558,
        "current_v": -0.13926269114017487,
        "bathymetry": 4405.22412109375
      }
    },
    {
      "type": "Feature",
      "geometry": {
        "type": "Point",
        "coordinates": [
          80.59999999999991,
          5.499999999999998
        ]
      },
      "properties": {
        "fish_zone": 0,
        "fish_probability": 0.013333333333333334,
        "sst": 30.51999321430924,
        "chlorophyll": 0.1140698790550232,
        "current_u": 0.2937588393688202,
        "current_v": -0.17857041954994202,
        "bathymetry": 3992.48388671875
      }
    },
    {
      "type": "Feature",
      "geometry": {
        "type": "Point",
        "coordinates": [
          80.59999999999991,
          5.599999999999998
        ]
      },
      "properties": {
        "fish_zone": 0,
        "fish_probability": 0.01,
        "sst": 30.399993216991447,
        "chlorophyll": 0.11586924642324448,
        "current_u": 0.36285722255706787,
        "current_v": -0.24274936318397522,
        "bathymetry": 3597.031982421875
      }
    },
    {
      "type": "Feature",
      "geometry": {
        "type": "Point",
        "coordinates": [
          80.59999999999991,
          5.6999999999999975
        ]
      },
      "properties": {
        "fish_zone": 0,
        "fish_probability": 0.016666666666666666,
        "sst": 30.379993217438482,
        "chlorophyll": 0.12845946848392487,
        "current_u": 0.44639208912849426,
        "current_v": -0.29652076959609985,
        "bathymetry": 3220.820068359375
      }
    },
    {
      "type": "Feature",
      "geometry": {
        "type": "Point",
        "coordinates": [
          80.59999999999991,
          5.799999999999997
        ]
      },
      "properties": {
        "fish_zone": 0,
        "fish_probability": 0.01,
        "sst": 30.399993216991447,
        "chlorophyll": 0.15302824974060059,
        "current_u": 0.47760915756225586,
        "current_v": -0.25469616055488586,
        "bathymetry": 2225.077880859375
      }
    },
    {
      "type": "Feature",
      "geometry": {
        "type": "Point",
        "coordinates": [
          80.59999999999991,
          5.899999999999997
        ]
      },
      "properties": {
        "fish_zone": 1,
        "fish_probability": 0.6633333333333333,
        "sst": 30.369993217662,
        "chlorophyll": 0.23160694539546967,
        "current_u": 0.36276882886886597,
        "current_v": -0.22847284376621246,
        "bathymetry": 40.344051361083984
      }
    },
    {
      "type": "Feature",
      "geometry": {
        "type": "Point",
        "coordinates": [
          80.59999999999991,
          9.499999999999984
        ]
      },
      "properties": {
        "fish_zone": 1,
        "fish_probability": 0.6066666666666667,
        "sst": 29.839993229508423,
        "chlorophyll": 0.545710563659668,
        "current_u": -0.06596114486455917,
        "current_v": 0.11582373082637787,
        "bathymetry": 15.810070037841797
      }
    },
    {
      "type": "Feature",
      "geometry": {
        "type": "Point",
        "coordinates": [
          80.59999999999991,
          9.599999999999984
        ]
      },
      "properties": {
        "fish_zone": 1,
        "fish_probability": 0.5933333333333334,
        "sst": 29.71999323219063,
        "chlorophyll": 0.48703762888908386,
        "current_u": -0.06453976035118103,
        "current_v": 0.12584614753723145,
        "bathymetry": 11.404999732971191
      }
    },
    {
      "type": "Feature",
      "geometry": {
        "type": "Point",
        "coordinates": [
          80.59999999999991,
          9.699999999999983
        ]
      },
      "properties": {
        "fish_zone": 1,
        "fish_probability": 0.65,
        "sst": 29.739993231743597,
        "chlorophyll": 0.4264782965183258,
        "current_u": -0.03923676162958145,
        "current_v": 0.15645425021648407,
        "bathymetry": 18.495559692382812
      }
    },
    {
      "type": "Feature",
      "geometry": {
        "type": "Point",
        "coordinates": [
          80.59999999999991,
          9.799999999999983
        ]
      },
      "properties": {
        "fish_zone": 1,
        "fish_probability": 0.59,
        "sst": 29.93999322727325,
        "chlorophyll": 0.3476761281490326,
        "current_u": 0.0287446528673172,
        "current_v": 0.22379478812217712,
        "bathymetry": 40.344051361083984
      }
    },
    {
      "type": "Feature",
      "geometry": {
        "type": "Point",
        "coordinates": [
          80.59999999999991,
          9.899999999999983
        ]
      },
      "properties": {
        "fish_zone": 1,
        "fish_probability": 0.6766666666666666,
        "sst": 30.039993225038074,
        "chlorophyll": 0.26684197783470154,
        "current_u": -0.01760418340563774,
        "current_v": 0.18965508043766022,
        "bathymetry": 55.76428985595703
      }
    },
    {
      "type": "Feature",
      "geometry": {
        "type": "Point",
        "coordinates": [
          80.6999999999999,
          5.0
        ]
      },
      "properties": {
        "fish_zone": 0,
        "fish_probability": 0.0033333333333333335,
        "sst": 30.819993207603716,
        "chlorophyll": 0.09316360205411911,
        "current_u": 0.05440520495176315,
        "current_v": -0.17421254515647888,
        "bathymetry": 4405.22412109375
      }
    },
    {
      "type": "Feature",
      "geometry": {
        "type": "Point",
        "coordinates": [
          80.6999999999999,
          5.1
        ]
      },
      "properties": {
        "fish_zone": 0,
        "fish_probability": 0.0033333333333333335,
        "sst": 30.769993208721303,
        "chlorophyll": 0.09815611690282822,
        "current_u": 0.06024492532014847,
        "current_v": -0.16404427587985992,
        "bathymetry": 4405.22412109375
      }
    },
    {
      "type": "Feature",
      "geometry": {
        "type": "Point",
        "coordinates": [
          80.6999999999999,
          5.199999999999999
        ]
      },
      "properties": {
        "fish_zone": 0,
        "fish_probability": 0.0033333333333333335,
        "sst": 30.739993209391855,
        "chlorophyll": 0.09681379050016403,
        "current_u": 0.09032218903303146,
        "current_v": -0.14867398142814636,
        "bathymetry": 4405.22412109375
      }
    },
    {
      "type": "Feature",
      "geometry": {
        "type": "Point",
        "coordinates": [
          80.6999999999999,
          5.299999999999999
        ]
      },
      "properties": {
        "fish_zone": 0,
        "fish_probability": 0.0033333333333333335,
        "sst": 30.71999320983889,
        "chlorophyll": 0.09910496324300766,
        "current_u": 0.1765465885400772,
        "current_v": -0.12191398441791534,
        "bathymetry": 4405.22412109375
      }
    },
    {
      "type": "Feature",
      "geometry": {
        "type": "Point",
        "coordinates": [
          80.6999999999999,
          5.399999999999999
        ]
      },
      "properties": {
        "fish_zone": 0,
        "fish_probability": 0.0033333333333333335,
        "sst": 30.669993210956477,
        "chlorophyll": 0.10364790260791779,
        "current_u": 0.2154717892408371,
        "current_v": -0.113699771463871,
        "bathymetry": 4405.22412109375
      }
    },
    {
      "type": "Feature",
      "geometry": {
        "type": "Point",
        "coordinates": [
          80.6999999999999,
          5.499999999999998
        ]
      },
      "properties": {
        "fish_zone": 0,
        "fish_probability": 0.0033333333333333335,
        "sst": 30.55999321341517,
        "chlorophyll": 0.11152109503746033,
        "current_u": 0.26556316018104553,
        "current_v": -0.12677910923957825,
        "bathymetry": 4405.22412109375
      }
    },
    {
      "type": "Feature",
      "geometry": {
        "type": "Point",
        "coordinates": [
          80.6999999999999,
          5.599999999999998
        ]
      },
      "properties": {
        "fish_zone": 0,
        "fish_probability": 0.0033333333333333335,
        "sst": 30.419993216544412,
        "chlorophyll": 0.12362109124660492,
        "current_u": 0.316895067691803,
        "current_v": -0.16831213235855103,
        "bathymetry": 3597.031982421875
      }
    },
    {
      "type": "Feature",
      "geometry": {
        "type": "Point",
        "coordinates": [
          80.6999999999999,
          5.6999999999999975
        ]
      },
      "properties": {
        "fish_zone": 0,
        "fish_probability": 0.01,
        "sst": 30.379993217438482,
        "chlorophyll": 0.12886516749858856,
        "current_u": 0.38169530034065247,
        "current_v": -0.22708755731582642,
        "bathymetry": 3220.820068359375
      }
    },
    {
      "type": "Feature",
      "geometry": {
        "type": "Point",
        "coordinates": [
          80.6999999999999,
          5.799999999999997
        ]
      },
      "properties": {
        "fish_zone": 0,
        "fish_probability": 0.02,
        "sst": 30.359993217885517,
        "chlorophyll": 0.15195026993751526,
        "current_u": 0.46264582872390747,
        "current_v": -0.2255222648382187,
        "bathymetry": 1941.8929443359375
      }
    },
    {
      "type": "Feature",
      "geometry": {
        "type": "Point",
        "coordinates": [
          80.6999999999999,
          5.899999999999997
        ]
      },
      "properties": {
        "fish_zone": 0,
        "fish_probability": 0.05333333333333334,
        "sst": 30.309993219003104,
        "chlorophyll": 0.1901913285255432,
        "current_u": 0.3656734824180603,
        "current_v": -0.16983044147491455,
        "bathymetry": 55.76428985595703
      }
    },
    {
      "type": "Feature",
      "geometry": {
        "type": "Point",
        "coordinates": [
          80.6999999999999,
          9.399999999999984
        ]
      },
      "properties": {
        "fish_zone": 1,
        "fish_probability": 0.5733333333333334,
        "sst": 29.959993226826214,
        "chlorophyll": 0.5873122811317444,
        "current_u": -0.07452624291181564,
        "current_v": 0.11620687693357468,
        "bathymetry": 9.572997093200684
      }
    },
    {
      "type": "Feature",
      "geometry": {
        "type": "Point",
        "coordinates": [
          80.6999999999999,
          9.499999999999984
        ]
      },
      "properties": {
        "fish_zone": 0,
        "fish_probability": 0.24333333333333335,
        "sst": 29.779993230849527,
        "chlorophyll": 0.4777039587497711,
        "current_u": -0.07475931197404861,
        "current_v": 0.09557617455720901,
        "bathymetry": 13.467140197753906
      }
    },
    {
      "type": "Feature",
      "geometry": {
        "type": "Point",
        "coordinates": [
          80.6999999999999,
          9.599999999999984
        ]
      },
      "properties": {
        "fish_zone": 1,
        "fish_probability": 0.7633333333333333,
        "sst": 29.699993232637667,
        "chlorophyll": 0.37674808502197266,
        "current_u": -0.08583349734544754,
        "current_v": 0.131191223859787,
        "bathymetry": 18.495559692382812
      }
    },
    {
      "type": "Feature",
      "geometry": {
        "type": "Point",
        "coordinates": [
          80.6999999999999,
          9.699999999999983
        ]
      },
      "properties": {
        "fish_zone": 1,
        "fish_probability": 0.6033333333333334,
        "sst": 29.74999323152008,
        "chlorophyll": 0.4876050651073456,
        "current_u": -0.06932924687862396,
        "current_v": 0.278140127658844,
        "bathymetry": 25.211410522460938
      }
    },
    {
      "type": "Feature",
      "geometry": {
        "type": "Point",
        "coordinates": [
          80.6999999999999,
          9.799999999999983
        ]
      },
      "properties": {
        "fish_zone": 1,
        "fish_probability": 0.61,
        "sst": 30.009993225708627,
        "chlorophyll": 0.20131313800811768,
        "current_u": -0.012416563928127289,
        "current_v": 0.32704803347587585,
        "bathymetry": 55.76428985595703
      }
    },
    {
      "type": "Feature",
      "geometry": {
        "type": "Point",
        "coordinates": [
          80.6999999999999,
          9.899999999999983
        ]
      },
      "properties": {
        "fish_zone": 0,
        "fish_probability": 0.03666666666666667,
        "sst": 30.119993223249935,
        "chlorophyll": 0.1557847559452057,
        "current_u": -0.08598825335502625,
        "current_v": 0.33274948596954346,
        "bathymetry": 92.3260726928711
      }
    },
    {
      "type": "Feature",
      "geometry": {
        "type": "Point",
        "coordinates": [
          80.7999999999999,
          5.0
        ]
      },
      "properties": {
        "fish_zone": 0,
        "fish_probability": 0.0033333333333333335,
        "sst": 30.79999320805075,
        "chlorophyll": 0.09096647799015045,
        "current_u": 0.07522674649953842,
        "current_v": -0.16630925238132477,
        "bathymetry": 4405.22412109375
      }
    },
    {
      "type": "Feature",
      "geometry": {
        "type": "Point",
        "coordinates": [
          80.7999999999999,
          5.1
        ]
      },
      "properties": {
        "fish_zone": 0,
        "fish_probability": 0.0033333333333333335,
        "sst": 30.699993210285925,
        "chlorophyll": 0.09124160557985306,
        "current_u": 0.04901864752173424,
        "current_v": -0.16339446604251862,
        "bathymetry": 4405.22412109375
      }
    },
    {
      "type": "Feature",
      "geometry": {
        "type": "Point",
        "coordinates": [
          80.7999999999999,
          5.199999999999999
        ]
      },
      "properties": {
        "fish_zone": 0,
        "fish_probability": 0.0033333333333333335,
        "sst": 30.669993210956477,
        "chlorophyll": 0.09481298178434372,
        "current_u": 0.0600784532725811,
        "current_v": -0.1501590460538864,
        "bathymetry": 4405.22412109375
      }
    },
    {
      "type": "Feature",
      "geometry": {
        "type": "Point",
        "coordinates": [
          80.7999999999999,
          5.299999999999999
        ]
      },
      "properties": {
        "fish_zone": 0,
        "fish_probability": 0.0033333333333333335,
        "sst": 30.67999321073296,
        "chlorophyll": 0.09856590628623962,
        "current_u": 0.15608058869838715,
        "current_v": -0.121195949614048,
        "bathymetry": 4405.22412109375
      }
    },
    {
      "type": "Feature",
      "geometry": {
        "type": "Point",
        "coordinates": [
          80.7999999999999,
          5.399999999999999
        ]
      },
      "properties": {
        "fish_zone": 0,
        "fish_probability": 0.0033333333333333335,
        "sst": 30.67999321073296,
        "chlorophyll": 0.09996012598276138,
        "current_u": 0.2045542299747467,
        "current_v": -0.11424969881772995,
        "bathymetry": 4405.22412109375
      }
    },
    {
      "type": "Feature",
      "geometry": {
        "type": "Point",
        "coordinates": [
          80.7999999999999,
          5.499999999999998
        ]
      },
      "properties": {
        "fish_zone": 0,
        "fish_probability": 0.006666666666666667,
        "sst": 30.589993212744616,
        "chlorophyll": 0.10749296844005585,
        "current_u": 0.24826732277870178,
        "current_v": -0.11219943314790726,
        "bathymetry": 3992.48388671875
      }
    },
    {
      "type": "Feature",
      "geometry": {
        "type": "Point",
        "coordinates": [
          80.7999999999999,
          5.599999999999998
        ]
      },
      "properties": {
        "fish_zone": 0,
        "fish_probability": 0.0033333333333333335,
        "sst": 30.419993216544412,
        "chlorophyll": 0.11612644791603088,
        "current_u": 0.28072190284729004,
        "current_v": -0.11788732558488846,
        "bathymetry": 3597.031982421875
      }
    },
    {
      "type": "Feature",
      "geometry": {
        "type": "Point",
        "coordinates": [
          80.7999999999999,
          5.6999999999999975
        ]
      },
      "properties": {
        "fish_zone": 0,
        "fish_probability": 0.01,
        "sst": 30.32999321855607,
        "chlorophyll": 0.13239964842796326,
        "current_u": 0.3068501353263855,
        "current_v": -0.12645095586776733,
        "bathymetry": 2865.702880859375
      }
    },
    {
      "type": "Feature",
      "geometry": {
        "type": "Point",
        "coordinates": [
          80.7999999999999,
          5.799999999999997
        ]
      },
      "properties": {
        "fish_zone": 0,
        "fish_probability": 0.023333333333333334,
        "sst": 30.199993221461796,
        "chlorophyll": 0.14908747375011444,
        "current_u": 0.3392466604709625,
        "current_v": -0.11839792877435684,
        "bathymetry": 1684.2840576171875
      }
    },
    {
      "type": "Feature",
      "geometry": {
        "type": "Point",
        "coordinates": [
          80.7999999999999,
          5.899999999999997
        ]
      },
      "properties": {
        "fish_zone": 0,
        "fish_probability": 0.03333333333333333,
        "sst": 30.199993221461796,
        "chlorophyll": 0.19493520259857178,
        "current_u": 0.3678971529006958,
        "current_v": -0.0567239448428154,
        "bathymetry": 65.80726623535156
      }
    },
    {
      "type": "Feature",
      "geometry": {
        "type": "Point",
        "coordinates": [
          80.7999999999999,
          5.9999999999999964
        ]
      },
      "properties": {
        "fish_zone": 0,
        "fish_probability": 0.16333333333333333,
        "sst": 30.199993221461796,
        "chlorophyll": 0.832371711730957,
        "current_u": 0.221243217587471,
        "current_v": -0.03851495683193207,
        "bathymetry": 29.444730758666992
      }
    },
    {
      "type": "Feature",
      "geometry": {
        "type": "Point",
        "coordinates": [
          80.7999999999999,
          9.299999999999985
        ]
      },
      "properties": {
        "fish_zone": 1,
        "fish_probability": 0.7433333333333333,
        "sst": 29.879993228614353,
        "chlorophyll": 0.4234030246734619,
        "current_u": -0.09629228711128235,
        "current_v": 0.2184046059846878,
        "bathymetry": 7.92956018447876
      }
    },
    {
      "type": "Feature",
      "geometry": {
        "type": "Point",
        "coordinates": [
          80.7999999999999,
          9.399999999999984
        ]
      },
      "properties": {
        "fish_zone": 1,
        "fish_probability": 0.9566666666666667,
        "sst": 29.879993228614353,
        "chlorophyll": 0.3346187174320221,
        "current_u": -0.14849545061588287,
        "current_v": 0.20036639273166656,
        "bathymetry": 21.598819732666016
      }
    },
    {
      "type": "Feature",
      "geometry": {
        "type": "Point",
        "coordinates": [
          80.7999999999999,
          9.499999999999984
        ]
      },
      "properties": {
        "fish_zone": 1,
        "fish_probability": 0.9266666666666666,
        "sst": 29.82999322973194,
        "chlorophyll": 0.2906678020954132,
        "current_u": -0.23513327538967133,
        "current_v": 0.3527701497077942,
        "bathymetry": 40.344051361083984
      }
    },
    {
      "type": "Feature",
      "geometry": {
        "type": "Point",
        "coordinates": [
          80.7999999999999,
          9.599999999999984
        ]
      },
      "properties": {
        "fish_zone": 1,
        "fish_probability": 0.91,
        "sst": 29.9099932279438,
        "chlorophyll": 0.22473125159740448,
        "current_u": -0.3084356188774109,
        "current_v": 0.6633015275001526,
        "bathymetry": 47.37369155883789
      }
    },
    {
      "type": "Feature",
      "geometry": {
        "type": "Point",
        "coordinates": [
          80.7999999999999,
          9.699999999999983
        ]
      },
      "properties": {
        "fish_zone": 0,
        "fish_probability": 0.09333333333333334,
        "sst": 29.98999322615566,
        "chlorophyll": 0.17274969816207886,
        "current_u": -0.3489995002746582,
        "current_v": 0.8917686343193054,
        "bathymetry": 55.76428985595703
      }
    },
    {
      "type": "Feature",
      "geometry": {
        "type": "Point",
        "coordinates": [
          80.7999999999999,
          9.799999999999983
        ]
      },
      "properties": {
        "fish_zone": 0,
        "fish_probability": 0.056666666666666664,
        "sst": 30.239993220567726,
        "chlorophyll": 0.135748490691185,
        "current_u": -0.3805256187915802,
        "current_v": 1.09798264503479,
        "bathymetry": 155.85069274902344
      }
    },
    {
      "type": "Feature",
      "geometry": {
        "type": "Point",
        "coordinates": [
          80.7999999999999,
          9.899999999999983
        ]
      },
      "properties": {
        "fish_zone": 0,
        "fish_probability": 0.056666666666666664,
        "sst": 30.319993218779587,
        "chlorophyll": 0.12024568021297455,
        "current_u": -0.4047911465167999,
        "current_v": 1.0658495426177979,
        "bathymetry": 318.1274108886719
      }
    },
    {
      "type": "Feature",
      "geometry": {
        "type": "Point",
        "coordinates": [
          80.89999999999989,
          5.0
        ]
      },
      "properties": {
        "fish_zone": 0,
        "fish_probability": 0.0033333333333333335,
        "sst": 30.75999320894482,
        "chlorophyll": 0.08757534623146057,
        "current_u": 0.09145307540893555,
        "current_v": -0.16335207223892212,
        "bathymetry": 4405.22412109375
      }
    },
    {
      "type": "Feature",
      "geometry": {
        "type": "Point",
        "coordinates": [
          80.89999999999989,
          5.1
        ]
      },
      "properties": {
        "fish_zone": 0,
        "fish_probability": 0.0033333333333333335,
        "sst": 30.63999321162703,
        "chlorophyll": 0.09112189710140228,
        "current_u": 0.0563395731151104,
        "current_v": -0.16641931235790253,
        "bathymetry": 4405.22412109375
      }
    },
    {
      "type": "Feature",
      "geometry": {
        "type": "Point",
        "coordinates": [
          80.89999999999989,
          5.199999999999999
        ]
      },
      "properties": {
        "fish_zone": 0,
        "fish_probability": 0.0033333333333333335,
        "sst": 30.60999321229758,
        "chlorophyll": 0.09346887469291687,
        "current_u": 0.05587879940867424,
        "current_v": -0.15956521034240723,
        "bathymetry": 4405.22412109375
      }
    },
    {
      "type": "Feature",
      "geometry": {
        "type": "Point",
        "coordinates": [
          80.89999999999989,
          5.299999999999999
        ]
      },
      "properties": {
        "fish_zone": 0,
        "fish_probability": 0.0033333333333333335,
        "sst": 30.629993211850547,
        "chlorophyll": 0.0974782407283783,
        "current_u": 0.14399507641792297,
        "current_v": -0.13037511706352234,
        "bathymetry": 4405.22412109375
      }
    },
    {
      "type": "Feature",
      "geometry": {
        "type": "Point",
        "coordinates": [
          80.89999999999989,
          5.399999999999999
        ]
      },
      "properties": {
        "fish_zone": 0,
        "fish_probability": 0.006666666666666667,
        "sst": 30.629993211850547,
        "chlorophyll": 0.0986904725432396,
        "current_u": 0.19925636053085327,
        "current_v": -0.12040447443723679,
        "bathymetry": 3992.48388671875
      }
    },
    {
      "type": "Feature",
      "geometry": {
        "type": "Point",
        "coordinates": [
          80.89999999999989,
          5.499999999999998
        ]
      },
      "properties": {
        "fish_zone": 0,
        "fish_probability": 0.006666666666666667,
        "sst": 30.549993213638686,
        "chlorophyll": 0.10443269461393356,
        "current_u": 0.24808824062347412,
        "current_v": -0.1146024540066719,
        "bathymetry": 3992.48388671875
      }
    },
    {
      "type": "Feature",
      "geometry": {
        "type": "Point",
        "coordinates": [
          80.89999999999989,
          5.599999999999998
        ]
      },
      "properties": {
        "fish_zone": 0,
        "fish_probability": 0.0033333333333333335,
        "sst": 30.389993217214965,
        "chlorophyll": 0.11295412480831146,
        "current_u": 0.27601975202560425,
        "current_v": -0.11216579377651215,
        "bathymetry": 3597.031982421875
      }
    },
    {
      "type": "Feature",
      "geometry": {
        "type": "Point",
        "coordinates": [
          80.89999999999989,
          5.6999999999999975
        ]
      },
      "properties": {
        "fish_zone": 0,
        "fish_probability": 0.01,
        "sst": 30.29999321922662,
        "chlorophyll": 0.12530794739723206,
        "current_u": 0.2860630452632904,
        "current_v": -0.10521330684423447,
        "bathymetry": 2865.702880859375
      }
    },
    {
      "type": "Feature",
      "geometry": {
        "type": "Point",
        "coordinates": [
          80.89999999999989,
          5.799999999999997
        ]
      },
      "properties": {
        "fish_zone": 0,
        "fish_probability": 0.04,
        "sst": 30.149993222579383,
        "chlorophyll": 0.15522359311580658,
        "current_u": 0.2896518409252167,
        "current_v": -0.049115877598524094,
        "bathymetry": 1684.2840576171875
      }
    },
    {
      "type": "Feature",
      "geometry": {
        "type": "Point",
        "coordinates": [
          80.89999999999989,
          5.899999999999997
        ]
      },
      "properties": {
        "fish_zone": 0,
        "fish_probability": 0.03333333333333333,
        "sst": 30.159993222355865,
        "chlorophyll": 0.18811793625354767,
        "current_u": 0.3514351546764374,
        "current_v": -0.05131260305643082,
        "bathymetry": 55.76428985595703
      }
    },
    {
      "type": "Feature",
      "geometry": {
        "type": "Point",
        "coordinates": [
          80.89999999999989,
          5.9999999999999964
        ]
      },
      "properties": {
        "fish_zone": 0,
        "fish_probability": 0.21666666666666667,
        "sst": 30.189993221685313,
        "chlorophyll": 0.5405977368354797,
        "current_u": 0.3000805377960205,
        "current_v": -0.04502672702074051,
        "bathymetry": 65.80726623535156
      }
    },
    {
      "type": "Feature",
      "geometry": {
        "type": "Point",
        "coordinates": [
          80.89999999999989,
          9.199999999999985
        ]
      },
      "properties": {
        "fish_zone": 1,
        "fish_probability": 0.9233333333333333,
        "sst": 29.809993230178975,
        "chlorophyll": 0.2590329647064209,
        "current_u": -0.0971333384513855,
        "current_v": 0.18004021048545837,
        "bathymetry": 18.495559692382812
      }
    },
    {
      "type": "Feature",
      "geometry": {
        "type": "Point",
        "coordinates": [
          80.89999999999989,
          9.299999999999985
        ]
      },
      "properties": {
        "fish_zone": 0,
        "fish_probability": 0.07,
        "sst": 29.919993227720283,
        "chlorophyll": 0.186026930809021,
        "current_u": -0.16652613878250122,
        "current_v": 0.5913822054862976,
        "bathymetry": 25.211410522460938
      }
    },
    {
      "type": "Feature",
      "geometry": {
        "type": "Point",
        "coordinates": [
          80.89999999999989,
          9.399999999999984
        ]
      },
      "properties": {
        "fish_zone": 0,
        "fish_probability": 0.09333333333333334,
        "sst": 29.93999322727325,
        "chlorophyll": 0.19912073016166687,
        "current_u": -0.24357813596725464,
        "current_v": 0.7748026847839355,
        "bathymetry": 186.12559509277344
      }
    },
    {
      "type": "Feature",
      "geometry": {
        "type": "Point",
        "coordinates": [
          80.89999999999989,
          9.499999999999984
        ]
      },
      "properties": {
        "fish_zone": 0,
        "fish_probability": 0.06,
        "sst": 30.01999322548511,
        "chlorophyll": 0.16468890011310577,
        "current_u": -0.3435758352279663,
        "current_v": 0.9492149353027344,
        "bathymetry": 763.3331298828125
      }
    },
    {
      "type": "Feature",
      "geometry": {
        "type": "Point",
        "coordinates": [
          80.89999999999989,
          9.599999999999984
        ]
      },
      "properties": {
        "fish_zone": 0,
        "fish_probability": 0.06,
        "sst": 30.149993222579383,
        "chlorophyll": 0.15471036732196808,
        "current_u": -0.4212929606437683,
        "current_v": 1.0722757577896118,
        "bathymetry": 318.1274108886719
      }
    },
    {
      "type": "Feature",
      "geometry": {
        "type": "Point",
        "coordinates": [
          80.89999999999989,
          9.699999999999983
        ]
      },
      "properties": {
        "fish_zone": 0,
        "fish_probability": 0.056666666666666664,
        "sst": 30.21999322101476,
        "chlorophyll": 0.14281877875328064,
        "current_u": -0.4698765277862549,
        "current_v": 1.1559678316116333,
        "bathymetry": 902.3392944335938
      }
    },
    {
      "type": "Feature",
      "geometry": {
        "type": "Point",
        "coordinates": [
          80.89999999999989,
          9.799999999999983
        ]
      },
      "properties": {
        "fish_zone": 0,
        "fish_probability": 0.056666666666666664,
        "sst": 30.40999321676793,
        "chlorophyll": 0.11643578112125397,
        "current_u": -0.4906700551509857,
        "current_v": 1.1602691411972046,
        "bathymetry": 1062.43994140625
      }
    },
    {
      "type": "Feature",
      "geometry": {
        "type": "Point",
        "coordinates": [
          80.89999999999989,
          9.899999999999983
        ]
      },
      "properties": {
        "fish_zone": 0,
        "fish_probability": 0.056666666666666664,
        "sst": 30.469993215426825,
        "chlorophyll": 0.10676086694002151,
        "current_u": -0.4656893312931061,
        "current_v": 1.0630178451538086,
        "bathymetry": 1062.43994140625
      }
    },
    {
      "type": "Feature",
      "geometry": {
        "type": "Point",
        "coordinates": [
          80.99999999999989,
          5.0
        ]
      },
      "properties": {
        "fish_zone": 0,
        "fish_probability": 0.0033333333333333335,
        "sst": 30.769993208721303,
        "chlorophyll": 0.08484682440757751,
        "current_u": 0.109178826212883,
        "current_v": -0.15895771980285645,
        "bathymetry": 4405.22412109375
      }
    },
    {
      "type": "Feature",
      "geometry": {
        "type": "Point",
        "coordinates": [
          80.99999999999989,
          5.1
        ]
      },
      "properties": {
        "fish_zone": 0,
        "fish_probability": 0.0033333333333333335,
        "sst": 30.63999321162703,
        "chlorophyll": 0.09163015335798264,
        "current_u": 0.07004772126674652,
        "current_v": -0.16790322959423065,
        "bathymetry": 4405.22412109375
      }
    },
    {
      "type": "Feature",
      "geometry": {
        "type": "Point",
        "coordinates": [
          80.99999999999989,
          5.199999999999999
        ]
      },
      "properties": {
        "fish_zone": 0,
        "fish_probability": 0.0033333333333333335,
        "sst": 30.60999321229758,
        "chlorophyll": 0.09481961280107498,
        "current_u": 0.05755976587533951,
        "current_v": -0.16856224834918976,
        "bathymetry": 4405.22412109375
      }
    },
    {
      "type": "Feature",
      "geometry": {
        "type": "Point",
        "coordinates": [
          80.99999999999989,
          5.299999999999999
        ]
      },
      "properties": {
        "fish_zone": 0,
        "fish_probability": 0.0033333333333333335,
        "sst": 30.629993211850547,
        "chlorophyll": 0.0964478924870491,
        "current_u": 0.1294262409210205,
        "current_v": -0.14343604445457458,
        "bathymetry": 4405.22412109375
      }
    },
    {
      "type": "Feature",
      "geometry": {
        "type": "Point",
        "coordinates": [
          80.99999999999989,
          5.399999999999999
        ]
      },
      "properties": {
        "fish_zone": 0,
        "fish_probability": 0.006666666666666667,
        "sst": 30.63999321162703,
        "chlorophyll": 0.0964568704366684,
        "current_u": 0.18389466404914856,
        "current_v": -0.12494949251413345,
        "bathymetry": 3992.48388671875
      }
    },
    {
      "type": "Feature",
      "geometry": {
        "type": "Point",
        "coordinates": [
          80.99999999999989,
          5.499999999999998
        ]
      },
      "properties": {
        "fish_zone": 0,
        "fish_probability": 0.006666666666666667,
        "sst": 30.549993213638686,
        "chlorophyll": 0.10562458634376526,
        "current_u": 0.2366187423467636,
        "current_v": -0.10803861916065216,
        "bathymetry": 3992.48388671875
      }
    },
    {
      "type": "Feature",
      "geometry": {
        "type": "Point",
        "coordinates": [
          80.99999999999989,
          5.599999999999998
        ]
      },
      "properties": {
        "fish_zone": 0,
        "fish_probability": 0.006666666666666667,
        "sst": 30.379993217438482,
        "chlorophyll": 0.10913359373807907,
        "current_u": 0.26583826541900635,
        "current_v": -0.09856130927801132,
        "bathymetry": 3992.48388671875
      }
    },
    {
      "type": "Feature",
      "geometry": {
        "type": "Point",
        "coordinates": [
          80.99999999999989,
          5.6999999999999975
        ]
      },
      "properties": {
        "fish_zone": 0,
        "fish_probability": 0.006666666666666667,
        "sst": 30.28999321945014,
        "chlorophyll": 0.1184282898902893,
        "current_u": 0.2596881687641144,
        "current_v": -0.08928676694631577,
        "bathymetry": 2533.3359375
      }
    },
    {
      "type": "Feature",
      "geometry": {
        "type": "Point",
        "coordinates": [
          80.99999999999989,
          5.799999999999997
        ]
      },
      "properties": {
        "fish_zone": 0,
        "fish_probability": 0.043333333333333335,
        "sst": 30.079993224144005,
        "chlorophyll": 0.14487871527671814,
        "current_u": 0.2689017653465271,
        "current_v": -0.017800627276301384,
        "bathymetry": 1452.2509765625
      }
    },
    {
      "type": "Feature",
      "geometry": {
        "type": "Point",
        "coordinates": [
          80.99999999999989,
          5.899999999999997
        ]
      },
      "properties": {
        "fish_zone": 0,
        "fish_probability": 0.043333333333333335,
        "sst": 30.109993223473452,
        "chlorophyll": 0.16907615959644318,
        "current_u": 0.3491029143333435,
        "current_v": -0.015471525490283966,
        "bathymetry": 92.3260726928711
      }
    },
    {
      "type": "Feature",
      "geometry": {
        "type": "Point",
        "coordinates": [
          80.99999999999989,
          5.9999999999999964
        ]
      },
      "properties": {
        "fish_zone": 0,
        "fish_probability": 0.18,
        "sst": 30.189993221685313,
        "chlorophyll": 0.34868505597114563,
        "current_u": 0.37779271602630615,
        "current_v": -0.015038138255476952,
        "bathymetry": 47.37369155883789
      }
    },
    {
      "type": "Feature",
      "geometry": {
        "type": "Point",
        "coordinates": [
          80.99999999999989,
          8.999999999999986
        ]
      },
      "properties": {
        "fish_zone": 1,
        "fish_probability": 0.82,
        "sst": 29.809993230178975,
        "chlorophyll": 0.7007063031196594,
        "current_u": -0.09624916315078735,
        "current_v": 0.13784873485565186,
        "bathymetry": 13.467140197753906
      }
    },
    {
      "type": "Feature",
      "geometry": {
        "type": "Point",
        "coordinates": [
          80.99999999999989,
          9.099999999999985
        ]
      },
      "properties": {
        "fish_zone": 1,
        "fish_probability": 0.9366666666666666,
        "sst": 29.919993227720283,
        "chlorophyll": 0.23756423592567444,
        "current_u": -0.1340077519416809,
        "current_v": 0.33146971464157104,
        "bathymetry": 21.598819732666016
      }
    },
    {
      "type": "Feature",
      "geometry": {
        "type": "Point",
        "coordinates": [
          80.99999999999989,
          9.199999999999985
        ]
      },
      "properties": {
        "fish_zone": 0,
        "fish_probability": 0.06666666666666667,
        "sst": 29.98999322615566,
        "chlorophyll": 0.15287944674491882,
        "current_u": -0.20015977323055267,
        "current_v": 0.5072789192199707,
        "bathymetry": 40.344051361083984
      }
    },
    {
      "type": "Feature",
      "geometry": {
        "type": "Point",
        "coordinates": [
          80.99999999999989,
          9.299999999999985
        ]
      },
      "properties": {
        "fish_zone": 0,
        "fish_probability": 0.07,
        "sst": 30.09999322369697,
        "chlorophyll": 0.14682817459106445,
        "current_u": -0.2983139455318451,
        "current_v": 0.8220020532608032,
        "bathymetry": 186.12559509277344
      }
    },
    {
      "type": "Feature",
      "geometry": {
        "type": "Point",
        "coordinates": [
          80.99999999999989,
          9.399999999999984
        ]
      },
      "properties": {
        "fish_zone": 0,
        "fish_probability": 0.06,
        "sst": 30.119993223249935,
        "chlorophyll": 0.15221065282821655,
        "current_u": -0.3433148264884949,
        "current_v": 0.9545753002166748,
        "bathymetry": 902.3392944335938
      }
    },
    {
      "type": "Feature",
      "geometry": {
        "type": "Point",
        "coordinates": [
          80.99999999999989,
          9.499999999999984
        ]
      },
      "properties": {
        "fish_zone": 0,
        "fish_probability": 0.006666666666666667,
        "sst": 30.239993220567726,
        "chlorophyll": 0.1334846466779709,
        "current_u": -0.3853473365306854,
        "current_v": 1.0118807554244995,
        "bathymetry": 2225.077880859375
      }
    },
    {
      "type": "Feature",
      "geometry": {
        "type": "Point",
        "coordinates": [
          80.99999999999989,
          9.599999999999984
        ]
      },
      "properties": {
        "fish_zone": 0,
        "fish_probability": 0.05,
        "sst": 30.369993217662,
        "chlorophyll": 0.12911953032016754,
        "current_u": -0.41494497656822205,
        "current_v": 1.0331422090530396,
        "bathymetry": 1452.2509765625
      }
    },
    {
      "type": "Feature",
      "geometry": {
        "type": "Point",
        "coordinates": [
          80.99999999999989,
          9.699999999999983
        ]
      },
      "properties": {
        "fish_zone": 0,
        "fish_probability": 0.016666666666666666,
        "sst": 30.40999321676793,
        "chlorophyll": 0.1157236099243164,
        "current_u": -0.4314221143722534,
        "current_v": 1.0416572093963623,
        "bathymetry": 1941.8929443359375
      }
    },
    {
      "type": "Feature",
      "geometry": {
        "type": "Point",
        "coordinates": [
          80.99999999999989,
          9.799999999999983
        ]
      },
      "properties": {
        "fish_zone": 0,
        "fish_probability": 0.006666666666666667,
        "sst": 30.56999321319165,
        "chlorophyll": 0.10427220910787582,
        "current_u": -0.4526037275791168,
        "current_v": 1.0020678043365479,
        "bathymetry": 2865.702880859375
      }
    },
    {
      "type": "Feature",
      "geometry": {
        "type": "Point",
        "coordinates": [
          80.99999999999989,
          9.899999999999983
        ]
      },
      "properties": {
        "fish_zone": 0,
        "fish_probability": 0.006666666666666667,
        "sst": 30.629993211850547,
        "chlorophyll": 0.0979154109954834,
        "current_u": -0.4437561333179474,
        "current_v": 0.9161325693130493,
        "bathymetry": 2865.702880859375
      }
    },
    {
      "type": "Feature",
      "geometry": {
        "type": "Point",
        "coordinates": [
          81.09999999999988,
          5.0
        ]
      },
      "properties": {
        "fish_zone": 0,
        "fish_probability": 0.0033333333333333335,
        "sst": 30.8299932073802,
        "chlorophyll": 0.08512949198484421,
        "current_u": 0.12845616042613983,
        "current_v": -0.15143412351608276,
        "bathymetry": 4405.22412109375
      }
    },
    {
      "type": "Feature",
      "geometry": {
        "type": "Point",
        "coordinates": [
          81.09999999999988,
          5.1
        ]
      },
      "properties": {
        "fish_zone": 0,
        "fish_probability": 0.0033333333333333335,
        "sst": 30.699993210285925,
        "chlorophyll": 0.08936968445777893,
        "current_u": 0.08918212354183197,
        "current_v": -0.16527538001537323,
        "bathymetry": 4405.22412109375
      }
    },
    {
      "type": "Feature",
      "geometry": {
        "type": "Point",
        "coordinates": [
          81.09999999999988,
          5.199999999999999
        ]
      },
      "properties": {
        "fish_zone": 0,
        "fish_probability": 0.0033333333333333335,
        "sst": 30.669993210956477,
        "chlorophyll": 0.09071648120880127,
        "current_u": 0.06667188555002213,
        "current_v": -0.17377769947052002,
        "bathymetry": 4405.22412109375
      }
    },
    {
      "type": "Feature",
      "geometry": {
        "type": "Point",
        "coordinates": [
          81.09999999999988,
          5.299999999999999
        ]
      },
      "properties": {
        "fish_zone": 0,
        "fish_probability": 0.0033333333333333335,
        "sst": 30.669993210956477,
        "chlorophyll": 0.09506268054246902,
        "current_u": 0.11329343914985657,
        "current_v": -0.15898728370666504,
        "bathymetry": 4405.22412109375
      }
    },
    {
      "type": "Feature",
      "geometry": {
        "type": "Point",
        "coordinates": [
          81.09999999999988,
          5.399999999999999
        ]
      },
      "properties": {
        "fish_zone": 0,
        "fish_probability": 0.006666666666666667,
        "sst": 30.699993210285925,
        "chlorophyll": 0.09737790375947952,
        "current_u": 0.15839850902557373,
        "current_v": -0.1354617327451706,
        "bathymetry": 3992.48388671875
      }
    },
    {
      "type": "Feature",
      "geometry": {
        "type": "Point",
        "coordinates": [
          81.09999999999988,
          5.499999999999998
        ]
      },
      "properties": {
        "fish_zone": 0,
        "fish_probability": 0.006666666666666667,
        "sst": 30.649993211403512,
        "chlorophyll": 0.10007556527853012,
        "current_u": 0.20816807448863983,
        "current_v": -0.10658837109804153,
        "bathymetry": 3992.48388671875
      }
    },
    {
      "type": "Feature",
      "geometry": {
        "type": "Point",
        "coordinates": [
          81.09999999999988,
          5.599999999999998
        ]
      },
      "properties": {
        "fish_zone": 0,
        "fish_probability": 0.006666666666666667,
        "sst": 30.469993215426825,
        "chlorophyll": 0.10879301279783249,
        "current_u": 0.24328477680683136,
        "current_v": -0.08811091631650925,
        "bathymetry": 3992.48388671875
      }
    },
    {
      "type": "Feature",
      "geometry": {
        "type": "Point",
        "coordinates": [
          81.09999999999988,
          5.6999999999999975
        ]
      },
      "properties": {
        "fish_zone": 0,
        "fish_probability": 0.006666666666666667,
        "sst": 30.349993218109034,
        "chlorophyll": 0.11484749615192413,
        "current_u": 0.2279641032218933,
        "current_v": -0.07605843991041183,
        "bathymetry": 2533.3359375
      }
    },
    {
      "type": "Feature",
      "geometry": {
        "type": "Point",
        "coordinates": [
          81.09999999999988,
          5.799999999999997
        ]
      },
      "properties": {
        "fish_zone": 0,
        "fish_probability": 0.04666666666666667,
        "sst": 30.039993225038074,
        "chlorophyll": 0.1275741308927536,
        "current_u": 0.2428506761789322,
        "current_v": -0.014676520600914955,
        "bathymetry": 1245.291015625
      }
    },
    {
      "type": "Feature",
      "geometry": {
        "type": "Point",
        "coordinates": [
          81.09999999999988,
          5.899999999999997
        ]
      },
      "properties": {
        "fish_zone": 0,
        "fish_probability": 0.03333333333333333,
        "sst": 30.049993224814557,
        "chlorophyll": 0.1381763517856598,
        "current_u": 0.35660886764526367,
        "current_v": 0.03344907611608505,
        "bathymetry": 77.85385131835938
      }
    },
    {
      "type": "Feature",
      "geometry": {
        "type": "Point",
        "coordinates": [
          81.09999999999988,
          5.9999999999999964
        ]
      },
      "properties": {
        "fish_zone": 0,
        "fish_probability": 0.03333333333333333,
        "sst": 30.1399932228029,
        "chlorophyll": 0.14603009819984436,
        "current_u": 0.42834049463272095,
        "current_v": 0.03443094715476036,
        "bathymetry": 65.80726623535156
      }
    },
    {
      "type": "Feature",
      "geometry": {
        "type": "Point",
        "coordinates": [
          81.09999999999988,
          8.899999999999986
        ]
      },
      "properties": {
        "fish_zone": 1,
        "fish_probability": 0.9366666666666666,
        "sst": 30.149993222579383,
        "chlorophyll": 0.5438291430473328,
        "current_u": -0.12208597362041473,
        "current_v": 0.15214696526527405,
        "bathymetry": 13.467140197753906
      }
    },
    {
      "type": "Feature",
      "geometry": {
        "type": "Point",
        "coordinates": [
          81.09999999999988,
          8.999999999999986
        ]
      },
      "properties": {
        "fish_zone": 0,
        "fish_probability": 0.07333333333333333,
        "sst": 30.129993223026418,
        "chlorophyll": 0.13505706191062927,
        "current_u": -0.21272046864032745,
        "current_v": 0.40265998244285583,
        "bathymetry": 40.344051361083984
      }
    },
    {
      "type": "Feature",
      "geometry": {
        "type": "Point",
        "coordinates": [
          81.09999999999988,
          9.099999999999985
        ]
      },
      "properties": {
        "fish_zone": 0,
        "fish_probability": 0.07333333333333333,
        "sst": 30.309993219003104,
        "chlorophyll": 0.1418253630399704,
        "current_u": -0.31324708461761475,
        "current_v": 0.6495547294616699,
        "bathymetry": 222.47520446777344
      }
    },
    {
      "type": "Feature",
      "geometry": {
        "type": "Point",
        "coordinates": [
          81.09999999999988,
          9.199999999999985
        ]
      },
      "properties": {
        "fish_zone": 0,
        "fish_probability": 0.06,
        "sst": 30.349993218109034,
        "chlorophyll": 0.14477552473545074,
        "current_u": -0.37580108642578125,
        "current_v": 0.8099367022514343,
        "bathymetry": 763.3331298828125
      }
    },
    {
      "type": "Feature",
      "geometry": {
        "type": "Point",
        "coordinates": [
          81.09999999999988,
          9.299999999999985
        ]
      },
      "properties": {
        "fish_zone": 0,
        "fish_probability": 0.056666666666666664,
        "sst": 30.369993217662,
        "chlorophyll": 0.11852703988552094,
        "current_u": -0.38305941224098206,
        "current_v": 0.923090934753418,
        "bathymetry": 763.3331298828125
      }
    },
    {
      "type": "Feature",
      "geometry": {
        "type": "Point",
        "coordinates": [
          81.09999999999988,
          9.399999999999984
        ]
      },
      "properties": {
        "fish_zone": 0,
        "fish_probability": 0.0033333333333333335,
        "sst": 30.379993217438482,
        "chlorophyll": 0.10909809917211533,
        "current_u": -0.38280823826789856,
        "current_v": 0.9474380612373352,
        "bathymetry": 2225.077880859375
      }
    },
    {
      "type": "Feature",
      "geometry": {
        "type": "Point",
        "coordinates": [
          81.09999999999988,
          9.499999999999984
        ]
      },
      "properties": {
        "fish_zone": 0,
        "fish_probability": 0.006666666666666667,
        "sst": 30.48999321497979,
        "chlorophyll": 0.11090678721666336,
        "current_u": -0.3779534697532654,
        "current_v": 0.9479250311851501,
        "bathymetry": 3220.820068359375
      }
    },
    {
      "type": "Feature",
      "geometry": {
        "type": "Point",
        "coordinates": [
          81.09999999999988,
          9.599999999999984
        ]
      },
      "properties": {
        "fish_zone": 0,
        "fish_probability": 0.006666666666666667,
        "sst": 30.55999321341517,
        "chlorophyll": 0.09931110590696335,
        "current_u": -0.36713454127311707,
        "current_v": 0.9292401075363159,
        "bathymetry": 3220.820068359375
      }
    },
    {
      "type": "Feature",
      "geometry": {
        "type": "Point",
        "coordinates": [
          81.09999999999988,
          9.699999999999983
        ]
      },
      "properties": {
        "fish_zone": 0,
        "fish_probability": 0.006666666666666667,
        "sst": 30.579993212968134,
        "chlorophyll": 0.09851789474487305,
        "current_u": -0.36131224036216736,
        "current_v": 0.9023960828781128,
        "bathymetry": 3597.031982421875
      }
    },
    {
      "type": "Feature",
      "geometry": {
        "type": "Point",
        "coordinates": [
          81.09999999999988,
          9.799999999999983
        ]
      },
      "properties": {
        "fish_zone": 0,
        "fish_probability": 0.0033333333333333335,
        "sst": 30.659993211179994,
        "chlorophyll": 0.09372244030237198,
        "current_u": -0.39306285977363586,
        "current_v": 0.8201672434806824,
        "bathymetry": 3597.031982421875
      }
    },
    {
      "type": "Feature",
      "geometry": {
        "type": "Point",
        "coordinates": [
          81.09999999999988,
          9.899999999999983
        ]
      },
      "properties": {
        "fish_zone": 0,
        "fish_probability": 0.0033333333333333335,
        "sst": 30.699993210285925,
        "chlorophyll": 0.09318715333938599,
        "current_u": -0.4014652371406555,
        "current_v": 0.7698415517807007,
        "bathymetry": 3597.031982421875
      }
    },
    {
      "type": "Feature",
      "geometry": {
        "type": "Point",
        "coordinates": [
          81.19999999999987,
          5.0
        ]
      },
      "properties": {
        "fish_zone": 0,
        "fish_probability": 0.0033333333333333335,
        "sst": 30.859993206709646,
        "chlorophyll": 0.08651662617921829,
        "current_u": 0.14963828027248383,
        "current_v": -0.14177212119102478,
        "bathymetry": 4405.22412109375
      }
    },
    {
      "type": "Feature",
      "geometry": {
        "type": "Point",
        "coordinates": [
          81.19999999999987,
          5.1
        ]
      },
      "properties": {
        "fish_zone": 0,
        "fish_probability": 0.0033333333333333335,
        "sst": 30.739993209391855,
        "chlorophyll": 0.09432955086231232,
        "current_u": 0.11328084766864777,
        "current_v": -0.15782074630260468,
        "bathymetry": 4405.22412109375
      }
    },
    {
      "type": "Feature",
      "geometry": {
        "type": "Point",
        "coordinates": [
          81.19999999999987,
          5.199999999999999
        ]
      },
      "properties": {
        "fish_zone": 0,
        "fish_probability": 0.0033333333333333335,
        "sst": 30.699993210285925,
        "chlorophyll": 0.08923178166151047,
        "current_u": 0.08261380344629288,
        "current_v": -0.17291387915611267,
        "bathymetry": 4405.22412109375
      }
    },
    {
      "type": "Feature",
      "geometry": {
        "type": "Point",
        "coordinates": [
          81.19999999999987,
          5.299999999999999
        ]
      },
      "properties": {
        "fish_zone": 0,
        "fish_probability": 0.0033333333333333335,
        "sst": 30.689993210509442,
        "chlorophyll": 0.0962962880730629,
        "current_u": 0.10069078952074051,
        "current_v": -0.17583341896533966,
        "bathymetry": 4405.22412109375
      }
    },
    {
      "type": "Feature",
      "geometry": {
        "type": "Point",
        "coordinates": [
          81.19999999999987,
          5.399999999999999
        ]
      },
      "properties": {
        "fish_zone": 0,
        "fish_probability": 0.006666666666666667,
        "sst": 30.729993209615373,
        "chlorophyll": 0.09703333675861359,
        "current_u": 0.13390308618545532,
        "current_v": -0.1567588448524475,
        "bathymetry": 3992.48388671875
      }
    },
    {
      "type": "Feature",
      "geometry": {
        "type": "Point",
        "coordinates": [
          81.19999999999987,
          5.499999999999998
        ]
      },
      "properties": {
        "fish_zone": 0,
        "fish_probability": 0.006666666666666667,
        "sst": 30.709993210062407,
        "chlorophyll": 0.10040759295225143,
        "current_u": 0.17302685976028442,
        "current_v": -0.1231815442442894,
        "bathymetry": 3992.48388671875
      }
    },
    {
      "type": "Feature",
      "geometry": {
        "type": "Point",
        "coordinates": [
          81.19999999999987,
          5.599999999999998
        ]
      },
      "properties": {
        "fish_zone": 0,
        "fish_probability": 0.0033333333333333335,
        "sst": 30.52999321408572,
        "chlorophyll": 0.10790590941905975,
        "current_u": 0.21198846399784088,
        "current_v": -0.09234033524990082,
        "bathymetry": 3597.031982421875
      }
    },
    {
      "type": "Feature",
      "geometry": {
        "type": "Point",
        "coordinates": [
          81.19999999999987,
          5.6999999999999975
        ]
      },
      "properties": {
        "fish_zone": 0,
        "fish_probability": 0.01,
        "sst": 30.389993217214965,
        "chlorophyll": 0.11041954159736633,
        "current_u": 0.2097693383693695,
        "current_v": -0.07402995228767395,
        "bathymetry": 3220.820068359375
      }
    },
    {
      "type": "Feature",
      "geometry": {
        "type": "Point",
        "coordinates": [
          81.19999999999987,
          5.799999999999997
        ]
      },
      "properties": {
        "fish_zone": 0,
        "fish_probability": 0.04666666666666667,
        "sst": 30.02999322526159,
        "chlorophyll": 0.12512247264385223,
        "current_u": 0.22087153792381287,
        "current_v": -0.024833818897604942,
        "bathymetry": 1062.43994140625
      }
    },
    {
      "type": "Feature",
      "geometry": {
        "type": "Point",
        "coordinates": [
          81.19999999999987,
          5.899999999999997
        ]
      },
      "properties": {
        "fish_zone": 0,
        "fish_probability": 0.05,
        "sst": 30.009993225708627,
        "chlorophyll": 0.13717274367809296,
        "current_u": 0.3336428999900818,
        "current_v": 0.04892005771398544,
        "bathymetry": 155.85069274902344
      }
    },
    {
      "type": "Feature",
      "geometry": {
        "type": "Point",
        "coordinates": [
          81.19999999999987,
          5.9999999999999964
        ]
      },
      "properties": {
        "fish_zone": 0,
        "fish_probability": 0.03333333333333333,
        "sst": 30.109993223473452,
        "chlorophyll": 0.1675795167684555,
        "current_u": 0.43827325105667114,
        "current_v": 0.02949547953903675,
        "bathymetry": 65.80726623535156
      }
    },
    {
      "type": "Feature",
      "geometry": {
        "type": "Point",
        "coordinates": [
          81.19999999999987,
          6.099999999999996
        ]
      },
      "properties": {
        "fish_zone": 0,
        "fish_probability": 0.14666666666666667,
        "sst": 30.189993221685313,
        "chlorophyll": 0.40938684344291687,
        "current_u": 0.36188262701034546,
        "current_v": 0.016132855787873268,
        "bathymetry": 34.43415069580078
      }
    },
    {
      "type": "Feature",
      "geometry": {
        "type": "Point",
        "coordinates": [
          81.19999999999987,
          8.799999999999986
        ]
      },
      "properties": {
        "fish_zone": 1,
        "fish_probability": 0.9433333333333334,
        "sst": 30.25999322012069,
        "chlorophyll": 0.3372635543346405,
        "current_u": -0.15256290137767792,
        "current_v": 0.24045294523239136,
        "bathymetry": 11.404999732971191
      }
    },
    {
      "type": "Feature",
      "geometry": {
        "type": "Point",
        "coordinates": [
          81.19999999999987,
          8.899999999999986
        ]
      },
      "properties": {
        "fish_zone": 0,
        "fish_probability": 0.07,
        "sst": 30.269993219897174,
        "chlorophyll": 0.14707936346530914,
        "current_u": -0.27777400612831116,
        "current_v": 0.49575769901275635,
        "bathymetry": 47.37369155883789
      }
    },
    {
      "type": "Feature",
      "geometry": {
        "type": "Point",
        "coordinates": [
          81.19999999999987,
          8.999999999999986
        ]
      },
      "properties": {
        "fish_zone": 0,
        "fish_probability": 0.06333333333333334,
        "sst": 30.339993218332552,
        "chlorophyll": 0.12079518288373947,
        "current_u": -0.39124205708503723,
        "current_v": 0.6915252804756165,
        "bathymetry": 318.1274108886719
      }
    },
    {
      "type": "Feature",
      "geometry": {
        "type": "Point",
        "coordinates": [
          81.19999999999987,
          9.099999999999985
        ]
      },
      "properties": {
        "fish_zone": 0,
        "fish_probability": 0.03333333333333333,
        "sst": 30.51999321430924,
        "chlorophyll": 0.10707356780767441,
        "current_u": -0.44429728388786316,
        "current_v": 0.8078473210334778,
        "bathymetry": 1684.2840576171875
      }
    },
    {
      "type": "Feature",
      "geometry": {
        "type": "Point",
        "coordinates": [
          81.19999999999987,
          9.199999999999985
        ]
      },
      "properties": {
        "fish_zone": 0,
        "fish_probability": 0.006666666666666667,
        "sst": 30.52999321408572,
        "chlorophyll": 0.12139951437711716,
        "current_u": -0.45145276188850403,
        "current_v": 0.8707025647163391,
        "bathymetry": 2225.077880859375
      }
    },
    {
      "type": "Feature",
      "geometry": {
        "type": "Point",
        "coordinates": [
          81.19999999999987,
          9.299999999999985
        ]
      },
      "properties": {
        "fish_zone": 0,
        "fish_probability": 0.0033333333333333335,
        "sst": 30.499993214756273,
        "chlorophyll": 0.12309055775403976,
        "current_u": -0.3914569020271301,
        "current_v": 0.8744645118713379,
        "bathymetry": 2533.3359375
      }
    },
    {
      "type": "Feature",
      "geometry": {
        "type": "Point",
        "coordinates": [
          81.19999999999987,
          9.399999999999984
        ]
      },
      "properties": {
        "fish_zone": 0,
        "fish_probability": 0.006666666666666667,
        "sst": 30.509993214532756,
        "chlorophyll": 0.10850194841623306,
        "current_u": -0.35802993178367615,
        "current_v": 0.8516076803207397,
        "bathymetry": 3597.031982421875
      }
    },
    {
      "type": "Feature",
      "geometry": {
        "type": "Point",
        "coordinates": [
          81.19999999999987,
          9.499999999999984
        ]
      },
      "properties": {
        "fish_zone": 0,
        "fish_probability": 0.006666666666666667,
        "sst": 30.619993212074064,
        "chlorophyll": 0.10084062069654465,
        "current_u": -0.3376736640930176,
        "current_v": 0.8266118168830872,
        "bathymetry": 3597.031982421875
      }
    },
    {
      "type": "Feature",
      "geometry": {
        "type": "Point",
        "coordinates": [
          81.19999999999987,
          9.599999999999984
        ]
      },
      "properties": {
        "fish_zone": 0,
        "fish_probability": 0.006666666666666667,
        "sst": 30.659993211179994,
        "chlorophyll": 0.09243070334196091,
        "current_u": -0.33118101954460144,
        "current_v": 0.7967232465744019,
        "bathymetry": 3992.48388671875
      }
    },
    {
      "type": "Feature",
      "geometry": {
        "type": "Point",
        "coordinates": [
          81.19999999999987,
          9.699999999999983
        ]
      },
      "properties": {
        "fish_zone": 0,
        "fish_probability": 0.006666666666666667,
        "sst": 30.659993211179994,
        "chlorophyll": 0.09272968024015427,
        "current_u": -0.33509981632232666,
        "current_v": 0.7683325409889221,
        "bathymetry": 3992.48388671875
      }
    },
    {
      "type": "Feature",
      "geometry": {
        "type": "Point",
        "coordinates": [
          81.19999999999987,
          9.799999999999983
        ]
      },
      "properties": {
        "fish_zone": 0,
        "fish_probability": 0.006666666666666667,
        "sst": 30.699993210285925,
        "chlorophyll": 0.09147986769676208,
        "current_u": -0.34840258955955505,
        "current_v": 0.7208048105239868,
        "bathymetry": 3992.48388671875
      }
    },
    {
      "type": "Feature",
      "geometry": {
        "type": "Point",
        "coordinates": [
          81.19999999999987,
          9.899999999999983
        ]
      },
      "properties": {
        "fish_zone": 0,
        "fish_probability": 0.006666666666666667,
        "sst": 30.71999320983889,
        "chlorophyll": 0.09134609997272491,
        "current_u": -0.3455861508846283,
        "current_v": 0.6966658234596252,
        "bathymetry": 3992.48388671875
      }
    },
    {
      "type": "Feature",
      "geometry": {
        "type": "Point",
        "coordinates": [
          81.29999999999987,
          5.0
        ]
      },
      "properties": {
        "fish_zone": 0,
        "fish_probability": 0.006666666666666667,
        "sst": 30.94999320469799,
        "chlorophyll": 0.09453465789556503,
        "current_u": 0.19362008571624756,
        "current_v": -0.12739156186580658,
        "bathymetry": 4405.22412109375
      }
    },
    {
      "type": "Feature",
      "geometry": {
        "type": "Point",
        "coordinates": [
          81.29999999999987,
          5.1
        ]
      },
      "properties": {
        "fish_zone": 0,
        "fish_probability": 0.006666666666666667,
        "sst": 30.849993206933163,
        "chlorophyll": 0.09930925816297531,
        "current_u": 0.16696865856647491,
        "current_v": -0.138143390417099,
        "bathymetry": 4405.22412109375
      }
    },
    {
      "type": "Feature",
      "geometry": {
        "type": "Point",
        "coordinates": [
          81.29999999999987,
          5.199999999999999
        ]
      },
      "properties": {
        "fish_zone": 0,
        "fish_probability": 0.006666666666666667,
        "sst": 30.809993207827233,
        "chlorophyll": 0.09681892395019531,
        "current_u": 0.13303203880786896,
        "current_v": -0.1559176743030548,
        "bathymetry": 4405.22412109375
      }
    },
    {
      "type": "Feature",
      "geometry": {
        "type": "Point",
        "coordinates": [
          81.29999999999987,
          5.299999999999999
        ]
      },
      "properties": {
        "fish_zone": 0,
        "fish_probability": 0.006666666666666667,
        "sst": 30.739993209391855,
        "chlorophyll": 0.09736277908086777,
        "current_u": 0.10259368270635605,
        "current_v": -0.19024261832237244,
        "bathymetry": 4405.22412109375
      }
    },
    {
      "type": "Feature",
      "geometry": {
        "type": "Point",
        "coordinates": [
          81.29999999999987,
          5.399999999999999
        ]
      },
      "properties": {
        "fish_zone": 0,
        "fish_probability": 0.006666666666666667,
        "sst": 30.769993208721303,
        "chlorophyll": 0.09411162883043289,
        "current_u": 0.11713015288114548,
        "current_v": -0.19689437747001648,
        "bathymetry": 3992.48388671875
      }
    },
    {
      "type": "Feature",
      "geometry": {
        "type": "Point",
        "coordinates": [
          81.29999999999987,
          5.499999999999998
        ]
      },
      "properties": {
        "fish_zone": 0,
        "fish_probability": 0.006666666666666667,
        "sst": 30.779993208497785,
        "chlorophyll": 0.10138224065303802,
        "current_u": 0.13567206263542175,
        "current_v": -0.18304243683815002,
        "bathymetry": 3992.48388671875
      }
    },
    {
      "type": "Feature",
      "geometry": {
        "type": "Point",
        "coordinates": [
          81.29999999999987,
          5.599999999999998
        ]
      },
      "properties": {
        "fish_zone": 0,
        "fish_probability": 0.006666666666666667,
        "sst": 30.629993211850547,
        "chlorophyll": 0.10450784116983414,
        "current_u": 0.15560589730739594,
        "current_v": -0.14426212012767792,
        "bathymetry": 3597.031982421875
      }
    },
    {
      "type": "Feature",
      "geometry": {
        "type": "Point",
        "coordinates": [
          81.29999999999987,
          5.6999999999999975
        ]
      },
      "properties": {
        "fish_zone": 0,
        "fish_probability": 0.013333333333333334,
        "sst": 30.499993214756273,
        "chlorophyll": 0.10929705947637558,
        "current_u": 0.19136153161525726,
        "current_v": -0.10619435459375381,
        "bathymetry": 3992.48388671875
      }
    },
    {
      "type": "Feature",
      "geometry": {
        "type": "Point",
        "coordinates": [
          81.29999999999987,
          5.799999999999997
        ]
      },
      "properties": {
        "fish_zone": 0,
        "fish_probability": 0.023333333333333334,
        "sst": 30.089993223920487,
        "chlorophyll": 0.11770817637443542,
        "current_u": 0.22476458549499512,
        "current_v": -0.05637584999203682,
        "bathymetry": 1452.2509765625
      }
    },
    {
      "type": "Feature",
      "geometry": {
        "type": "Point",
        "coordinates": [
          81.29999999999987,
          5.899999999999997
        ]
      },
      "properties": {
        "fish_zone": 0,
        "fish_probability": 0.02666666666666667,
        "sst": 30.009993225708627,
        "chlorophyll": 0.13231979310512543,
        "current_u": 0.2835550010204315,
        "current_v": -0.020716557279229164,
        "bathymetry": 186.12559509277344
      }
    },
    {
      "type": "Feature",
      "geometry": {
        "type": "Point",
        "coordinates": [
          81.29999999999987,
          5.9999999999999964
        ]
      },
      "properties": {
        "fish_zone": 0,
        "fish_probability": 0.02666666666666667,
        "sst": 30.039993225038074,
        "chlorophyll": 0.16857358813285828,
        "current_u": 0.4193366467952728,
        "current_v": 0.020638717338442802,
        "bathymetry": 65.80726623535156
      }
    },
    {
      "type": "Feature",
      "geometry": {
        "type": "Point",
        "coordinates": [
          81.29999999999987,
          6.099999999999996
        ]
      },
      "properties": {
        "fish_zone": 0,
        "fish_probability": 0.023333333333333334,
        "sst": 30.119993223249935,
        "chlorophyll": 0.19880758225917816,
        "current_u": 0.38925912976264954,
        "current_v": 0.05357547849416733,
        "bathymetry": 47.37369155883789
      }
    },
    {
      "type": "Feature",
      "geometry": {
        "type": "Point",
        "coordinates": [
          81.29999999999987,
          8.599999999999987
        ]
      },
      "properties": {
        "fish_zone": 1,
        "fish_probability": 0.8066666666666666,
        "sst": 30.24999322034421,
        "chlorophyll": 0.41622039675712585,
        "current_u": -0.09592464566230774,
        "current_v": 0.22794754803180695,
        "bathymetry": 47.37369155883789
      }
    },
    {
      "type": "Feature",
      "geometry": {
        "type": "Point",
        "coordinates": [
          81.29999999999987,
          8.699999999999987
        ]
      },
      "properties": {
        "fish_zone": 0,
        "fish_probability": 0.03333333333333333,
        "sst": 30.279993219673656,
        "chlorophyll": 0.13235871493816376,
        "current_u": -0.2192303091287613,
        "current_v": 0.39616942405700684,
        "bathymetry": 380.2130126953125
      }
    },
    {
      "type": "Feature",
      "geometry": {
        "type": "Point",
        "coordinates": [
          81.29999999999987,
          8.799999999999986
        ]
      },
      "properties": {
        "fish_zone": 0,
        "fish_probability": 0.023333333333333334,
        "sst": 30.51999321430924,
        "chlorophyll": 0.09894660860300064,
        "current_u": -0.3657829463481903,
        "current_v": 0.6662810444831848,
        "bathymetry": 1684.2840576171875
      }
    },
    {
      "type": "Feature",
      "geometry": {
        "type": "Point",
        "coordinates": [
          81.29999999999987,
          8.899999999999986
        ]
      },
      "properties": {
        "fish_zone": 0,
        "fish_probability": 0.023333333333333334,
        "sst": 30.5999932125211,
        "chlorophyll": 0.09976301342248917,
        "current_u": -0.4131103754043579,
        "current_v": 0.7285311818122864,
        "bathymetry": 1684.2840576171875
      }
    },
    {
      "type": "Feature",
      "geometry": {
        "type": "Point",
        "coordinates": [
          81.29999999999987,
          8.999999999999986
        ]
      },
      "properties": {
        "fish_zone": 0,
        "fish_probability": 0.0033333333333333335,
        "sst": 30.71999320983889,
        "chlorophyll": 0.11076709628105164,
        "current_u": -0.42289450764656067,
        "current_v": 0.7393186688423157,
        "bathymetry": 2225.077880859375
      }
    },
    {
      "type": "Feature",
      "geometry": {
        "type": "Point",
        "coordinates": [
          81.29999999999987,
          9.099999999999985
        ]
      },
      "properties": {
        "fish_zone": 0,
        "fish_probability": 0.0033333333333333335,
        "sst": 30.819993207603716,
        "chlorophyll": 0.11125023663043976,
        "current_u": -0.40760254859924316,
        "current_v": 0.7229515910148621,
        "bathymetry": 3220.820068359375
      }
    },
    {
      "type": "Feature",
      "geometry": {
        "type": "Point",
        "coordinates": [
          81.29999999999987,
          9.199999999999985
        ]
      },
      "properties": {
        "fish_zone": 0,
        "fish_probability": 0.0033333333333333335,
        "sst": 30.809993207827233,
        "chlorophyll": 0.10411678999662399,
        "current_u": -0.38297396898269653,
        "current_v": 0.6975352168083191,
        "bathymetry": 3597.031982421875
      }
    },
    {
      "type": "Feature",
      "geometry": {
        "type": "Point",
        "coordinates": [
          81.29999999999987,
          9.299999999999985
        ]
      },
      "properties": {
        "fish_zone": 0,
        "fish_probability": 0.0033333333333333335,
        "sst": 30.75999320894482,
        "chlorophyll": 0.1058998554944992,
        "current_u": -0.34154611825942993,
        "current_v": 0.6515554189682007,
        "bathymetry": 3992.48388671875
      }
    },
    {
      "type": "Feature",
      "geometry": {
        "type": "Point",
        "coordinates": [
          81.29999999999987,
          9.399999999999984
        ]
      },
      "properties": {
        "fish_zone": 0,
        "fish_probability": 0.0033333333333333335,
        "sst": 30.749993209168338,
        "chlorophyll": 0.10476994514465332,
        "current_u": -0.32671594619750977,
        "current_v": 0.6371793746948242,
        "bathymetry": 3992.48388671875
      }
    },
    {
      "type": "Feature",
      "geometry": {
        "type": "Point",
        "coordinates": [
          81.29999999999987,
          9.499999999999984
        ]
      },
      "properties": {
        "fish_zone": 0,
        "fish_probability": 0.0,
        "sst": 30.739993209391855,
        "chlorophyll": 0.09954380244016647,
        "current_u": -0.31482842564582825,
        "current_v": 0.6282330751419067,
        "bathymetry": 3992.48388671875
      }
    },
    {
      "type": "Feature",
      "geometry": {
        "type": "Point",
        "coordinates": [
          81.29999999999987,
          9.599999999999984
        ]
      },
      "properties": {
        "fish_zone": 0,
        "fish_probability": 0.0,
        "sst": 30.71999320983889,
        "chlorophyll": 0.08804953098297119,
        "current_u": -0.30795153975486755,
        "current_v": 0.6196172833442688,
        "bathymetry": 3992.48388671875
      }
    },
    {
      "type": "Feature",
      "geometry": {
        "type": "Point",
        "coordinates": [
          81.29999999999987,
          9.699999999999983
        ]
      },
      "properties": {
        "fish_zone": 0,
        "fish_probability": 0.0,
        "sst": 30.709993210062407,
        "chlorophyll": 0.09187757223844528,
        "current_u": -0.30480995774269104,
        "current_v": 0.6076627373695374,
        "bathymetry": 3597.031982421875
      }
    },
    {
      "type": "Feature",
      "geometry": {
        "type": "Point",
        "coordinates": [
          81.29999999999987,
          9.799999999999983
        ]
      },
      "properties": {
        "fish_zone": 0,
        "fish_probability": 0.0,
        "sst": 30.71999320983889,
        "chlorophyll": 0.09462474286556244,
        "current_u": -0.2902420461177826,
        "current_v": 0.5805018544197083,
        "bathymetry": 3992.48388671875
      }
    },
    {
      "type": "Feature",
      "geometry": {
        "type": "Point",
        "coordinates": [
          81.29999999999987,
          9.899999999999983
        ]
      },
      "properties": {
        "fish_zone": 0,
        "fish_probability": 0.0,
        "sst": 30.729993209615373,
        "chlorophyll": 0.09072701632976532,
        "current_u": -0.27910155057907104,
        "current_v": 0.5577371120452881,
        "bathymetry": 3992.48388671875
      }
    },
    {
      "type": "Feature",
      "geometry": {
        "type": "Point",
        "coordinates": [
          81.39999999999986,
          5.0
        ]
      },
      "properties": {
        "fish_zone": 0,
        "fish_probability": 0.006666666666666667,
        "sst": 30.90999320559206,
        "chlorophyll": 0.10461234301328659,
        "current_u": 0.21483269333839417,
        "current_v": -0.12264737486839294,
        "bathymetry": 4405.22412109375
      }
    },
    {
      "type": "Feature",
      "geometry": {
        "type": "Point",
        "coordinates": [
          81.39999999999986,
          5.1
        ]
      },
      "properties": {
        "fish_zone": 0,
        "fish_probability": 0.006666666666666667,
        "sst": 30.849993206933163,
        "chlorophyll": 0.10438819229602814,
        "current_u": 0.18891192972660065,
        "current_v": -0.12981094419956207,
        "bathymetry": 4405.22412109375
      }
    },
    {
      "type": "Feature",
      "geometry": {
        "type": "Point",
        "coordinates": [
          81.39999999999986,
          5.199999999999999
        ]
      },
      "properties": {
        "fish_zone": 0,
        "fish_probability": 0.006666666666666667,
        "sst": 30.819993207603716,
        "chlorophyll": 0.10263490676879883,
        "current_u": 0.1592583954334259,
        "current_v": -0.14474095404148102,
        "bathymetry": 4405.22412109375
      }
    },
    {
      "type": "Feature",
      "geometry": {
        "type": "Point",
        "coordinates": [
          81.39999999999986,
          5.299999999999999
        ]
      },
      "properties": {
        "fish_zone": 0,
        "fish_probability": 0.006666666666666667,
        "sst": 30.749993209168338,
        "chlorophyll": 0.1060909628868103,
        "current_u": 0.11550936102867126,
        "current_v": -0.1829105168581009,
        "bathymetry": 4405.22412109375
      }
    },
    {
      "type": "Feature",
      "geometry": {
        "type": "Point",
        "coordinates": [
          81.39999999999986,
          5.399999999999999
        ]
      },
      "properties": {
        "fish_zone": 0,
        "fish_probability": 0.006666666666666667,
        "sst": 30.749993209168338,
        "chlorophyll": 0.09956257045269012,
        "current_u": 0.12058539688587189,
        "current_v": -0.197330504655838,
        "bathymetry": 3992.48388671875
      }
    },
    {
      "type": "Feature",
      "geometry": {
        "type": "Point",
        "coordinates": [
          81.39999999999986,
          5.499999999999998
        ]
      },
      "properties": {
        "fish_zone": 0,
        "fish_probability": 0.006666666666666667,
        "sst": 30.749993209168338,
        "chlorophyll": 0.10168306529521942,
        "current_u": 0.13351155817508698,
        "current_v": -0.19765961170196533,
        "bathymetry": 3992.48388671875
      }
    },
    {
      "type": "Feature",
      "geometry": {
        "type": "Point",
        "coordinates": [
          81.39999999999986,
          5.599999999999998
        ]
      },
      "properties": {
        "fish_zone": 0,
        "fish_probability": 0.01,
        "sst": 30.659993211179994,
        "chlorophyll": 0.09933804720640182,
        "current_u": 0.15080207586288452,
        "current_v": -0.17496010661125183,
        "bathymetry": 3992.48388671875
      }
    },
    {
      "type": "Feature",
      "geometry": {
        "type": "Point",
        "coordinates": [
          81.39999999999986,
          5.6999999999999975
        ]
      },
      "properties": {
        "fish_zone": 0,
        "fish_probability": 0.013333333333333334,
        "sst": 30.579993212968134,
        "chlorophyll": 0.10314348340034485,
        "current_u": 0.18028603494167328,
        "current_v": -0.1368664801120758,
        "bathymetry": 3992.48388671875
      }
    },
    {
      "type": "Feature",
      "geometry": {
        "type": "Point",
        "coordinates": [
          81.39999999999986,
          5.799999999999997
        ]
      },
      "properties": {
        "fish_zone": 0,
        "fish_probability": 0.01,
        "sst": 30.279993219673656,
        "chlorophyll": 0.1133924201130867,
        "current_u": 0.21988825500011444,
        "current_v": -0.07357840240001678,
        "bathymetry": 2533.3359375
      }
    },
    {
      "type": "Feature",
      "geometry": {
        "type": "Point",
        "coordinates": [
          81.39999999999986,
          5.899999999999997
        ]
      },
      "properties": {
        "fish_zone": 0,
        "fish_probability": 0.03,
        "sst": 30.149993222579383,
        "chlorophyll": 0.12462633848190308,
        "current_u": 0.2711802124977112,
        "current_v": -0.03374291583895683,
        "bathymetry": 1062.43994140625
      }
    },
    {
      "type": "Feature",
      "geometry": {
        "type": "Point",
        "coordinates": [
          81.39999999999986,
          5.9999999999999964
        ]
      },
      "properties": {
        "fish_zone": 0,
        "fish_probability": 0.03,
        "sst": 30.109993223473452,
        "chlorophyll": 0.16153115034103394,
        "current_u": 0.3884246349334717,
        "current_v": 0.01710490882396698,
        "bathymetry": 155.85069274902344
      }
    },
    {
      "type": "Feature",
      "geometry": {
        "type": "Point",
        "coordinates": [
          81.39999999999986,
          6.099999999999996
        ]
      },
      "properties": {
        "fish_zone": 0,
        "fish_probability": 0.02,
        "sst": 30.1399932228029,
        "chlorophyll": 0.19402767717838287,
        "current_u": 0.4208002984523773,
        "current_v": 0.04703981801867485,
        "bathymetry": 77.85385131835938
      }
    },
    {
      "type": "Feature",
      "geometry": {
        "type": "Point",
        "coordinates": [
          81.39999999999986,
          6.199999999999996
        ]
      },
      "properties": {
        "fish_zone": 0,
        "fish_probability": 0.12666666666666668,
        "sst": 30.159993222355865,
        "chlorophyll": 0.26160481572151184,
        "current_u": 0.21467407047748566,
        "current_v": 0.05863296613097191,
        "bathymetry": 15.810070037841797
      }
    },
    {
      "type": "Feature",
      "geometry": {
        "type": "Point",
        "coordinates": [
          81.39999999999986,
          8.299999999999988
        ]
      },
      "properties": {
        "fish_zone": 1,
        "fish_probability": 0.8866666666666667,
        "sst": 30.29999321922662,
        "chlorophyll": 0.2627210021018982,
        "current_u": -0.09911645203828812,
        "current_v": 0.19708824157714844,
        "bathymetry": 18.495559692382812
      }
    },
    {
      "type": "Feature",
      "geometry": {
        "type": "Point",
        "coordinates": [
          81.39999999999986,
          8.399999999999988
        ]
      },
      "properties": {
        "fish_zone": 1,
        "fish_probability": 0.89,
        "sst": 30.319993218779587,
        "chlorophyll": 0.6819215416908264,
        "current_u": -0.10438907891511917,
        "current_v": 0.2699246406555176,
        "bathymetry": 21.598819732666016
      }
    },
    {
      "type": "Feature",
      "geometry": {
        "type": "Point",
        "coordinates": [
          81.39999999999986,
          8.499999999999988
        ]
      },
      "properties": {
        "fish_zone": 1,
        "fish_probability": 0.8866666666666667,
        "sst": 30.319993218779587,
        "chlorophyll": 0.27047520875930786,
        "current_u": -0.15915393829345703,
        "current_v": 0.40364283323287964,
        "bathymetry": 40.344051361083984
      }
    },
    {
      "type": "Feature",
      "geometry": {
        "type": "Point",
        "coordinates": [
          81.39999999999986,
          8.599999999999987
        ]
      },
      "properties": {
        "fish_zone": 0,
        "fish_probability": 0.08333333333333333,
        "sst": 30.32999321855607,
        "chlorophyll": 0.18753646314144135,
        "current_u": -0.2659855782985687,
        "current_v": 0.537968635559082,
        "bathymetry": 65.80726623535156
      }
    },
    {
      "type": "Feature",
      "geometry": {
        "type": "Point",
        "coordinates": [
          81.39999999999986,
          8.699999999999987
        ]
      },
      "properties": {
        "fish_zone": 0,
        "fish_probability": 0.03,
        "sst": 30.379993217438482,
        "chlorophyll": 0.1716732531785965,
        "current_u": -0.34374451637268066,
        "current_v": 0.6345095038414001,
        "bathymetry": 763.3331298828125
      }
    },
    {
      "type": "Feature",
      "geometry": {
        "type": "Point",
        "coordinates": [
          81.39999999999986,
          8.799999999999986
        ]
      },
      "properties": {
        "fish_zone": 0,
        "fish_probability": 0.0033333333333333335,
        "sst": 30.60999321229758,
        "chlorophyll": 0.11067678779363632,
        "current_u": -0.3741668164730072,
        "current_v": 0.7017341256141663,
        "bathymetry": 2533.3359375
      }
    },
    {
      "type": "Feature",
      "geometry": {
        "type": "Point",
        "coordinates": [
          81.39999999999986,
          8.899999999999986
        ]
      },
      "properties": {
        "fish_zone": 0,
        "fish_probability": 0.0033333333333333335,
        "sst": 30.689993210509442,
        "chlorophyll": 0.10408270359039307,
        "current_u": -0.36061134934425354,
        "current_v": 0.6936100125312805,
        "bathymetry": 2865.702880859375
      }
    },
    {
      "type": "Feature",
      "geometry": {
        "type": "Point",
        "coordinates": [
          81.39999999999986,
          8.999999999999986
        ]
      },
      "properties": {
        "fish_zone": 0,
        "fish_probability": 0.0033333333333333335,
        "sst": 30.819993207603716,
        "chlorophyll": 0.0984572321176529,
        "current_u": -0.34581393003463745,
        "current_v": 0.6621009707450867,
        "bathymetry": 3220.820068359375
      }
    },
    {
      "type": "Feature",
      "geometry": {
        "type": "Point",
        "coordinates": [
          81.39999999999986,
          9.099999999999985
        ]
      },
      "properties": {
        "fish_zone": 0,
        "fish_probability": 0.0033333333333333335,
        "sst": 30.87999320626261,
        "chlorophyll": 0.10484401136636734,
        "current_u": -0.3334335684776306,
        "current_v": 0.6255761384963989,
        "bathymetry": 3597.031982421875
      }
    },
    {
      "type": "Feature",
      "geometry": {
        "type": "Point",
        "coordinates": [
          81.39999999999986,
          9.199999999999985
        ]
      },
      "properties": {
        "fish_zone": 0,
        "fish_probability": 0.0,
        "sst": 30.86999320648613,
        "chlorophyll": 0.12022767961025238,
        "current_u": -0.324373334646225,
        "current_v": 0.5947776436805725,
        "bathymetry": 3992.48388671875
      }
    },
    {
      "type": "Feature",
      "geometry": {
        "type": "Point",
        "coordinates": [
          81.39999999999986,
          9.299999999999985
        ]
      },
      "properties": {
        "fish_zone": 0,
        "fish_probability": 0.0,
        "sst": 30.75999320894482,
        "chlorophyll": 0.10594838112592697,
        "current_u": -0.3189142048358917,
        "current_v": 0.5676475763320923,
        "bathymetry": 3992.48388671875
      }
    },
    {
      "type": "Feature",
      "geometry": {
        "type": "Point",
        "coordinates": [
          81.39999999999986,
          9.399999999999984
        ]
      },
      "properties": {
        "fish_zone": 0,
        "fish_probability": 0.0,
        "sst": 30.709993210062407,
        "chlorophyll": 0.10386364907026291,
        "current_u": -0.31587257981300354,
        "current_v": 0.566962480545044,
        "bathymetry": 3992.48388671875
      }
    },
    {
      "type": "Feature",
      "geometry": {
        "type": "Point",
        "coordinates": [
          81.39999999999986,
          9.499999999999984
        ]
      },
      "properties": {
        "fish_zone": 0,
        "fish_probability": 0.0,
        "sst": 30.55999321341517,
        "chlorophyll": 0.09741859138011932,
        "current_u": -0.30969345569610596,
        "current_v": 0.5638306736946106,
        "bathymetry": 3992.48388671875
      }
    },
    {
      "type": "Feature",
      "geometry": {
        "type": "Point",
        "coordinates": [
          81.39999999999986,
          9.599999999999984
        ]
      },
      "properties": {
        "fish_zone": 0,
        "fish_probability": 0.0,
        "sst": 30.549993213638686,
        "chlorophyll": 0.09401323646306992,
        "current_u": -0.3024040460586548,
        "current_v": 0.5538464188575745,
        "bathymetry": 3992.48388671875
      }
    },
    {
      "type": "Feature",
      "geometry": {
        "type": "Point",
        "coordinates": [
          81.39999999999986,
          9.699999999999983
        ]
      },
      "properties": {
        "fish_zone": 0,
        "fish_probability": 0.0,
        "sst": 30.56999321319165,
        "chlorophyll": 0.09061892330646515,
        "current_u": -0.29369163513183594,
        "current_v": 0.5396003723144531,
        "bathymetry": 3597.031982421875
      }
    },
    {
      "type": "Feature",
      "geometry": {
        "type": "Point",
        "coordinates": [
          81.39999999999986,
          9.799999999999983
        ]
      },
      "properties": {
        "fish_zone": 0,
        "fish_probability": 0.0,
        "sst": 30.659993211179994,
        "chlorophyll": 0.09733744710683823,
        "current_u": -0.2640992999076843,
        "current_v": 0.5098233819007874,
        "bathymetry": 3992.48388671875
      }
    },
    {
      "type": "Feature",
      "geometry": {
        "type": "Point",
        "coordinates": [
          81.39999999999986,
          9.899999999999983
        ]
      },
      "properties": {
        "fish_zone": 0,
        "fish_probability": 0.0,
        "sst": 30.689993210509442,
        "chlorophyll": 0.09333266317844391,
        "current_u": -0.250182569026947,
        "current_v": 0.48433536291122437,
        "bathymetry": 3992.48388671875
      }
    },
    {
      "type": "Feature",
      "geometry": {
        "type": "Point",
        "coordinates": [
          81.49999999999986,
          5.0
        ]
      },
      "properties": {
        "fish_zone": 0,
        "fish_probability": 0.006666666666666667,
        "sst": 30.769993208721303,
        "chlorophyll": 0.10123741626739502,
        "current_u": 0.2363990843296051,
        "current_v": -0.1180788055062294,
        "bathymetry": 4405.22412109375
      }
    },
    {
      "type": "Feature",
      "geometry": {
        "type": "Point",
        "coordinates": [
          81.49999999999986,
          5.1
        ]
      },
      "properties": {
        "fish_zone": 0,
        "fish_probability": 0.006666666666666667,
        "sst": 30.749993209168338,
        "chlorophyll": 0.10656347870826721,
        "current_u": 0.20602291822433472,
        "current_v": -0.12412092089653015,
        "bathymetry": 4405.22412109375
      }
    },
    {
      "type": "Feature",
      "geometry": {
        "type": "Point",
        "coordinates": [
          81.49999999999986,
          5.199999999999999
        ]
      },
      "properties": {
        "fish_zone": 0,
        "fish_probability": 0.006666666666666667,
        "sst": 30.749993209168338,
        "chlorophyll": 0.109615758061409,
        "current_u": 0.1797337532043457,
        "current_v": -0.1361294537782669,
        "bathymetry": 4405.22412109375
      }
    },
    {
      "type": "Feature",
      "geometry": {
        "type": "Point",
        "coordinates": [
          81.49999999999986,
          5.299999999999999
        ]
      },
      "properties": {
        "fish_zone": 0,
        "fish_probability": 0.006666666666666667,
        "sst": 30.699993210285925,
        "chlorophyll": 0.10657519847154617,
        "current_u": 0.1300819218158722,
        "current_v": -0.1701095849275589,
        "bathymetry": 4405.22412109375
      }
    },
    {
      "type": "Feature",
      "geometry": {
        "type": "Point",
        "coordinates": [
          81.49999999999986,
          5.399999999999999
        ]
      },
      "properties": {
        "fish_zone": 0,
        "fish_probability": 0.006666666666666667,
        "sst": 30.669993210956477,
        "chlorophyll": 0.10682723671197891,
        "current_u": 0.1272229254245758,
        "current_v": -0.18542559444904327,
        "bathymetry": 4405.22412109375
      }
    },
    {
      "type": "Feature",
      "geometry": {
        "type": "Point",
        "coordinates": [
          81.49999999999986,
          5.499999999999998
        ]
      },
      "properties": {
        "fish_zone": 0,
        "fish_probability": 0.006666666666666667,
        "sst": 30.63999321162703,
        "chlorophyll": 0.10159376263618469,
        "current_u": 0.13242119550704956,
        "current_v": -0.19089634716510773,
        "bathymetry": 3992.48388671875
      }
    },
    {
      "type": "Feature",
      "geometry": {
        "type": "Point",
        "coordinates": [
          81.49999999999986,
          5.599999999999998
        ]
      },
      "properties": {
        "fish_zone": 0,
        "fish_probability": 0.01,
        "sst": 30.60999321229758,
        "chlorophyll": 0.0984727218747139,
        "current_u": 0.14598560333251953,
        "current_v": -0.1801370233297348,
        "bathymetry": 3992.48388671875
      }
    },
    {
      "type": "Feature",
      "geometry": {
        "type": "Point",
        "coordinates": [
          81.49999999999986,
          5.6999999999999975
        ]
      },
      "properties": {
        "fish_zone": 0,
        "fish_probability": 0.013333333333333334,
        "sst": 30.589993212744616,
        "chlorophyll": 0.10313108563423157,
        "current_u": 0.17069627344608307,
        "current_v": -0.1527053415775299,
        "bathymetry": 3992.48388671875
      }
    },
    {
      "type": "Feature",
      "geometry": {
        "type": "Point",
        "coordinates": [
          81.49999999999986,
          5.799999999999997
        ]
      },
      "properties": {
        "fish_zone": 0,
        "fish_probability": 0.01,
        "sst": 30.479993215203308,
        "chlorophyll": 0.1102418303489685,
        "current_u": 0.2157648354768753,
        "current_v": -0.09252476692199707,
        "bathymetry": 3992.48388671875
      }
    },
    {
      "type": "Feature",
      "geometry": {
        "type": "Point",
        "coordinates": [
          81.49999999999986,
          5.899999999999997
        ]
      },
      "properties": {
        "fish_zone": 0,
        "fish_probability": 0.0,
        "sst": 30.32999321855607,
        "chlorophyll": 0.11799057573080063,
        "current_u": 0.25779539346694946,
        "current_v": -0.05978183075785637,
        "bathymetry": 2865.702880859375
      }
    },
    {
      "type": "Feature",
      "geometry": {
        "type": "Point",
        "coordinates": [
          81.49999999999986,
          5.9999999999999964
        ]
      },
      "properties": {
        "fish_zone": 0,
        "fish_probability": 0.03,
        "sst": 30.229993220791243,
        "chlorophyll": 0.14922842383384705,
        "current_u": 0.3420981466770172,
        "current_v": -0.009753203019499779,
        "bathymetry": 1245.291015625
      }
    },
    {
      "type": "Feature",
      "geometry": {
        "type": "Point",
        "coordinates": [
          81.49999999999986,
          6.099999999999996
        ]
      },
      "properties": {
        "fish_zone": 0,
        "fish_probability": 0.02,
        "sst": 30.199993221461796,
        "chlorophyll": 0.17770999670028687,
        "current_u": 0.39028942584991455,
        "current_v": 0.03573870286345482,
        "bathymetry": 130.66600036621094
      }
    },
    {
      "type": "Feature",
      "geometry": {
        "type": "Point",
        "coordinates": [
          81.49999999999986,
          6.199999999999996
        ]
      },
      "properties": {
        "fish_zone": 0,
        "fish_probability": 0.16666666666666666,
        "sst": 30.21999322101476,
        "chlorophyll": 0.23047299683094025,
        "current_u": 0.2679617702960968,
        "current_v": 0.06906627118587494,
        "bathymetry": 47.37369155883789
      }
    },
    {
      "type": "Feature",
      "geometry": {
        "type": "Point",
        "coordinates": [
          81.49999999999986,
          6.299999999999995
        ]
      },
      "properties": {
        "fish_zone": 0,
        "fish_probability": 0.21,
        "sst": 30.349993218109034,
        "chlorophyll": 0.4512235224246979,
        "current_u": 0.1444362998008728,
        "current_v": 0.09906929731369019,
        "bathymetry": 11.404999732971191
      }
    },
    {
      "type": "Feature",
      "geometry": {
        "type": "Point",
        "coordinates": [
          81.49999999999986,
          8.099999999999989
        ]
      },
      "properties": {
        "fish_zone": 1,
        "fish_probability": 0.72,
        "sst": 30.09999322369697,
        "chlorophyll": 1.0095510482788086,
        "current_u": -0.1211836189031601,
        "current_v": 0.08782587945461273,
        "bathymetry": 9.572997093200684
      }
    },
    {
      "type": "Feature",
      "geometry": {
        "type": "Point",
        "coordinates": [
          81.49999999999986,
          8.199999999999989
        ]
      },
      "properties": {
        "fish_zone": 1,
        "fish_probability": 0.8966666666666666,
        "sst": 30.159993222355865,
        "chlorophyll": 0.4109632670879364,
        "current_u": -0.17628386616706848,
        "current_v": 0.26307228207588196,
        "bathymetry": 25.211410522460938
      }
    },
    {
      "type": "Feature",
      "geometry": {
        "type": "Point",
        "coordinates": [
          81.49999999999986,
          8.299999999999988
        ]
      },
      "properties": {
        "fish_zone": 0,
        "fish_probability": 0.08333333333333333,
        "sst": 30.309993219003104,
        "chlorophyll": 0.17259955406188965,
        "current_u": -0.17226096987724304,
        "current_v": 0.43855535984039307,
        "bathymetry": 34.43415069580078
      }
    },
    {
      "type": "Feature",
      "geometry": {
        "type": "Point",
        "coordinates": [
          81.49999999999986,
          8.399999999999988
        ]
      },
      "properties": {
        "fish_zone": 0,
        "fish_probability": 0.08,
        "sst": 30.349993218109034,
        "chlorophyll": 0.17413188517093658,
        "current_u": -0.2313428670167923,
        "current_v": 0.587615966796875,
        "bathymetry": 47.37369155883789
      }
    },
    {
      "type": "Feature",
      "geometry": {
        "type": "Point",
        "coordinates": [
          81.49999999999986,
          8.499999999999988
        ]
      },
      "properties": {
        "fish_zone": 0,
        "fish_probability": 0.03333333333333333,
        "sst": 30.379993217438482,
        "chlorophyll": 0.1606651395559311,
        "current_u": -0.3290915787220001,
        "current_v": 0.6961951851844788,
        "bathymetry": 186.12559509277344
      }
    },
    {
      "type": "Feature",
      "geometry": {
        "type": "Point",
        "coordinates": [
          81.49999999999986,
          8.599999999999987
        ]
      },
      "properties": {
        "fish_zone": 0,
        "fish_probability": 0.03,
        "sst": 30.379993217438482,
        "chlorophyll": 0.11898665875196457,
        "current_u": -0.38484102487564087,
        "current_v": 0.7287047505378723,
        "bathymetry": 763.3331298828125
      }
    },
    {
      "type": "Feature",
      "geometry": {
        "type": "Point",
        "coordinates": [
          81.49999999999986,
          8.699999999999987
        ]
      },
      "properties": {
        "fish_zone": 0,
        "fish_probability": 0.013333333333333334,
        "sst": 30.419993216544412,
        "chlorophyll": 0.08907739073038101,
        "current_u": -0.3917321264743805,
        "current_v": 0.7054644823074341,
        "bathymetry": 1941.8929443359375
      }
    },
    {
      "type": "Feature",
      "geometry": {
        "type": "Point",
        "coordinates": [
          81.49999999999986,
          8.799999999999986
        ]
      },
      "properties": {
        "fish_zone": 0,
        "fish_probability": 0.0033333333333333335,
        "sst": 30.5999932125211,
        "chlorophyll": 0.0951961949467659,
        "current_u": -0.33881914615631104,
        "current_v": 0.6158360242843628,
        "bathymetry": 2865.702880859375
      }
    },
    {
      "type": "Feature",
      "geometry": {
        "type": "Point",
        "coordinates": [
          81.49999999999986,
          8.899999999999986
        ]
      },
      "properties": {
        "fish_zone": 0,
        "fish_probability": 0.0,
        "sst": 30.67999321073296,
        "chlorophyll": 0.10903988033533096,
        "current_u": -0.3123146593570709,
        "current_v": 0.5776377320289612,
        "bathymetry": 3220.820068359375
      }
    },
    {
      "type": "Feature",
      "geometry": {
        "type": "Point",
        "coordinates": [
          81.49999999999986,
          8.999999999999986
        ]
      },
      "properties": {
        "fish_zone": 0,
        "fish_probability": 0.0,
        "sst": 30.8299932073802,
        "chlorophyll": 0.09331990033388138,
        "current_u": -0.2982858121395111,
        "current_v": 0.5462501049041748,
        "bathymetry": 3597.031982421875
      }
    },
    {
      "type": "Feature",
      "geometry": {
        "type": "Point",
        "coordinates": [
          81.49999999999986,
          9.099999999999985
        ]
      },
      "properties": {
        "fish_zone": 0,
        "fish_probability": 0.0,
        "sst": 30.899993205815576,
        "chlorophyll": 0.08941223472356796,
        "current_u": -0.2970103919506073,
        "current_v": 0.5242600440979004,
        "bathymetry": 3597.031982421875
      }
    },
    {
      "type": "Feature",
      "geometry": {
        "type": "Point",
        "coordinates": [
          81.49999999999986,
          9.199999999999985
        ]
      },
      "properties": {
        "fish_zone": 0,
        "fish_probability": 0.0,
        "sst": 30.899993205815576,
        "chlorophyll": 0.1001865491271019,
        "current_u": -0.3028808832168579,
        "current_v": 0.5141369104385376,
        "bathymetry": 3597.031982421875
      }
    },
    {
      "type": "Feature",
      "geometry": {
        "type": "Point",
        "coordinates": [
          81.49999999999986,
          9.299999999999985
        ]
      },
      "properties": {
        "fish_zone": 0,
        "fish_probability": 0.0,
        "sst": 30.79999320805075,
        "chlorophyll": 0.10677036643028259,
        "current_u": -0.315519243478775,
        "current_v": 0.5174897909164429,
        "bathymetry": 3992.48388671875
      }
    },
    {
      "type": "Feature",
      "geometry": {
        "type": "Point",
        "coordinates": [
          81.49999999999986,
          9.399999999999984
        ]
      },
      "properties": {
        "fish_zone": 0,
        "fish_probability": 0.0,
        "sst": 30.729993209615373,
        "chlorophyll": 0.10841434448957443,
        "current_u": -0.3122556209564209,
        "current_v": 0.518714189529419,
        "bathymetry": 3992.48388671875
      }
    },
    {
      "type": "Feature",
      "geometry": {
        "type": "Point",
        "coordinates": [
          81.49999999999986,
          9.499999999999984
        ]
      },
      "properties": {
        "fish_zone": 0,
        "fish_probability": 0.0,
        "sst": 30.52999321408572,
        "chlorophyll": 0.09719303250312805,
        "current_u": -0.3006744384765625,
        "current_v": 0.5119019746780396,
        "bathymetry": 3992.48388671875
      }
    },
    {
      "type": "Feature",
      "geometry": {
        "type": "Point",
        "coordinates": [
          81.49999999999986,
          9.599999999999984
        ]
      },
      "properties": {
        "fish_zone": 0,
        "fish_probability": 0.0,
        "sst": 30.579993212968134,
        "chlorophyll": 0.09491531550884247,
        "current_u": -0.2851479947566986,
        "current_v": 0.49713706970214844,
        "bathymetry": 3992.48388671875
      }
    },
    {
      "type": "Feature",
      "geometry": {
        "type": "Point",
        "coordinates": [
          81.49999999999986,
          9.699999999999983
        ]
      },
      "properties": {
        "fish_zone": 0,
        "fish_probability": 0.0,
        "sst": 30.619993212074064,
        "chlorophyll": 0.08912960439920425,
        "current_u": -0.2681612968444824,
        "current_v": 0.4775111675262451,
        "bathymetry": 3992.48388671875
      }
    },
    {
      "type": "Feature",
      "geometry": {
        "type": "Point",
        "coordinates": [
          81.49999999999986,
          9.799999999999983
        ]
      },
      "properties": {
        "fish_zone": 0,
        "fish_probability": 0.0,
        "sst": 30.67999321073296,
        "chlorophyll": 0.10210155695676804,
        "current_u": -0.23179508745670319,
        "current_v": 0.43571174144744873,
        "bathymetry": 3992.48388671875
      }
    },
    {
      "type": "Feature",
      "geometry": {
        "type": "Point",
        "coordinates": [
          81.49999999999986,
          9.899999999999983
        ]
      },
      "properties": {
        "fish_zone": 0,
        "fish_probability": 0.0,
        "sst": 30.689993210509442,
        "chlorophyll": 0.0916692465543747,
        "current_u": -0.2202761322259903,
        "current_v": 0.40753576159477234,
        "bathymetry": 3597.031982421875
      }
    },
    {
      "type": "Feature",
      "geometry": {
        "type": "Point",
        "coordinates": [
          81.59999999999985,
          5.0
        ]
      },
      "properties": {
        "fish_zone": 0,
        "fish_probability": 0.006666666666666667,
        "sst": 30.619993212074064,
        "chlorophyll": 0.10529807209968567,
        "current_u": 0.2580139935016632,
        "current_v": -0.11315076053142548,
        "bathymetry": 4405.22412109375
      }
    },
    {
      "type": "Feature",
      "geometry": {
        "type": "Point",
        "coordinates": [
          81.59999999999985,
          5.1
        ]
      },
      "properties": {
        "fish_zone": 0,
        "fish_probability": 0.006666666666666667,
        "sst": 30.649993211403512,
        "chlorophyll": 0.1095992773771286,
        "current_u": 0.22159045934677124,
        "current_v": -0.12041706591844559,
        "bathymetry": 4405.22412109375
      }
    },
    {
      "type": "Feature",
      "geometry": {
        "type": "Point",
        "coordinates": [
          81.59999999999985,
          5.199999999999999
        ]
      },
      "properties": {
        "fish_zone": 0,
        "fish_probability": 0.006666666666666667,
        "sst": 30.659993211179994,
        "chlorophyll": 0.11436542868614197,
        "current_u": 0.19485878944396973,
        "current_v": -0.13097453117370605,
        "bathymetry": 4405.22412109375
      }
    },
    {
      "type": "Feature",
      "geometry": {
        "type": "Point",
        "coordinates": [
          81.59999999999985,
          5.299999999999999
        ]
      },
      "properties": {
        "fish_zone": 0,
        "fish_probability": 0.006666666666666667,
        "sst": 30.619993212074064,
        "chlorophyll": 0.09312520176172256,
        "current_u": 0.14172589778900146,
        "current_v": -0.16091981530189514,
        "bathymetry": 4405.22412109375
      }
    },
    {
      "type": "Feature",
      "geometry": {
        "type": "Point",
        "coordinates": [
          81.59999999999985,
          5.399999999999999
        ]
      },
      "properties": {
        "fish_zone": 0,
        "fish_probability": 0.006666666666666667,
        "sst": 30.55999321341517,
        "chlorophyll": 0.10114626586437225,
        "current_u": 0.134681835770607,
        "current_v": -0.1738683134317398,
        "bathymetry": 4405.22412109375
      }
    },
    {
      "type": "Feature",
      "geometry": {
        "type": "Point",
        "coordinates": [
          81.59999999999985,
          5.499999999999998
        ]
      },
      "properties": {
        "fish_zone": 0,
        "fish_probability": 0.006666666666666667,
        "sst": 30.499993214756273,
        "chlorophyll": 0.10434921085834503,
        "current_u": 0.13385668396949768,
        "current_v": -0.17918147146701813,
        "bathymetry": 3992.48388671875
      }
    },
    {
      "type": "Feature",
      "geometry": {
        "type": "Point",
        "coordinates": [
          81.59999999999985,
          5.599999999999998
        ]
      },
      "properties": {
        "fish_zone": 0,
        "fish_probability": 0.01,
        "sst": 30.479993215203308,
        "chlorophyll": 0.09891977906227112,
        "current_u": 0.13584356009960175,
        "current_v": -0.1735440492630005,
        "bathymetry": 3992.48388671875
      }
    },
    {
      "type": "Feature",
      "geometry": {
        "type": "Point",
        "coordinates": [
          81.59999999999985,
          5.6999999999999975
        ]
      },
      "properties": {
        "fish_zone": 0,
        "fish_probability": 0.013333333333333334,
        "sst": 30.48999321497979,
        "chlorophyll": 0.0972178727388382,
        "current_u": 0.15433456003665924,
        "current_v": -0.15701378881931305,
        "bathymetry": 3992.48388671875
      }
    },
    {
      "type": "Feature",
      "geometry": {
        "type": "Point",
        "coordinates": [
          81.59999999999985,
          5.799999999999997
        ]
      },
      "properties": {
        "fish_zone": 0,
        "fish_probability": 0.013333333333333334,
        "sst": 30.52999321408572,
        "chlorophyll": 0.10427913069725037,
        "current_u": 0.20819342136383057,
        "current_v": -0.1058405190706253,
        "bathymetry": 3992.48388671875
      }
    },
    {
      "type": "Feature",
      "geometry": {
        "type": "Point",
        "coordinates": [
          81.59999999999985,
          5.899999999999997
        ]
      },
      "properties": {
        "fish_zone": 0,
        "fish_probability": 0.01,
        "sst": 30.459993215650343,
        "chlorophyll": 0.10982558876276016,
        "current_u": 0.24295078217983246,
        "current_v": -0.07830791920423508,
        "bathymetry": 3220.820068359375
      }
    },
    {
      "type": "Feature",
      "geometry": {
        "type": "Point",
        "coordinates": [
          81.59999999999985,
          5.9999999999999964
        ]
      },
      "properties": {
        "fish_zone": 0,
        "fish_probability": 0.0033333333333333335,
        "sst": 30.369993217662,
        "chlorophyll": 0.12555813789367676,
        "current_u": 0.2989945709705353,
        "current_v": -0.027782967314124107,
        "bathymetry": 2225.077880859375
      }
    },
    {
      "type": "Feature",
      "geometry": {
        "type": "Point",
        "coordinates": [
          81.59999999999985,
          6.099999999999996
        ]
      },
      "properties": {
        "fish_zone": 0,
        "fish_probability": 0.023333333333333334,
        "sst": 30.319993218779587,
        "chlorophyll": 0.14738160371780396,
        "current_u": 0.34224259853363037,
        "current_v": 0.030250879004597664,
        "bathymetry": 1062.43994140625
      }
    },
    {
      "type": "Feature",
      "geometry": {
        "type": "Point",
        "coordinates": [
          81.59999999999985,
          6.199999999999996
        ]
      },
      "properties": {
        "fish_zone": 0,
        "fish_probability": 0.006666666666666667,
        "sst": 30.32999321855607,
        "chlorophyll": 0.18067030608654022,
        "current_u": 0.31972458958625793,
        "current_v": 0.04512947425246239,
        "bathymetry": 109.72930145263672
      }
    },
    {
      "type": "Feature",
      "geometry": {
        "type": "Point",
        "coordinates": [
          81.59999999999985,
          6.299999999999995
        ]
      },
      "properties": {
        "fish_zone": 0,
        "fish_probability": 0.21333333333333335,
        "sst": 30.44999321587386,
        "chlorophyll": 0.23620647192001343,
        "current_u": 0.1532028764486313,
        "current_v": 0.0976625606417656,
        "bathymetry": 11.404999732971191
      }
    },
    {
      "type": "Feature",
      "geometry": {
        "type": "Point",
        "coordinates": [
          81.59999999999985,
          7.89999999999999
        ]
      },
      "properties": {
        "fish_zone": 1,
        "fish_probability": 0.6933333333333334,
        "sst": 30.109993223473452,
        "chlorophyll": 0.2667585611343384,
        "current_u": -0.10501378029584885,
        "current_v": 0.08104168623685837,
        "bathymetry": 11.404999732971191
      }
    },
    {
      "type": "Feature",
      "geometry": {
        "type": "Point",
        "coordinates": [
          81.59999999999985,
          7.999999999999989
        ]
      },
      "properties": {
        "fish_zone": 1,
        "fish_probability": 0.8233333333333334,
        "sst": 30.05999322459104,
        "chlorophyll": 0.20091891288757324,
        "current_u": -0.14801672101020813,
        "current_v": 0.17908066511154175,
        "bathymetry": 18.495559692382812
      }
    },
    {
      "type": "Feature",
      "geometry": {
        "type": "Point",
        "coordinates": [
          81.59999999999985,
          8.099999999999989
        ]
      },
      "properties": {
        "fish_zone": 0,
        "fish_probability": 0.07666666666666666,
        "sst": 30.119993223249935,
        "chlorophyll": 0.12767285108566284,
        "current_u": -0.19458776712417603,
        "current_v": 0.36835381388664246,
        "bathymetry": 40.344051361083984
      }
    },
    {
      "type": "Feature",
      "geometry": {
        "type": "Point",
        "coordinates": [
          81.59999999999985,
          8.199999999999989
        ]
      },
      "properties": {
        "fish_zone": 0,
        "fish_probability": 0.07333333333333333,
        "sst": 30.17999322190883,
        "chlorophyll": 0.17179296910762787,
        "current_u": -0.2781898081302643,
        "current_v": 0.5012723803520203,
        "bathymetry": 40.344051361083984
      }
    },
    {
      "type": "Feature",
      "geometry": {
        "type": "Point",
        "coordinates": [
          81.59999999999985,
          8.299999999999988
        ]
      },
      "properties": {
        "fish_zone": 0,
        "fish_probability": 0.08333333333333333,
        "sst": 30.359993217885517,
        "chlorophyll": 0.14938391745090485,
        "current_u": -0.31655311584472656,
        "current_v": 0.6649429202079773,
        "bathymetry": 65.80726623535156
      }
    },
    {
      "type": "Feature",
      "geometry": {
        "type": "Point",
        "coordinates": [
          81.59999999999985,
          8.399999999999988
        ]
      },
      "properties": {
        "fish_zone": 0,
        "fish_probability": 0.013333333333333334,
        "sst": 30.40999321676793,
        "chlorophyll": 0.09393610805273056,
        "current_u": -0.3607107400894165,
        "current_v": 0.691731333732605,
        "bathymetry": 902.3392944335938
      }
    },
    {
      "type": "Feature",
      "geometry": {
        "type": "Point",
        "coordinates": [
          81.59999999999985,
          8.499999999999988
        ]
      },
      "properties": {
        "fish_zone": 0,
        "fish_probability": 0.006666666666666667,
        "sst": 30.459993215650343,
        "chlorophyll": 0.09543956816196442,
        "current_u": -0.3897691071033478,
        "current_v": 0.6727945804595947,
        "bathymetry": 1941.8929443359375
      }
    },
    {
      "type": "Feature",
      "geometry": {
        "type": "Point",
        "coordinates": [
          81.59999999999985,
          8.599999999999987
        ]
      },
      "properties": {
        "fish_zone": 0,
        "fish_probability": 0.0,
        "sst": 30.439993216097378,
        "chlorophyll": 0.10558600723743439,
        "current_u": -0.3904240131378174,
        "current_v": 0.6291984915733337,
        "bathymetry": 2865.702880859375
      }
    },
    {
      "type": "Feature",
      "geometry": {
        "type": "Point",
        "coordinates": [
          81.59999999999985,
          8.699999999999987
        ]
      },
      "properties": {
        "fish_zone": 0,
        "fish_probability": 0.0,
        "sst": 30.44999321587386,
        "chlorophyll": 0.09732048213481903,
        "current_u": -0.3702285885810852,
        "current_v": 0.5690831542015076,
        "bathymetry": 2865.702880859375
      }
    },
    {
      "type": "Feature",
      "geometry": {
        "type": "Point",
        "coordinates": [
          81.59999999999985,
          8.799999999999986
        ]
      },
      "properties": {
        "fish_zone": 0,
        "fish_probability": 0.0,
        "sst": 30.55999321341517,
        "chlorophyll": 0.09947384893894196,
        "current_u": -0.31009986996650696,
        "current_v": 0.4802066683769226,
        "bathymetry": 3220.820068359375
      }
    },
    {
      "type": "Feature",
      "geometry": {
        "type": "Point",
        "coordinates": [
          81.59999999999985,
          8.899999999999986
        ]
      },
      "properties": {
        "fish_zone": 0,
        "fish_probability": 0.0,
        "sst": 30.619993212074064,
        "chlorophyll": 0.11731826514005661,
        "current_u": -0.29137006402015686,
        "current_v": 0.46327316761016846,
        "bathymetry": 3597.031982421875
      }
    },
    {
      "type": "Feature",
      "geometry": {
        "type": "Point",
        "coordinates": [
          81.59999999999985,
          8.999999999999986
        ]
      },
      "properties": {
        "fish_zone": 0,
        "fish_probability": 0.0,
        "sst": 30.79999320805075,
        "chlorophyll": 0.10308100283145905,
        "current_u": -0.29013508558273315,
        "current_v": 0.4557287395000458,
        "bathymetry": 3597.031982421875
      }
    },
    {
      "type": "Feature",
      "geometry": {
        "type": "Point",
        "coordinates": [
          81.59999999999985,
          9.099999999999985
        ]
      },
      "properties": {
        "fish_zone": 0,
        "fish_probability": 0.0,
        "sst": 30.91999320536854,
        "chlorophyll": 0.09140574932098389,
        "current_u": -0.3008503019809723,
        "current_v": 0.455992728471756,
        "bathymetry": 3597.031982421875
      }
    },
    {
      "type": "Feature",
      "geometry": {
        "type": "Point",
        "coordinates": [
          81.59999999999985,
          9.199999999999985
        ]
      },
      "properties": {
        "fish_zone": 0,
        "fish_probability": 0.0,
        "sst": 30.959993204474472,
        "chlorophyll": 0.0939674898982048,
        "current_u": -0.3129885792732239,
        "current_v": 0.4599146842956543,
        "bathymetry": 3597.031982421875
      }
    },
    {
      "type": "Feature",
      "geometry": {
        "type": "Point",
        "coordinates": [
          81.59999999999985,
          9.299999999999985
        ]
      },
      "properties": {
        "fish_zone": 0,
        "fish_probability": 0.0,
        "sst": 30.939993204921507,
        "chlorophyll": 0.10218080133199692,
        "current_u": -0.31503522396087646,
        "current_v": 0.4665834605693817,
        "bathymetry": 3992.48388671875
      }
    },
    {
      "type": "Feature",
      "geometry": {
        "type": "Point",
        "coordinates": [
          81.59999999999985,
          9.399999999999984
        ]
      },
      "properties": {
        "fish_zone": 0,
        "fish_probability": 0.0,
        "sst": 30.86999320648613,
        "chlorophyll": 0.10405460745096207,
        "current_u": -0.299936980009079,
        "current_v": 0.4624592661857605,
        "bathymetry": 3992.48388671875
      }
    },
    {
      "type": "Feature",
      "geometry": {
        "type": "Point",
        "coordinates": [
          81.59999999999985,
          9.499999999999984
        ]
      },
      "properties": {
        "fish_zone": 0,
        "fish_probability": 0.0,
        "sst": 30.5999932125211,
        "chlorophyll": 0.09709826111793518,
        "current_u": -0.27741631865501404,
        "current_v": 0.4504123628139496,
        "bathymetry": 3992.48388671875
      }
    },
    {
      "type": "Feature",
      "geometry": {
        "type": "Point",
        "coordinates": [
          81.59999999999985,
          9.599999999999984
        ]
      },
      "properties": {
        "fish_zone": 0,
        "fish_probability": 0.0,
        "sst": 30.709993210062407,
        "chlorophyll": 0.09469377994537354,
        "current_u": -0.25435546040534973,
        "current_v": 0.4300921857357025,
        "bathymetry": 3992.48388671875
      }
    },
    {
      "type": "Feature",
      "geometry": {
        "type": "Point",
        "coordinates": [
          81.59999999999985,
          9.699999999999983
        ]
      },
      "properties": {
        "fish_zone": 0,
        "fish_probability": 0.0,
        "sst": 30.779993208497785,
        "chlorophyll": 0.08889836817979813,
        "current_u": -0.23329289257526398,
        "current_v": 0.4067291021347046,
        "bathymetry": 3992.48388671875
      }
    },
    {
      "type": "Feature",
      "geometry": {
        "type": "Point",
        "coordinates": [
          81.59999999999985,
          9.799999999999983
        ]
      },
      "properties": {
        "fish_zone": 0,
        "fish_probability": 0.0,
        "sst": 30.789993208274268,
        "chlorophyll": 0.09236399829387665,
        "current_u": -0.19808408617973328,
        "current_v": 0.3582073450088501,
        "bathymetry": 3597.031982421875
      }
    },
    {
      "type": "Feature",
      "geometry": {
        "type": "Point",
        "coordinates": [
          81.59999999999985,
          9.899999999999983
        ]
      },
      "properties": {
        "fish_zone": 0,
        "fish_probability": 0.0,
        "sst": 30.75999320894482,
        "chlorophyll": 0.09161244332790375,
        "current_u": -0.18627339601516724,
        "current_v": 0.3305823504924774,
        "bathymetry": 3597.031982421875
      }
    },
    {
      "type": "Feature",
      "geometry": {
        "type": "Point",
        "coordinates": [
          81.69999999999985,
          5.0
        ]
      },
      "properties": {
        "fish_zone": 0,
        "fish_probability": 0.006666666666666667,
        "sst": 30.56999321319165,
        "chlorophyll": 0.09247443079948425,
        "current_u": 0.279255747795105,
        "current_v": -0.10760299116373062,
        "bathymetry": 4405.22412109375
      }
    },
    {
      "type": "Feature",
      "geometry": {
        "type": "Point",
        "coordinates": [
          81.69999999999985,
          5.1
        ]
      },
      "properties": {
        "fish_zone": 0,
        "fish_probability": 0.006666666666666667,
        "sst": 30.60999321229758,
        "chlorophyll": 0.10225053876638412,
        "current_u": 0.23848742246627808,
        "current_v": -0.11728844046592712,
        "bathymetry": 4405.22412109375
      }
    },
    {
      "type": "Feature",
      "geometry": {
        "type": "Point",
        "coordinates": [
          81.69999999999985,
          5.199999999999999
        ]
      },
      "properties": {
        "fish_zone": 0,
        "fish_probability": 0.006666666666666667,
        "sst": 30.619993212074064,
        "chlorophyll": 0.09660790115594864,
        "current_u": 0.20709386467933655,
        "current_v": -0.128534734249115,
        "bathymetry": 4405.22412109375
      }
    },
    {
      "type": "Feature",
      "geometry": {
        "type": "Point",
        "coordinates": [
          81.69999999999985,
          5.299999999999999
        ]
      },
      "properties": {
        "fish_zone": 0,
        "fish_probability": 0.006666666666666667,
        "sst": 30.579993212968134,
        "chlorophyll": 0.1029188334941864,
        "current_u": 0.15028676390647888,
        "current_v": -0.15800374746322632,
        "bathymetry": 4405.22412109375
      }
    },
    {
      "type": "Feature",
      "geometry": {
        "type": "Point",
        "coordinates": [
          81.69999999999985,
          5.399999999999999
        ]
      },
      "properties": {
        "fish_zone": 0,
        "fish_probability": 0.006666666666666667,
        "sst": 30.509993214532756,
        "chlorophyll": 0.09918230772018433,
        "current_u": 0.14097464084625244,
        "current_v": -0.16936637461185455,
        "bathymetry": 4405.22412109375
      }
    },
    {
      "type": "Feature",
      "geometry": {
        "type": "Point",
        "coordinates": [
          81.69999999999985,
          5.499999999999998
        ]
      },
      "properties": {
        "fish_zone": 0,
        "fish_probability": 0.006666666666666667,
        "sst": 30.439993216097378,
        "chlorophyll": 0.09605102241039276,
        "current_u": 0.13777054846286774,
        "current_v": -0.17241811752319336,
        "bathymetry": 4405.22412109375
      }
    },
    {
      "type": "Feature",
      "geometry": {
        "type": "Point",
        "coordinates": [
          81.69999999999985,
          5.599999999999998
        ]
      },
      "properties": {
        "fish_zone": 0,
        "fish_probability": 0.01,
        "sst": 30.419993216544412,
        "chlorophyll": 0.09726781398057938,
        "current_u": 0.13124194741249084,
        "current_v": -0.16827119886875153,
        "bathymetry": 4405.22412109375
      }
    },
    {
      "type": "Feature",
      "geometry": {
        "type": "Point",
        "coordinates": [
          81.69999999999985,
          5.6999999999999975
        ]
      },
      "properties": {
        "fish_zone": 0,
        "fish_probability": 0.013333333333333334,
        "sst": 30.429993216320895,
        "chlorophyll": 0.09620741009712219,
        "current_u": 0.1389821618795395,
        "current_v": -0.1579279601573944,
        "bathymetry": 4405.22412109375
      }
    },
    {
      "type": "Feature",
      "geometry": {
        "type": "Point",
        "coordinates": [
          81.69999999999985,
          5.799999999999997
        ]
      },
      "properties": {
        "fish_zone": 0,
        "fish_probability": 0.013333333333333334,
        "sst": 30.509993214532756,
        "chlorophyll": 0.10061015188694,
        "current_u": 0.1889553964138031,
        "current_v": -0.11357675492763519,
        "bathymetry": 3992.48388671875
      }
    },
    {
      "type": "Feature",
      "geometry": {
        "type": "Point",
        "coordinates": [
          81.69999999999985,
          5.899999999999997
        ]
      },
      "properties": {
        "fish_zone": 0,
        "fish_probability": 0.013333333333333334,
        "sst": 30.48999321497979,
        "chlorophyll": 0.10278698801994324,
        "current_u": 0.21991677582263947,
        "current_v": -0.08428685367107391,
        "bathymetry": 3597.031982421875
      }
    },
    {
      "type": "Feature",
      "geometry": {
        "type": "Point",
        "coordinates": [
          81.69999999999985,
          5.9999999999999964
        ]
      },
      "properties": {
        "fish_zone": 0,
        "fish_probability": 0.0033333333333333335,
        "sst": 30.429993216320895,
        "chlorophyll": 0.11552225053310394,
        "current_u": 0.25453925132751465,
        "current_v": -0.036077830940485,
        "bathymetry": 2865.702880859375
      }
    },
    {
      "type": "Feature",
      "geometry": {
        "type": "Point",
        "coordinates": [
          81.69999999999985,
          6.099999999999996
        ]
      },
      "properties": {
        "fish_zone": 0,
        "fish_probability": 0.0033333333333333335,
        "sst": 30.389993217214965,
        "chlorophyll": 0.12324301898479462,
        "current_u": 0.28668907284736633,
        "current_v": 0.021881800144910812,
        "bathymetry": 2533.3359375
      }
    },
    {
      "type": "Feature",
      "geometry": {
        "type": "Point",
        "coordinates": [
          81.69999999999985,
          6.199999999999996
        ]
      },
      "properties": {
        "fish_zone": 0,
        "fish_probability": 0.02,
        "sst": 30.389993217214965,
        "chlorophyll": 0.1537647396326065,
        "current_u": 0.32735568284988403,
        "current_v": 0.04637205973267555,
        "bathymetry": 1452.2509765625
      }
    },
    {
      "type": "Feature",
      "geometry": {
        "type": "Point",
        "coordinates": [
          81.69999999999985,
          6.299999999999995
        ]
      },
      "properties": {
        "fish_zone": 0,
        "fish_probability": 0.03,
        "sst": 30.469993215426825,
        "chlorophyll": 0.17556162178516388,
        "current_u": 0.21421609818935394,
        "current_v": 0.09604411572217941,
        "bathymetry": 47.37369155883789
      }
    },
    {
      "type": "Feature",
      "geometry": {
        "type": "Point",
        "coordinates": [
          81.69999999999985,
          6.399999999999995
        ]
      },
      "properties": {
        "fish_zone": 0,
        "fish_probability": 0.20333333333333334,
        "sst": 30.48999321497979,
        "chlorophyll": 0.2505040764808655,
        "current_u": 0.10875246673822403,
        "current_v": 0.09680722653865814,
        "bathymetry": 11.404999732971191
      }
    },
    {
      "type": "Feature",
      "geometry": {
        "type": "Point",
        "coordinates": [
          81.69999999999985,
          7.79999999999999
        ]
      },
      "properties": {
        "fish_zone": 1,
        "fish_probability": 0.8966666666666666,
        "sst": 30.21999322101476,
        "chlorophyll": 0.2994864881038666,
        "current_u": -0.16326335072517395,
        "current_v": 0.1513751894235611,
        "bathymetry": 29.444730758666992
      }
    },
    {
      "type": "Feature",
      "geometry": {
        "type": "Point",
        "coordinates": [
          81.69999999999985,
          7.89999999999999
        ]
      },
      "properties": {
        "fish_zone": 0,
        "fish_probability": 0.07333333333333333,
        "sst": 30.159993222355865,
        "chlorophyll": 0.15787124633789062,
        "current_u": -0.18636485934257507,
        "current_v": 0.28170642256736755,
        "bathymetry": 40.344051361083984
      }
    },
    {
      "type": "Feature",
      "geometry": {
        "type": "Point",
        "coordinates": [
          81.69999999999985,
          7.999999999999989
        ]
      },
      "properties": {
        "fish_zone": 0,
        "fish_probability": 0.07,
        "sst": 30.119993223249935,
        "chlorophyll": 0.10638158023357391,
        "current_u": -0.2649928629398346,
        "current_v": 0.4089648723602295,
        "bathymetry": 47.37369155883789
      }
    },
    {
      "type": "Feature",
      "geometry": {
        "type": "Point",
        "coordinates": [
          81.69999999999985,
          8.099999999999989
        ]
      },
      "properties": {
        "fish_zone": 0,
        "fish_probability": 0.08333333333333333,
        "sst": 30.169993222132348,
        "chlorophyll": 0.11477282643318176,
        "current_u": -0.3376607894897461,
        "current_v": 0.4802246391773224,
        "bathymetry": 55.76428985595703
      }
    },
    {
      "type": "Feature",
      "geometry": {
        "type": "Point",
        "coordinates": [
          81.69999999999985,
          8.199999999999989
        ]
      },
      "properties": {
        "fish_zone": 0,
        "fish_probability": 0.023333333333333334,
        "sst": 30.21999322101476,
        "chlorophyll": 0.09391909092664719,
        "current_u": -0.37119126319885254,
        "current_v": 0.5216869711875916,
        "bathymetry": 186.12559509277344
      }
    },
    {
      "type": "Feature",
      "geometry": {
        "type": "Point",
        "coordinates": [
          81.69999999999985,
          8.299999999999988
        ]
      },
      "properties": {
        "fish_zone": 0,
        "fish_probability": 0.01,
        "sst": 30.389993217214965,
        "chlorophyll": 0.09646637737751007,
        "current_u": -0.36833900213241577,
        "current_v": 0.526477575302124,
        "bathymetry": 1684.2840576171875
      }
    },
    {
      "type": "Feature",
      "geometry": {
        "type": "Point",
        "coordinates": [
          81.69999999999985,
          8.399999999999988
        ]
      },
      "properties": {
        "fish_zone": 0,
        "fish_probability": 0.0,
        "sst": 30.439993216097378,
        "chlorophyll": 0.0950869768857956,
        "current_u": -0.3615530729293823,
        "current_v": 0.5188174247741699,
        "bathymetry": 2865.702880859375
      }
    },
    {
      "type": "Feature",
      "geometry": {
        "type": "Point",
        "coordinates": [
          81.69999999999985,
          8.499999999999988
        ]
      },
      "properties": {
        "fish_zone": 0,
        "fish_probability": 0.0,
        "sst": 30.499993214756273,
        "chlorophyll": 0.1154709905385971,
        "current_u": -0.35250207781791687,
        "current_v": 0.5016781091690063,
        "bathymetry": 3220.820068359375
      }
    },
    {
      "type": "Feature",
      "geometry": {
        "type": "Point",
        "coordinates": [
          81.69999999999985,
          8.599999999999987
        ]
      },
      "properties": {
        "fish_zone": 0,
        "fish_probability": 0.0,
        "sst": 30.469993215426825,
        "chlorophyll": 0.12214573472738266,
        "current_u": -0.3389475643634796,
        "current_v": 0.4784684181213379,
        "bathymetry": 3220.820068359375
      }
    },
    {
      "type": "Feature",
      "geometry": {
        "type": "Point",
        "coordinates": [
          81.69999999999985,
          8.699999999999987
        ]
      },
      "properties": {
        "fish_zone": 0,
        "fish_probability": 0.0,
        "sst": 30.469993215426825,
        "chlorophyll": 0.11696183681488037,
        "current_u": -0.323976993560791,
        "current_v": 0.45265674591064453,
        "bathymetry": 3220.820068359375
      }
    },
    {
      "type": "Feature",
      "geometry": {
        "type": "Point",
        "coordinates": [
          81.69999999999985,
          8.799999999999986
        ]
      },
      "properties": {
        "fish_zone": 0,
        "fish_probability": 0.0,
        "sst": 30.549993213638686,
        "chlorophyll": 0.0952795073390007,
        "current_u": -0.2999388873577118,
        "current_v": 0.4156743884086609,
        "bathymetry": 3597.031982421875
      }
    },
    {
      "type": "Feature",
      "geometry": {
        "type": "Point",
        "coordinates": [
          81.69999999999985,
          8.899999999999986
        ]
      },
      "properties": {
        "fish_zone": 0,
        "fish_probability": 0.0,
        "sst": 30.5999932125211,
        "chlorophyll": 0.10360856354236603,
        "current_u": -0.3008878827095032,
        "current_v": 0.4075331687927246,
        "bathymetry": 3597.031982421875
      }
    },
    {
      "type": "Feature",
      "geometry": {
        "type": "Point",
        "coordinates": [
          81.69999999999985,
          8.999999999999986
        ]
      },
      "properties": {
        "fish_zone": 0,
        "fish_probability": 0.0,
        "sst": 30.789993208274268,
        "chlorophyll": 0.1097993329167366,
        "current_u": -0.3108270764350891,
        "current_v": 0.4082355201244354,
        "bathymetry": 3992.48388671875
      }
    },
    {
      "type": "Feature",
      "geometry": {
        "type": "Point",
        "coordinates": [
          81.69999999999985,
          9.099999999999985
        ]
      },
      "properties": {
        "fish_zone": 0,
        "fish_probability": 0.0,
        "sst": 30.929993205145024,
        "chlorophyll": 0.09559372812509537,
        "current_u": -0.32127609848976135,
        "current_v": 0.4125097095966339,
        "bathymetry": 3992.48388671875
      }
    },
    {
      "type": "Feature",
      "geometry": {
        "type": "Point",
        "coordinates": [
          81.69999999999985,
          9.199999999999985
        ]
      },
      "properties": {
        "fish_zone": 0,
        "fish_probability": 0.0,
        "sst": 30.999993203580402,
        "chlorophyll": 0.10242671519517899,
        "current_u": -0.3248082399368286,
        "current_v": 0.4163854718208313,
        "bathymetry": 3992.48388671875
      }
    },
    {
      "type": "Feature",
      "geometry": {
        "type": "Point",
        "coordinates": [
          81.69999999999985,
          9.299999999999985
        ]
      },
      "properties": {
        "fish_zone": 0,
        "fish_probability": 0.0,
        "sst": 31.02999320290985,
        "chlorophyll": 0.10159057378768921,
        "current_u": -0.30132433772087097,
        "current_v": 0.41338449716567993,
        "bathymetry": 3992.48388671875
      }
    },
    {
      "type": "Feature",
      "geometry": {
        "type": "Point",
        "coordinates": [
          81.69999999999985,
          9.399999999999984
        ]
      },
      "properties": {
        "fish_zone": 0,
        "fish_probability": 0.0,
        "sst": 30.959993204474472,
        "chlorophyll": 0.10208743065595627,
        "current_u": -0.27709531784057617,
        "current_v": 0.40351244807243347,
        "bathymetry": 3992.48388671875
      }
    },
    {
      "type": "Feature",
      "geometry": {
        "type": "Point",
        "coordinates": [
          81.69999999999985,
          9.499999999999984
        ]
      },
      "properties": {
        "fish_zone": 0,
        "fish_probability": 0.0,
        "sst": 30.63999321162703,
        "chlorophyll": 0.09663177281618118,
        "current_u": -0.24950246512889862,
        "current_v": 0.38571107387542725,
        "bathymetry": 3992.48388671875
      }
    },
    {
      "type": "Feature",
      "geometry": {
        "type": "Point",
        "coordinates": [
          81.69999999999985,
          9.599999999999984
        ]
      },
      "properties": {
        "fish_zone": 0,
        "fish_probability": 0.0,
        "sst": 30.739993209391855,
        "chlorophyll": 0.09459178894758224,
        "current_u": -0.22341397404670715,
        "current_v": 0.36249205470085144,
        "bathymetry": 3992.48388671875
      }
    },
    {
      "type": "Feature",
      "geometry": {
        "type": "Point",
        "coordinates": [
          81.69999999999985,
          9.699999999999983
        ]
      },
      "properties": {
        "fish_zone": 0,
        "fish_probability": 0.0,
        "sst": 30.819993207603716,
        "chlorophyll": 0.09240860491991043,
        "current_u": -0.20116233825683594,
        "current_v": 0.3399796187877655,
        "bathymetry": 3992.48388671875
      }
    },
    {
      "type": "Feature",
      "geometry": {
        "type": "Point",
        "coordinates": [
          81.69999999999985,
          9.799999999999983
        ]
      },
      "properties": {
        "fish_zone": 0,
        "fish_probability": 0.0033333333333333335,
        "sst": 30.8299932073802,
        "chlorophyll": 0.0925116240978241,
        "current_u": -0.16449131071567535,
        "current_v": 0.2949352264404297,
        "bathymetry": 3992.48388671875
      }
    },
    {
      "type": "Feature",
      "geometry": {
        "type": "Point",
        "coordinates": [
          81.69999999999985,
          9.899999999999983
        ]
      },
      "properties": {
        "fish_zone": 0,
        "fish_probability": 0.0033333333333333335,
        "sst": 30.79999320805075,
        "chlorophyll": 0.09358331561088562,
        "current_u": -0.14457756280899048,
        "current_v": 0.26938989758491516,
        "bathymetry": 3992.48388671875
      }
    },
    {
      "type": "Feature",
      "geometry": {
        "type": "Point",
        "coordinates": [
          81.79999999999984,
          5.0
        ]
      },
      "properties": {
        "fish_zone": 0,
        "fish_probability": 0.006666666666666667,
        "sst": 30.5999932125211,
        "chlorophyll": 0.09024937450885773,
        "current_u": 0.31876006722450256,
        "current_v": -0.0961461290717125,
        "bathymetry": 4405.22412109375
      }
    },
    {
      "type": "Feature",
      "geometry": {
        "type": "Point",
        "coordinates": [
          81.79999999999984,
          5.1
        ]
      },
      "properties": {
        "fish_zone": 0,
        "fish_probability": 0.006666666666666667,
        "sst": 30.60999321229758,
        "chlorophyll": 0.08610045164823532,
        "current_u": 0.2793287932872772,
        "current_v": -0.10967615246772766,
        "bathymetry": 4405.22412109375
      }
    },
    {
      "type": "Feature",
      "geometry": {
        "type": "Point",
        "coordinates": [
          81.79999999999984,
          5.199999999999999
        ]
      },
      "properties": {
        "fish_zone": 0,
        "fish_probability": 0.006666666666666667,
        "sst": 30.5999932125211,
        "chlorophyll": 0.08720334619283676,
        "current_u": 0.23565348982810974,
        "current_v": -0.12390614300966263,
        "bathymetry": 4405.22412109375
      }
    },
    {
      "type": "Feature",
      "geometry": {
        "type": "Point",
        "coordinates": [
          81.79999999999984,
          5.299999999999999
        ]
      },
      "properties": {
        "fish_zone": 0,
        "fish_probability": 0.006666666666666667,
        "sst": 30.539993213862203,
        "chlorophyll": 0.09072539210319519,
        "current_u": 0.16958364844322205,
        "current_v": -0.1561170220375061,
        "bathymetry": 4405.22412109375
      }
    },
    {
      "type": "Feature",
      "geometry": {
        "type": "Point",
        "coordinates": [
          81.79999999999984,
          5.399999999999999
        ]
      },
      "properties": {
        "fish_zone": 0,
        "fish_probability": 0.006666666666666667,
        "sst": 30.479993215203308,
        "chlorophyll": 0.08484286814928055,
        "current_u": 0.15237639844417572,
        "current_v": -0.17094041407108307,
        "bathymetry": 4405.22412109375
      }
    },
    {
      "type": "Feature",
      "geometry": {
        "type": "Point",
        "coordinates": [
          81.79999999999984,
          5.499999999999998
        ]
      },
      "properties": {
        "fish_zone": 0,
        "fish_probability": 0.006666666666666667,
        "sst": 30.399993216991447,
        "chlorophyll": 0.09283871203660965,
        "current_u": 0.14549900591373444,
        "current_v": -0.17473649978637695,
        "bathymetry": 4405.22412109375
      }
    },
    {
      "type": "Feature",
      "geometry": {
        "type": "Point",
        "coordinates": [
          81.79999999999984,
          5.599999999999998
        ]
      },
      "properties": {
        "fish_zone": 0,
        "fish_probability": 0.01,
        "sst": 30.359993217885517,
        "chlorophyll": 0.09285657107830048,
        "current_u": 0.13552413880825043,
        "current_v": -0.1683305948972702,
        "bathymetry": 4405.22412109375
      }
    },
    {
      "type": "Feature",
      "geometry": {
        "type": "Point",
        "coordinates": [
          81.79999999999984,
          5.6999999999999975
        ]
      },
      "properties": {
        "fish_zone": 0,
        "fish_probability": 0.013333333333333334,
        "sst": 30.349993218109034,
        "chlorophyll": 0.09474866837263107,
        "current_u": 0.12959825992584229,
        "current_v": -0.16083037853240967,
        "bathymetry": 4405.22412109375
      }
    },
    {
      "type": "Feature",
      "geometry": {
        "type": "Point",
        "coordinates": [
          81.79999999999984,
          5.799999999999997
        ]
      },
      "properties": {
        "fish_zone": 0,
        "fish_probability": 0.013333333333333334,
        "sst": 30.359993217885517,
        "chlorophyll": 0.09667416661977768,
        "current_u": 0.13960425555706024,
        "current_v": -0.13143277168273926,
        "bathymetry": 4405.22412109375
      }
    },
    {
      "type": "Feature",
      "geometry": {
        "type": "Point",
        "coordinates": [
          81.79999999999984,
          5.899999999999997
        ]
      },
      "properties": {
        "fish_zone": 0,
        "fish_probability": 0.013333333333333334,
        "sst": 30.399993216991447,
        "chlorophyll": 0.09859329462051392,
        "current_u": 0.1583317220211029,
        "current_v": -0.10436168313026428,
        "bathymetry": 4405.22412109375
      }
    },
    {
      "type": "Feature",
      "geometry": {
        "type": "Point",
        "coordinates": [
          81.79999999999984,
          5.9999999999999964
        ]
      },
      "properties": {
        "fish_zone": 0,
        "fish_probability": 0.01,
        "sst": 30.439993216097378,
        "chlorophyll": 0.10385750234127045,
        "current_u": 0.17994752526283264,
        "current_v": -0.07275660336017609,
        "bathymetry": 3597.031982421875
      }
    },
    {
      "type": "Feature",
      "geometry": {
        "type": "Point",
        "coordinates": [
          81.79999999999984,
          6.099999999999996
        ]
      },
      "properties": {
        "fish_zone": 0,
        "fish_probability": 0.0033333333333333335,
        "sst": 30.44999321587386,
        "chlorophyll": 0.11082183569669724,
        "current_u": 0.20891743898391724,
        "current_v": -0.03791316971182823,
        "bathymetry": 3597.031982421875
      }
    },
    {
      "type": "Feature",
      "geometry": {
        "type": "Point",
        "coordinates": [
          81.79999999999984,
          6.199999999999996
        ]
      },
      "properties": {
        "fish_zone": 0,
        "fish_probability": 0.0033333333333333335,
        "sst": 30.459993215650343,
        "chlorophyll": 0.11975052207708359,
        "current_u": 0.27479055523872375,
        "current_v": 0.0024430525954812765,
        "bathymetry": 3992.48388671875
      }
    },
    {
      "type": "Feature",
      "geometry": {
        "type": "Point",
        "coordinates": [
          81.79999999999984,
          6.299999999999995
        ]
      },
      "properties": {
        "fish_zone": 0,
        "fish_probability": 0.0,
        "sst": 30.459993215650343,
        "chlorophyll": 0.12995700538158417,
        "current_u": 0.26284319162368774,
        "current_v": 0.048837341368198395,
        "bathymetry": 2225.077880859375
      }
    },
    {
      "type": "Feature",
      "geometry": {
        "type": "Point",
        "coordinates": [
          81.79999999999984,
          6.399999999999995
        ]
      },
      "properties": {
        "fish_zone": 0,
        "fish_probability": 0.0,
        "sst": 30.399993216991447,
        "chlorophyll": 0.14031745493412018,
        "current_u": 0.2082947939634323,
        "current_v": 0.07838858664035797,
        "bathymetry": 2225.077880859375
      }
    },
    {
      "type": "Feature",
      "geometry": {
        "type": "Point",
        "coordinates": [
          81.79999999999984,
          6.499999999999995
        ]
      },
      "properties": {
        "fish_zone": 0,
        "fish_probability": 0.02,
        "sst": 30.24999322034421,
        "chlorophyll": 0.13884538412094116,
        "current_u": 0.2284388691186905,
        "current_v": 0.06077146530151367,
        "bathymetry": 130.66600036621094
      }
    },
    {
      "type": "Feature",
      "geometry": {
        "type": "Point",
        "coordinates": [
          81.79999999999984,
          6.599999999999994
        ]
      },
      "properties": {
        "fish_zone": 0,
        "fish_probability": 0.02,
        "sst": 30.09999322369697,
        "chlorophyll": 0.1466759890317917,
        "current_u": 0.17735826969146729,
        "current_v": 0.02110852487385273,
        "bathymetry": 29.444730758666992
      }
    },
    {
      "type": "Feature",
      "geometry": {
        "type": "Point",
        "coordinates": [
          81.79999999999984,
          7.599999999999991
        ]
      },
      "properties": {
        "fish_zone": 0,
        "fish_probability": 0.08,
        "sst": 30.049993224814557,
        "chlorophyll": 0.19473634660243988,
        "current_u": -0.06370800733566284,
        "current_v": 0.1040692999958992,
        "bathymetry": 25.211410522460938
      }
    },
    {
      "type": "Feature",
      "geometry": {
        "type": "Point",
        "coordinates": [
          81.79999999999984,
          7.69999999999999
        ]
      },
      "properties": {
        "fish_zone": 0,
        "fish_probability": 0.06,
        "sst": 30.159993222355865,
        "chlorophyll": 0.14790821075439453,
        "current_u": -0.13548652827739716,
        "current_v": 0.20391109585762024,
        "bathymetry": 40.344051361083984
      }
    },
    {
      "type": "Feature",
      "geometry": {
        "type": "Point",
        "coordinates": [
          81.79999999999984,
          7.79999999999999
        ]
      },
      "properties": {
        "fish_zone": 0,
        "fish_probability": 0.023333333333333334,
        "sst": 30.399993216991447,
        "chlorophyll": 0.11569848656654358,
        "current_u": -0.3453352749347687,
        "current_v": 0.3253946900367737,
        "bathymetry": 186.12559509277344
      }
    },
    {
      "type": "Feature",
      "geometry": {
        "type": "Point",
        "coordinates": [
          81.79999999999984,
          7.89999999999999
        ]
      },
      "properties": {
        "fish_zone": 0,
        "fish_probability": 0.016666666666666666,
        "sst": 30.429993216320895,
        "chlorophyll": 0.13011065125465393,
        "current_u": -0.38393786549568176,
        "current_v": 0.34185025095939636,
        "bathymetry": 1245.291015625
      }
    },
    {
      "type": "Feature",
      "geometry": {
        "type": "Point",
        "coordinates": [
          81.79999999999984,
          7.999999999999989
        ]
      },
      "properties": {
        "fish_zone": 0,
        "fish_probability": 0.0,
        "sst": 30.429993216320895,
        "chlorophyll": 0.09145239740610123,
        "current_u": -0.3856791853904724,
        "current_v": 0.34737834334373474,
        "bathymetry": 2225.077880859375
      }
    },
    {
      "type": "Feature",
      "geometry": {
        "type": "Point",
        "coordinates": [
          81.79999999999984,
          8.099999999999989
        ]
      },
      "properties": {
        "fish_zone": 0,
        "fish_probability": 0.016666666666666666,
        "sst": 30.40999321676793,
        "chlorophyll": 0.11185591667890549,
        "current_u": -0.37251847982406616,
        "current_v": 0.35005852580070496,
        "bathymetry": 1245.291015625
      }
    },
    {
      "type": "Feature",
      "geometry": {
        "type": "Point",
        "coordinates": [
          81.79999999999984,
          8.199999999999989
        ]
      },
      "properties": {
        "fish_zone": 0,
        "fish_probability": 0.0,
        "sst": 30.389993217214965,
        "chlorophyll": 0.14227095246315002,
        "current_u": -0.3576214611530304,
        "current_v": 0.35769060254096985,
        "bathymetry": 2225.077880859375
      }
    },
    {
      "type": "Feature",
      "geometry": {
        "type": "Point",
        "coordinates": [
          81.79999999999984,
          8.299999999999988
        ]
      },
      "properties": {
        "fish_zone": 0,
        "fish_probability": 0.0,
        "sst": 30.419993216544412,
        "chlorophyll": 0.09276662021875381,
        "current_u": -0.33248212933540344,
        "current_v": 0.3758220970630646,
        "bathymetry": 3220.820068359375
      }
    },
    {
      "type": "Feature",
      "geometry": {
        "type": "Point",
        "coordinates": [
          81.79999999999984,
          8.399999999999988
        ]
      },
      "properties": {
        "fish_zone": 0,
        "fish_probability": 0.0,
        "sst": 30.469993215426825,
        "chlorophyll": 0.10392202436923981,
        "current_u": -0.3159726560115814,
        "current_v": 0.3748365044593811,
        "bathymetry": 3597.031982421875
      }
    },
    {
      "type": "Feature",
      "geometry": {
        "type": "Point",
        "coordinates": [
          81.79999999999984,
          8.499999999999988
        ]
      },
      "properties": {
        "fish_zone": 0,
        "fish_probability": 0.0,
        "sst": 30.60999321229758,
        "chlorophyll": 0.10356457531452179,
        "current_u": -0.301823228597641,
        "current_v": 0.36874866485595703,
        "bathymetry": 3597.031982421875
      }
    },
    {
      "type": "Feature",
      "geometry": {
        "type": "Point",
        "coordinates": [
          81.79999999999984,
          8.599999999999987
        ]
      },
      "properties": {
        "fish_zone": 0,
        "fish_probability": 0.0,
        "sst": 30.63999321162703,
        "chlorophyll": 0.1038416400551796,
        "current_u": -0.293353408575058,
        "current_v": 0.3569179177284241,
        "bathymetry": 3597.031982421875
      }
    },
    {
      "type": "Feature",
      "geometry": {
        "type": "Point",
        "coordinates": [
          81.79999999999984,
          8.699999999999987
        ]
      },
      "properties": {
        "fish_zone": 0,
        "fish_probability": 0.0,
        "sst": 30.63999321162703,
        "chlorophyll": 0.1014457643032074,
        "current_u": -0.2926444709300995,
        "current_v": 0.34016695618629456,
        "bathymetry": 3992.48388671875
      }
    },
    {
      "type": "Feature",
      "geometry": {
        "type": "Point",
        "coordinates": [
          81.79999999999984,
          8.799999999999986
        ]
      },
      "properties": {
        "fish_zone": 0,
        "fish_probability": 0.0,
        "sst": 30.669993210956477,
        "chlorophyll": 0.09974357485771179,
        "current_u": -0.31289544701576233,
        "current_v": 0.33141204714775085,
        "bathymetry": 3992.48388671875
      }
    },
    {
      "type": "Feature",
      "geometry": {
        "type": "Point",
        "coordinates": [
          81.79999999999984,
          8.899999999999986
        ]
      },
      "properties": {
        "fish_zone": 0,
        "fish_probability": 0.0,
        "sst": 30.699993210285925,
        "chlorophyll": 0.0856039971113205,
        "current_u": -0.32187744975090027,
        "current_v": 0.3392617702484131,
        "bathymetry": 3992.48388671875
      }
    },
    {
      "type": "Feature",
      "geometry": {
        "type": "Point",
        "coordinates": [
          81.79999999999984,
          8.999999999999986
        ]
      },
      "properties": {
        "fish_zone": 0,
        "fish_probability": 0.0,
        "sst": 30.789993208274268,
        "chlorophyll": 0.09153218567371368,
        "current_u": -0.32233405113220215,
        "current_v": 0.3418298065662384,
        "bathymetry": 3992.48388671875
      }
    },
    {
      "type": "Feature",
      "geometry": {
        "type": "Point",
        "coordinates": [
          81.79999999999984,
          9.099999999999985
        ]
      },
      "properties": {
        "fish_zone": 0,
        "fish_probability": 0.0,
        "sst": 30.969993204250954,
        "chlorophyll": 0.10655767470598221,
        "current_u": -0.3149542212486267,
        "current_v": 0.3353634178638458,
        "bathymetry": 3992.48388671875
      }
    },
    {
      "type": "Feature",
      "geometry": {
        "type": "Point",
        "coordinates": [
          81.79999999999984,
          9.199999999999985
        ]
      },
      "properties": {
        "fish_zone": 0,
        "fish_probability": 0.0,
        "sst": 31.089993201568745,
        "chlorophyll": 0.11291351914405823,
        "current_u": -0.30314016342163086,
        "current_v": 0.32161930203437805,
        "bathymetry": 3992.48388671875
      }
    },
    {
      "type": "Feature",
      "geometry": {
        "type": "Point",
        "coordinates": [
          81.79999999999984,
          9.299999999999985
        ]
      },
      "properties": {
        "fish_zone": 0,
        "fish_probability": 0.0,
        "sst": 31.269993197545432,
        "chlorophyll": 0.10670638829469681,
        "current_u": -0.2703961133956909,
        "current_v": 0.29226312041282654,
        "bathymetry": 3992.48388671875
      }
    },
    {
      "type": "Feature",
      "geometry": {
        "type": "Point",
        "coordinates": [
          81.79999999999984,
          9.399999999999984
        ]
      },
      "properties": {
        "fish_zone": 0,
        "fish_probability": 0.0,
        "sst": 31.21999319866302,
        "chlorophyll": 0.10070198774337769,
        "current_u": -0.24641864001750946,
        "current_v": 0.2785346806049347,
        "bathymetry": 3992.48388671875
      }
    },
    {
      "type": "Feature",
      "geometry": {
        "type": "Point",
        "coordinates": [
          81.79999999999984,
          9.499999999999984
        ]
      },
      "properties": {
        "fish_zone": 0,
        "fish_probability": 0.0,
        "sst": 30.709993210062407,
        "chlorophyll": 0.09923764318227768,
        "current_u": -0.21635101735591888,
        "current_v": 0.25972890853881836,
        "bathymetry": 3992.48388671875
      }
    },
    {
      "type": "Feature",
      "geometry": {
        "type": "Point",
        "coordinates": [
          81.79999999999984,
          9.599999999999984
        ]
      },
      "properties": {
        "fish_zone": 0,
        "fish_probability": 0.0,
        "sst": 30.659993211179994,
        "chlorophyll": 0.09348636865615845,
        "current_u": -0.18369917571544647,
        "current_v": 0.23519961535930634,
        "bathymetry": 3992.48388671875
      }
    },
    {
      "type": "Feature",
      "geometry": {
        "type": "Point",
        "coordinates": [
          81.79999999999984,
          9.699999999999983
        ]
      },
      "properties": {
        "fish_zone": 0,
        "fish_probability": 0.0033333333333333335,
        "sst": 30.739993209391855,
        "chlorophyll": 0.09236042946577072,
        "current_u": -0.1533702313899994,
        "current_v": 0.2120738923549652,
        "bathymetry": 3992.48388671875
      }
    },
    {
      "type": "Feature",
      "geometry": {
        "type": "Point",
        "coordinates": [
          81.79999999999984,
          9.799999999999983
        ]
      },
      "properties": {
        "fish_zone": 0,
        "fish_probability": 0.0,
        "sst": 30.809993207827233,
        "chlorophyll": 0.09503088146448135,
        "current_u": -0.0944405272603035,
        "current_v": 0.17290973663330078,
        "bathymetry": 3992.48388671875
      }
    },
    {
      "type": "Feature",
      "geometry": {
        "type": "Point",
        "coordinates": [
          81.79999999999984,
          9.899999999999983
        ]
      },
      "properties": {
        "fish_zone": 0,
        "fish_probability": 0.0,
        "sst": 30.789993208274268,
        "chlorophyll": 0.09424574673175812,
        "current_u": -0.0741383507847786,
        "current_v": 0.15133608877658844,
        "bathymetry": 3992.48388671875
      }
    },
    {
      "type": "Feature",
      "geometry": {
        "type": "Point",
        "coordinates": [
          81.89999999999984,
          5.0
        ]
      },
      "properties": {
        "fish_zone": 0,
        "fish_probability": 0.0033333333333333335,
        "sst": 30.659993211179994,
        "chlorophyll": 0.08239606022834778,
        "current_u": 0.33640915155410767,
        "current_v": -0.09048184007406235,
        "bathymetry": 4405.22412109375
      }
    },
    {
      "type": "Feature",
      "geometry": {
        "type": "Point",
        "coordinates": [
          81.89999999999984,
          5.1
        ]
      },
      "properties": {
        "fish_zone": 0,
        "fish_probability": 0.006666666666666667,
        "sst": 30.649993211403512,
        "chlorophyll": 0.08094772696495056,
        "current_u": 0.3011838495731354,
        "current_v": -0.1049778014421463,
        "bathymetry": 4405.22412109375
      }
    },
    {
      "type": "Feature",
      "geometry": {
        "type": "Point",
        "coordinates": [
          81.89999999999984,
          5.199999999999999
        ]
      },
      "properties": {
        "fish_zone": 0,
        "fish_probability": 0.006666666666666667,
        "sst": 30.63999321162703,
        "chlorophyll": 0.07856838405132294,
        "current_u": 0.2550562024116516,
        "current_v": -0.11991215497255325,
        "bathymetry": 4405.22412109375
      }
    },
    {
      "type": "Feature",
      "geometry": {
        "type": "Point",
        "coordinates": [
          81.89999999999984,
          5.299999999999999
        ]
      },
      "properties": {
        "fish_zone": 0,
        "fish_probability": 0.006666666666666667,
        "sst": 30.589993212744616,
        "chlorophyll": 0.08349838107824326,
        "current_u": 0.1825173944234848,
        "current_v": -0.15264198184013367,
        "bathymetry": 4405.22412109375
      }
    },
    {
      "type": "Feature",
      "geometry": {
        "type": "Point",
        "coordinates": [
          81.89999999999984,
          5.399999999999999
        ]
      },
      "properties": {
        "fish_zone": 0,
        "fish_probability": 0.006666666666666667,
        "sst": 30.51999321430924,
        "chlorophyll": 0.08025914430618286,
        "current_u": 0.1595132201910019,
        "current_v": -0.16820360720157623,
        "bathymetry": 4405.22412109375
      }
    },
    {
      "type": "Feature",
      "geometry": {
        "type": "Point",
        "coordinates": [
          81.89999999999984,
          5.499999999999998
        ]
      },
      "properties": {
        "fish_zone": 0,
        "fish_probability": 0.006666666666666667,
        "sst": 30.439993216097378,
        "chlorophyll": 0.08957168459892273,
        "current_u": 0.14722855389118195,
        "current_v": -0.17395628988742828,
        "bathymetry": 4405.22412109375
      }
    },
    {
      "type": "Feature",
      "geometry": {
        "type": "Point",
        "coordinates": [
          81.89999999999984,
          5.599999999999998
        ]
      },
      "properties": {
        "fish_zone": 0,
        "fish_probability": 0.01,
        "sst": 30.399993216991447,
        "chlorophyll": 0.09022780507802963,
        "current_u": 0.13651405274868011,
        "current_v": -0.1678762137889862,
        "bathymetry": 4405.22412109375
      }
    },
    {
      "type": "Feature",
      "geometry": {
        "type": "Point",
        "coordinates": [
          81.89999999999984,
          5.6999999999999975
        ]
      },
      "properties": {
        "fish_zone": 0,
        "fish_probability": 0.013333333333333334,
        "sst": 30.389993217214965,
        "chlorophyll": 0.0926004946231842,
        "current_u": 0.1276942789554596,
        "current_v": -0.1592818945646286,
        "bathymetry": 4405.22412109375
      }
    },
    {
      "type": "Feature",
      "geometry": {
        "type": "Point",
        "coordinates": [
          81.89999999999984,
          5.799999999999997
        ]
      },
      "properties": {
        "fish_zone": 0,
        "fish_probability": 0.013333333333333334,
        "sst": 30.339993218332552,
        "chlorophyll": 0.09395158290863037,
        "current_u": 0.13091765344142914,
        "current_v": -0.14511646330356598,
        "bathymetry": 4405.22412109375
      }
    },
    {
      "type": "Feature",
      "geometry": {
        "type": "Point",
        "coordinates": [
          81.89999999999984,
          5.899999999999997
        ]
      },
      "properties": {
        "fish_zone": 0,
        "fish_probability": 0.013333333333333334,
        "sst": 30.379993217438482,
        "chlorophyll": 0.09835151582956314,
        "current_u": 0.14461685717105865,
        "current_v": -0.12815894186496735,
        "bathymetry": 4405.22412109375
      }
    },
    {
      "type": "Feature",
      "geometry": {
        "type": "Point",
        "coordinates": [
          81.89999999999984,
          5.9999999999999964
        ]
      },
      "properties": {
        "fish_zone": 0,
        "fish_probability": 0.013333333333333334,
        "sst": 30.439993216097378,
        "chlorophyll": 0.09879036992788315,
        "current_u": 0.16242606937885284,
        "current_v": -0.10363219678401947,
        "bathymetry": 4405.22412109375
      }
    },
    {
      "type": "Feature",
      "geometry": {
        "type": "Point",
        "coordinates": [
          81.89999999999984,
          6.099999999999996
        ]
      },
      "properties": {
        "fish_zone": 0,
        "fish_probability": 0.006666666666666667,
        "sst": 30.479993215203308,
        "chlorophyll": 0.10075322538614273,
        "current_u": 0.18696779012680054,
        "current_v": -0.07398150861263275,
        "bathymetry": 3992.48388671875
      }
    },
    {
      "type": "Feature",
      "geometry": {
        "type": "Point",
        "coordinates": [
          81.89999999999984,
          6.199999999999996
        ]
      },
      "properties": {
        "fish_zone": 0,
        "fish_probability": 0.0033333333333333335,
        "sst": 30.48999321497979,
        "chlorophyll": 0.10514389723539352,
        "current_u": 0.23390160501003265,
        "current_v": -0.033855609595775604,
        "bathymetry": 3992.48388671875
      }
    },
    {
      "type": "Feature",
      "geometry": {
        "type": "Point",
        "coordinates": [
          81.89999999999984,
          6.299999999999995
        ]
      },
      "properties": {
        "fish_zone": 0,
        "fish_probability": 0.0,
        "sst": 30.48999321497979,
        "chlorophyll": 0.10933200269937515,
        "current_u": 0.23859108984470367,
        "current_v": 0.0504566915333271,
        "bathymetry": 2533.3359375
      }
    },
    {
      "type": "Feature",
      "geometry": {
        "type": "Point",
        "coordinates": [
          81.89999999999984,
          6.399999999999995
        ]
      },
      "properties": {
        "fish_zone": 0,
        "fish_probability": 0.0,
        "sst": 30.44999321587386,
        "chlorophyll": 0.1149338111281395,
        "current_u": 0.19648009538650513,
        "current_v": 0.0645987018942833,
        "bathymetry": 2865.702880859375
      }
    },
    {
      "type": "Feature",
      "geometry": {
        "type": "Point",
        "coordinates": [
          81.89999999999984,
          6.499999999999995
        ]
      },
      "properties": {
        "fish_zone": 0,
        "fish_probability": 0.0,
        "sst": 30.349993218109034,
        "chlorophyll": 0.12116345018148422,
        "current_u": 0.2258051335811615,
        "current_v": 0.0895993560552597,
        "bathymetry": 2865.702880859375
      }
    },
    {
      "type": "Feature",
      "geometry": {
        "type": "Point",
        "coordinates": [
          81.89999999999984,
          6.599999999999994
        ]
      },
      "properties": {
        "fish_zone": 0,
        "fish_probability": 0.06666666666666667,
        "sst": 30.20999322123828,
        "chlorophyll": 0.12347916513681412,
        "current_u": 0.25524404644966125,
        "current_v": 0.10029765218496323,
        "bathymetry": 55.76428985595703
      }
    },
    {
      "type": "Feature",
      "geometry": {
        "type": "Point",
        "coordinates": [
          81.89999999999984,
          6.699999999999994
        ]
      },
      "properties": {
        "fish_zone": 0,
        "fish_probability": 0.03333333333333333,
        "sst": 30.1399932228029,
        "chlorophyll": 0.1255493015050888,
        "current_u": 0.21301433444023132,
        "current_v": 0.08432593196630478,
        "bathymetry": 34.43415069580078
      }
    },
    {
      "type": "Feature",
      "geometry": {
        "type": "Point",
        "coordinates": [
          81.89999999999984,
          6.799999999999994
        ]
      },
      "properties": {
        "fish_zone": 0,
        "fish_probability": 0.013333333333333334,
        "sst": 30.079993224144005,
        "chlorophyll": 0.1347530335187912,
        "current_u": 0.0672469362616539,
        "current_v": 0.02879992499947548,
        "bathymetry": 34.43415069580078
      }
    },
    {
      "type": "Feature",
      "geometry": {
        "type": "Point",
        "coordinates": [
          81.89999999999984,
          6.899999999999993
        ]
      },
      "properties": {
        "fish_zone": 0,
        "fish_probability": 0.006666666666666667,
        "sst": 30.109993223473452,
        "chlorophyll": 0.18801482021808624,
        "current_u": 0.04309973493218422,
        "current_v": -0.010626017116010189,
        "bathymetry": 18.495559692382812
      }
    },
    {
      "type": "Feature",
      "geometry": {
        "type": "Point",
        "coordinates": [
          81.89999999999984,
          6.999999999999993
        ]
      },
      "properties": {
        "fish_zone": 0,
        "fish_probability": 0.016666666666666666,
        "sst": 30.109993223473452,
        "chlorophyll": 0.155542254447937,
        "current_u": 0.07067971676588058,
        "current_v": -0.06632255762815475,
        "bathymetry": 15.810070037841797
      }
    },
    {
      "type": "Feature",
      "geometry": {
        "type": "Point",
        "coordinates": [
          81.89999999999984,
          7.0999999999999925
        ]
      },
      "properties": {
        "fish_zone": 0,
        "fish_probability": 0.02666666666666667,
        "sst": 30.159993222355865,
        "chlorophyll": 0.15239672362804413,
        "current_u": 0.09224407374858856,
        "current_v": -0.08016521483659744,
        "bathymetry": 18.495559692382812
      }
    },
    {
      "type": "Feature",
      "geometry": {
        "type": "Point",
        "coordinates": [
          81.89999999999984,
          7.199999999999992
        ]
      },
      "properties": {
        "fish_zone": 0,
        "fish_probability": 0.14,
        "sst": 30.159993222355865,
        "chlorophyll": 0.2079426497220993,
        "current_u": 0.09212053567171097,
        "current_v": -0.07049478590488434,
        "bathymetry": 25.211410522460938
      }
    },
    {
      "type": "Feature",
      "geometry": {
        "type": "Point",
        "coordinates": [
          81.89999999999984,
          7.299999999999992
        ]
      },
      "properties": {
        "fish_zone": 0,
        "fish_probability": 0.013333333333333334,
        "sst": 29.969993226602696,
        "chlorophyll": 0.18447580933570862,
        "current_u": 0.018033314496278763,
        "current_v": 0.004919427912682295,
        "bathymetry": 25.211410522460938
      }
    },
    {
      "type": "Feature",
      "geometry": {
        "type": "Point",
        "coordinates": [
          81.89999999999984,
          7.3999999999999915
        ]
      },
      "properties": {
        "fish_zone": 0,
        "fish_probability": 0.03333333333333333,
        "sst": 29.889993228390836,
        "chlorophyll": 0.18207600712776184,
        "current_u": -0.03596976771950722,
        "current_v": 0.06135401502251625,
        "bathymetry": 34.43415069580078
      }
    },
    {
      "type": "Feature",
      "geometry": {
        "type": "Point",
        "coordinates": [
          81.89999999999984,
          7.499999999999991
        ]
      },
      "properties": {
        "fish_zone": 0,
        "fish_probability": 0.08333333333333333,
        "sst": 29.959993226826214,
        "chlorophyll": 0.15313655138015747,
        "current_u": -0.05815883353352547,
        "current_v": 0.14911219477653503,
        "bathymetry": 25.211410522460938
      }
    },
    {
      "type": "Feature",
      "geometry": {
        "type": "Point",
        "coordinates": [
          81.89999999999984,
          7.599999999999991
        ]
      },
      "properties": {
        "fish_zone": 0,
        "fish_probability": 0.02,
        "sst": 30.1399932228029,
        "chlorophyll": 0.17309407889842987,
        "current_u": -0.12734751403331757,
        "current_v": 0.21099470555782318,
        "bathymetry": 266.0403137207031
      }
    },
    {
      "type": "Feature",
      "geometry": {
        "type": "Point",
        "coordinates": [
          81.89999999999984,
          7.69999999999999
        ]
      },
      "properties": {
        "fish_zone": 0,
        "fish_probability": 0.01,
        "sst": 30.24999322034421,
        "chlorophyll": 0.1316743791103363,
        "current_u": -0.2440226674079895,
        "current_v": 0.25677141547203064,
        "bathymetry": 109.72930145263672
      }
    },
    {
      "type": "Feature",
      "geometry": {
        "type": "Point",
        "coordinates": [
          81.89999999999984,
          7.79999999999999
        ]
      },
      "properties": {
        "fish_zone": 0,
        "fish_probability": 0.006666666666666667,
        "sst": 30.51999321430924,
        "chlorophyll": 0.12808580696582794,
        "current_u": -0.3723738491535187,
        "current_v": 0.28389954566955566,
        "bathymetry": 1941.8929443359375
      }
    },
    {
      "type": "Feature",
      "geometry": {
        "type": "Point",
        "coordinates": [
          81.89999999999984,
          7.89999999999999
        ]
      },
      "properties": {
        "fish_zone": 0,
        "fish_probability": 0.0,
        "sst": 30.579993212968134,
        "chlorophyll": 0.14764255285263062,
        "current_u": -0.3791915774345398,
        "current_v": 0.2855519950389862,
        "bathymetry": 2865.702880859375
      }
    },
    {
      "type": "Feature",
      "geometry": {
        "type": "Point",
        "coordinates": [
          81.89999999999984,
          7.999999999999989
        ]
      },
      "properties": {
        "fish_zone": 0,
        "fish_probability": 0.0,
        "sst": 30.579993212968134,
        "chlorophyll": 0.11656297743320465,
        "current_u": -0.37160149216651917,
        "current_v": 0.2919197082519531,
        "bathymetry": 2865.702880859375
      }
    },
    {
      "type": "Feature",
      "geometry": {
        "type": "Point",
        "coordinates": [
          81.89999999999984,
          8.099999999999989
        ]
      },
      "properties": {
        "fish_zone": 0,
        "fish_probability": 0.0,
        "sst": 30.55999321341517,
        "chlorophyll": 0.09185389429330826,
        "current_u": -0.35974395275115967,
        "current_v": 0.3004874587059021,
        "bathymetry": 2533.3359375
      }
    },
    {
      "type": "Feature",
      "geometry": {
        "type": "Point",
        "coordinates": [
          81.89999999999984,
          8.199999999999989
        ]
      },
      "properties": {
        "fish_zone": 0,
        "fish_probability": 0.0,
        "sst": 30.52999321408572,
        "chlorophyll": 0.10094307363033295,
        "current_u": -0.34612804651260376,
        "current_v": 0.3100554645061493,
        "bathymetry": 2865.702880859375
      }
    },
    {
      "type": "Feature",
      "geometry": {
        "type": "Point",
        "coordinates": [
          81.89999999999984,
          8.299999999999988
        ]
      },
      "properties": {
        "fish_zone": 0,
        "fish_probability": 0.0,
        "sst": 30.499993214756273,
        "chlorophyll": 0.09592626243829727,
        "current_u": -0.31602051854133606,
        "current_v": 0.3192046880722046,
        "bathymetry": 3597.031982421875
      }
    },
    {
      "type": "Feature",
      "geometry": {
        "type": "Point",
        "coordinates": [
          81.89999999999984,
          8.399999999999988
        ]
      },
      "properties": {
        "fish_zone": 0,
        "fish_probability": 0.0,
        "sst": 30.539993213862203,
        "chlorophyll": 0.1007552519440651,
        "current_u": -0.30150923132896423,
        "current_v": 0.3165900707244873,
        "bathymetry": 3597.031982421875
      }
    },
    {
      "type": "Feature",
      "geometry": {
        "type": "Point",
        "coordinates": [
          81.89999999999984,
          8.499999999999988
        ]
      },
      "properties": {
        "fish_zone": 0,
        "fish_probability": 0.0,
        "sst": 30.689993210509442,
        "chlorophyll": 0.10424387454986572,
        "current_u": -0.29408881068229675,
        "current_v": 0.3109523355960846,
        "bathymetry": 3992.48388671875
      }
    },
    {
      "type": "Feature",
      "geometry": {
        "type": "Point",
        "coordinates": [
          81.89999999999984,
          8.599999999999987
        ]
      },
      "properties": {
        "fish_zone": 0,
        "fish_probability": 0.0,
        "sst": 30.749993209168338,
        "chlorophyll": 0.09357060492038727,
        "current_u": -0.29477158188819885,
        "current_v": 0.3037276864051819,
        "bathymetry": 3992.48388671875
      }
    },
    {
      "type": "Feature",
      "geometry": {
        "type": "Point",
        "coordinates": [
          81.89999999999984,
          8.699999999999987
        ]
      },
      "properties": {
        "fish_zone": 0,
        "fish_probability": 0.0,
        "sst": 30.75999320894482,
        "chlorophyll": 0.09745443612337112,
        "current_u": -0.30318936705589294,
        "current_v": 0.29920846223831177,
        "bathymetry": 3992.48388671875
      }
    },
    {
      "type": "Feature",
      "geometry": {
        "type": "Point",
        "coordinates": [
          81.89999999999984,
          8.799999999999986
        ]
      },
      "properties": {
        "fish_zone": 0,
        "fish_probability": 0.0,
        "sst": 30.789993208274268,
        "chlorophyll": 0.0887475237250328,
        "current_u": -0.32896485924720764,
        "current_v": 0.30920934677124023,
        "bathymetry": 3992.48388671875
      }
    },
    {
      "type": "Feature",
      "geometry": {
        "type": "Point",
        "coordinates": [
          81.89999999999984,
          8.899999999999986
        ]
      },
      "properties": {
        "fish_zone": 0,
        "fish_probability": 0.0,
        "sst": 30.789993208274268,
        "chlorophyll": 0.09078268706798553,
        "current_u": -0.33067786693573,
        "current_v": 0.3116081953048706,
        "bathymetry": 3992.48388671875
      }
    },
    {
      "type": "Feature",
      "geometry": {
        "type": "Point",
        "coordinates": [
          81.89999999999984,
          8.999999999999986
        ]
      },
      "properties": {
        "fish_zone": 0,
        "fish_probability": 0.0,
        "sst": 30.819993207603716,
        "chlorophyll": 0.09428422152996063,
        "current_u": -0.31944888830184937,
        "current_v": 0.3030834197998047,
        "bathymetry": 4405.22412109375
      }
    },
    {
      "type": "Feature",
      "geometry": {
        "type": "Point",
        "coordinates": [
          81.89999999999984,
          9.099999999999985
        ]
      },
      "properties": {
        "fish_zone": 0,
        "fish_probability": 0.0,
        "sst": 30.939993204921507,
        "chlorophyll": 0.10507449507713318,
        "current_u": -0.3026849627494812,
        "current_v": 0.2862405776977539,
        "bathymetry": 4405.22412109375
      }
    },
    {
      "type": "Feature",
      "geometry": {
        "type": "Point",
        "coordinates": [
          81.89999999999984,
          9.199999999999985
        ]
      },
      "properties": {
        "fish_zone": 0,
        "fish_probability": 0.0,
        "sst": 31.039993202686333,
        "chlorophyll": 0.10121113061904907,
        "current_u": -0.28686389327049255,
        "current_v": 0.2660228908061981,
        "bathymetry": 4405.22412109375
      }
    },
    {
      "type": "Feature",
      "geometry": {
        "type": "Point",
        "coordinates": [
          81.89999999999984,
          9.299999999999985
        ]
      },
      "properties": {
        "fish_zone": 0,
        "fish_probability": 0.0,
        "sst": 31.209993198886536,
        "chlorophyll": 0.09940743446350098,
        "current_u": -0.25223422050476074,
        "current_v": 0.22939178347587585,
        "bathymetry": 3992.48388671875
      }
    },
    {
      "type": "Feature",
      "geometry": {
        "type": "Point",
        "coordinates": [
          81.89999999999984,
          9.399999999999984
        ]
      },
      "properties": {
        "fish_zone": 0,
        "fish_probability": 0.0,
        "sst": 31.169993199780606,
        "chlorophyll": 0.10069434344768524,
        "current_u": -0.22763554751873016,
        "current_v": 0.2126147449016571,
        "bathymetry": 3992.48388671875
      }
    },
    {
      "type": "Feature",
      "geometry": {
        "type": "Point",
        "coordinates": [
          81.89999999999984,
          9.499999999999984
        ]
      },
      "properties": {
        "fish_zone": 0,
        "fish_probability": 0.0,
        "sst": 30.739993209391855,
        "chlorophyll": 0.09211739152669907,
        "current_u": -0.19699837267398834,
        "current_v": 0.1930471956729889,
        "bathymetry": 3992.48388671875
      }
    },
    {
      "type": "Feature",
      "geometry": {
        "type": "Point",
        "coordinates": [
          81.89999999999984,
          9.599999999999984
        ]
      },
      "properties": {
        "fish_zone": 0,
        "fish_probability": 0.0033333333333333335,
        "sst": 30.649993211403512,
        "chlorophyll": 0.08790630847215652,
        "current_u": -0.16420304775238037,
        "current_v": 0.17254917323589325,
        "bathymetry": 3992.48388671875
      }
    },
    {
      "type": "Feature",
      "geometry": {
        "type": "Point",
        "coordinates": [
          81.89999999999984,
          9.699999999999983
        ]
      },
      "properties": {
        "fish_zone": 0,
        "fish_probability": 0.0033333333333333335,
        "sst": 30.71999320983889,
        "chlorophyll": 0.09074736386537552,
        "current_u": -0.13324645161628723,
        "current_v": 0.15488657355308533,
        "bathymetry": 3992.48388671875
      }
    },
    {
      "type": "Feature",
      "geometry": {
        "type": "Point",
        "coordinates": [
          81.89999999999984,
          9.799999999999983
        ]
      },
      "properties": {
        "fish_zone": 0,
        "fish_probability": 0.0,
        "sst": 30.819993207603716,
        "chlorophyll": 0.09544983506202698,
        "current_u": -0.07087653130292892,
        "current_v": 0.11914060264825821,
        "bathymetry": 3992.48388671875
      }
    },
    {
      "type": "Feature",
      "geometry": {
        "type": "Point",
        "coordinates": [
          81.89999999999984,
          9.899999999999983
        ]
      },
      "properties": {
        "fish_zone": 0,
        "fish_probability": 0.0,
        "sst": 30.809993207827233,
        "chlorophyll": 0.09589206427335739,
        "current_u": -0.07857702672481537,
        "current_v": 0.09907647967338562,
        "bathymetry": 3992.48388671875
      }
    }
  ]
}