{
  "type": "FeatureCollection",
  "features": [
    {
      "type": "Feature",
      "geometry": {
        "type": "Point",
        "coordinates": [
          79.0,
          5.0
        ]
      },
      "properties": {
        "fish_zone": 0,
        "fish_probability": 0.0033333333333333335,
        "sst": 29.139993245154642,
        "chlorophyll": 0.0956416055560112,
        "current_u": -0.4101826548576355,
        "current_v": -0.11619595438241959,
        "bathymetry": 4405.22412109375
      }
    },
    {
      "type": "Feature",
      "geometry": {
        "type": "Point",
        "coordinates": [
          79.0,
          5.1
        ]
      },
      "properties": {
        "fish_zone": 0,
        "fish_probability": 0.006666666666666667,
        "sst": 29.119993245601677,
        "chlorophyll": 0.09134010970592499,
        "current_u": -0.47962602972984314,
        "current_v": -0.15428242087364197,
        "bathymetry": 4405.22412109375
      }
    },
    {
      "type": "Feature",
      "geometry": {
        "type": "Point",
        "coordinates": [
          79.0,
          5.199999999999999
        ]
      },
      "properties": {
        "fish_zone": 0,
        "fish_probability": 0.0033333333333333335,
        "sst": 29.079993246495746,
        "chlorophyll": 0.09343177825212479,
        "current_u": -0.657933235168457,
        "current_v": -0.24388843774795532,
        "bathymetry": 4405.22412109375
      }
    },
    {
      "type": "Feature",
      "geometry": {
        "type": "Point",
        "coordinates": [
          79.0,
          5.299999999999999
        ]
      },
      "properties": {
        "fish_zone": 0,
        "fish_probability": 0.0033333333333333335,
        "sst": 28.849993251636647,
        "chlorophyll": 0.09399274736642838,
        "current_u": -0.9370447397232056,
        "current_v": -0.35978880524635315,
        "bathymetry": 4405.22412109375
      }
    },
    {
      "type": "Feature",
      "geometry": {
        "type": "Point",
        "coordinates": [
          79.0,
          5.399999999999999
        ]
      },
      "properties": {
        "fish_zone": 0,
        "fish_probability": 0.0033333333333333335,
        "sst": 28.639993256330513,
        "chlorophyll": 0.1021193116903305,
        "current_u": -0.8612396121025085,
        "current_v": -0.31990665197372437,
        "bathymetry": 4405.22412109375
      }
    },
    {
      "type": "Feature",
      "geometry": {
        "type": "Point",
        "coordinates": [
          79.0,
          5.499999999999998
        ]
      },
      "properties": {
        "fish_zone": 0,
        "fish_probability": 0.0033333333333333335,
        "sst": 28.459993260353826,
        "chlorophyll": 0.1268017292022705,
        "current_u": -0.7940028309822083,
        "current_v": -0.26350051164627075,
        "bathymetry": 3992.48388671875
      }
    },
    {
      "type": "Feature",
      "geometry": {
        "type": "Point",
        "coordinates": [
          79.0,
          5.599999999999998
        ]
      },
      "properties": {
        "fish_zone": 0,
        "fish_probability": 0.02666666666666667,
        "sst": 28.529993258789204,
        "chlorophyll": 0.14089395105838776,
        "current_u": -0.7324866652488708,
        "current_v": -0.21643568575382233,
        "bathymetry": 3992.48388671875
      }
    },
    {
      "type": "Feature",
      "geometry": {
        "type": "Point",
        "coordinates": [
          79.0,
          5.6999999999999975
        ]
      },
      "properties": {
        "fish_zone": 0,
        "fish_probability": 0.03,
        "sst": 28.619993256777548,
        "chlorophyll": 0.14952464401721954,
        "current_u": -0.6536062359809875,
        "current_v": -0.15587970614433289,
        "bathymetry": 3597.031982421875
      }
    },
    {
      "type": "Feature",
      "geometry": {
        "type": "Point",
        "coordinates": [
          79.0,
          5.799999999999997
        ]
      },
      "properties": {
        "fish_zone": 0,
        "fish_probability": 0.03,
        "sst": 28.689993255212926,
        "chlorophyll": 0.13985048234462738,
        "current_u": -0.4878644645214081,
        "current_v": -0.024732528254389763,
        "bathymetry": 3597.031982421875
      }
    },
    {
      "type": "Feature",
      "geometry": {
        "type": "Point",
        "coordinates": [
          79.0,
          5.899999999999997
        ]
      },
      "properties": {
        "fish_zone": 0,
        "fish_probability": 0.043333333333333335,
        "sst": 28.74999325387182,
        "chlorophyll": 0.12590953707695007,
        "current_u": -0.3455854654312134,
        "current_v": -0.014712505973875523,
        "bathymetry": 3220.820068359375
      }
    },
    {
      "type": "Feature",
      "geometry": {
        "type": "Point",
        "coordinates": [
          79.0,
          5.9999999999999964
        ]
      },
      "properties": {
        "fish_zone": 0,
        "fish_probability": 0.023333333333333334,
        "sst": 29.029993247613334,
        "chlorophyll": 0.10317888110876083,
        "current_u": -0.17224474251270294,
        "current_v": -0.022066818550229073,
        "bathymetry": 3220.820068359375
      }
    },
    {
      "type": "Feature",
      "geometry": {
        "type": "Point",
        "coordinates": [
          79.0,
          6.099999999999996
        ]
      },
      "properties": {
        "fish_zone": 0,
        "fish_probability": 0.01,
        "sst": 29.09999324604871,
        "chlorophyll": 0.10072619467973709,
        "current_u": -0.036118730902671814,
        "current_v": -0.009017112664878368,
        "bathymetry": 3220.820068359375
      }
    },
    {
      "type": "Feature",
      "geometry": {
        "type": "Point",
        "coordinates": [
          79.0,
          6.199999999999996
        ]
      },
      "properties": {
        "fish_zone": 0,
        "fish_probability": 0.01,
        "sst": 29.05999324694278,
        "chlorophyll": 0.09833059459924698,
        "current_u": 0.08095597475767136,
        "current_v": 0.06220740079879761,
        "bathymetry": 3220.820068359375
      }
    },
    {
      "type": "Feature",
      "geometry": {
        "type": "Point",
        "coordinates": [
          79.0,
          6.299999999999995
        ]
      },
      "properties": {
        "fish_zone": 0,
        "fish_probability": 0.0033333333333333335,
        "sst": 28.909993250295543,
        "chlorophyll": 0.10030980408191681,
        "current_u": 0.23431673645973206,
        "current_v": 0.06316005438566208,
        "bathymetry": 3220.820068359375
      }
    },
    {
      "type": "Feature",
      "geometry": {
        "type": "Point",
        "coordinates": [
          79.0,
          6.399999999999995
        ]
      },
      "properties": {
        "fish_zone": 0,
        "fish_probability": 0.0033333333333333335,
        "sst": 28.89999325051906,
        "chlorophyll": 0.09750955551862717,
        "current_u": 0.22949108481407166,
        "current_v": 0.042936377227306366,
        "bathymetry": 2865.702880859375
      }
    },
    {
      "type": "Feature",
      "geometry": {
        "type": "Point",
        "coordinates": [
          79.0,
          6.499999999999995
        ]
      },
      "properties": {
        "fish_zone": 0,
        "fish_probability": 0.0033333333333333335,
        "sst": 28.919993250072025,
        "chlorophyll": 0.11658735573291779,
        "current_u": 0.2204972356557846,
        "current_v": 0.05834510922431946,
        "bathymetry": 2865.702880859375
      }
    },
    {
      "type": "Feature",
      "geometry": {
        "type": "Point",
        "coordinates": [
          79.0,
          6.599999999999994
        ]
      },
      "properties": {
        "fish_zone": 0,
        "fish_probability": 0.0033333333333333335,
        "sst": 28.959993249177955,
        "chlorophyll": 0.12434156984090805,
        "current_u": 0.2196541428565979,
        "current_v": 0.08842713385820389,
        "bathymetry": 2865.702880859375
      }
    },
    {
      "type": "Feature",
      "geometry": {
        "type": "Point",
        "coordinates": [
          79.0,
          6.699999999999994
        ]
      },
      "properties": {
        "fish_zone": 0,
        "fish_probability": 0.0033333333333333335,
        "sst": 28.969993248954438,
        "chlorophyll": 0.14176587760448456,
        "current_u": 0.2136087268590927,
        "current_v": 0.0950118899345398,
        "bathymetry": 2865.702880859375
      }
    },
    {
      "type": "Feature",
      "geometry": {
        "type": "Point",
        "coordinates": [
          79.0,
          6.799999999999994
        ]
      },
      "properties": {
        "fish_zone": 0,
        "fish_probability": 0.0033333333333333335,
        "sst": 28.929993249848508,
        "chlorophyll": 0.14223314821720123,
        "current_u": 0.12856116890907288,
        "current_v": 0.08637668192386627,
        "bathymetry": 2865.702880859375
      }
    },
    {
      "type": "Feature",
      "geometry": {
        "type": "Point",
        "coordinates": [
          79.0,
          6.899999999999993
        ]
      },
      "properties": {
        "fish_zone": 0,
        "fish_probability": 0.0033333333333333335,
        "sst": 28.829993252083682,
        "chlorophyll": 0.14388854801654816,
        "current_u": 0.07115088403224945,
        "current_v": 0.10575877875089645,
        "bathymetry": 2533.3359375
      }
    },
    {
      "type": "Feature",
      "geometry": {
        "type": "Point",
        "coordinates": [
          79.0,
          6.999999999999993
        ]
      },
      "properties": {
        "fish_zone": 0,
        "fish_probability": 0.0033333333333333335,
        "sst": 28.719993254542374,
        "chlorophyll": 0.13767290115356445,
        "current_u": 0.03340412303805351,
        "current_v": 0.10460497438907623,
        "bathymetry": 2533.3359375
      }
    },
    {
      "type": "Feature",
      "geometry": {
        "type": "Point",
        "coordinates": [
          79.0,
          7.0999999999999925
        ]
      },
      "properties": {
        "fish_zone": 0,
        "fish_probability": 0.0033333333333333335,
        "sst": 28.74999325387182,
        "chlorophyll": 0.1431904137134552,
        "current_u": 0.012721331790089607,
        "current_v": 0.06643877178430557,
        "bathymetry": 2865.702880859375
      }
    },
    {
      "type": "Feature",
      "geometry": {
        "type": "Point",
        "coordinates": [
          79.0,
          7.199999999999992
        ]
      },
      "properties": {
        "fish_zone": 0,
        "fish_probability": 0.0033333333333333335,
        "sst": 28.77999325320127,
        "chlorophyll": 0.1412549465894699,
        "current_u": -0.0014058413216844201,
        "current_v": 0.006534744054079056,
        "bathymetry": 2865.702880859375
      }
    },
    {
      "type": "Feature",
      "geometry": {
        "type": "Point",
        "coordinates": [
          79.0,
          7.299999999999992
        ]
      },
      "properties": {
        "fish_zone": 0,
        "fish_probability": 0.0,
        "sst": 28.73999325409534,
        "chlorophyll": 0.12103680521249771,
        "current_u": -0.04183778539299965,
        "current_v": -0.07025084644556046,
        "bathymetry": 2533.3359375
      }
    },
    {
      "type": "Feature",
      "geometry": {
        "type": "Point",
        "coordinates": [
          79.0,
          7.3999999999999915
        ]
      },
      "properties": {
        "fish_zone": 0,
        "fish_probability": 0.0,
        "sst": 28.729993254318856,
        "chlorophyll": 0.1323464810848236,
        "current_u": -0.05127028748393059,
        "current_v": -0.07756424695253372,
        "bathymetry": 2533.3359375
      }
    },
    {
      "type": "Feature",
      "geometry": {
        "type": "Point",
        "coordinates": [
          79.0,
          7.499999999999991
        ]
      },
      "properties": {
        "fish_zone": 0,
        "fish_probability": 0.0033333333333333335,
        "sst": 28.799993252754234,
        "chlorophyll": 0.1337842345237732,
        "current_u": -0.05942298844456673,
        "current_v": -0.08075699955224991,
        "bathymetry": 2533.3359375
      }
    },
    {
      "type": "Feature",
      "geometry": {
        "type": "Point",
        "coordinates": [
          79.0,
          7.599999999999991
        ]
      },
      "properties": {
        "fish_zone": 0,
        "fish_probability": 0.0033333333333333335,
        "sst": 28.839993251860164,
        "chlorophyll": 0.11877618730068207,
        "current_u": -0.07177779078483582,
        "current_v": -0.08780563622713089,
        "bathymetry": 2533.3359375
      }
    },
    {
      "type": "Feature",
      "geometry": {
        "type": "Point",
        "coordinates": [
          79.0,
          7.69999999999999
        ]
      },
      "properties": {
        "fish_zone": 0,
        "fish_probability": 0.0033333333333333335,
        "sst": 28.85999325141313,
        "chlorophyll": 0.12534214556217194,
        "current_u": -0.07945709675550461,
        "current_v": -0.09585876762866974,
        "bathymetry": 2533.3359375
      }
    },
    {
      "type": "Feature",
      "geometry": {
        "type": "Point",
        "coordinates": [
          79.0,
          7.79999999999999
        ]
      },
      "properties": {
        "fish_zone": 0,
        "fish_probability": 0.0033333333333333335,
        "sst": 28.799993252754234,
        "chlorophyll": 0.1395130306482315,
        "current_u": -0.0867176502943039,
        "current_v": -0.09922602772712708,
        "bathymetry": 2225.077880859375
      }
    },
    {
      "type": "Feature",
      "geometry": {
        "type": "Point",
        "coordinates": [
          79.0,
          7.89999999999999
        ]
      },
      "properties": {
        "fish_zone": 0,
        "fish_probability": 0.006666666666666667,
        "sst": 28.719993254542374,
        "chlorophyll": 0.14042867720127106,
        "current_u": -0.09482577443122864,
        "current_v": -0.08275055885314941,
        "bathymetry": 2225.077880859375
      }
    },
    {
      "type": "Feature",
      "geometry": {
        "type": "Point",
        "coordinates": [
          79.0,
          7.999999999999989
        ]
      },
      "properties": {
        "fish_zone": 0,
        "fish_probability": 0.06333333333333334,
        "sst": 28.689993255212926,
        "chlorophyll": 0.1546298712491989,
        "current_u": -0.10621470212936401,
        "current_v": -0.06258829683065414,
        "bathymetry": 1941.8929443359375
      }
    },
    {
      "type": "Feature",
      "geometry": {
        "type": "Point",
        "coordinates": [
          79.0,
          8.099999999999989
        ]
      },
      "properties": {
        "fish_zone": 0,
        "fish_probability": 0.05,
        "sst": 28.5899932574481,
        "chlorophyll": 0.1458611935377121,
        "current_u": -0.11989061534404755,
        "current_v": -0.04391571134328842,
        "bathymetry": 1941.8929443359375
      }
    },
    {
      "type": "Feature",
      "geometry": {
        "type": "Point",
        "coordinates": [
          79.0,
          8.199999999999989
        ]
      },
      "properties": {
        "fish_zone": 0,
        "fish_probability": 0.04,
        "sst": 28.539993258565687,
        "chlorophyll": 0.15176787972450256,
        "current_u": -0.13605926930904388,
        "current_v": -0.029522685334086418,
        "bathymetry": 1684.2840576171875
      }
    },
    {
      "type": "Feature",
      "geometry": {
        "type": "Point",
        "coordinates": [
          79.0,
          8.299999999999988
        ]
      },
      "properties": {
        "fish_zone": 0,
        "fish_probability": 0.04666666666666667,
        "sst": 28.42999326102438,
        "chlorophyll": 0.1518716961145401,
        "current_u": -0.14779402315616608,
        "current_v": -0.011536926031112671,
        "bathymetry": 1245.291015625
      }
    },
    {
      "type": "Feature",
      "geometry": {
        "type": "Point",
        "coordinates": [
          79.0,
          8.399999999999988
        ]
      },
      "properties": {
        "fish_zone": 0,
        "fish_probability": 0.04,
        "sst": 28.42999326102438,
        "chlorophyll": 0.17238275706768036,
        "current_u": -0.15463954210281372,
        "current_v": -0.011475789360702038,
        "bathymetry": 1452.2509765625
      }
    },
    {
      "type": "Feature",
      "geometry": {
        "type": "Point",
        "coordinates": [
          79.0,
          8.499999999999988
        ]
      },
      "properties": {
        "fish_zone": 0,
        "fish_probability": 0.05,
        "sst": 28.449993260577344,
        "chlorophyll": 0.19075946509838104,
        "current_u": -0.1742735207080841,
        "current_v": -0.01004059612751007,
        "bathymetry": 1245.291015625
      }
    },
    {
      "type": "Feature",
      "geometry": {
        "type": "Point",
        "coordinates": [
          79.0,
          8.599999999999987
        ]
      },
      "properties": {
        "fish_zone": 0,
        "fish_probability": 0.03,
        "sst": 28.43999326080086,
        "chlorophyll": 0.19349342584609985,
        "current_u": -0.1915946900844574,
        "current_v": -0.01383937243372202,
        "bathymetry": 1245.291015625
      }
    },
    {
      "type": "Feature",
      "geometry": {
        "type": "Point",
        "coordinates": [
          79.0,
          8.699999999999987
        ]
      },
      "properties": {
        "fish_zone": 0,
        "fish_probability": 0.03666666666666667,
        "sst": 28.419993261247896,
        "chlorophyll": 0.18824832141399384,
        "current_u": -0.2020672708749771,
        "current_v": -0.020386090502142906,
        "bathymetry": 1245.291015625
      }
    },
    {
      "type": "Feature",
      "geometry": {
        "type": "Point",
        "coordinates": [
          79.0,
          8.799999999999986
        ]
      },
      "properties": {
        "fish_zone": 0,
        "fish_probability": 0.03333333333333333,
        "sst": 28.38999326191845,
        "chlorophyll": 0.19068826735019684,
        "current_u": -0.25629767775535583,
        "current_v": -0.007265143562108278,
        "bathymetry": 902.3392944335938
      }
    },
    {
      "type": "Feature",
      "geometry": {
        "type": "Point",
        "coordinates": [
          79.0,
          8.899999999999986
        ]
      },
      "properties": {
        "fish_zone": 0,
        "fish_probability": 0.04666666666666667,
        "sst": 28.369993262365483,
        "chlorophyll": 0.191487655043602,
        "current_u": -0.268069863319397,
        "current_v": -0.0051793609745800495,
        "bathymetry": 643.5667724609375
      }
    },
    {
      "type": "Feature",
      "geometry": {
        "type": "Point",
        "coordinates": [
          79.0,
          8.999999999999986
        ]
      },
      "properties": {
        "fish_zone": 1,
        "fish_probability": 0.9266666666666666,
        "sst": 28.27999326437714,
        "chlorophyll": 0.209092378616333,
        "current_u": -0.20225578546524048,
        "current_v": -0.01341277826577425,
        "bathymetry": 222.47520446777344
      }
    },
    {
      "type": "Feature",
      "geometry": {
        "type": "Point",
        "coordinates": [
          79.0,
          9.099999999999985
        ]
      },
      "properties": {
        "fish_zone": 1,
        "fish_probability": 0.81,
        "sst": 28.519993259012722,
        "chlorophyll": 0.36784541606903076,
        "current_u": -0.11698548495769501,
        "current_v": -0.016653424128890038,
        "bathymetry": 15.810070037841797
      }
    },
    {
      "type": "Feature",
      "geometry": {
        "type": "Point",
        "coordinates": [
          79.0,
          9.199999999999985
        ]
      },
      "properties": {
        "fish_zone": 0,
        "fish_probability": 0.12,
        "sst": 28.829993252083682,
        "chlorophyll": 1.0791791677474976,
        "current_u": -0.07967320829629898,
        "current_v": -0.015354452654719353,
        "bathymetry": 11.404999732971191
      }
    },
    {
      "type": "Feature",
      "geometry": {
        "type": "Point",
        "coordinates": [
          79.0,
          9.399999999999984
        ]
      },
      "properties": {
        "fish_zone": 0,
        "fish_probability": 0.056666666666666664,
        "sst": 29.219993243366503,
        "chlorophyll": 1.6596426963806152,
        "current_u": -0.007745068520307541,
        "current_v": -0.004816895350813866,
        "bathymetry": 9.572997093200684
      }
    },
    {
      "type": "Feature",
      "geometry": {
        "type": "Point",
        "coordinates": [
          79.0,
          9.499999999999984
        ]
      },
      "properties": {
        "fish_zone": 0,
        "fish_probability": 0.07333333333333333,
        "sst": 29.419993238896154,
        "chlorophyll": 1.518114447593689,
        "current_u": -0.016695765778422356,
        "current_v": 0.002460581250488758,
        "bathymetry": 7.92956018447876
      }
    },
    {
      "type": "Feature",
      "geometry": {
        "type": "Point",
        "coordinates": [
          79.0,
          9.599999999999984
        ]
      },
      "properties": {
        "fish_zone": 0,
        "fish_probability": 0.07666666666666666,
        "sst": 29.489993237331532,
        "chlorophyll": 1.3752233982086182,
        "current_u": -0.01466559898108244,
        "current_v": 0.010670086368918419,
        "bathymetry": 7.92956018447876
      }
    },
    {
      "type": "Feature",
      "geometry": {
        "type": "Point",
        "coordinates": [
          79.0,
          9.699999999999983
        ]
      },
      "properties": {
        "fish_zone": 0,
        "fish_probability": 0.07666666666666666,
        "sst": 29.539993236213945,
        "chlorophyll": 3.089585542678833,
        "current_u": -0.0038043097592890263,
        "current_v": 0.006344147026538849,
        "bathymetry": 7.92956018447876
      }
    },
    {
      "type": "Feature",
      "geometry": {
        "type": "Point",
        "coordinates": [
          79.1,
          5.0
        ]
      },
      "properties": {
        "fish_zone": 0,
        "fish_probability": 0.0033333333333333335,
        "sst": 29.269993242248916,
        "chlorophyll": 0.08733411878347397,
        "current_u": -0.41740426421165466,
        "current_v": -0.07715392112731934,
        "bathymetry": 4405.22412109375
      }
    },
    {
      "type": "Feature",
      "geometry": {
        "type": "Point",
        "coordinates": [
          79.1,
          5.1
        ]
      },
      "properties": {
        "fish_zone": 0,
        "fish_probability": 0.0033333333333333335,
        "sst": 29.159993244707607,
        "chlorophyll": 0.08225628733634949,
        "current_u": -0.4731455445289612,
        "current_v": -0.11552520841360092,
        "bathymetry": 4405.22412109375
      }
    },
    {
      "type": "Feature",
      "geometry": {
        "type": "Point",
        "coordinates": [
          79.1,
          5.199999999999999
        ]
      },
      "properties": {
        "fish_zone": 0,
        "fish_probability": 0.0033333333333333335,
        "sst": 29.09999324604871,
        "chlorophyll": 0.0867072194814682,
        "current_u": -0.6260133385658264,
        "current_v": -0.20784667134284973,
        "bathymetry": 4405.22412109375
      }
    },
    {
      "type": "Feature",
      "geometry": {
        "type": "Point",
        "coordinates": [
          79.1,
          5.299999999999999
        ]
      },
      "properties": {
        "fish_zone": 0,
        "fish_probability": 0.0033333333333333335,
        "sst": 28.879993250966095,
        "chlorophyll": 0.08712762594223022,
        "current_u": -0.9416628479957581,
        "current_v": -0.3817570209503174,
        "bathymetry": 4405.22412109375
      }
    },
    {
      "type": "Feature",
      "geometry": {
        "type": "Point",
        "coordinates": [
          79.1,
          5.399999999999999
        ]
      },
      "properties": {
        "fish_zone": 0,
        "fish_probability": 0.0033333333333333335,
        "sst": 28.77999325320127,
        "chlorophyll": 0.10082021355628967,
        "current_u": -0.8710706830024719,
        "current_v": -0.36836931109428406,
        "bathymetry": 4405.22412109375
      }
    },
    {
      "type": "Feature",
      "geometry": {
        "type": "Point",
        "coordinates": [
          79.1,
          5.499999999999998
        ]
      },
      "properties": {
        "fish_zone": 0,
        "fish_probability": 0.0033333333333333335,
        "sst": 28.679993255436443,
        "chlorophyll": 0.12054821848869324,
        "current_u": -0.8011380434036255,
        "current_v": -0.321891725063324,
        "bathymetry": 3992.48388671875
      }
    },
    {
      "type": "Feature",
      "geometry": {
        "type": "Point",
        "coordinates": [
          79.1,
          5.599999999999998
        ]
      },
      "properties": {
        "fish_zone": 0,
        "fish_probability": 0.02666666666666667,
        "sst": 28.659993255883478,
        "chlorophyll": 0.13202962279319763,
        "current_u": -0.7460273504257202,
        "current_v": -0.26919353008270264,
        "bathymetry": 3992.48388671875
      }
    },
    {
      "type": "Feature",
      "geometry": {
        "type": "Point",
        "coordinates": [
          79.1,
          5.6999999999999975
        ]
      },
      "properties": {
        "fish_zone": 0,
        "fish_probability": 0.02666666666666667,
        "sst": 28.659993255883478,
        "chlorophyll": 0.14270363748073578,
        "current_u": -0.6782606840133667,
        "current_v": -0.2100345939397812,
        "bathymetry": 3597.031982421875
      }
    },
    {
      "type": "Feature",
      "geometry": {
        "type": "Point",
        "coordinates": [
          79.1,
          5.799999999999997
        ]
      },
      "properties": {
        "fish_zone": 0,
        "fish_probability": 0.03,
        "sst": 28.73999325409534,
        "chlorophyll": 0.14152610301971436,
        "current_u": -0.5184324383735657,
        "current_v": -0.03863468021154404,
        "bathymetry": 3220.820068359375
      }
    },
    {
      "type": "Feature",
      "geometry": {
        "type": "Point",
        "coordinates": [
          79.1,
          5.899999999999997
        ]
      },
      "properties": {
        "fish_zone": 0,
        "fish_probability": 0.04,
        "sst": 28.729993254318856,
        "chlorophyll": 0.1420789361000061,
        "current_u": -0.39291834831237793,
        "current_v": 0.0030434709042310715,
        "bathymetry": 3220.820068359375
      }
    },
    {
      "type": "Feature",
      "geometry": {
        "type": "Point",
        "coordinates": [
          79.1,
          5.9999999999999964
        ]
      },
      "properties": {
        "fish_zone": 0,
        "fish_probability": 0.02666666666666667,
        "sst": 28.959993249177955,
        "chlorophyll": 0.11070998013019562,
        "current_u": -0.22570879757404327,
        "current_v": -0.014061556197702885,
        "bathymetry": 3220.820068359375
      }
    },
    {
      "type": "Feature",
      "geometry": {
        "type": "Point",
        "coordinates": [
          79.1,
          6.099999999999996
        ]
      },
      "properties": {
        "fish_zone": 0,
        "fish_probability": 0.01,
        "sst": 29.01999324783685,
        "chlorophyll": 0.10203494876623154,
        "current_u": -0.07664456963539124,
        "current_v": -0.03677506744861603,
        "bathymetry": 3220.820068359375
      }
    },
    {
      "type": "Feature",
      "geometry": {
        "type": "Point",
        "coordinates": [
          79.1,
          6.199999999999996
        ]
      },
      "properties": {
        "fish_zone": 0,
        "fish_probability": 0.006666666666666667,
        "sst": 28.989993248507403,
        "chlorophyll": 0.09610890597105026,
        "current_u": 0.05032762512564659,
        "current_v": -0.009232989512383938,
        "bathymetry": 3597.031982421875
      }
    },
    {
      "type": "Feature",
      "geometry": {
        "type": "Point",
        "coordinates": [
          79.1,
          6.299999999999995
        ]
      },
      "properties": {
        "fish_zone": 0,
        "fish_probability": 0.0033333333333333335,
        "sst": 28.949993249401473,
        "chlorophyll": 0.10509929060935974,
        "current_u": 0.24820995330810547,
        "current_v": 0.08415640890598297,
        "bathymetry": 2865.702880859375
      }
    },
    {
      "type": "Feature",
      "geometry": {
        "type": "Point",
        "coordinates": [
          79.1,
          6.399999999999995
        ]
      },
      "properties": {
        "fish_zone": 0,
        "fish_probability": 0.0033333333333333335,
        "sst": 28.949993249401473,
        "chlorophyll": 0.10598258674144745,
        "current_u": 0.2597357928752899,
        "current_v": 0.05319026857614517,
        "bathymetry": 2865.702880859375
      }
    },
    {
      "type": "Feature",
      "geometry": {
        "type": "Point",
        "coordinates": [
          79.1,
          6.499999999999995
        ]
      },
      "properties": {
        "fish_zone": 0,
        "fish_probability": 0.0033333333333333335,
        "sst": 28.949993249401473,
        "chlorophyll": 0.11790677160024643,
        "current_u": 0.23539361357688904,
        "current_v": 0.04188954085111618,
        "bathymetry": 2865.702880859375
      }
    },
    {
      "type": "Feature",
      "geometry": {
        "type": "Point",
        "coordinates": [
          79.1,
          6.599999999999994
        ]
      },
      "properties": {
        "fish_zone": 0,
        "fish_probability": 0.0033333333333333335,
        "sst": 28.989993248507403,
        "chlorophyll": 0.12705373764038086,
        "current_u": 0.22176523506641388,
        "current_v": 0.058487094938755035,
        "bathymetry": 2865.702880859375
      }
    },
    {
      "type": "Feature",
      "geometry": {
        "type": "Point",
        "coordinates": [
          79.1,
          6.699999999999994
        ]
      },
      "properties": {
        "fish_zone": 0,
        "fish_probability": 0.0,
        "sst": 28.989993248507403,
        "chlorophyll": 0.14058120548725128,
        "current_u": 0.20844785869121552,
        "current_v": 0.07549837231636047,
        "bathymetry": 2533.3359375
      }
    },
    {
      "type": "Feature",
      "geometry": {
        "type": "Point",
        "coordinates": [
          79.1,
          6.799999999999994
        ]
      },
      "properties": {
        "fish_zone": 0,
        "fish_probability": 0.0033333333333333335,
        "sst": 28.929993249848508,
        "chlorophyll": 0.14720869064331055,
        "current_u": 0.12738445401191711,
        "current_v": 0.11706889420747757,
        "bathymetry": 2533.3359375
      }
    },
    {
      "type": "Feature",
      "geometry": {
        "type": "Point",
        "coordinates": [
          79.1,
          6.899999999999993
        ]
      },
      "properties": {
        "fish_zone": 0,
        "fish_probability": 0.0033333333333333335,
        "sst": 28.85999325141313,
        "chlorophyll": 0.14455674588680267,
        "current_u": 0.07151173800230026,
        "current_v": 0.14115490019321442,
        "bathymetry": 2533.3359375
      }
    },
    {
      "type": "Feature",
      "geometry": {
        "type": "Point",
        "coordinates": [
          79.1,
          6.999999999999993
        ]
      },
      "properties": {
        "fish_zone": 0,
        "fish_probability": 0.0033333333333333335,
        "sst": 28.769993253424786,
        "chlorophyll": 0.13922476768493652,
        "current_u": 0.02776128612458706,
        "current_v": 0.14726847410202026,
        "bathymetry": 2533.3359375
      }
    },
    {
      "type": "Feature",
      "geometry": {
        "type": "Point",
        "coordinates": [
          79.1,
          7.0999999999999925
        ]
      },
      "properties": {
        "fish_zone": 0,
        "fish_probability": 0.0033333333333333335,
        "sst": 28.78999325297775,
        "chlorophyll": 0.13799995183944702,
        "current_u": 0.008845353499054909,
        "current_v": 0.13021770119667053,
        "bathymetry": 2533.3359375
      }
    },
    {
      "type": "Feature",
      "geometry": {
        "type": "Point",
        "coordinates": [
          79.1,
          7.199999999999992
        ]
      },
      "properties": {
        "fish_zone": 0,
        "fish_probability": 0.0,
        "sst": 28.8199932523072,
        "chlorophyll": 0.13618259131908417,
        "current_u": 0.010233264416456223,
        "current_v": 0.0874827578663826,
        "bathymetry": 2533.3359375
      }
    },
    {
      "type": "Feature",
      "geometry": {
        "type": "Point",
        "coordinates": [
          79.1,
          7.299999999999992
        ]
      },
      "properties": {
        "fish_zone": 0,
        "fish_probability": 0.0,
        "sst": 28.769993253424786,
        "chlorophyll": 0.13432320952415466,
        "current_u": -0.02629069797694683,
        "current_v": -0.01687542162835598,
        "bathymetry": 2533.3359375
      }
    },
    {
      "type": "Feature",
      "geometry": {
        "type": "Point",
        "coordinates": [
          79.1,
          7.3999999999999915
        ]
      },
      "properties": {
        "fish_zone": 0,
        "fish_probability": 0.0,
        "sst": 28.759993253648304,
        "chlorophyll": 0.12511959671974182,
        "current_u": -0.04645456373691559,
        "current_v": -0.04391131177544594,
        "bathymetry": 2533.3359375
      }
    },
    {
      "type": "Feature",
      "geometry": {
        "type": "Point",
        "coordinates": [
          79.1,
          7.499999999999991
        ]
      },
      "properties": {
        "fish_zone": 0,
        "fish_probability": 0.0,
        "sst": 28.869993251189612,
        "chlorophyll": 0.1344083994626999,
        "current_u": -0.05396115779876709,
        "current_v": -0.05440811440348625,
        "bathymetry": 2533.3359375
      }
    },
    {
      "type": "Feature",
      "geometry": {
        "type": "Point",
        "coordinates": [
          79.1,
          7.599999999999991
        ]
      },
      "properties": {
        "fish_zone": 0,
        "fish_probability": 0.0033333333333333335,
        "sst": 28.929993249848508,
        "chlorophyll": 0.1398364156484604,
        "current_u": -0.06301610916852951,
        "current_v": -0.059642743319272995,
        "bathymetry": 2533.3359375
      }
    },
    {
      "type": "Feature",
      "geometry": {
        "type": "Point",
        "coordinates": [
          79.1,
          7.69999999999999
        ]
      },
      "properties": {
        "fish_zone": 0,
        "fish_probability": 0.0033333333333333335,
        "sst": 28.93999324962499,
        "chlorophyll": 0.12438745051622391,
        "current_u": -0.06920742988586426,
        "current_v": -0.06503111124038696,
        "bathymetry": 2225.077880859375
      }
    },
    {
      "type": "Feature",
      "geometry": {
        "type": "Point",
        "coordinates": [
          79.1,
          7.79999999999999
        ]
      },
      "properties": {
        "fish_zone": 0,
        "fish_probability": 0.056666666666666664,
        "sst": 28.8199932523072,
        "chlorophyll": 0.13515420258045197,
        "current_u": -0.07234179228544235,
        "current_v": -0.08292153477668762,
        "bathymetry": 1941.8929443359375
      }
    },
    {
      "type": "Feature",
      "geometry": {
        "type": "Point",
        "coordinates": [
          79.1,
          7.89999999999999
        ]
      },
      "properties": {
        "fish_zone": 0,
        "fish_probability": 0.06333333333333334,
        "sst": 28.729993254318856,
        "chlorophyll": 0.1409514844417572,
        "current_u": -0.08171794563531876,
        "current_v": -0.07957074791193008,
        "bathymetry": 1684.2840576171875
      }
    },
    {
      "type": "Feature",
      "geometry": {
        "type": "Point",
        "coordinates": [
          79.1,
          7.999999999999989
        ]
      },
      "properties": {
        "fish_zone": 0,
        "fish_probability": 0.07,
        "sst": 28.70999325476589,
        "chlorophyll": 0.1503145843744278,
        "current_u": -0.09570227563381195,
        "current_v": -0.06488388031721115,
        "bathymetry": 1684.2840576171875
      }
    },
    {
      "type": "Feature",
      "geometry": {
        "type": "Point",
        "coordinates": [
          79.1,
          8.099999999999989
        ]
      },
      "properties": {
        "fish_zone": 0,
        "fish_probability": 0.05333333333333334,
        "sst": 28.66999325565996,
        "chlorophyll": 0.14026431739330292,
        "current_u": -0.11185736209154129,
        "current_v": -0.04865618422627449,
        "bathymetry": 1684.2840576171875
      }
    },
    {
      "type": "Feature",
      "geometry": {
        "type": "Point",
        "coordinates": [
          79.1,
          8.199999999999989
        ]
      },
      "properties": {
        "fish_zone": 0,
        "fish_probability": 0.043333333333333335,
        "sst": 28.619993256777548,
        "chlorophyll": 0.15217435359954834,
        "current_u": -0.1292991191148758,
        "current_v": -0.03833587467670441,
        "bathymetry": 1452.2509765625
      }
    },
    {
      "type": "Feature",
      "geometry": {
        "type": "Point",
        "coordinates": [
          79.1,
          8.299999999999988
        ]
      },
      "properties": {
        "fish_zone": 0,
        "fish_probability": 0.04,
        "sst": 28.46999326013031,
        "chlorophyll": 0.15097200870513916,
        "current_u": -0.14156541228294373,
        "current_v": -0.02262152172625065,
        "bathymetry": 902.3392944335938
      }
    },
    {
      "type": "Feature",
      "geometry": {
        "type": "Point",
        "coordinates": [
          79.1,
          8.399999999999988
        ]
      },
      "properties": {
        "fish_zone": 0,
        "fish_probability": 0.04666666666666667,
        "sst": 28.43999326080086,
        "chlorophyll": 0.1522347778081894,
        "current_u": -0.1476994752883911,
        "current_v": -0.017009766772389412,
        "bathymetry": 1062.43994140625
      }
    },
    {
      "type": "Feature",
      "geometry": {
        "type": "Point",
        "coordinates": [
          79.1,
          8.499999999999988
        ]
      },
      "properties": {
        "fish_zone": 0,
        "fish_probability": 0.04666666666666667,
        "sst": 28.39999326169493,
        "chlorophyll": 0.17287150025367737,
        "current_u": -0.1644950956106186,
        "current_v": -0.013653906993567944,
        "bathymetry": 1062.43994140625
      }
    },
    {
      "type": "Feature",
      "geometry": {
        "type": "Point",
        "coordinates": [
          79.1,
          8.599999999999987
        ]
      },
      "properties": {
        "fish_zone": 0,
        "fish_probability": 0.03666666666666667,
        "sst": 28.369993262365483,
        "chlorophyll": 0.1841675043106079,
        "current_u": -0.17911465466022491,
        "current_v": -0.01650047115981579,
        "bathymetry": 1062.43994140625
      }
    },
    {
      "type": "Feature",
      "geometry": {
        "type": "Point",
        "coordinates": [
          79.1,
          8.699999999999987
        ]
      },
      "properties": {
        "fish_zone": 0,
        "fish_probability": 0.03666666666666667,
        "sst": 28.369993262365483,
        "chlorophyll": 0.18819306790828705,
        "current_u": -0.18634602427482605,
        "current_v": -0.016357729211449623,
        "bathymetry": 1062.43994140625
      }
    },
    {
      "type": "Feature",
      "geometry": {
        "type": "Point",
        "coordinates": [
          79.1,
          8.799999999999986
        ]
      },
      "properties": {
        "fish_zone": 0,
        "fish_probability": 0.04,
        "sst": 28.449993260577344,
        "chlorophyll": 0.19332526624202728,
        "current_u": -0.24280597269535065,
        "current_v": 0.007187359966337681,
        "bathymetry": 763.3331298828125
      }
    },
    {
      "type": "Feature",
      "geometry": {
        "type": "Point",
        "coordinates": [
          79.1,
          8.899999999999986
        ]
      },
      "properties": {
        "fish_zone": 0,
        "fish_probability": 0.04,
        "sst": 28.46999326013031,
        "chlorophyll": 0.19250494241714478,
        "current_u": -0.2563282549381256,
        "current_v": 0.017803173512220383,
        "bathymetry": 643.5667724609375
      }
    },
    {
      "type": "Feature",
      "geometry": {
        "type": "Point",
        "coordinates": [
          79.1,
          8.999999999999986
        ]
      },
      "properties": {
        "fish_zone": 0,
        "fish_probability": 0.05333333333333334,
        "sst": 28.329993263259553,
        "chlorophyll": 0.18078936636447906,
        "current_u": -0.19178657233715057,
        "current_v": -0.00010662871500244364,
        "bathymetry": 222.47520446777344
      }
    },
    {
      "type": "Feature",
      "geometry": {
        "type": "Point",
        "coordinates": [
          79.1,
          9.099999999999985
        ]
      },
      "properties": {
        "fish_zone": 1,
        "fish_probability": 0.8266666666666667,
        "sst": 28.50999325923624,
        "chlorophyll": 0.32275494933128357,
        "current_u": -0.10641193389892578,
        "current_v": -0.0122821144759655,
        "bathymetry": 18.495559692382812
      }
    },
    {
      "type": "Feature",
      "geometry": {
        "type": "Point",
        "coordinates": [
          79.1,
          9.199999999999985
        ]
      },
      "properties": {
        "fish_zone": 0,
        "fish_probability": 0.16,
        "sst": 28.829993252083682,
        "chlorophyll": 1.9672333002090454,
        "current_u": -0.0691365972161293,
        "current_v": -0.008631432428956032,
        "bathymetry": 13.467140197753906
      }
    },
    {
      "type": "Feature",
      "geometry": {
        "type": "Point",
        "coordinates": [
          79.1,
          9.399999999999984
        ]
      },
      "properties": {
        "fish_zone": 0,
        "fish_probability": 0.043333333333333335,
        "sst": 29.149993244931125,
        "chlorophyll": 0.9981004595756531,
        "current_u": -0.016357816755771637,
        "current_v": -0.0003926558420062065,
        "bathymetry": 13.467140197753906
      }
    },
    {
      "type": "Feature",
      "geometry": {
        "type": "Point",
        "coordinates": [
          79.1,
          9.499999999999984
        ]
      },
      "properties": {
        "fish_zone": 0,
        "fish_probability": 0.043333333333333335,
        "sst": 29.20999324359002,
        "chlorophyll": 0.9469173550605774,
        "current_u": -0.026887040585279465,
        "current_v": 0.010330205783247948,
        "bathymetry": 9.572997093200684
      }
    },
    {
      "type": "Feature",
      "geometry": {
        "type": "Point",
        "coordinates": [
          79.1,
          9.599999999999984
        ]
      },
      "properties": {
        "fish_zone": 0,
        "fish_probability": 0.03666666666666667,
        "sst": 29.199993243813537,
        "chlorophyll": 0.8400683999061584,
        "current_u": -0.018565170466899872,
        "current_v": 0.009678129106760025,
        "bathymetry": 9.572997093200684
      }
    },
    {
      "type": "Feature",
      "geometry": {
        "type": "Point",
        "coordinates": [
          79.1,
          9.699999999999983
        ]
      },
      "properties": {
        "fish_zone": 0,
        "fish_probability": 0.09,
        "sst": 29.24999324269595,
        "chlorophyll": 1.2224563360214233,
        "current_u": -0.006519664078950882,
        "current_v": -0.00023949061869643629,
        "bathymetry": 7.92956018447876
      }
    },
    {
      "type": "Feature",
      "geometry": {
        "type": "Point",
        "coordinates": [
          79.19999999999999,
          5.0
        ]
      },
      "properties": {
        "fish_zone": 0,
        "fish_probability": 0.0033333333333333335,
        "sst": 29.28999324180188,
        "chlorophyll": 0.09267838299274445,
        "current_u": -0.4294162690639496,
        "current_v": -0.04473638907074928,
        "bathymetry": 4405.22412109375
      }
    },
    {
      "type": "Feature",
      "geometry": {
        "type": "Point",
        "coordinates": [
          79.19999999999999,
          5.1
        ]
      },
      "properties": {
        "fish_zone": 0,
        "fish_probability": 0.0033333333333333335,
        "sst": 29.159993244707607,
        "chlorophyll": 0.09216947108507156,
        "current_u": -0.4804881513118744,
        "current_v": -0.0816149115562439,
        "bathymetry": 4405.22412109375
      }
    },
    {
      "type": "Feature",
      "geometry": {
        "type": "Point",
        "coordinates": [
          79.19999999999999,
          5.199999999999999
        ]
      },
      "properties": {
        "fish_zone": 0,
        "fish_probability": 0.0033333333333333335,
        "sst": 29.079993246495746,
        "chlorophyll": 0.08308117091655731,
        "current_u": -0.6041534543037415,
        "current_v": -0.17171822488307953,
        "bathymetry": 4405.22412109375
      }
    },
    {
      "type": "Feature",
      "geometry": {
        "type": "Point",
        "coordinates": [
          79.19999999999999,
          5.299999999999999
        ]
      },
      "properties": {
        "fish_zone": 0,
        "fish_probability": 0.0033333333333333335,
        "sst": 28.869993251189612,
        "chlorophyll": 0.0899159163236618,
        "current_u": -0.9439005851745605,
        "current_v": -0.39464205503463745,
        "bathymetry": 4405.22412109375
      }
    },
    {
      "type": "Feature",
      "geometry": {
        "type": "Point",
        "coordinates": [
          79.19999999999999,
          5.399999999999999
        ]
      },
      "properties": {
        "fish_zone": 0,
        "fish_probability": 0.0033333333333333335,
        "sst": 28.809993252530717,
        "chlorophyll": 0.09515227377414703,
        "current_u": -0.8819590210914612,
        "current_v": -0.40559765696525574,
        "bathymetry": 4405.22412109375
      }
    },
    {
      "type": "Feature",
      "geometry": {
        "type": "Point",
        "coordinates": [
          79.19999999999999,
          5.499999999999998
        ]
      },
      "properties": {
        "fish_zone": 0,
        "fish_probability": 0.0033333333333333335,
        "sst": 28.769993253424786,
        "chlorophyll": 0.10614096373319626,
        "current_u": -0.805436909198761,
        "current_v": -0.37567439675331116,
        "bathymetry": 3992.48388671875
      }
    },
    {
      "type": "Feature",
      "geometry": {
        "type": "Point",
        "coordinates": [
          79.19999999999999,
          5.599999999999998
        ]
      },
      "properties": {
        "fish_zone": 0,
        "fish_probability": 0.02666666666666667,
        "sst": 28.719993254542374,
        "chlorophyll": 0.12484356760978699,
        "current_u": -0.7542786002159119,
        "current_v": -0.32378941774368286,
        "bathymetry": 3992.48388671875
      }
    },
    {
      "type": "Feature",
      "geometry": {
        "type": "Point",
        "coordinates": [
          79.19999999999999,
          5.6999999999999975
        ]
      },
      "properties": {
        "fish_zone": 0,
        "fish_probability": 0.02666666666666667,
        "sst": 28.689993255212926,
        "chlorophyll": 0.1389702558517456,
        "current_u": -0.6989310383796692,
        "current_v": -0.2631494402885437,
        "bathymetry": 3597.031982421875
      }
    },
    {
      "type": "Feature",
      "geometry": {
        "type": "Point",
        "coordinates": [
          79.19999999999999,
          5.799999999999997
        ]
      },
      "properties": {
        "fish_zone": 0,
        "fish_probability": 0.03,
        "sst": 28.759993253648304,
        "chlorophyll": 0.14414533972740173,
        "current_u": -0.5388703942298889,
        "current_v": -0.06981980055570602,
        "bathymetry": 3220.820068359375
      }
    },
    {
      "type": "Feature",
      "geometry": {
        "type": "Point",
        "coordinates": [
          79.19999999999999,
          5.899999999999997
        ]
      },
      "properties": {
        "fish_zone": 0,
        "fish_probability": 0.03666666666666667,
        "sst": 28.729993254318856,
        "chlorophyll": 0.1406138688325882,
        "current_u": -0.431686669588089,
        "current_v": 0.00633965153247118,
        "bathymetry": 3220.820068359375
      }
    },
    {
      "type": "Feature",
      "geometry": {
        "type": "Point",
        "coordinates": [
          79.19999999999999,
          5.9999999999999964
        ]
      },
      "properties": {
        "fish_zone": 0,
        "fish_probability": 0.023333333333333334,
        "sst": 28.909993250295543,
        "chlorophyll": 0.1193573996424675,
        "current_u": -0.29148685932159424,
        "current_v": 0.00946612749248743,
        "bathymetry": 3220.820068359375
      }
    },
    {
      "type": "Feature",
      "geometry": {
        "type": "Point",
        "coordinates": [
          79.19999999999999,
          6.099999999999996
        ]
      },
      "properties": {
        "fish_zone": 0,
        "fish_probability": 0.013333333333333334,
        "sst": 28.989993248507403,
        "chlorophyll": 0.10085899382829666,
        "current_u": -0.1388806402683258,
        "current_v": -0.04022853448987007,
        "bathymetry": 3597.031982421875
      }
    },
    {
      "type": "Feature",
      "geometry": {
        "type": "Point",
        "coordinates": [
          79.19999999999999,
          6.199999999999996
        ]
      },
      "properties": {
        "fish_zone": 0,
        "fish_probability": 0.006666666666666667,
        "sst": 28.969993248954438,
        "chlorophyll": 0.09770189225673676,
        "current_u": 0.011995488777756691,
        "current_v": -0.05358888581395149,
        "bathymetry": 3220.820068359375
      }
    },
    {
      "type": "Feature",
      "geometry": {
        "type": "Point",
        "coordinates": [
          79.19999999999999,
          6.299999999999995
        ]
      },
      "properties": {
        "fish_zone": 0,
        "fish_probability": 0.0033333333333333335,
        "sst": 28.969993248954438,
        "chlorophyll": 0.10432611405849457,
        "current_u": 0.24053828418254852,
        "current_v": 0.06739784777164459,
        "bathymetry": 2865.702880859375
      }
    },
    {
      "type": "Feature",
      "geometry": {
        "type": "Point",
        "coordinates": [
          79.19999999999999,
          6.399999999999995
        ]
      },
      "properties": {
        "fish_zone": 0,
        "fish_probability": 0.0033333333333333335,
        "sst": 28.929993249848508,
        "chlorophyll": 0.10542766749858856,
        "current_u": 0.28996172547340393,
        "current_v": 0.05728850141167641,
        "bathymetry": 2865.702880859375
      }
    },
    {
      "type": "Feature",
      "geometry": {
        "type": "Point",
        "coordinates": [
          79.19999999999999,
          6.499999999999995
        ]
      },
      "properties": {
        "fish_zone": 0,
        "fish_probability": 0.0033333333333333335,
        "sst": 28.879993250966095,
        "chlorophyll": 0.11147306114435196,
        "current_u": 0.2646583616733551,
        "current_v": 0.027571596205234528,
        "bathymetry": 2865.702880859375
      }
    },
    {
      "type": "Feature",
      "geometry": {
        "type": "Point",
        "coordinates": [
          79.19999999999999,
          6.599999999999994
        ]
      },
      "properties": {
        "fish_zone": 0,
        "fish_probability": 0.0033333333333333335,
        "sst": 28.929993249848508,
        "chlorophyll": 0.12568797171115875,
        "current_u": 0.22689765691757202,
        "current_v": 0.022869620472192764,
        "bathymetry": 2865.702880859375
      }
    },
    {
      "type": "Feature",
      "geometry": {
        "type": "Point",
        "coordinates": [
          79.19999999999999,
          6.699999999999994
        ]
      },
      "properties": {
        "fish_zone": 0,
        "fish_probability": 0.0,
        "sst": 28.949993249401473,
        "chlorophyll": 0.13789857923984528,
        "current_u": 0.1968856155872345,
        "current_v": 0.039041366428136826,
        "bathymetry": 2533.3359375
      }
    },
    {
      "type": "Feature",
      "geometry": {
        "type": "Point",
        "coordinates": [
          79.19999999999999,
          6.799999999999994
        ]
      },
      "properties": {
        "fish_zone": 0,
        "fish_probability": 0.0033333333333333335,
        "sst": 28.89999325051906,
        "chlorophyll": 0.14710448682308197,
        "current_u": 0.10598037391901016,
        "current_v": 0.11201954632997513,
        "bathymetry": 2533.3359375
      }
    },
    {
      "type": "Feature",
      "geometry": {
        "type": "Point",
        "coordinates": [
          79.19999999999999,
          6.899999999999993
        ]
      },
      "properties": {
        "fish_zone": 0,
        "fish_probability": 0.0033333333333333335,
        "sst": 28.849993251636647,
        "chlorophyll": 0.14511948823928833,
        "current_u": 0.050037533044815063,
        "current_v": 0.13794384896755219,
        "bathymetry": 2533.3359375
      }
    },
    {
      "type": "Feature",
      "geometry": {
        "type": "Point",
        "coordinates": [
          79.19999999999999,
          6.999999999999993
        ]
      },
      "properties": {
        "fish_zone": 0,
        "fish_probability": 0.0033333333333333335,
        "sst": 28.77999325320127,
        "chlorophyll": 0.1473548263311386,
        "current_u": 0.008638451807200909,
        "current_v": 0.14908909797668457,
        "bathymetry": 2533.3359375
      }
    },
    {
      "type": "Feature",
      "geometry": {
        "type": "Point",
        "coordinates": [
          79.19999999999999,
          7.0999999999999925
        ]
      },
      "properties": {
        "fish_zone": 0,
        "fish_probability": 0.0033333333333333335,
        "sst": 28.8199932523072,
        "chlorophyll": 0.14091038703918457,
        "current_u": -0.004513074643909931,
        "current_v": 0.14855800569057465,
        "bathymetry": 2533.3359375
      }
    },
    {
      "type": "Feature",
      "geometry": {
        "type": "Point",
        "coordinates": [
          79.19999999999999,
          7.199999999999992
        ]
      },
      "properties": {
        "fish_zone": 0,
        "fish_probability": 0.0033333333333333335,
        "sst": 28.85999325141313,
        "chlorophyll": 0.13839955627918243,
        "current_u": 0.00653678085654974,
        "current_v": 0.12634523212909698,
        "bathymetry": 2533.3359375
      }
    },
    {
      "type": "Feature",
      "geometry": {
        "type": "Point",
        "coordinates": [
          79.19999999999999,
          7.299999999999992
        ]
      },
      "properties": {
        "fish_zone": 0,
        "fish_probability": 0.0,
        "sst": 28.8199932523072,
        "chlorophyll": 0.13199733197689056,
        "current_u": 0.0017471180763095617,
        "current_v": 0.042530931532382965,
        "bathymetry": 2533.3359375
      }
    },
    {
      "type": "Feature",
      "geometry": {
        "type": "Point",
        "coordinates": [
          79.19999999999999,
          7.3999999999999915
        ]
      },
      "properties": {
        "fish_zone": 0,
        "fish_probability": 0.0,
        "sst": 28.809993252530717,
        "chlorophyll": 0.13168193399906158,
        "current_u": -0.025951169431209564,
        "current_v": 0.006903565488755703,
        "bathymetry": 2533.3359375
      }
    },
    {
      "type": "Feature",
      "geometry": {
        "type": "Point",
        "coordinates": [
          79.19999999999999,
          7.499999999999991
        ]
      },
      "properties": {
        "fish_zone": 0,
        "fish_probability": 0.0,
        "sst": 28.929993249848508,
        "chlorophyll": 0.12687769532203674,
        "current_u": -0.04009154811501503,
        "current_v": -0.019069494679570198,
        "bathymetry": 2533.3359375
      }
    },
    {
      "type": "Feature",
      "geometry": {
        "type": "Point",
        "coordinates": [
          79.19999999999999,
          7.599999999999991
        ]
      },
      "properties": {
        "fish_zone": 0,
        "fish_probability": 0.0033333333333333335,
        "sst": 28.989993248507403,
        "chlorophyll": 0.1315765231847763,
        "current_u": -0.048516638576984406,
        "current_v": -0.03080563247203827,
        "bathymetry": 2533.3359375
      }
    },
    {
      "type": "Feature",
      "geometry": {
        "type": "Point",
        "coordinates": [
          79.19999999999999,
          7.69999999999999
        ]
      },
      "properties": {
        "fish_zone": 0,
        "fish_probability": 0.0033333333333333335,
        "sst": 28.97999324873092,
        "chlorophyll": 0.1259935200214386,
        "current_u": -0.05448643118143082,
        "current_v": -0.03153953328728676,
        "bathymetry": 2225.077880859375
      }
    },
    {
      "type": "Feature",
      "geometry": {
        "type": "Point",
        "coordinates": [
          79.19999999999999,
          7.79999999999999
        ]
      },
      "properties": {
        "fish_zone": 0,
        "fish_probability": 0.0033333333333333335,
        "sst": 28.839993251860164,
        "chlorophyll": 0.12494953721761703,
        "current_u": -0.05799699202179909,
        "current_v": -0.03932952880859375,
        "bathymetry": 1684.2840576171875
      }
    },
    {
      "type": "Feature",
      "geometry": {
        "type": "Point",
        "coordinates": [
          79.19999999999999,
          7.89999999999999
        ]
      },
      "properties": {
        "fish_zone": 0,
        "fish_probability": 0.01,
        "sst": 28.73999325409534,
        "chlorophyll": 0.13803164660930634,
        "current_u": -0.06780004501342773,
        "current_v": -0.04210745543241501,
        "bathymetry": 1684.2840576171875
      }
    },
    {
      "type": "Feature",
      "geometry": {
        "type": "Point",
        "coordinates": [
          79.19999999999999,
          7.999999999999989
        ]
      },
      "properties": {
        "fish_zone": 0,
        "fish_probability": 0.03333333333333333,
        "sst": 28.70999325476589,
        "chlorophyll": 0.14799751341342926,
        "current_u": -0.08162188529968262,
        "current_v": -0.03528013825416565,
        "bathymetry": 1452.2509765625
      }
    },
    {
      "type": "Feature",
      "geometry": {
        "type": "Point",
        "coordinates": [
          79.19999999999999,
          8.099999999999989
        ]
      },
      "properties": {
        "fish_zone": 0,
        "fish_probability": 0.05,
        "sst": 28.689993255212926,
        "chlorophyll": 0.14527980983257294,
        "current_u": -0.0978284478187561,
        "current_v": -0.02640564739704132,
        "bathymetry": 1452.2509765625
      }
    },
    {
      "type": "Feature",
      "geometry": {
        "type": "Point",
        "coordinates": [
          79.19999999999999,
          8.199999999999989
        ]
      },
      "properties": {
        "fish_zone": 0,
        "fish_probability": 0.05,
        "sst": 28.649993256106995,
        "chlorophyll": 0.1601007580757141,
        "current_u": -0.1166892945766449,
        "current_v": -0.022587653249502182,
        "bathymetry": 1245.291015625
      }
    },
    {
      "type": "Feature",
      "geometry": {
        "type": "Point",
        "coordinates": [
          79.19999999999999,
          8.299999999999988
        ]
      },
      "properties": {
        "fish_zone": 0,
        "fish_probability": 0.043333333333333335,
        "sst": 28.489993259683274,
        "chlorophyll": 0.16020143032073975,
        "current_u": -0.14124201238155365,
        "current_v": -0.010785041376948357,
        "bathymetry": 763.3331298828125
      }
    },
    {
      "type": "Feature",
      "geometry": {
        "type": "Point",
        "coordinates": [
          79.19999999999999,
          8.399999999999988
        ]
      },
      "properties": {
        "fish_zone": 0,
        "fish_probability": 0.04666666666666667,
        "sst": 28.43999326080086,
        "chlorophyll": 0.15427635610103607,
        "current_u": -0.15028785169124603,
        "current_v": -0.007438683416694403,
        "bathymetry": 763.3331298828125
      }
    },
    {
      "type": "Feature",
      "geometry": {
        "type": "Point",
        "coordinates": [
          79.19999999999999,
          8.499999999999988
        ]
      },
      "properties": {
        "fish_zone": 0,
        "fish_probability": 0.043333333333333335,
        "sst": 28.379993262141966,
        "chlorophyll": 0.1667868196964264,
        "current_u": -0.16088809072971344,
        "current_v": -0.006821483373641968,
        "bathymetry": 902.3392944335938
      }
    },
    {
      "type": "Feature",
      "geometry": {
        "type": "Point",
        "coordinates": [
          79.19999999999999,
          8.599999999999987
        ]
      },
      "properties": {
        "fish_zone": 0,
        "fish_probability": 0.03,
        "sst": 28.359993262589,
        "chlorophyll": 0.17387202382087708,
        "current_u": -0.16895386576652527,
        "current_v": -0.009255162440240383,
        "bathymetry": 902.3392944335938
      }
    },
    {
      "type": "Feature",
      "geometry": {
        "type": "Point",
        "coordinates": [
          79.19999999999999,
          8.699999999999987
        ]
      },
      "properties": {
        "fish_zone": 0,
        "fish_probability": 0.03,
        "sst": 28.369993262365483,
        "chlorophyll": 0.18324576318264008,
        "current_u": -0.17577968537807465,
        "current_v": -0.0010101342340931296,
        "bathymetry": 902.3392944335938
      }
    },
    {
      "type": "Feature",
      "geometry": {
        "type": "Point",
        "coordinates": [
          79.19999999999999,
          8.799999999999986
        ]
      },
      "properties": {
        "fish_zone": 0,
        "fish_probability": 0.05333333333333334,
        "sst": 28.46999326013031,
        "chlorophyll": 0.19636623561382294,
        "current_u": -0.23607400059700012,
        "current_v": 0.027358267456293106,
        "bathymetry": 643.5667724609375
      }
    },
    {
      "type": "Feature",
      "geometry": {
        "type": "Point",
        "coordinates": [
          79.19999999999999,
          8.899999999999986
        ]
      },
      "properties": {
        "fish_zone": 1,
        "fish_probability": 0.9066666666666666,
        "sst": 28.50999325923624,
        "chlorophyll": 0.20741631090641022,
        "current_u": -0.24408826231956482,
        "current_v": 0.031958602368831635,
        "bathymetry": 643.5667724609375
      }
    },
    {
      "type": "Feature",
      "geometry": {
        "type": "Point",
        "coordinates": [
          79.19999999999999,
          8.999999999999986
        ]
      },
      "properties": {
        "fish_zone": 1,
        "fish_probability": 0.9133333333333333,
        "sst": 28.349993262812518,
        "chlorophyll": 0.24941577017307281,
        "current_u": -0.17983725666999817,
        "current_v": 0.02478540875017643,
        "bathymetry": 453.9377136230469
      }
    },
    {
      "type": "Feature",
      "geometry": {
        "type": "Point",
        "coordinates": [
          79.19999999999999,
          9.099999999999985
        ]
      },
      "properties": {
        "fish_zone": 0,
        "fish_probability": 0.47333333333333333,
        "sst": 28.47999325990679,
        "chlorophyll": 0.2856534421443939,
        "current_u": -0.08953996002674103,
        "current_v": 0.004774404224008322,
        "bathymetry": 18.495559692382812
      }
    },
    {
      "type": "Feature",
      "geometry": {
        "type": "Point",
        "coordinates": [
          79.19999999999999,
          9.199999999999985
        ]
      },
      "properties": {
        "fish_zone": 0,
        "fish_probability": 0.05,
        "sst": 28.799993252754234,
        "chlorophyll": 0.9604257941246033,
        "current_u": -0.04500967264175415,
        "current_v": 0.001954641193151474,
        "bathymetry": 15.810070037841797
      }
    },
    {
      "type": "Feature",
      "geometry": {
        "type": "Point",
        "coordinates": [
          79.19999999999999,
          9.399999999999984
        ]
      },
      "properties": {
        "fish_zone": 0,
        "fish_probability": 0.03666666666666667,
        "sst": 29.149993244931125,
        "chlorophyll": 0.7739782929420471,
        "current_u": -0.022546609863638878,
        "current_v": 0.006149678491055965,
        "bathymetry": 9.572997093200684
      }
    },
    {
      "type": "Feature",
      "geometry": {
        "type": "Point",
        "coordinates": [
          79.19999999999999,
          9.499999999999984
        ]
      },
      "properties": {
        "fish_zone": 0,
        "fish_probability": 0.03666666666666667,
        "sst": 29.119993245601677,
        "chlorophyll": 0.7397838830947876,
        "current_u": -0.02640000730752945,
        "current_v": 0.008913297206163406,
        "bathymetry": 9.572997093200684
      }
    },
    {
      "type": "Feature",
      "geometry": {
        "type": "Point",
        "coordinates": [
          79.19999999999999,
          9.599999999999984
        ]
      },
      "properties": {
        "fish_zone": 0,
        "fish_probability": 0.03666666666666667,
        "sst": 29.039993247389816,
        "chlorophyll": 0.7218686938285828,
        "current_u": -0.017895469442009926,
        "current_v": 0.004196337889879942,
        "bathymetry": 9.572997093200684
      }
    },
    {
      "type": "Feature",
      "geometry": {
        "type": "Point",
        "coordinates": [
          79.19999999999999,
          9.699999999999983
        ]
      },
      "properties": {
        "fish_zone": 0,
        "fish_probability": 0.03666666666666667,
        "sst": 29.039993247389816,
        "chlorophyll": 0.7510651350021362,
        "current_u": -0.01008905190974474,
        "current_v": 0.004030531272292137,
        "bathymetry": 9.572997093200684
      }
    },
    {
      "type": "Feature",
      "geometry": {
        "type": "Point",
        "coordinates": [
          79.19999999999999,
          9.799999999999983
        ]
      },
      "properties": {
        "fish_zone": 0,
        "fish_probability": 0.08,
        "sst": 29.179993244260572,
        "chlorophyll": 1.6452445983886719,
        "current_u": -0.01046442985534668,
        "current_v": -0.0022240139078348875,
        "bathymetry": 7.92956018447876
      }
    },
    {
      "type": "Feature",
      "geometry": {
        "type": "Point",
        "coordinates": [
          79.19999999999999,
          9.899999999999983
        ]
      },
      "properties": {
        "fish_zone": 0,
        "fish_probability": 0.10333333333333333,
        "sst": 29.239993242919468,
        "chlorophyll": 3.074632167816162,
        "current_u": -0.00880424678325653,
        "current_v": -0.001717149163596332,
        "bathymetry": 7.92956018447876
      }
    },
    {
      "type": "Feature",
      "geometry": {
        "type": "Point",
        "coordinates": [
          79.29999999999998,
          5.0
        ]
      },
      "properties": {
        "fish_zone": 0,
        "fish_probability": 0.0033333333333333335,
        "sst": 29.28999324180188,
        "chlorophyll": 0.09365105628967285,
        "current_u": -0.4314451813697815,
        "current_v": -0.008876160718500614,
        "bathymetry": 4405.22412109375
      }
    },
    {
      "type": "Feature",
      "geometry": {
        "type": "Point",
        "coordinates": [
          79.29999999999998,
          5.1
        ]
      },
      "properties": {
        "fish_zone": 0,
        "fish_probability": 0.0,
        "sst": 29.16999324448409,
        "chlorophyll": 0.0861261710524559,
        "current_u": -0.4867514371871948,
        "current_v": -0.04008030891418457,
        "bathymetry": 4405.22412109375
      }
    },
    {
      "type": "Feature",
      "geometry": {
        "type": "Point",
        "coordinates": [
          79.29999999999998,
          5.199999999999999
        ]
      },
      "properties": {
        "fish_zone": 0,
        "fish_probability": 0.0,
        "sst": 29.069993246719264,
        "chlorophyll": 0.06748080253601074,
        "current_u": -0.5582497119903564,
        "current_v": -0.1075102761387825,
        "bathymetry": 4405.22412109375
      }
    },
    {
      "type": "Feature",
      "geometry": {
        "type": "Point",
        "coordinates": [
          79.29999999999998,
          5.299999999999999
        ]
      },
      "properties": {
        "fish_zone": 0,
        "fish_probability": 0.0033333333333333335,
        "sst": 28.809993252530717,
        "chlorophyll": 0.09148421138525009,
        "current_u": -0.9113233089447021,
        "current_v": -0.3843989074230194,
        "bathymetry": 4405.22412109375
      }
    },
    {
      "type": "Feature",
      "geometry": {
        "type": "Point",
        "coordinates": [
          79.29999999999998,
          5.399999999999999
        ]
      },
      "properties": {
        "fish_zone": 0,
        "fish_probability": 0.0033333333333333335,
        "sst": 28.78999325297775,
        "chlorophyll": 0.09602826833724976,
        "current_u": -0.8796536922454834,
        "current_v": -0.4407321810722351,
        "bathymetry": 4405.22412109375
      }
    },
    {
      "type": "Feature",
      "geometry": {
        "type": "Point",
        "coordinates": [
          79.29999999999998,
          5.499999999999998
        ]
      },
      "properties": {
        "fish_zone": 0,
        "fish_probability": 0.0,
        "sst": 28.66999325565996,
        "chlorophyll": 0.09958293288946152,
        "current_u": -0.7914285063743591,
        "current_v": -0.45123568177223206,
        "bathymetry": 3992.48388671875
      }
    },
    {
      "type": "Feature",
      "geometry": {
        "type": "Point",
        "coordinates": [
          79.29999999999998,
          5.599999999999998
        ]
      },
      "properties": {
        "fish_zone": 0,
        "fish_probability": 0.016666666666666666,
        "sst": 28.47999325990679,
        "chlorophyll": 0.11423768848180771,
        "current_u": -0.7407634258270264,
        "current_v": -0.4238901734352112,
        "bathymetry": 3992.48388671875
      }
    },
    {
      "type": "Feature",
      "geometry": {
        "type": "Point",
        "coordinates": [
          79.29999999999998,
          5.6999999999999975
        ]
      },
      "properties": {
        "fish_zone": 0,
        "fish_probability": 0.013333333333333334,
        "sst": 28.419993261247896,
        "chlorophyll": 0.13145633041858673,
        "current_u": -0.6963252425193787,
        "current_v": -0.3661364018917084,
        "bathymetry": 3597.031982421875
      }
    },
    {
      "type": "Feature",
      "geometry": {
        "type": "Point",
        "coordinates": [
          79.29999999999998,
          5.799999999999997
        ]
      },
      "properties": {
        "fish_zone": 0,
        "fish_probability": 0.02666666666666667,
        "sst": 28.679993255436443,
        "chlorophyll": 0.13927823305130005,
        "current_u": -0.556532621383667,
        "current_v": -0.1774028092622757,
        "bathymetry": 3220.820068359375
      }
    },
    {
      "type": "Feature",
      "geometry": {
        "type": "Point",
        "coordinates": [
          79.29999999999998,
          5.899999999999997
        ]
      },
      "properties": {
        "fish_zone": 0,
        "fish_probability": 0.03333333333333333,
        "sst": 28.659993255883478,
        "chlorophyll": 0.13242575526237488,
        "current_u": -0.47740638256073,
        "current_v": -0.08313512057065964,
        "bathymetry": 3597.031982421875
      }
    },
    {
      "type": "Feature",
      "geometry": {
        "type": "Point",
        "coordinates": [
          79.29999999999998,
          5.9999999999999964
        ]
      },
      "properties": {
        "fish_zone": 0,
        "fish_probability": 0.03333333333333333,
        "sst": 28.74999325387182,
        "chlorophyll": 0.12701524794101715,
        "current_u": -0.3994203805923462,
        "current_v": -0.03193993866443634,
        "bathymetry": 3597.031982421875
      }
    },
    {
      "type": "Feature",
      "geometry": {
        "type": "Point",
        "coordinates": [
          79.29999999999998,
          6.099999999999996
        ]
      },
      "properties": {
        "fish_zone": 0,
        "fish_probability": 0.01,
        "sst": 28.929993249848508,
        "chlorophyll": 0.11358065158128738,
        "current_u": -0.28768467903137207,
        "current_v": -0.0397505946457386,
        "bathymetry": 3597.031982421875
      }
    },
    {
      "type": "Feature",
      "geometry": {
        "type": "Point",
        "coordinates": [
          79.29999999999998,
          6.199999999999996
        ]
      },
      "properties": {
        "fish_zone": 0,
        "fish_probability": 0.006666666666666667,
        "sst": 28.919993250072025,
        "chlorophyll": 0.10019131004810333,
        "current_u": -0.08607175946235657,
        "current_v": -0.07662344723939896,
        "bathymetry": 2865.702880859375
      }
    },
    {
      "type": "Feature",
      "geometry": {
        "type": "Point",
        "coordinates": [
          79.29999999999998,
          6.299999999999995
        ]
      },
      "properties": {
        "fish_zone": 0,
        "fish_probability": 0.0,
        "sst": 28.969993248954438,
        "chlorophyll": 0.09903255105018616,
        "current_u": 0.22718650102615356,
        "current_v": -0.033599525690078735,
        "bathymetry": 2533.3359375
      }
    },
    {
      "type": "Feature",
      "geometry": {
        "type": "Point",
        "coordinates": [
          79.29999999999998,
          6.399999999999995
        ]
      },
      "properties": {
        "fish_zone": 0,
        "fish_probability": 0.0,
        "sst": 28.999993248283886,
        "chlorophyll": 0.10313503444194794,
        "current_u": 0.3340938687324524,
        "current_v": -0.006834696978330612,
        "bathymetry": 2533.3359375
      }
    },
    {
      "type": "Feature",
      "geometry": {
        "type": "Point",
        "coordinates": [
          79.29999999999998,
          6.499999999999995
        ]
      },
      "properties": {
        "fish_zone": 0,
        "fish_probability": 0.0,
        "sst": 28.949993249401473,
        "chlorophyll": 0.10944723337888718,
        "current_u": 0.3294520378112793,
        "current_v": -0.031446490436792374,
        "bathymetry": 2533.3359375
      }
    },
    {
      "type": "Feature",
      "geometry": {
        "type": "Point",
        "coordinates": [
          79.29999999999998,
          6.599999999999994
        ]
      },
      "properties": {
        "fish_zone": 0,
        "fish_probability": 0.0,
        "sst": 29.00999324806037,
        "chlorophyll": 0.12217837572097778,
        "current_u": 0.23839272558689117,
        "current_v": -0.04778025671839714,
        "bathymetry": 2533.3359375
      }
    },
    {
      "type": "Feature",
      "geometry": {
        "type": "Point",
        "coordinates": [
          79.29999999999998,
          6.699999999999994
        ]
      },
      "properties": {
        "fish_zone": 0,
        "fish_probability": 0.0,
        "sst": 29.0499932471663,
        "chlorophyll": 0.13005319237709045,
        "current_u": 0.149423286318779,
        "current_v": -0.031168395653367043,
        "bathymetry": 2533.3359375
      }
    },
    {
      "type": "Feature",
      "geometry": {
        "type": "Point",
        "coordinates": [
          79.29999999999998,
          6.799999999999994
        ]
      },
      "properties": {
        "fish_zone": 0,
        "fish_probability": 0.0,
        "sst": 28.93999324962499,
        "chlorophyll": 0.1388244330883026,
        "current_u": 0.03144509717822075,
        "current_v": 0.04462427645921707,
        "bathymetry": 2225.077880859375
      }
    },
    {
      "type": "Feature",
      "geometry": {
        "type": "Point",
        "coordinates": [
          79.29999999999998,
          6.899999999999993
        ]
      },
      "properties": {
        "fish_zone": 0,
        "fish_probability": 0.0,
        "sst": 28.77999325320127,
        "chlorophyll": 0.1437651365995407,
        "current_u": -0.007669622544199228,
        "current_v": 0.06729049235582352,
        "bathymetry": 2225.077880859375
      }
    },
    {
      "type": "Feature",
      "geometry": {
        "type": "Point",
        "coordinates": [
          79.29999999999998,
          6.999999999999993
        ]
      },
      "properties": {
        "fish_zone": 0,
        "fish_probability": 0.0,
        "sst": 28.769993253424786,
        "chlorophyll": 0.14923632144927979,
        "current_u": -0.022898653522133827,
        "current_v": 0.07185816019773483,
        "bathymetry": 2225.077880859375
      }
    },
    {
      "type": "Feature",
      "geometry": {
        "type": "Point",
        "coordinates": [
          79.29999999999998,
          7.0999999999999925
        ]
      },
      "properties": {
        "fish_zone": 0,
        "fish_probability": 0.0,
        "sst": 28.879993250966095,
        "chlorophyll": 0.1462780237197876,
        "current_u": -0.015574845485389233,
        "current_v": 0.07385069131851196,
        "bathymetry": 2225.077880859375
      }
    },
    {
      "type": "Feature",
      "geometry": {
        "type": "Point",
        "coordinates": [
          79.29999999999998,
          7.199999999999992
        ]
      },
      "properties": {
        "fish_zone": 0,
        "fish_probability": 0.0,
        "sst": 28.919993250072025,
        "chlorophyll": 0.14194223284721375,
        "current_u": 0.00662440899759531,
        "current_v": 0.0783056989312172,
        "bathymetry": 2225.077880859375
      }
    },
    {
      "type": "Feature",
      "geometry": {
        "type": "Point",
        "coordinates": [
          79.29999999999998,
          7.299999999999992
        ]
      },
      "properties": {
        "fish_zone": 0,
        "fish_probability": 0.0,
        "sst": 28.93999324962499,
        "chlorophyll": 0.1390891969203949,
        "current_u": 0.04584527015686035,
        "current_v": 0.06636438518762589,
        "bathymetry": 2225.077880859375
      }
    },
    {
      "type": "Feature",
      "geometry": {
        "type": "Point",
        "coordinates": [
          79.29999999999998,
          7.3999999999999915
        ]
      },
      "properties": {
        "fish_zone": 0,
        "fish_probability": 0.0,
        "sst": 28.949993249401473,
        "chlorophyll": 0.15067721903324127,
        "current_u": 0.029460113495588303,
        "current_v": 0.06333796679973602,
        "bathymetry": 2225.077880859375
      }
    },
    {
      "type": "Feature",
      "geometry": {
        "type": "Point",
        "coordinates": [
          79.29999999999998,
          7.499999999999991
        ]
      },
      "properties": {
        "fish_zone": 0,
        "fish_probability": 0.0033333333333333335,
        "sst": 28.97999324873092,
        "chlorophyll": 0.14973899722099304,
        "current_u": -0.0014280462637543678,
        "current_v": 0.06607101857662201,
        "bathymetry": 1941.8929443359375
      }
    },
    {
      "type": "Feature",
      "geometry": {
        "type": "Point",
        "coordinates": [
          79.29999999999998,
          7.599999999999991
        ]
      },
      "properties": {
        "fish_zone": 0,
        "fish_probability": 0.006666666666666667,
        "sst": 28.969993248954438,
        "chlorophyll": 0.1542709767818451,
        "current_u": -0.02448737621307373,
        "current_v": 0.06590358912944794,
        "bathymetry": 1941.8929443359375
      }
    },
    {
      "type": "Feature",
      "geometry": {
        "type": "Point",
        "coordinates": [
          79.29999999999998,
          7.69999999999999
        ]
      },
      "properties": {
        "fish_zone": 0,
        "fish_probability": 0.0033333333333333335,
        "sst": 28.989993248507403,
        "chlorophyll": 0.14083833992481232,
        "current_u": -0.033629853278398514,
        "current_v": 0.06755461543798447,
        "bathymetry": 1941.8929443359375
      }
    },
    {
      "type": "Feature",
      "geometry": {
        "type": "Point",
        "coordinates": [
          79.29999999999998,
          7.79999999999999
        ]
      },
      "properties": {
        "fish_zone": 0,
        "fish_probability": 0.0,
        "sst": 28.999993248283886,
        "chlorophyll": 0.1585109829902649,
        "current_u": -0.028058519586920738,
        "current_v": 0.06239216774702072,
        "bathymetry": 1684.2840576171875
      }
    },
    {
      "type": "Feature",
      "geometry": {
        "type": "Point",
        "coordinates": [
          79.29999999999998,
          7.89999999999999
        ]
      },
      "properties": {
        "fish_zone": 0,
        "fish_probability": 0.0,
        "sst": 28.89999325051906,
        "chlorophyll": 0.15478701889514923,
        "current_u": -0.03524783253669739,
        "current_v": 0.05094490200281143,
        "bathymetry": 1684.2840576171875
      }
    },
    {
      "type": "Feature",
      "geometry": {
        "type": "Point",
        "coordinates": [
          79.29999999999998,
          7.999999999999989
        ]
      },
      "properties": {
        "fish_zone": 0,
        "fish_probability": 0.0033333333333333335,
        "sst": 28.839993251860164,
        "chlorophyll": 0.15673331916332245,
        "current_u": -0.05280453339219093,
        "current_v": 0.045189399272203445,
        "bathymetry": 1452.2509765625
      }
    },
    {
      "type": "Feature",
      "geometry": {
        "type": "Point",
        "coordinates": [
          79.29999999999998,
          8.099999999999989
        ]
      },
      "properties": {
        "fish_zone": 0,
        "fish_probability": 0.013333333333333334,
        "sst": 28.769993253424786,
        "chlorophyll": 0.15275007486343384,
        "current_u": -0.07302327454090118,
        "current_v": 0.04703207686543465,
        "bathymetry": 1452.2509765625
      }
    },
    {
      "type": "Feature",
      "geometry": {
        "type": "Point",
        "coordinates": [
          79.29999999999998,
          8.199999999999989
        ]
      },
      "properties": {
        "fish_zone": 0,
        "fish_probability": 0.03,
        "sst": 28.73999325409534,
        "chlorophyll": 0.1636940985918045,
        "current_u": -0.0904705747961998,
        "current_v": 0.05071914941072464,
        "bathymetry": 1245.291015625
      }
    },
    {
      "type": "Feature",
      "geometry": {
        "type": "Point",
        "coordinates": [
          79.29999999999998,
          8.299999999999988
        ]
      },
      "properties": {
        "fish_zone": 0,
        "fish_probability": 0.04666666666666667,
        "sst": 28.5899932574481,
        "chlorophyll": 0.17191363871097565,
        "current_u": -0.11052025854587555,
        "current_v": 0.0627555251121521,
        "bathymetry": 1062.43994140625
      }
    },
    {
      "type": "Feature",
      "geometry": {
        "type": "Point",
        "coordinates": [
          79.29999999999998,
          8.399999999999988
        ]
      },
      "properties": {
        "fish_zone": 0,
        "fish_probability": 0.04,
        "sst": 28.50999325923624,
        "chlorophyll": 0.16859450936317444,
        "current_u": -0.11657464504241943,
        "current_v": 0.06496777385473251,
        "bathymetry": 902.3392944335938
      }
    },
    {
      "type": "Feature",
      "geometry": {
        "type": "Point",
        "coordinates": [
          79.29999999999998,
          8.499999999999988
        ]
      },
      "properties": {
        "fish_zone": 0,
        "fish_probability": 0.03666666666666667,
        "sst": 28.369993262365483,
        "chlorophyll": 0.17564742267131805,
        "current_u": -0.12457823008298874,
        "current_v": 0.06668350100517273,
        "bathymetry": 902.3392944335938
      }
    },
    {
      "type": "Feature",
      "geometry": {
        "type": "Point",
        "coordinates": [
          79.29999999999998,
          8.599999999999987
        ]
      },
      "properties": {
        "fish_zone": 0,
        "fish_probability": 0.043333333333333335,
        "sst": 28.349993262812518,
        "chlorophyll": 0.1746010184288025,
        "current_u": -0.14022296667099,
        "current_v": 0.06031667813658714,
        "bathymetry": 643.5667724609375
      }
    },
    {
      "type": "Feature",
      "geometry": {
        "type": "Point",
        "coordinates": [
          79.29999999999998,
          8.699999999999987
        ]
      },
      "properties": {
        "fish_zone": 0,
        "fish_probability": 0.04666666666666667,
        "sst": 28.329993263259553,
        "chlorophyll": 0.1780962496995926,
        "current_u": -0.16314056515693665,
        "current_v": 0.05810239911079407,
        "bathymetry": 763.3331298828125
      }
    },
    {
      "type": "Feature",
      "geometry": {
        "type": "Point",
        "coordinates": [
          79.29999999999998,
          8.799999999999986
        ]
      },
      "properties": {
        "fish_zone": 1,
        "fish_probability": 0.8933333333333333,
        "sst": 28.299993263930105,
        "chlorophyll": 0.2438819259405136,
        "current_u": -0.18601174652576447,
        "current_v": 0.058528486639261246,
        "bathymetry": 643.5667724609375
      }
    },
    {
      "type": "Feature",
      "geometry": {
        "type": "Point",
        "coordinates": [
          79.29999999999998,
          8.899999999999986
        ]
      },
      "properties": {
        "fish_zone": 1,
        "fish_probability": 0.8666666666666667,
        "sst": 28.349993262812518,
        "chlorophyll": 0.32151496410369873,
        "current_u": -0.15666161477565765,
        "current_v": 0.05068343132734299,
        "bathymetry": 643.5667724609375
      }
    },
    {
      "type": "Feature",
      "geometry": {
        "type": "Point",
        "coordinates": [
          79.29999999999998,
          8.999999999999986
        ]
      },
      "properties": {
        "fish_zone": 1,
        "fish_probability": 0.8333333333333334,
        "sst": 28.379993262141966,
        "chlorophyll": 0.3545015752315521,
        "current_u": -0.10558655858039856,
        "current_v": 0.030598796904087067,
        "bathymetry": 109.72930145263672
      }
    },
    {
      "type": "Feature",
      "geometry": {
        "type": "Point",
        "coordinates": [
          79.29999999999998,
          9.099999999999985
        ]
      },
      "properties": {
        "fish_zone": 0,
        "fish_probability": 0.10666666666666667,
        "sst": 28.599993257224583,
        "chlorophyll": 0.47129178047180176,
        "current_u": -0.05021831393241882,
        "current_v": 0.03133802115917206,
        "bathymetry": 18.495559692382812
      }
    },
    {
      "type": "Feature",
      "geometry": {
        "type": "Point",
        "coordinates": [
          79.29999999999998,
          9.199999999999985
        ]
      },
      "properties": {
        "fish_zone": 0,
        "fish_probability": 0.07333333333333333,
        "sst": 28.869993251189612,
        "chlorophyll": 1.1180942058563232,
        "current_u": -0.00815601646900177,
        "current_v": 0.030907483771443367,
        "bathymetry": 9.572997093200684
      }
    },
    {
      "type": "Feature",
      "geometry": {
        "type": "Point",
        "coordinates": [
          79.29999999999998,
          9.399999999999984
        ]
      },
      "properties": {
        "fish_zone": 0,
        "fish_probability": 0.03333333333333333,
        "sst": 28.929993249848508,
        "chlorophyll": 0.6824144721031189,
        "current_u": -0.018147937953472137,
        "current_v": 0.010318530723452568,
        "bathymetry": 11.404999732971191
      }
    },
    {
      "type": "Feature",
      "geometry": {
        "type": "Point",
        "coordinates": [
          79.29999999999998,
          9.499999999999984
        ]
      },
      "properties": {
        "fish_zone": 0,
        "fish_probability": 0.03333333333333333,
        "sst": 28.85999325141313,
        "chlorophyll": 0.5718212127685547,
        "current_u": -0.02034066617488861,
        "current_v": -0.0008332003490068018,
        "bathymetry": 11.404999732971191
      }
    },
    {
      "type": "Feature",
      "geometry": {
        "type": "Point",
        "coordinates": [
          79.29999999999998,
          9.599999999999984
        ]
      },
      "properties": {
        "fish_zone": 0,
        "fish_probability": 0.03666666666666667,
        "sst": 28.879993250966095,
        "chlorophyll": 0.6557191014289856,
        "current_u": -0.01787520945072174,
        "current_v": 0.0029844320379197598,
        "bathymetry": 11.404999732971191
      }
    },
    {
      "type": "Feature",
      "geometry": {
        "type": "Point",
        "coordinates": [
          79.29999999999998,
          9.699999999999983
        ]
      },
      "properties": {
        "fish_zone": 0,
        "fish_probability": 0.04666666666666667,
        "sst": 28.839993251860164,
        "chlorophyll": 0.6403858065605164,
        "current_u": -0.012386857531964779,
        "current_v": 0.010155887342989445,
        "bathymetry": 13.467140197753906
      }
    },
    {
      "type": "Feature",
      "geometry": {
        "type": "Point",
        "coordinates": [
          79.29999999999998,
          9.799999999999983
        ]
      },
      "properties": {
        "fish_zone": 0,
        "fish_probability": 0.05333333333333334,
        "sst": 28.889993250742577,
        "chlorophyll": 0.8764342665672302,
        "current_u": -0.01596262864768505,
        "current_v": 0.012837356887757778,
        "bathymetry": 11.404999732971191
      }
    },
    {
      "type": "Feature",
      "geometry": {
        "type": "Point",
        "coordinates": [
          79.29999999999998,
          9.899999999999983
        ]
      },
      "properties": {
        "fish_zone": 0,
        "fish_probability": 0.08333333333333333,
        "sst": 29.029993247613334,
        "chlorophyll": 1.869908332824707,
        "current_u": -0.017955299466848373,
        "current_v": -0.005536055192351341,
        "bathymetry": 7.92956018447876
      }
    },
    {
      "type": "Feature",
      "geometry": {
        "type": "Point",
        "coordinates": [
          79.39999999999998,
          5.0
        ]
      },
      "properties": {
        "fish_zone": 0,
        "fish_probability": 0.006666666666666667,
        "sst": 29.31999324113133,
        "chlorophyll": 0.09457361698150635,
        "current_u": -0.4238590896129608,
        "current_v": 0.0038240549620240927,
        "bathymetry": 4405.22412109375
      }
    },
    {
      "type": "Feature",
      "geometry": {
        "type": "Point",
        "coordinates": [
          79.39999999999998,
          5.1
        ]
      },
      "properties": {
        "fish_zone": 0,
        "fish_probability": 0.0033333333333333335,
        "sst": 29.239993242919468,
        "chlorophyll": 0.08429209887981415,
        "current_u": -0.47754067182540894,
        "current_v": -0.023194272071123123,
        "bathymetry": 4405.22412109375
      }
    },
    {
      "type": "Feature",
      "geometry": {
        "type": "Point",
        "coordinates": [
          79.39999999999998,
          5.199999999999999
        ]
      },
      "properties": {
        "fish_zone": 0,
        "fish_probability": 0.0,
        "sst": 29.149993244931125,
        "chlorophyll": 0.08623822778463364,
        "current_u": -0.5290411114692688,
        "current_v": -0.0718735009431839,
        "bathymetry": 4405.22412109375
      }
    },
    {
      "type": "Feature",
      "geometry": {
        "type": "Point",
        "coordinates": [
          79.39999999999998,
          5.299999999999999
        ]
      },
      "properties": {
        "fish_zone": 0,
        "fish_probability": 0.0033333333333333335,
        "sst": 28.869993251189612,
        "chlorophyll": 0.09369497001171112,
        "current_u": -0.8687764406204224,
        "current_v": -0.36038920283317566,
        "bathymetry": 4405.22412109375
      }
    },
    {
      "type": "Feature",
      "geometry": {
        "type": "Point",
        "coordinates": [
          79.39999999999998,
          5.399999999999999
        ]
      },
      "properties": {
        "fish_zone": 0,
        "fish_probability": 0.0,
        "sst": 28.839993251860164,
        "chlorophyll": 0.10041297972202301,
        "current_u": -0.8619751930236816,
        "current_v": -0.44066667556762695,
        "bathymetry": 3992.48388671875
      }
    },
    {
      "type": "Feature",
      "geometry": {
        "type": "Point",
        "coordinates": [
          79.39999999999998,
          5.499999999999998
        ]
      },
      "properties": {
        "fish_zone": 0,
        "fish_probability": 0.0,
        "sst": 28.66999325565996,
        "chlorophyll": 0.11324333399534225,
        "current_u": -0.7667725086212158,
        "current_v": -0.4706825911998749,
        "bathymetry": 3992.48388671875
      }
    },
    {
      "type": "Feature",
      "geometry": {
        "type": "Point",
        "coordinates": [
          79.39999999999998,
          5.599999999999998
        ]
      },
      "properties": {
        "fish_zone": 0,
        "fish_probability": 0.016666666666666666,
        "sst": 28.409993261471413,
        "chlorophyll": 0.11546487361192703,
        "current_u": -0.7105220556259155,
        "current_v": -0.46528011560440063,
        "bathymetry": 3992.48388671875
      }
    },
    {
      "type": "Feature",
      "geometry": {
        "type": "Point",
        "coordinates": [
          79.39999999999998,
          5.6999999999999975
        ]
      },
      "properties": {
        "fish_zone": 0,
        "fish_probability": 0.016666666666666666,
        "sst": 28.349993262812518,
        "chlorophyll": 0.12714263796806335,
        "current_u": -0.6665948033332825,
        "current_v": -0.4187060594558716,
        "bathymetry": 3597.031982421875
      }
    },
    {
      "type": "Feature",
      "geometry": {
        "type": "Point",
        "coordinates": [
          79.39999999999998,
          5.799999999999997
        ]
      },
      "properties": {
        "fish_zone": 0,
        "fish_probability": 0.02666666666666667,
        "sst": 28.639993256330513,
        "chlorophyll": 0.13203774392604828,
        "current_u": -0.5455512404441833,
        "current_v": -0.24167416989803314,
        "bathymetry": 3597.031982421875
      }
    },
    {
      "type": "Feature",
      "geometry": {
        "type": "Point",
        "coordinates": [
          79.39999999999998,
          5.899999999999997
        ]
      },
      "properties": {
        "fish_zone": 0,
        "fish_probability": 0.03333333333333333,
        "sst": 28.639993256330513,
        "chlorophyll": 0.1338837742805481,
        "current_u": -0.4751562178134918,
        "current_v": -0.16337651014328003,
        "bathymetry": 3992.48388671875
      }
    },
    {
      "type": "Feature",
      "geometry": {
        "type": "Point",
        "coordinates": [
          79.39999999999998,
          5.9999999999999964
        ]
      },
      "properties": {
        "fish_zone": 0,
        "fish_probability": 0.03666666666666667,
        "sst": 28.69999325498941,
        "chlorophyll": 0.12382200360298157,
        "current_u": -0.4020961821079254,
        "current_v": -0.10833150148391724,
        "bathymetry": 3992.48388671875
      }
    },
    {
      "type": "Feature",
      "geometry": {
        "type": "Point",
        "coordinates": [
          79.39999999999998,
          6.099999999999996
        ]
      },
      "properties": {
        "fish_zone": 0,
        "fish_probability": 0.006666666666666667,
        "sst": 28.889993250742577,
        "chlorophyll": 0.11785155534744263,
        "current_u": -0.29373008012771606,
        "current_v": -0.08014857023954391,
        "bathymetry": 3597.031982421875
      }
    },
    {
      "type": "Feature",
      "geometry": {
        "type": "Point",
        "coordinates": [
          79.39999999999998,
          6.199999999999996
        ]
      },
      "properties": {
        "fish_zone": 0,
        "fish_probability": 0.01,
        "sst": 28.889993250742577,
        "chlorophyll": 0.11069920659065247,
        "current_u": -0.106503427028656,
        "current_v": -0.09657895565032959,
        "bathymetry": 2865.702880859375
      }
    },
    {
      "type": "Feature",
      "geometry": {
        "type": "Point",
        "coordinates": [
          79.39999999999998,
          6.299999999999995
        ]
      },
      "properties": {
        "fish_zone": 0,
        "fish_probability": 0.0,
        "sst": 28.93999324962499,
        "chlorophyll": 0.09669900685548782,
        "current_u": 0.23317985236644745,
        "current_v": -0.09742499142885208,
        "bathymetry": 2533.3359375
      }
    },
    {
      "type": "Feature",
      "geometry": {
        "type": "Point",
        "coordinates": [
          79.39999999999998,
          6.399999999999995
        ]
      },
      "properties": {
        "fish_zone": 0,
        "fish_probability": 0.0,
        "sst": 29.09999324604871,
        "chlorophyll": 0.10798853635787964,
        "current_u": 0.34609952569007874,
        "current_v": -0.07466822862625122,
        "bathymetry": 2533.3359375
      }
    },
    {
      "type": "Feature",
      "geometry": {
        "type": "Point",
        "coordinates": [
          79.39999999999998,
          6.499999999999995
        ]
      },
      "properties": {
        "fish_zone": 0,
        "fish_probability": 0.0033333333333333335,
        "sst": 29.109993245825194,
        "chlorophyll": 0.10999613255262375,
        "current_u": 0.34817928075790405,
        "current_v": -0.08731841295957565,
        "bathymetry": 2225.077880859375
      }
    },
    {
      "type": "Feature",
      "geometry": {
        "type": "Point",
        "coordinates": [
          79.39999999999998,
          6.599999999999994
        ]
      },
      "properties": {
        "fish_zone": 0,
        "fish_probability": 0.0,
        "sst": 29.149993244931125,
        "chlorophyll": 0.11212693899869919,
        "current_u": 0.23754510283470154,
        "current_v": -0.09186998754739761,
        "bathymetry": 2225.077880859375
      }
    },
    {
      "type": "Feature",
      "geometry": {
        "type": "Point",
        "coordinates": [
          79.39999999999998,
          6.699999999999994
        ]
      },
      "properties": {
        "fish_zone": 0,
        "fish_probability": 0.0,
        "sst": 29.149993244931125,
        "chlorophyll": 0.12093886733055115,
        "current_u": 0.1205705925822258,
        "current_v": -0.062086232006549835,
        "bathymetry": 2225.077880859375
      }
    },
    {
      "type": "Feature",
      "geometry": {
        "type": "Point",
        "coordinates": [
          79.39999999999998,
          6.799999999999994
        ]
      },
      "properties": {
        "fish_zone": 0,
        "fish_probability": 0.0,
        "sst": 28.919993250072025,
        "chlorophyll": 0.1282680630683899,
        "current_u": 0.010207843035459518,
        "current_v": -0.008459917269647121,
        "bathymetry": 1941.8929443359375
      }
    },
    {
      "type": "Feature",
      "geometry": {
        "type": "Point",
        "coordinates": [
          79.39999999999998,
          6.899999999999993
        ]
      },
      "properties": {
        "fish_zone": 0,
        "fish_probability": 0.0,
        "sst": 28.729993254318856,
        "chlorophyll": 0.13501493632793427,
        "current_u": -0.014990562573075294,
        "current_v": 0.00464615598320961,
        "bathymetry": 1941.8929443359375
      }
    },
    {
      "type": "Feature",
      "geometry": {
        "type": "Point",
        "coordinates": [
          79.39999999999998,
          6.999999999999993
        ]
      },
      "properties": {
        "fish_zone": 0,
        "fish_probability": 0.0,
        "sst": 28.809993252530717,
        "chlorophyll": 0.13879796862602234,
        "current_u": -0.01606757566332817,
        "current_v": 0.012689701281487942,
        "bathymetry": 1941.8929443359375
      }
    },
    {
      "type": "Feature",
      "geometry": {
        "type": "Point",
        "coordinates": [
          79.39999999999998,
          7.0999999999999925
        ]
      },
      "properties": {
        "fish_zone": 0,
        "fish_probability": 0.0,
        "sst": 28.959993249177955,
        "chlorophyll": 0.1406204104423523,
        "current_u": -0.0022683178540319204,
        "current_v": 0.019266504794359207,
        "bathymetry": 1941.8929443359375
      }
    },
    {
      "type": "Feature",
      "geometry": {
        "type": "Point",
        "coordinates": [
          79.39999999999998,
          7.199999999999992
        ]
      },
      "properties": {
        "fish_zone": 0,
        "fish_probability": 0.0,
        "sst": 28.999993248283886,
        "chlorophyll": 0.15413089096546173,
        "current_u": 0.01812218502163887,
        "current_v": 0.030116496607661247,
        "bathymetry": 1941.8929443359375
      }
    },
    {
      "type": "Feature",
      "geometry": {
        "type": "Point",
        "coordinates": [
          79.39999999999998,
          7.299999999999992
        ]
      },
      "properties": {
        "fish_zone": 0,
        "fish_probability": 0.0033333333333333335,
        "sst": 29.029993247613334,
        "chlorophyll": 0.15980428457260132,
        "current_u": 0.035001520067453384,
        "current_v": 0.05201118439435959,
        "bathymetry": 1941.8929443359375
      }
    },
    {
      "type": "Feature",
      "geometry": {
        "type": "Point",
        "coordinates": [
          79.39999999999998,
          7.3999999999999915
        ]
      },
      "properties": {
        "fish_zone": 0,
        "fish_probability": 0.0033333333333333335,
        "sst": 29.0499932471663,
        "chlorophyll": 0.1656963974237442,
        "current_u": 0.01330406591296196,
        "current_v": 0.06576359272003174,
        "bathymetry": 1941.8929443359375
      }
    },
    {
      "type": "Feature",
      "geometry": {
        "type": "Point",
        "coordinates": [
          79.39999999999998,
          7.499999999999991
        ]
      },
      "properties": {
        "fish_zone": 0,
        "fish_probability": 0.016666666666666666,
        "sst": 29.05999324694278,
        "chlorophyll": 0.15984386205673218,
        "current_u": -0.0159307774156332,
        "current_v": 0.08269074559211731,
        "bathymetry": 1941.8929443359375
      }
    },
    {
      "type": "Feature",
      "geometry": {
        "type": "Point",
        "coordinates": [
          79.39999999999998,
          7.599999999999991
        ]
      },
      "properties": {
        "fish_zone": 0,
        "fish_probability": 0.013333333333333334,
        "sst": 28.989993248507403,
        "chlorophyll": 0.1797870546579361,
        "current_u": -0.03393176943063736,
        "current_v": 0.09757327288389206,
        "bathymetry": 1941.8929443359375
      }
    },
    {
      "type": "Feature",
      "geometry": {
        "type": "Point",
        "coordinates": [
          79.39999999999998,
          7.69999999999999
        ]
      },
      "properties": {
        "fish_zone": 0,
        "fish_probability": 0.05,
        "sst": 28.989993248507403,
        "chlorophyll": 0.15778237581253052,
        "current_u": -0.037431079894304276,
        "current_v": 0.10987289994955063,
        "bathymetry": 1941.8929443359375
      }
    },
    {
      "type": "Feature",
      "geometry": {
        "type": "Point",
        "coordinates": [
          79.39999999999998,
          7.79999999999999
        ]
      },
      "properties": {
        "fish_zone": 0,
        "fish_probability": 0.05333333333333334,
        "sst": 28.949993249401473,
        "chlorophyll": 0.1718766838312149,
        "current_u": -0.02549790032207966,
        "current_v": 0.11509010195732117,
        "bathymetry": 1684.2840576171875
      }
    },
    {
      "type": "Feature",
      "geometry": {
        "type": "Point",
        "coordinates": [
          79.39999999999998,
          7.89999999999999
        ]
      },
      "properties": {
        "fish_zone": 0,
        "fish_probability": 0.056666666666666664,
        "sst": 28.85999325141313,
        "chlorophyll": 0.17517007887363434,
        "current_u": -0.024959225207567215,
        "current_v": 0.09971389174461365,
        "bathymetry": 1684.2840576171875
      }
    },
    {
      "type": "Feature",
      "geometry": {
        "type": "Point",
        "coordinates": [
          79.39999999999998,
          7.999999999999989
        ]
      },
      "properties": {
        "fish_zone": 0,
        "fish_probability": 0.01,
        "sst": 28.8199932523072,
        "chlorophyll": 0.18704865872859955,
        "current_u": -0.03567902743816376,
        "current_v": 0.09113118797540665,
        "bathymetry": 1452.2509765625
      }
    },
    {
      "type": "Feature",
      "geometry": {
        "type": "Point",
        "coordinates": [
          79.39999999999998,
          8.099999999999989
        ]
      },
      "properties": {
        "fish_zone": 0,
        "fish_probability": 0.016666666666666666,
        "sst": 28.759993253648304,
        "chlorophyll": 0.18910670280456543,
        "current_u": -0.054208289831876755,
        "current_v": 0.0887526273727417,
        "bathymetry": 1452.2509765625
      }
    },
    {
      "type": "Feature",
      "geometry": {
        "type": "Point",
        "coordinates": [
          79.39999999999998,
          8.199999999999989
        ]
      },
      "properties": {
        "fish_zone": 0,
        "fish_probability": 0.02666666666666667,
        "sst": 28.74999325387182,
        "chlorophyll": 0.18426671624183655,
        "current_u": -0.06981384009122849,
        "current_v": 0.08250237256288528,
        "bathymetry": 1245.291015625
      }
    },
    {
      "type": "Feature",
      "geometry": {
        "type": "Point",
        "coordinates": [
          79.39999999999998,
          8.299999999999988
        ]
      },
      "properties": {
        "fish_zone": 0,
        "fish_probability": 0.023333333333333334,
        "sst": 28.679993255436443,
        "chlorophyll": 0.179184228181839,
        "current_u": -0.07780099660158157,
        "current_v": 0.07184714823961258,
        "bathymetry": 1062.43994140625
      }
    },
    {
      "type": "Feature",
      "geometry": {
        "type": "Point",
        "coordinates": [
          79.39999999999998,
          8.399999999999988
        ]
      },
      "properties": {
        "fish_zone": 0,
        "fish_probability": 0.04,
        "sst": 28.619993256777548,
        "chlorophyll": 0.17705750465393066,
        "current_u": -0.08445871621370316,
        "current_v": 0.08183671534061432,
        "bathymetry": 1062.43994140625
      }
    },
    {
      "type": "Feature",
      "geometry": {
        "type": "Point",
        "coordinates": [
          79.39999999999998,
          8.499999999999988
        ]
      },
      "properties": {
        "fish_zone": 0,
        "fish_probability": 0.04666666666666667,
        "sst": 28.369993262365483,
        "chlorophyll": 0.17942553758621216,
        "current_u": -0.09758611023426056,
        "current_v": 0.09187189489603043,
        "bathymetry": 902.3392944335938
      }
    },
    {
      "type": "Feature",
      "geometry": {
        "type": "Point",
        "coordinates": [
          79.39999999999998,
          8.599999999999987
        ]
      },
      "properties": {
        "fish_zone": 0,
        "fish_probability": 0.05,
        "sst": 28.339993263036035,
        "chlorophyll": 0.17074035108089447,
        "current_u": -0.11773160099983215,
        "current_v": 0.08489881455898285,
        "bathymetry": 763.3331298828125
      }
    },
    {
      "type": "Feature",
      "geometry": {
        "type": "Point",
        "coordinates": [
          79.39999999999998,
          8.699999999999987
        ]
      },
      "properties": {
        "fish_zone": 0,
        "fish_probability": 0.04666666666666667,
        "sst": 28.31999326348307,
        "chlorophyll": 0.17867280542850494,
        "current_u": -0.14252427220344543,
        "current_v": 0.07150527834892273,
        "bathymetry": 643.5667724609375
      }
    },
    {
      "type": "Feature",
      "geometry": {
        "type": "Point",
        "coordinates": [
          79.39999999999998,
          8.799999999999986
        ]
      },
      "properties": {
        "fish_zone": 1,
        "fish_probability": 0.8733333333333333,
        "sst": 28.23999326527121,
        "chlorophyll": 0.2128097265958786,
        "current_u": -0.126896470785141,
        "current_v": 0.0822557583451271,
        "bathymetry": 541.0889282226562
      }
    },
    {
      "type": "Feature",
      "geometry": {
        "type": "Point",
        "coordinates": [
          79.39999999999998,
          8.899999999999986
        ]
      },
      "properties": {
        "fish_zone": 1,
        "fish_probability": 0.8233333333333334,
        "sst": 28.249993265047692,
        "chlorophyll": 0.3381446599960327,
        "current_u": -0.09844711422920227,
        "current_v": 0.04118086025118828,
        "bathymetry": 541.0889282226562
      }
    },
    {
      "type": "Feature",
      "geometry": {
        "type": "Point",
        "coordinates": [
          79.39999999999998,
          8.999999999999986
        ]
      },
      "properties": {
        "fish_zone": 0,
        "fish_probability": 0.14666666666666667,
        "sst": 28.329993263259553,
        "chlorophyll": 0.523757815361023,
        "current_u": -0.07573045790195465,
        "current_v": 0.011307923123240471,
        "bathymetry": 18.495559692382812
      }
    },
    {
      "type": "Feature",
      "geometry": {
        "type": "Point",
        "coordinates": [
          79.39999999999998,
          9.099999999999985
        ]
      },
      "properties": {
        "fish_zone": 0,
        "fish_probability": 0.08333333333333333,
        "sst": 28.599993257224583,
        "chlorophyll": 0.9571477174758911,
        "current_u": -0.04076484218239784,
        "current_v": 0.03917708620429039,
        "bathymetry": 13.467140197753906
      }
    },
    {
      "type": "Feature",
      "geometry": {
        "type": "Point",
        "coordinates": [
          79.39999999999998,
          9.199999999999985
        ]
      },
      "properties": {
        "fish_zone": 0,
        "fish_probability": 0.09666666666666666,
        "sst": 28.809993252530717,
        "chlorophyll": 1.9358019828796387,
        "current_u": -0.001289829728193581,
        "current_v": 0.038679417222738266,
        "bathymetry": 7.92956018447876
      }
    },
    {
      "type": "Feature",
      "geometry": {
        "type": "Point",
        "coordinates": [
          79.39999999999998,
          9.399999999999984
        ]
      },
      "properties": {
        "fish_zone": 0,
        "fish_probability": 0.04666666666666667,
        "sst": 28.769993253424786,
        "chlorophyll": 0.6418837904930115,
        "current_u": -0.013953933492302895,
        "current_v": 0.0016144753899425268,
        "bathymetry": 11.404999732971191
      }
    },
    {
      "type": "Feature",
      "geometry": {
        "type": "Point",
        "coordinates": [
          79.39999999999998,
          9.499999999999984
        ]
      },
      "properties": {
        "fish_zone": 0,
        "fish_probability": 0.04,
        "sst": 28.849993251636647,
        "chlorophyll": 0.5097951292991638,
        "current_u": -0.015166671015322208,
        "current_v": 0.0013598379446193576,
        "bathymetry": 13.467140197753906
      }
    },
    {
      "type": "Feature",
      "geometry": {
        "type": "Point",
        "coordinates": [
          79.39999999999998,
          9.599999999999984
        ]
      },
      "properties": {
        "fish_zone": 0,
        "fish_probability": 0.04666666666666667,
        "sst": 28.909993250295543,
        "chlorophyll": 0.6131918430328369,
        "current_u": -0.016886528581380844,
        "current_v": 3.194074452039786e-05,
        "bathymetry": 13.467140197753906
      }
    },
    {
      "type": "Feature",
      "geometry": {
        "type": "Point",
        "coordinates": [
          79.39999999999998,
          9.699999999999983
        ]
      },
      "properties": {
        "fish_zone": 0,
        "fish_probability": 0.04666666666666667,
        "sst": 28.879993250966095,
        "chlorophyll": 0.6747120022773743,
        "current_u": -0.012779408134520054,
        "current_v": 0.0037488683592528105,
        "bathymetry": 13.467140197753906
      }
    },
    {
      "type": "Feature",
      "geometry": {
        "type": "Point",
        "coordinates": [
          79.39999999999998,
          9.799999999999983
        ]
      },
      "properties": {
        "fish_zone": 0,
        "fish_probability": 0.06,
        "sst": 28.869993251189612,
        "chlorophyll": 0.9208015203475952,
        "current_u": -0.01149062067270279,
        "current_v": 0.011753578670322895,
        "bathymetry": 11.404999732971191
      }
    },
    {
      "type": "Feature",
      "geometry": {
        "type": "Point",
        "coordinates": [
          79.39999999999998,
          9.899999999999983
        ]
      },
      "properties": {
        "fish_zone": 0,
        "fish_probability": 0.06666666666666667,
        "sst": 28.93999324962499,
        "chlorophyll": 1.6977735757827759,
        "current_u": -0.01721290312707424,
        "current_v": 0.010203077457845211,
        "bathymetry": 9.572997093200684
      }
    },
    {
      "type": "Feature",
      "geometry": {
        "type": "Point",
        "coordinates": [
          79.49999999999997,
          5.0
        ]
      },
      "properties": {
        "fish_zone": 0,
        "fish_probability": 0.006666666666666667,
        "sst": 29.39999323934319,
        "chlorophyll": 0.08580956608057022,
        "current_u": -0.4197201430797577,
        "current_v": 0.023377446457743645,
        "bathymetry": 4405.22412109375
      }
    },
    {
      "type": "Feature",
      "geometry": {
        "type": "Point",
        "coordinates": [
          79.49999999999997,
          5.1
        ]
      },
      "properties": {
        "fish_zone": 0,
        "fish_probability": 0.006666666666666667,
        "sst": 29.309993241354846,
        "chlorophyll": 0.08308643847703934,
        "current_u": -0.4691259562969208,
        "current_v": 0.0017885701963678002,
        "bathymetry": 4405.22412109375
      }
    },
    {
      "type": "Feature",
      "geometry": {
        "type": "Point",
        "coordinates": [
          79.49999999999997,
          5.199999999999999
        ]
      },
      "properties": {
        "fish_zone": 0,
        "fish_probability": 0.0,
        "sst": 29.189993244037055,
        "chlorophyll": 0.07722266763448715,
        "current_u": -0.5060527324676514,
        "current_v": -0.030868956819176674,
        "bathymetry": 4405.22412109375
      }
    },
    {
      "type": "Feature",
      "geometry": {
        "type": "Point",
        "coordinates": [
          79.49999999999997,
          5.299999999999999
        ]
      },
      "properties": {
        "fish_zone": 0,
        "fish_probability": 0.0033333333333333335,
        "sst": 28.829993252083682,
        "chlorophyll": 0.09135974198579788,
        "current_u": -0.8150081634521484,
        "current_v": -0.3208644986152649,
        "bathymetry": 4405.22412109375
      }
    },
    {
      "type": "Feature",
      "geometry": {
        "type": "Point",
        "coordinates": [
          79.49999999999997,
          5.399999999999999
        ]
      },
      "properties": {
        "fish_zone": 0,
        "fish_probability": 0.0033333333333333335,
        "sst": 28.829993252083682,
        "chlorophyll": 0.10053692758083344,
        "current_u": -0.8394085168838501,
        "current_v": -0.4282194674015045,
        "bathymetry": 4405.22412109375
      }
    },
    {
      "type": "Feature",
      "geometry": {
        "type": "Point",
        "coordinates": [
          79.49999999999997,
          5.499999999999998
        ]
      },
      "properties": {
        "fish_zone": 0,
        "fish_probability": 0.0033333333333333335,
        "sst": 28.729993254318856,
        "chlorophyll": 0.10270736366510391,
        "current_u": -0.7352268099784851,
        "current_v": -0.47502264380455017,
        "bathymetry": 4405.22412109375
      }
    },
    {
      "type": "Feature",
      "geometry": {
        "type": "Point",
        "coordinates": [
          79.49999999999997,
          5.599999999999998
        ]
      },
      "properties": {
        "fish_zone": 0,
        "fish_probability": 0.02,
        "sst": 28.559993258118652,
        "chlorophyll": 0.11405032873153687,
        "current_u": -0.6688649654388428,
        "current_v": -0.496080607175827,
        "bathymetry": 3992.48388671875
      }
    },
    {
      "type": "Feature",
      "geometry": {
        "type": "Point",
        "coordinates": [
          79.49999999999997,
          5.6999999999999975
        ]
      },
      "properties": {
        "fish_zone": 0,
        "fish_probability": 0.02,
        "sst": 28.489993259683274,
        "chlorophyll": 0.12340817600488663,
        "current_u": -0.6248656511306763,
        "current_v": -0.46952706575393677,
        "bathymetry": 3992.48388671875
      }
    },
    {
      "type": "Feature",
      "geometry": {
        "type": "Point",
        "coordinates": [
          79.49999999999997,
          5.799999999999997
        ]
      },
      "properties": {
        "fish_zone": 0,
        "fish_probability": 0.03,
        "sst": 28.66999325565996,
        "chlorophyll": 0.12402943521738052,
        "current_u": -0.5199235677719116,
        "current_v": -0.3200574219226837,
        "bathymetry": 3992.48388671875
      }
    },
    {
      "type": "Feature",
      "geometry": {
        "type": "Point",
        "coordinates": [
          79.49999999999997,
          5.899999999999997
        ]
      },
      "properties": {
        "fish_zone": 0,
        "fish_probability": 0.03333333333333333,
        "sst": 28.69999325498941,
        "chlorophyll": 0.13083335757255554,
        "current_u": -0.4532126784324646,
        "current_v": -0.2515299618244171,
        "bathymetry": 3992.48388671875
      }
    },
    {
      "type": "Feature",
      "geometry": {
        "type": "Point",
        "coordinates": [
          79.49999999999997,
          5.9999999999999964
        ]
      },
      "properties": {
        "fish_zone": 0,
        "fish_probability": 0.043333333333333335,
        "sst": 28.719993254542374,
        "chlorophyll": 0.12686952948570251,
        "current_u": -0.3780832290649414,
        "current_v": -0.19088010489940643,
        "bathymetry": 3597.031982421875
      }
    },
    {
      "type": "Feature",
      "geometry": {
        "type": "Point",
        "coordinates": [
          79.49999999999997,
          6.099999999999996
        ]
      },
      "properties": {
        "fish_zone": 0,
        "fish_probability": 0.013333333333333334,
        "sst": 28.97999324873092,
        "chlorophyll": 0.12021347135305405,
        "current_u": -0.27347418665885925,
        "current_v": -0.13826096057891846,
        "bathymetry": 3220.820068359375
      }
    },
    {
      "type": "Feature",
      "geometry": {
        "type": "Point",
        "coordinates": [
          79.49999999999997,
          6.199999999999996
        ]
      },
      "properties": {
        "fish_zone": 0,
        "fish_probability": 0.013333333333333334,
        "sst": 29.0499932471663,
        "chlorophyll": 0.1066717654466629,
        "current_u": -0.09782290458679199,
        "current_v": -0.12472586333751678,
        "bathymetry": 2865.702880859375
      }
    },
    {
      "type": "Feature",
      "geometry": {
        "type": "Point",
        "coordinates": [
          79.49999999999997,
          6.299999999999995
        ]
      },
      "properties": {
        "fish_zone": 0,
        "fish_probability": 0.0,
        "sst": 29.0499932471663,
        "chlorophyll": 0.10926829278469086,
        "current_u": 0.24172678589820862,
        "current_v": -0.15601502358913422,
        "bathymetry": 2533.3359375
      }
    },
    {
      "type": "Feature",
      "geometry": {
        "type": "Point",
        "coordinates": [
          79.49999999999997,
          6.399999999999995
        ]
      },
      "properties": {
        "fish_zone": 0,
        "fish_probability": 0.0,
        "sst": 29.109993245825194,
        "chlorophyll": 0.10610321164131165,
        "current_u": 0.34934520721435547,
        "current_v": -0.15696880221366882,
        "bathymetry": 2225.077880859375
      }
    },
    {
      "type": "Feature",
      "geometry": {
        "type": "Point",
        "coordinates": [
          79.49999999999997,
          6.499999999999995
        ]
      },
      "properties": {
        "fish_zone": 0,
        "fish_probability": 0.0,
        "sst": 29.109993245825194,
        "chlorophyll": 0.12369094789028168,
        "current_u": 0.3414231538772583,
        "current_v": -0.16281095147132874,
        "bathymetry": 2225.077880859375
      }
    },
    {
      "type": "Feature",
      "geometry": {
        "type": "Point",
        "coordinates": [
          79.49999999999997,
          6.599999999999994
        ]
      },
      "properties": {
        "fish_zone": 0,
        "fish_probability": 0.0033333333333333335,
        "sst": 29.09999324604871,
        "chlorophyll": 0.11822424083948135,
        "current_u": 0.21391873061656952,
        "current_v": -0.13496793806552887,
        "bathymetry": 1941.8929443359375
      }
    },
    {
      "type": "Feature",
      "geometry": {
        "type": "Point",
        "coordinates": [
          79.49999999999997,
          6.699999999999994
        ]
      },
      "properties": {
        "fish_zone": 0,
        "fish_probability": 0.006666666666666667,
        "sst": 29.079993246495746,
        "chlorophyll": 0.12426727265119553,
        "current_u": 0.0934986025094986,
        "current_v": -0.09319908916950226,
        "bathymetry": 1941.8929443359375
      }
    },
    {
      "type": "Feature",
      "geometry": {
        "type": "Point",
        "coordinates": [
          79.49999999999997,
          6.799999999999994
        ]
      },
      "properties": {
        "fish_zone": 0,
        "fish_probability": 0.0033333333333333335,
        "sst": 28.839993251860164,
        "chlorophyll": 0.12256255745887756,
        "current_u": 0.018336201086640358,
        "current_v": -0.07842409610748291,
        "bathymetry": 1684.2840576171875
      }
    },
    {
      "type": "Feature",
      "geometry": {
        "type": "Point",
        "coordinates": [
          79.49999999999997,
          6.899999999999993
        ]
      },
      "properties": {
        "fish_zone": 0,
        "fish_probability": 0.01,
        "sst": 28.689993255212926,
        "chlorophyll": 0.11516711115837097,
        "current_u": 0.0033289010170847178,
        "current_v": -0.06478509306907654,
        "bathymetry": 1684.2840576171875
      }
    },
    {
      "type": "Feature",
      "geometry": {
        "type": "Point",
        "coordinates": [
          79.49999999999997,
          6.999999999999993
        ]
      },
      "properties": {
        "fish_zone": 0,
        "fish_probability": 0.0,
        "sst": 28.74999325387182,
        "chlorophyll": 0.14707371592521667,
        "current_u": -0.00048277387395501137,
        "current_v": -0.04431650787591934,
        "bathymetry": 1452.2509765625
      }
    },
    {
      "type": "Feature",
      "geometry": {
        "type": "Point",
        "coordinates": [
          79.49999999999997,
          7.0999999999999925
        ]
      },
      "properties": {
        "fish_zone": 0,
        "fish_probability": 0.0,
        "sst": 28.869993251189612,
        "chlorophyll": 0.13695259392261505,
        "current_u": 0.009001866914331913,
        "current_v": -0.0232889074832201,
        "bathymetry": 1684.2840576171875
      }
    },
    {
      "type": "Feature",
      "geometry": {
        "type": "Point",
        "coordinates": [
          79.49999999999997,
          7.199999999999992
        ]
      },
      "properties": {
        "fish_zone": 0,
        "fish_probability": 0.0,
        "sst": 28.89999325051906,
        "chlorophyll": 0.14600543677806854,
        "current_u": 0.01522384025156498,
        "current_v": 0.0012028461787849665,
        "bathymetry": 1684.2840576171875
      }
    },
    {
      "type": "Feature",
      "geometry": {
        "type": "Point",
        "coordinates": [
          79.49999999999997,
          7.299999999999992
        ]
      },
      "properties": {
        "fish_zone": 0,
        "fish_probability": 0.006666666666666667,
        "sst": 28.949993249401473,
        "chlorophyll": 0.18366779386997223,
        "current_u": -0.0012736779171973467,
        "current_v": 0.03988020867109299,
        "bathymetry": 1684.2840576171875
      }
    },
    {
      "type": "Feature",
      "geometry": {
        "type": "Point",
        "coordinates": [
          79.49999999999997,
          7.3999999999999915
        ]
      },
      "properties": {
        "fish_zone": 0,
        "fish_probability": 0.0033333333333333335,
        "sst": 29.00999324806037,
        "chlorophyll": 0.19585739076137543,
        "current_u": -0.019184382632374763,
        "current_v": 0.04945337399840355,
        "bathymetry": 1684.2840576171875
      }
    },
    {
      "type": "Feature",
      "geometry": {
        "type": "Point",
        "coordinates": [
          79.49999999999997,
          7.499999999999991
        ]
      },
      "properties": {
        "fish_zone": 0,
        "fish_probability": 0.0033333333333333335,
        "sst": 29.01999324783685,
        "chlorophyll": 0.17769071459770203,
        "current_u": -0.031661391258239746,
        "current_v": 0.058303818106651306,
        "bathymetry": 1684.2840576171875
      }
    },
    {
      "type": "Feature",
      "geometry": {
        "type": "Point",
        "coordinates": [
          79.49999999999997,
          7.599999999999991
        ]
      },
      "properties": {
        "fish_zone": 0,
        "fish_probability": 0.0,
        "sst": 28.929993249848508,
        "chlorophyll": 0.18278943002223969,
        "current_u": -0.03324977308511734,
        "current_v": 0.06805059313774109,
        "bathymetry": 1684.2840576171875
      }
    },
    {
      "type": "Feature",
      "geometry": {
        "type": "Point",
        "coordinates": [
          79.49999999999997,
          7.69999999999999
        ]
      },
      "properties": {
        "fish_zone": 0,
        "fish_probability": 0.0,
        "sst": 28.889993250742577,
        "chlorophyll": 0.1956843137741089,
        "current_u": -0.028130345046520233,
        "current_v": 0.07284018397331238,
        "bathymetry": 1684.2840576171875
      }
    },
    {
      "type": "Feature",
      "geometry": {
        "type": "Point",
        "coordinates": [
          79.49999999999997,
          7.79999999999999
        ]
      },
      "properties": {
        "fish_zone": 0,
        "fish_probability": 0.2733333333333333,
        "sst": 28.809993252530717,
        "chlorophyll": 0.20513403415679932,
        "current_u": -0.030453233048319817,
        "current_v": 0.09849125891923904,
        "bathymetry": 1452.2509765625
      }
    },
    {
      "type": "Feature",
      "geometry": {
        "type": "Point",
        "coordinates": [
          79.49999999999997,
          7.89999999999999
        ]
      },
      "properties": {
        "fish_zone": 1,
        "fish_probability": 0.5866666666666667,
        "sst": 28.759993253648304,
        "chlorophyll": 0.2634384036064148,
        "current_u": -0.027602212503552437,
        "current_v": 0.10395651310682297,
        "bathymetry": 1452.2509765625
      }
    },
    {
      "type": "Feature",
      "geometry": {
        "type": "Point",
        "coordinates": [
          79.49999999999997,
          7.999999999999989
        ]
      },
      "properties": {
        "fish_zone": 1,
        "fish_probability": 0.59,
        "sst": 28.70999325476589,
        "chlorophyll": 0.25254806876182556,
        "current_u": -0.027541635558009148,
        "current_v": 0.10735715925693512,
        "bathymetry": 1245.291015625
      }
    },
    {
      "type": "Feature",
      "geometry": {
        "type": "Point",
        "coordinates": [
          79.49999999999997,
          8.099999999999989
        ]
      },
      "properties": {
        "fish_zone": 1,
        "fish_probability": 0.5733333333333334,
        "sst": 28.659993255883478,
        "chlorophyll": 0.2047429233789444,
        "current_u": -0.03402480110526085,
        "current_v": 0.10107486695051193,
        "bathymetry": 1245.291015625
      }
    },
    {
      "type": "Feature",
      "geometry": {
        "type": "Point",
        "coordinates": [
          79.49999999999997,
          8.199999999999989
        ]
      },
      "properties": {
        "fish_zone": 0,
        "fish_probability": 0.02666666666666667,
        "sst": 28.649993256106995,
        "chlorophyll": 0.1983484923839569,
        "current_u": -0.039068564772605896,
        "current_v": 0.08369207382202148,
        "bathymetry": 1245.291015625
      }
    },
    {
      "type": "Feature",
      "geometry": {
        "type": "Point",
        "coordinates": [
          79.49999999999997,
          8.299999999999988
        ]
      },
      "properties": {
        "fish_zone": 0,
        "fish_probability": 0.0,
        "sst": 28.5899932574481,
        "chlorophyll": 0.19168449938297272,
        "current_u": -0.03800460696220398,
        "current_v": 0.04779788851737976,
        "bathymetry": 1062.43994140625
      }
    },
    {
      "type": "Feature",
      "geometry": {
        "type": "Point",
        "coordinates": [
          79.49999999999997,
          8.399999999999988
        ]
      },
      "properties": {
        "fish_zone": 0,
        "fish_probability": 0.0033333333333333335,
        "sst": 28.529993258789204,
        "chlorophyll": 0.18715381622314453,
        "current_u": -0.04731123521924019,
        "current_v": 0.05338246375322342,
        "bathymetry": 1062.43994140625
      }
    },
    {
      "type": "Feature",
      "geometry": {
        "type": "Point",
        "coordinates": [
          79.49999999999997,
          8.499999999999988
        ]
      },
      "properties": {
        "fish_zone": 0,
        "fish_probability": 0.006666666666666667,
        "sst": 28.309993263706588,
        "chlorophyll": 0.18949951231479645,
        "current_u": -0.06433659791946411,
        "current_v": 0.0614478625357151,
        "bathymetry": 1062.43994140625
      }
    },
    {
      "type": "Feature",
      "geometry": {
        "type": "Point",
        "coordinates": [
          79.49999999999997,
          8.599999999999987
        ]
      },
      "properties": {
        "fish_zone": 0,
        "fish_probability": 0.013333333333333334,
        "sst": 28.329993263259553,
        "chlorophyll": 0.18746070563793182,
        "current_u": -0.08313856273889542,
        "current_v": 0.0486346036195755,
        "bathymetry": 902.3392944335938
      }
    },
    {
      "type": "Feature",
      "geometry": {
        "type": "Point",
        "coordinates": [
          79.49999999999997,
          8.699999999999987
        ]
      },
      "properties": {
        "fish_zone": 0,
        "fish_probability": 0.05,
        "sst": 28.339993263036035,
        "chlorophyll": 0.1920982450246811,
        "current_u": -0.10070359706878662,
        "current_v": 0.046319205313920975,
        "bathymetry": 643.5667724609375
      }
    },
    {
      "type": "Feature",
      "geometry": {
        "type": "Point",
        "coordinates": [
          79.49999999999997,
          8.799999999999986
        ]
      },
      "properties": {
        "fish_zone": 0,
        "fish_probability": 0.31666666666666665,
        "sst": 28.27999326437714,
        "chlorophyll": 0.20023177564144135,
        "current_u": -0.055650148540735245,
        "current_v": 0.09205790609121323,
        "bathymetry": 222.47520446777344
      }
    },
    {
      "type": "Feature",
      "geometry": {
        "type": "Point",
        "coordinates": [
          79.49999999999997,
          8.899999999999986
        ]
      },
      "properties": {
        "fish_zone": 0,
        "fish_probability": 0.07,
        "sst": 28.27999326437714,
        "chlorophyll": 0.35614922642707825,
        "current_u": -0.04868795722723007,
        "current_v": 0.04558565095067024,
        "bathymetry": 21.598819732666016
      }
    },
    {
      "type": "Feature",
      "geometry": {
        "type": "Point",
        "coordinates": [
          79.49999999999997,
          8.999999999999986
        ]
      },
      "properties": {
        "fish_zone": 0,
        "fish_probability": 0.09,
        "sst": 28.419993261247896,
        "chlorophyll": 0.7663006782531738,
        "current_u": -0.04950452595949173,
        "current_v": 0.02811129204928875,
        "bathymetry": 21.598819732666016
      }
    },
    {
      "type": "Feature",
      "geometry": {
        "type": "Point",
        "coordinates": [
          79.49999999999997,
          9.099999999999985
        ]
      },
      "properties": {
        "fish_zone": 0,
        "fish_probability": 0.07333333333333333,
        "sst": 28.649993256106995,
        "chlorophyll": 2.1310675144195557,
        "current_u": -0.028730448335409164,
        "current_v": 0.02761477418243885,
        "bathymetry": 11.404999732971191
      }
    },
    {
      "type": "Feature",
      "geometry": {
        "type": "Point",
        "coordinates": [
          79.49999999999997,
          9.399999999999984
        ]
      },
      "properties": {
        "fish_zone": 0,
        "fish_probability": 0.056666666666666664,
        "sst": 28.69999325498941,
        "chlorophyll": 0.6855741739273071,
        "current_u": -0.020133359357714653,
        "current_v": 0.0056680128909647465,
        "bathymetry": 15.810070037841797
      }
    },
    {
      "type": "Feature",
      "geometry": {
        "type": "Point",
        "coordinates": [
          79.49999999999997,
          9.499999999999984
        ]
      },
      "properties": {
        "fish_zone": 0,
        "fish_probability": 0.04,
        "sst": 28.85999325141313,
        "chlorophyll": 0.5623846650123596,
        "current_u": -0.016859933733940125,
        "current_v": -0.006445997394621372,
        "bathymetry": 15.810070037841797
      }
    },
    {
      "type": "Feature",
      "geometry": {
        "type": "Point",
        "coordinates": [
          79.49999999999997,
          9.599999999999984
        ]
      },
      "properties": {
        "fish_zone": 0,
        "fish_probability": 0.04666666666666667,
        "sst": 28.829993252083682,
        "chlorophyll": 0.6502872109413147,
        "current_u": -0.019622644409537315,
        "current_v": -0.00649787625297904,
        "bathymetry": 13.467140197753906
      }
    },
    {
      "type": "Feature",
      "geometry": {
        "type": "Point",
        "coordinates": [
          79.49999999999997,
          9.699999999999983
        ]
      },
      "properties": {
        "fish_zone": 0,
        "fish_probability": 0.07333333333333333,
        "sst": 28.74999325387182,
        "chlorophyll": 1.0785973072052002,
        "current_u": -0.018024004995822906,
        "current_v": 0.004037258215248585,
        "bathymetry": 13.467140197753906
      }
    },
    {
      "type": "Feature",
      "geometry": {
        "type": "Point",
        "coordinates": [
          79.49999999999997,
          9.799999999999983
        ]
      },
      "properties": {
        "fish_zone": 0,
        "fish_probability": 0.1,
        "sst": 28.5899932574481,
        "chlorophyll": 1.5490831136703491,
        "current_u": -0.011825421825051308,
        "current_v": 0.017416756600141525,
        "bathymetry": 13.467140197753906
      }
    },
    {
      "type": "Feature",
      "geometry": {
        "type": "Point",
        "coordinates": [
          79.49999999999997,
          9.899999999999983
        ]
      },
      "properties": {
        "fish_zone": 0,
        "fish_probability": 0.09333333333333334,
        "sst": 28.599993257224583,
        "chlorophyll": 1.693293571472168,
        "current_u": -0.012200931087136269,
        "current_v": 0.0275864414870739,
        "bathymetry": 11.404999732971191
      }
    },
    {
      "type": "Feature",
      "geometry": {
        "type": "Point",
        "coordinates": [
          79.59999999999997,
          5.0
        ]
      },
      "properties": {
        "fish_zone": 0,
        "fish_probability": 0.006666666666666667,
        "sst": 29.489993237331532,
        "chlorophyll": 0.07888110727071762,
        "current_u": -0.4144442081451416,
        "current_v": 0.05174189805984497,
        "bathymetry": 4405.22412109375
      }
    },
    {
      "type": "Feature",
      "geometry": {
        "type": "Point",
        "coordinates": [
          79.59999999999997,
          5.1
        ]
      },
      "properties": {
        "fish_zone": 0,
        "fish_probability": 0.006666666666666667,
        "sst": 29.40999323911967,
        "chlorophyll": 0.07772743701934814,
        "current_u": -0.4607008397579193,
        "current_v": 0.03589668497443199,
        "bathymetry": 4405.22412109375
      }
    },
    {
      "type": "Feature",
      "geometry": {
        "type": "Point",
        "coordinates": [
          79.59999999999997,
          5.199999999999999
        ]
      },
      "properties": {
        "fish_zone": 0,
        "fish_probability": 0.0033333333333333335,
        "sst": 29.259993242472433,
        "chlorophyll": 0.07290247827768326,
        "current_u": -0.4884881377220154,
        "current_v": 0.011495504528284073,
        "bathymetry": 4405.22412109375
      }
    },
    {
      "type": "Feature",
      "geometry": {
        "type": "Point",
        "coordinates": [
          79.59999999999997,
          5.299999999999999
        ]
      },
      "properties": {
        "fish_zone": 0,
        "fish_probability": 0.0033333333333333335,
        "sst": 28.69999325498941,
        "chlorophyll": 0.08950768411159515,
        "current_u": -0.7489103674888611,
        "current_v": -0.2625642418861389,
        "bathymetry": 4405.22412109375
      }
    },
    {
      "type": "Feature",
      "geometry": {
        "type": "Point",
        "coordinates": [
          79.59999999999997,
          5.399999999999999
        ]
      },
      "properties": {
        "fish_zone": 0,
        "fish_probability": 0.0033333333333333335,
        "sst": 28.689993255212926,
        "chlorophyll": 0.09584004431962967,
        "current_u": -0.813698947429657,
        "current_v": -0.40371647477149963,
        "bathymetry": 4405.22412109375
      }
    },
    {
      "type": "Feature",
      "geometry": {
        "type": "Point",
        "coordinates": [
          79.59999999999997,
          5.499999999999998
        ]
      },
      "properties": {
        "fish_zone": 0,
        "fish_probability": 0.0,
        "sst": 28.719993254542374,
        "chlorophyll": 0.1045244112610817,
        "current_u": -0.7013290524482727,
        "current_v": -0.4663596451282501,
        "bathymetry": 3992.48388671875
      }
    },
    {
      "type": "Feature",
      "geometry": {
        "type": "Point",
        "coordinates": [
          79.59999999999997,
          5.599999999999998
        ]
      },
      "properties": {
        "fish_zone": 0,
        "fish_probability": 0.023333333333333334,
        "sst": 28.69999325498941,
        "chlorophyll": 0.11015674471855164,
        "current_u": -0.6194983720779419,
        "current_v": -0.5126863121986389,
        "bathymetry": 3992.48388671875
      }
    },
    {
      "type": "Feature",
      "geometry": {
        "type": "Point",
        "coordinates": [
          79.59999999999997,
          5.6999999999999975
        ]
      },
      "properties": {
        "fish_zone": 0,
        "fish_probability": 0.023333333333333334,
        "sst": 28.679993255436443,
        "chlorophyll": 0.11813496798276901,
        "current_u": -0.5735751390457153,
        "current_v": -0.5171441435813904,
        "bathymetry": 3992.48388671875
      }
    },
    {
      "type": "Feature",
      "geometry": {
        "type": "Point",
        "coordinates": [
          79.59999999999997,
          5.799999999999997
        ]
      },
      "properties": {
        "fish_zone": 0,
        "fish_probability": 0.03666666666666667,
        "sst": 28.729993254318856,
        "chlorophyll": 0.12941280007362366,
        "current_u": -0.4722643196582794,
        "current_v": -0.40382322669029236,
        "bathymetry": 3992.48388671875
      }
    },
    {
      "type": "Feature",
      "geometry": {
        "type": "Point",
        "coordinates": [
          79.59999999999997,
          5.899999999999997
        ]
      },
      "properties": {
        "fish_zone": 0,
        "fish_probability": 0.04,
        "sst": 28.66999325565996,
        "chlorophyll": 0.13257749378681183,
        "current_u": -0.402288019657135,
        "current_v": -0.3481942415237427,
        "bathymetry": 3597.031982421875
      }
    },
    {
      "type": "Feature",
      "geometry": {
        "type": "Point",
        "coordinates": [
          79.59999999999997,
          5.9999999999999964
        ]
      },
      "properties": {
        "fish_zone": 0,
        "fish_probability": 0.043333333333333335,
        "sst": 28.609993257001065,
        "chlorophyll": 0.13057254254817963,
        "current_u": -0.3197816014289856,
        "current_v": -0.28614187240600586,
        "bathymetry": 3220.820068359375
      }
    },
    {
      "type": "Feature",
      "geometry": {
        "type": "Point",
        "coordinates": [
          79.59999999999997,
          6.099999999999996
        ]
      },
      "properties": {
        "fish_zone": 0,
        "fish_probability": 0.03333333333333333,
        "sst": 28.93999324962499,
        "chlorophyll": 0.12541699409484863,
        "current_u": -0.22155921161174774,
        "current_v": -0.20504628121852875,
        "bathymetry": 2865.702880859375
      }
    },
    {
      "type": "Feature",
      "geometry": {
        "type": "Point",
        "coordinates": [
          79.59999999999997,
          6.199999999999996
        ]
      },
      "properties": {
        "fish_zone": 0,
        "fish_probability": 0.006666666666666667,
        "sst": 29.09999324604871,
        "chlorophyll": 0.12104734033346176,
        "current_u": -0.06463449448347092,
        "current_v": -0.172151580452919,
        "bathymetry": 2865.702880859375
      }
    },
    {
      "type": "Feature",
      "geometry": {
        "type": "Point",
        "coordinates": [
          79.59999999999997,
          6.299999999999995
        ]
      },
      "properties": {
        "fish_zone": 0,
        "fish_probability": 0.013333333333333334,
        "sst": 29.179993244260572,
        "chlorophyll": 0.10666880756616592,
        "current_u": 0.24461884796619415,
        "current_v": -0.22744052112102509,
        "bathymetry": 1941.8929443359375
      }
    },
    {
      "type": "Feature",
      "geometry": {
        "type": "Point",
        "coordinates": [
          79.59999999999997,
          6.399999999999995
        ]
      },
      "properties": {
        "fish_zone": 0,
        "fish_probability": 0.016666666666666666,
        "sst": 29.12999324537816,
        "chlorophyll": 0.12326913326978683,
        "current_u": 0.3367467522621155,
        "current_v": -0.2434706687927246,
        "bathymetry": 1684.2840576171875
      }
    },
    {
      "type": "Feature",
      "geometry": {
        "type": "Point",
        "coordinates": [
          79.59999999999997,
          6.499999999999995
        ]
      },
      "properties": {
        "fish_zone": 0,
        "fish_probability": 0.016666666666666666,
        "sst": 29.079993246495746,
        "chlorophyll": 0.13581977784633636,
        "current_u": 0.30544474720954895,
        "current_v": -0.2203110009431839,
        "bathymetry": 1684.2840576171875
      }
    },
    {
      "type": "Feature",
      "geometry": {
        "type": "Point",
        "coordinates": [
          79.59999999999997,
          6.599999999999994
        ]
      },
      "properties": {
        "fish_zone": 0,
        "fish_probability": 0.016666666666666666,
        "sst": 28.969993248954438,
        "chlorophyll": 0.14165054261684418,
        "current_u": 0.1777033507823944,
        "current_v": -0.16388772428035736,
        "bathymetry": 1452.2509765625
      }
    },
    {
      "type": "Feature",
      "geometry": {
        "type": "Point",
        "coordinates": [
          79.59999999999997,
          6.699999999999994
        ]
      },
      "properties": {
        "fish_zone": 0,
        "fish_probability": 0.006666666666666667,
        "sst": 28.909993250295543,
        "chlorophyll": 0.14939910173416138,
        "current_u": 0.07705061137676239,
        "current_v": -0.12648645043373108,
        "bathymetry": 1452.2509765625
      }
    },
    {
      "type": "Feature",
      "geometry": {
        "type": "Point",
        "coordinates": [
          79.59999999999997,
          6.799999999999994
        ]
      },
      "properties": {
        "fish_zone": 0,
        "fish_probability": 0.013333333333333334,
        "sst": 28.78999325297775,
        "chlorophyll": 0.15840847790241241,
        "current_u": 0.027121560648083687,
        "current_v": -0.10773497074842453,
        "bathymetry": 1062.43994140625
      }
    },
    {
      "type": "Feature",
      "geometry": {
        "type": "Point",
        "coordinates": [
          79.59999999999997,
          6.899999999999993
        ]
      },
      "properties": {
        "fish_zone": 0,
        "fish_probability": 0.0033333333333333335,
        "sst": 28.729993254318856,
        "chlorophyll": 0.16890285909175873,
        "current_u": 0.0072662681341171265,
        "current_v": -0.07867350429296494,
        "bathymetry": 902.3392944335938
      }
    },
    {
      "type": "Feature",
      "geometry": {
        "type": "Point",
        "coordinates": [
          79.59999999999997,
          6.999999999999993
        ]
      },
      "properties": {
        "fish_zone": 0,
        "fish_probability": 0.0033333333333333335,
        "sst": 28.639993256330513,
        "chlorophyll": 0.18577267229557037,
        "current_u": 0.0005618598661385477,
        "current_v": -0.04243554174900055,
        "bathymetry": 902.3392944335938
      }
    },
    {
      "type": "Feature",
      "geometry": {
        "type": "Point",
        "coordinates": [
          79.59999999999997,
          7.0999999999999925
        ]
      },
      "properties": {
        "fish_zone": 0,
        "fish_probability": 0.01,
        "sst": 28.609993257001065,
        "chlorophyll": 0.1953444927930832,
        "current_u": 0.008128432556986809,
        "current_v": -0.01594136841595173,
        "bathymetry": 1062.43994140625
      }
    },
    {
      "type": "Feature",
      "geometry": {
        "type": "Point",
        "coordinates": [
          79.59999999999997,
          7.199999999999992
        ]
      },
      "properties": {
        "fish_zone": 0,
        "fish_probability": 0.18333333333333332,
        "sst": 28.609993257001065,
        "chlorophyll": 0.2018127292394638,
        "current_u": 0.0011554370867088437,
        "current_v": 0.005685233045369387,
        "bathymetry": 1062.43994140625
      }
    },
    {
      "type": "Feature",
      "geometry": {
        "type": "Point",
        "coordinates": [
          79.59999999999997,
          7.299999999999992
        ]
      },
      "properties": {
        "fish_zone": 0,
        "fish_probability": 0.14666666666666667,
        "sst": 28.769993253424786,
        "chlorophyll": 0.22628150880336761,
        "current_u": -0.029026929289102554,
        "current_v": 0.0017354508163407445,
        "bathymetry": 763.3331298828125
      }
    },
    {
      "type": "Feature",
      "geometry": {
        "type": "Point",
        "coordinates": [
          79.59999999999997,
          7.3999999999999915
        ]
      },
      "properties": {
        "fish_zone": 0,
        "fish_probability": 0.11666666666666667,
        "sst": 28.919993250072025,
        "chlorophyll": 0.269222229719162,
        "current_u": -0.02470208890736103,
        "current_v": -0.01075719390064478,
        "bathymetry": 763.3331298828125
      }
    },
    {
      "type": "Feature",
      "geometry": {
        "type": "Point",
        "coordinates": [
          79.59999999999997,
          7.499999999999991
        ]
      },
      "properties": {
        "fish_zone": 0,
        "fish_probability": 0.08666666666666667,
        "sst": 28.97999324873092,
        "chlorophyll": 0.36107540130615234,
        "current_u": -0.01414414867758751,
        "current_v": -0.017146993428468704,
        "bathymetry": 1062.43994140625
      }
    },
    {
      "type": "Feature",
      "geometry": {
        "type": "Point",
        "coordinates": [
          79.59999999999997,
          7.599999999999991
        ]
      },
      "properties": {
        "fish_zone": 0,
        "fish_probability": 0.06,
        "sst": 28.949993249401473,
        "chlorophyll": 0.459950715303421,
        "current_u": -0.006814749911427498,
        "current_v": -0.023909717798233032,
        "bathymetry": 902.3392944335938
      }
    },
    {
      "type": "Feature",
      "geometry": {
        "type": "Point",
        "coordinates": [
          79.59999999999997,
          7.69999999999999
        ]
      },
      "properties": {
        "fish_zone": 0,
        "fish_probability": 0.06,
        "sst": 28.93999324962499,
        "chlorophyll": 0.28966477513313293,
        "current_u": 0.002582636196166277,
        "current_v": -0.053546078503131866,
        "bathymetry": 902.3392944335938
      }
    },
    {
      "type": "Feature",
      "geometry": {
        "type": "Point",
        "coordinates": [
          79.59999999999997,
          7.79999999999999
        ]
      },
      "properties": {
        "fish_zone": 0,
        "fish_probability": 0.09333333333333334,
        "sst": 28.909993250295543,
        "chlorophyll": 0.458327978849411,
        "current_u": -0.008994591422379017,
        "current_v": -0.006436359137296677,
        "bathymetry": 763.3331298828125
      }
    },
    {
      "type": "Feature",
      "geometry": {
        "type": "Point",
        "coordinates": [
          79.59999999999997,
          7.89999999999999
        ]
      },
      "properties": {
        "fish_zone": 0,
        "fish_probability": 0.08333333333333333,
        "sst": 28.93999324962499,
        "chlorophyll": 0.40670767426490784,
        "current_u": 0.002345289569348097,
        "current_v": 0.03132493793964386,
        "bathymetry": 763.3331298828125
      }
    },
    {
      "type": "Feature",
      "geometry": {
        "type": "Point",
        "coordinates": [
          79.59999999999997,
          7.999999999999989
        ]
      },
      "properties": {
        "fish_zone": 0,
        "fish_probability": 0.07333333333333333,
        "sst": 28.929993249848508,
        "chlorophyll": 0.3245917558670044,
        "current_u": 0.0007822737097740173,
        "current_v": 0.05954660475254059,
        "bathymetry": 763.3331298828125
      }
    },
    {
      "type": "Feature",
      "geometry": {
        "type": "Point",
        "coordinates": [
          79.59999999999997,
          8.099999999999989
        ]
      },
      "properties": {
        "fish_zone": 0,
        "fish_probability": 0.07,
        "sst": 28.889993250742577,
        "chlorophyll": 0.26770466566085815,
        "current_u": -0.016845937818288803,
        "current_v": 0.051447607576847076,
        "bathymetry": 763.3331298828125
      }
    },
    {
      "type": "Feature",
      "geometry": {
        "type": "Point",
        "coordinates": [
          79.59999999999997,
          8.199999999999989
        ]
      },
      "properties": {
        "fish_zone": 0,
        "fish_probability": 0.06666666666666667,
        "sst": 28.839993251860164,
        "chlorophyll": 0.2089270055294037,
        "current_u": -0.021646937355399132,
        "current_v": 0.018931902945041656,
        "bathymetry": 763.3331298828125
      }
    },
    {
      "type": "Feature",
      "geometry": {
        "type": "Point",
        "coordinates": [
          79.59999999999997,
          8.299999999999988
        ]
      },
      "properties": {
        "fish_zone": 0,
        "fish_probability": 0.07666666666666666,
        "sst": 28.609993257001065,
        "chlorophyll": 0.20058804750442505,
        "current_u": -0.015753980726003647,
        "current_v": -0.006895503494888544,
        "bathymetry": 902.3392944335938
      }
    },
    {
      "type": "Feature",
      "geometry": {
        "type": "Point",
        "coordinates": [
          79.59999999999997,
          8.399999999999988
        ]
      },
      "properties": {
        "fish_zone": 0,
        "fish_probability": 0.0033333333333333335,
        "sst": 28.529993258789204,
        "chlorophyll": 0.1984703540802002,
        "current_u": -0.013038485310971737,
        "current_v": -0.0036727783735841513,
        "bathymetry": 902.3392944335938
      }
    },
    {
      "type": "Feature",
      "geometry": {
        "type": "Point",
        "coordinates": [
          79.59999999999997,
          8.499999999999988
        ]
      },
      "properties": {
        "fish_zone": 0,
        "fish_probability": 0.05,
        "sst": 28.43999326080086,
        "chlorophyll": 0.2392856627702713,
        "current_u": -0.018107278272509575,
        "current_v": -0.00785007979720831,
        "bathymetry": 902.3392944335938
      }
    },
    {
      "type": "Feature",
      "geometry": {
        "type": "Point",
        "coordinates": [
          79.59999999999997,
          8.599999999999987
        ]
      },
      "properties": {
        "fish_zone": 0,
        "fish_probability": 0.08,
        "sst": 28.47999325990679,
        "chlorophyll": 0.24574311077594757,
        "current_u": -0.025029372423887253,
        "current_v": -0.03338022902607918,
        "bathymetry": 763.3331298828125
      }
    },
    {
      "type": "Feature",
      "geometry": {
        "type": "Point",
        "coordinates": [
          79.59999999999997,
          8.699999999999987
        ]
      },
      "properties": {
        "fish_zone": 0,
        "fish_probability": 0.08,
        "sst": 28.459993260353826,
        "chlorophyll": 0.338230699300766,
        "current_u": -0.025266269221901894,
        "current_v": 0.0014079837128520012,
        "bathymetry": 541.0889282226562
      }
    },
    {
      "type": "Feature",
      "geometry": {
        "type": "Point",
        "coordinates": [
          79.59999999999997,
          8.799999999999986
        ]
      },
      "properties": {
        "fish_zone": 0,
        "fish_probability": 0.05333333333333334,
        "sst": 28.38999326191845,
        "chlorophyll": 0.4591690003871918,
        "current_u": -0.008053185418248177,
        "current_v": 0.022995460778474808,
        "bathymetry": 13.467140197753906
      }
    },
    {
      "type": "Feature",
      "geometry": {
        "type": "Point",
        "coordinates": [
          79.59999999999997,
          8.899999999999986
        ]
      },
      "properties": {
        "fish_zone": 0,
        "fish_probability": 0.03333333333333333,
        "sst": 28.419993261247896,
        "chlorophyll": 0.44104915857315063,
        "current_u": -0.018619783222675323,
        "current_v": 0.003986919764429331,
        "bathymetry": 15.810070037841797
      }
    },
    {
      "type": "Feature",
      "geometry": {
        "type": "Point",
        "coordinates": [
          79.59999999999997,
          8.999999999999986
        ]
      },
      "properties": {
        "fish_zone": 0,
        "fish_probability": 0.07333333333333333,
        "sst": 28.609993257001065,
        "chlorophyll": 1.9126944541931152,
        "current_u": -0.02565786987543106,
        "current_v": 0.016007855534553528,
        "bathymetry": 11.404999732971191
      }
    },
    {
      "type": "Feature",
      "geometry": {
        "type": "Point",
        "coordinates": [
          79.59999999999997,
          9.099999999999985
        ]
      },
      "properties": {
        "fish_zone": 0,
        "fish_probability": 0.12666666666666668,
        "sst": 28.73999325409534,
        "chlorophyll": 3.1276257038116455,
        "current_u": -0.017921533435583115,
        "current_v": 0.015558470040559769,
        "bathymetry": 7.92956018447876
      }
    },
    {
      "type": "Feature",
      "geometry": {
        "type": "Point",
        "coordinates": [
          79.59999999999997,
          9.299999999999985
        ]
      },
      "properties": {
        "fish_zone": 0,
        "fish_probability": 0.07,
        "sst": 28.5899932574481,
        "chlorophyll": 0.9985860586166382,
        "current_u": -0.015741707757115364,
        "current_v": 0.009029225446283817,
        "bathymetry": 11.404999732971191
      }
    },
    {
      "type": "Feature",
      "geometry": {
        "type": "Point",
        "coordinates": [
          79.59999999999997,
          9.399999999999984
        ]
      },
      "properties": {
        "fish_zone": 0,
        "fish_probability": 0.07333333333333333,
        "sst": 28.599993257224583,
        "chlorophyll": 0.5872634053230286,
        "current_u": -0.01956130377948284,
        "current_v": -0.006888631731271744,
        "bathymetry": 13.467140197753906
      }
    },
    {
      "type": "Feature",
      "geometry": {
        "type": "Point",
        "coordinates": [
          79.59999999999997,
          9.499999999999984
        ]
      },
      "properties": {
        "fish_zone": 0,
        "fish_probability": 0.05333333333333334,
        "sst": 28.73999325409534,
        "chlorophyll": 0.5528996586799622,
        "current_u": -0.01678268425166607,
        "current_v": -0.016467100009322166,
        "bathymetry": 15.810070037841797
      }
    },
    {
      "type": "Feature",
      "geometry": {
        "type": "Point",
        "coordinates": [
          79.59999999999997,
          9.599999999999984
        ]
      },
      "properties": {
        "fish_zone": 0,
        "fish_probability": 0.07666666666666666,
        "sst": 28.679993255436443,
        "chlorophyll": 0.672605574131012,
        "current_u": -0.020497865974903107,
        "current_v": -0.002326732501387596,
        "bathymetry": 13.467140197753906
      }
    },
    {
      "type": "Feature",
      "geometry": {
        "type": "Point",
        "coordinates": [
          79.59999999999997,
          9.699999999999983
        ]
      },
      "properties": {
        "fish_zone": 0,
        "fish_probability": 0.10333333333333333,
        "sst": 28.609993257001065,
        "chlorophyll": 1.1787818670272827,
        "current_u": -0.019827648997306824,
        "current_v": 0.0051568495109677315,
        "bathymetry": 13.467140197753906
      }
    },
    {
      "type": "Feature",
      "geometry": {
        "type": "Point",
        "coordinates": [
          79.59999999999997,
          9.799999999999983
        ]
      },
      "properties": {
        "fish_zone": 0,
        "fish_probability": 0.09,
        "sst": 28.499993259459757,
        "chlorophyll": 1.7837549448013306,
        "current_u": -0.014292160049080849,
        "current_v": 0.024932395666837692,
        "bathymetry": 11.404999732971191
      }
    },
    {
      "type": "Feature",
      "geometry": {
        "type": "Point",
        "coordinates": [
          79.59999999999997,
          9.899999999999983
        ]
      },
      "properties": {
        "fish_zone": 0,
        "fish_probability": 0.12666666666666668,
        "sst": 28.499993259459757,
        "chlorophyll": 1.694064736366272,
        "current_u": -0.006020526867359877,
        "current_v": 0.03431442752480507,
        "bathymetry": 13.467140197753906
      }
    },
    {
      "type": "Feature",
      "geometry": {
        "type": "Point",
        "coordinates": [
          79.69999999999996,
          5.0
        ]
      },
      "properties": {
        "fish_zone": 0,
        "fish_probability": 0.006666666666666667,
        "sst": 29.489993237331532,
        "chlorophyll": 0.07197551429271698,
        "current_u": -0.40366026759147644,
        "current_v": 0.08617056906223297,
        "bathymetry": 4405.22412109375
      }
    },
    {
      "type": "Feature",
      "geometry": {
        "type": "Point",
        "coordinates": [
          79.69999999999996,
          5.1
        ]
      },
      "properties": {
        "fish_zone": 0,
        "fish_probability": 0.006666666666666667,
        "sst": 29.449993238225602,
        "chlorophyll": 0.0753604918718338,
        "current_u": -0.4494737684726715,
        "current_v": 0.07585865259170532,
        "bathymetry": 4405.22412109375
      }
    },
    {
      "type": "Feature",
      "geometry": {
        "type": "Point",
        "coordinates": [
          79.69999999999996,
          5.199999999999999
        ]
      },
      "properties": {
        "fish_zone": 0,
        "fish_probability": 0.006666666666666667,
        "sst": 29.28999324180188,
        "chlorophyll": 0.07571631669998169,
        "current_u": -0.4715808033943176,
        "current_v": 0.0539451502263546,
        "bathymetry": 4405.22412109375
      }
    },
    {
      "type": "Feature",
      "geometry": {
        "type": "Point",
        "coordinates": [
          79.69999999999996,
          5.299999999999999
        ]
      },
      "properties": {
        "fish_zone": 0,
        "fish_probability": 0.0033333333333333335,
        "sst": 28.639993256330513,
        "chlorophyll": 0.08970661461353302,
        "current_u": -0.6706631779670715,
        "current_v": -0.18990996479988098,
        "bathymetry": 4405.22412109375
      }
    },
    {
      "type": "Feature",
      "geometry": {
        "type": "Point",
        "coordinates": [
          79.69999999999996,
          5.399999999999999
        ]
      },
      "properties": {
        "fish_zone": 0,
        "fish_probability": 0.0033333333333333335,
        "sst": 28.619993256777548,
        "chlorophyll": 0.09243366867303848,
        "current_u": -0.7823047041893005,
        "current_v": -0.3637681305408478,
        "bathymetry": 4405.22412109375
      }
    },
    {
      "type": "Feature",
      "geometry": {
        "type": "Point",
        "coordinates": [
          79.69999999999996,
          5.499999999999998
        ]
      },
      "properties": {
        "fish_zone": 0,
        "fish_probability": 0.0033333333333333335,
        "sst": 28.69999325498941,
        "chlorophyll": 0.09951592981815338,
        "current_u": -0.6750943660736084,
        "current_v": -0.4462323486804962,
        "bathymetry": 4405.22412109375
      }
    },
    {
      "type": "Feature",
      "geometry": {
        "type": "Point",
        "coordinates": [
          79.69999999999996,
          5.599999999999998
        ]
      },
      "properties": {
        "fish_zone": 0,
        "fish_probability": 0.023333333333333334,
        "sst": 28.729993254318856,
        "chlorophyll": 0.09942340105772018,
        "current_u": -0.5677650570869446,
        "current_v": -0.5115929841995239,
        "bathymetry": 3992.48388671875
      }
    },
    {
      "type": "Feature",
      "geometry": {
        "type": "Point",
        "coordinates": [
          79.69999999999996,
          5.6999999999999975
        ]
      },
      "properties": {
        "fish_zone": 0,
        "fish_probability": 0.02666666666666667,
        "sst": 28.73999325409534,
        "chlorophyll": 0.11660280078649521,
        "current_u": -0.5111109614372253,
        "current_v": -0.5461324453353882,
        "bathymetry": 3992.48388671875
      }
    },
    {
      "type": "Feature",
      "geometry": {
        "type": "Point",
        "coordinates": [
          79.69999999999996,
          5.799999999999997
        ]
      },
      "properties": {
        "fish_zone": 0,
        "fish_probability": 0.03666666666666667,
        "sst": 28.769993253424786,
        "chlorophyll": 0.12838803231716156,
        "current_u": -0.4061459004878998,
        "current_v": -0.4755965769290924,
        "bathymetry": 3992.48388671875
      }
    },
    {
      "type": "Feature",
      "geometry": {
        "type": "Point",
        "coordinates": [
          79.69999999999996,
          5.899999999999997
        ]
      },
      "properties": {
        "fish_zone": 0,
        "fish_probability": 0.04666666666666667,
        "sst": 28.639993256330513,
        "chlorophyll": 0.1322721540927887,
        "current_u": -0.3319769501686096,
        "current_v": -0.4374408721923828,
        "bathymetry": 3597.031982421875
      }
    },
    {
      "type": "Feature",
      "geometry": {
        "type": "Point",
        "coordinates": [
          79.69999999999996,
          5.9999999999999964
        ]
      },
      "properties": {
        "fish_zone": 0,
        "fish_probability": 0.03333333333333333,
        "sst": 28.54999325834217,
        "chlorophyll": 0.12859594821929932,
        "current_u": -0.2307765930891037,
        "current_v": -0.38938048481941223,
        "bathymetry": 3220.820068359375
      }
    },
    {
      "type": "Feature",
      "geometry": {
        "type": "Point",
        "coordinates": [
          79.69999999999996,
          6.099999999999996
        ]
      },
      "properties": {
        "fish_zone": 0,
        "fish_probability": 0.02,
        "sst": 28.869993251189612,
        "chlorophyll": 0.12835493683815002,
        "current_u": -0.12206797301769257,
        "current_v": -0.3081105053424835,
        "bathymetry": 2533.3359375
      }
    },
    {
      "type": "Feature",
      "geometry": {
        "type": "Point",
        "coordinates": [
          79.69999999999996,
          6.199999999999996
        ]
      },
      "properties": {
        "fish_zone": 0,
        "fish_probability": 0.0033333333333333335,
        "sst": 29.05999324694278,
        "chlorophyll": 0.10950023680925369,
        "current_u": -0.0007324176258407533,
        "current_v": -0.2828834354877472,
        "bathymetry": 2533.3359375
      }
    },
    {
      "type": "Feature",
      "geometry": {
        "type": "Point",
        "coordinates": [
          79.69999999999996,
          6.299999999999995
        ]
      },
      "properties": {
        "fish_zone": 0,
        "fish_probability": 0.016666666666666666,
        "sst": 29.20999324359002,
        "chlorophyll": 0.11584119498729706,
        "current_u": 0.234999418258667,
        "current_v": -0.31216180324554443,
        "bathymetry": 1684.2840576171875
      }
    },
    {
      "type": "Feature",
      "geometry": {
        "type": "Point",
        "coordinates": [
          79.69999999999996,
          6.399999999999995
        ]
      },
      "properties": {
        "fish_zone": 0,
        "fish_probability": 0.023333333333333334,
        "sst": 29.139993245154642,
        "chlorophyll": 0.13246522843837738,
        "current_u": 0.2899995744228363,
        "current_v": -0.3108345568180084,
        "bathymetry": 902.3392944335938
      }
    },
    {
      "type": "Feature",
      "geometry": {
        "type": "Point",
        "coordinates": [
          79.69999999999996,
          6.499999999999995
        ]
      },
      "properties": {
        "fish_zone": 0,
        "fish_probability": 0.03333333333333333,
        "sst": 29.039993247389816,
        "chlorophyll": 0.15817862749099731,
        "current_u": 0.23633939027786255,
        "current_v": -0.2602221965789795,
        "bathymetry": 763.3331298828125
      }
    },
    {
      "type": "Feature",
      "geometry": {
        "type": "Point",
        "coordinates": [
          79.69999999999996,
          6.599999999999994
        ]
      },
      "properties": {
        "fish_zone": 0,
        "fish_probability": 0.02666666666666667,
        "sst": 28.879993250966095,
        "chlorophyll": 0.16921940445899963,
        "current_u": 0.13431529700756073,
        "current_v": -0.19154642522335052,
        "bathymetry": 763.3331298828125
      }
    },
    {
      "type": "Feature",
      "geometry": {
        "type": "Point",
        "coordinates": [
          79.69999999999996,
          6.699999999999994
        ]
      },
      "properties": {
        "fish_zone": 0,
        "fish_probability": 0.016666666666666666,
        "sst": 28.809993252530717,
        "chlorophyll": 0.1595645248889923,
        "current_u": 0.06681293994188309,
        "current_v": -0.1401556432247162,
        "bathymetry": 763.3331298828125
      }
    },
    {
      "type": "Feature",
      "geometry": {
        "type": "Point",
        "coordinates": [
          79.69999999999996,
          6.799999999999994
        ]
      },
      "properties": {
        "fish_zone": 0,
        "fish_probability": 0.01,
        "sst": 28.759993253648304,
        "chlorophyll": 0.17239633202552795,
        "current_u": 0.02731366641819477,
        "current_v": -0.04536990076303482,
        "bathymetry": 55.76428985595703
      }
    },
    {
      "type": "Feature",
      "geometry": {
        "type": "Point",
        "coordinates": [
          79.69999999999996,
          6.899999999999993
        ]
      },
      "properties": {
        "fish_zone": 0,
        "fish_probability": 0.006666666666666667,
        "sst": 28.74999325387182,
        "chlorophyll": 0.18799182772636414,
        "current_u": 0.00257479096762836,
        "current_v": -0.015375843271613121,
        "bathymetry": 40.344051361083984
      }
    },
    {
      "type": "Feature",
      "geometry": {
        "type": "Point",
        "coordinates": [
          79.69999999999996,
          6.999999999999993
        ]
      },
      "properties": {
        "fish_zone": 0,
        "fish_probability": 0.16666666666666666,
        "sst": 28.5899932574481,
        "chlorophyll": 0.20285135507583618,
        "current_u": -0.0024034851230680943,
        "current_v": -0.010892698541283607,
        "bathymetry": 34.43415069580078
      }
    },
    {
      "type": "Feature",
      "geometry": {
        "type": "Point",
        "coordinates": [
          79.69999999999996,
          7.0999999999999925
        ]
      },
      "properties": {
        "fish_zone": 0,
        "fish_probability": 0.12,
        "sst": 28.499993259459757,
        "chlorophyll": 0.2076827585697174,
        "current_u": 0.013577882200479507,
        "current_v": -0.028102153912186623,
        "bathymetry": 40.344051361083984
      }
    },
    {
      "type": "Feature",
      "geometry": {
        "type": "Point",
        "coordinates": [
          79.69999999999996,
          7.199999999999992
        ]
      },
      "properties": {
        "fish_zone": 0,
        "fish_probability": 0.13333333333333333,
        "sst": 28.50999325923624,
        "chlorophyll": 0.2206096053123474,
        "current_u": 0.017578918486833572,
        "current_v": -0.05422992631793022,
        "bathymetry": 40.344051361083984
      }
    },
    {
      "type": "Feature",
      "geometry": {
        "type": "Point",
        "coordinates": [
          79.69999999999996,
          7.299999999999992
        ]
      },
      "properties": {
        "fish_zone": 0,
        "fish_probability": 0.14666666666666667,
        "sst": 28.729993254318856,
        "chlorophyll": 0.28104764223098755,
        "current_u": -0.005328066181391478,
        "current_v": -0.05993378907442093,
        "bathymetry": 29.444730758666992
      }
    },
    {
      "type": "Feature",
      "geometry": {
        "type": "Point",
        "coordinates": [
          79.69999999999996,
          7.3999999999999915
        ]
      },
      "properties": {
        "fish_zone": 0,
        "fish_probability": 0.12,
        "sst": 28.93999324962499,
        "chlorophyll": 0.343196839094162,
        "current_u": -0.005587803199887276,
        "current_v": -0.06503932923078537,
        "bathymetry": 25.211410522460938
      }
    },
    {
      "type": "Feature",
      "geometry": {
        "type": "Point",
        "coordinates": [
          79.69999999999996,
          7.499999999999991
        ]
      },
      "properties": {
        "fish_zone": 0,
        "fish_probability": 0.09,
        "sst": 29.00999324806037,
        "chlorophyll": 0.636955201625824,
        "current_u": 0.0034351269714534283,
        "current_v": -0.06706584990024567,
        "bathymetry": 21.598819732666016
      }
    },
    {
      "type": "Feature",
      "geometry": {
        "type": "Point",
        "coordinates": [
          79.69999999999996,
          7.599999999999991
        ]
      },
      "properties": {
        "fish_zone": 0,
        "fish_probability": 0.056666666666666664,
        "sst": 29.00999324806037,
        "chlorophyll": 1.0063834190368652,
        "current_u": 0.007767108269035816,
        "current_v": -0.06778483092784882,
        "bathymetry": 18.495559692382812
      }
    },
    {
      "type": "Feature",
      "geometry": {
        "type": "Point",
        "coordinates": [
          79.69999999999996,
          7.69999999999999
        ]
      },
      "properties": {
        "fish_zone": 0,
        "fish_probability": 0.056666666666666664,
        "sst": 29.039993247389816,
        "chlorophyll": 0.7542038559913635,
        "current_u": 0.016142351552844048,
        "current_v": -0.0654745101928711,
        "bathymetry": 18.495559692382812
      }
    },
    {
      "type": "Feature",
      "geometry": {
        "type": "Point",
        "coordinates": [
          79.69999999999996,
          7.79999999999999
        ]
      },
      "properties": {
        "fish_zone": 0,
        "fish_probability": 0.04666666666666667,
        "sst": 29.09999324604871,
        "chlorophyll": 1.4857994318008423,
        "current_u": 0.01647772453725338,
        "current_v": -0.061261050403118134,
        "bathymetry": 11.404999732971191
      }
    },
    {
      "type": "Feature",
      "geometry": {
        "type": "Point",
        "coordinates": [
          79.69999999999996,
          7.89999999999999
        ]
      },
      "properties": {
        "fish_zone": 0,
        "fish_probability": 0.043333333333333335,
        "sst": 29.189993244037055,
        "chlorophyll": 1.6103483438491821,
        "current_u": 0.03239678218960762,
        "current_v": -0.0501856654882431,
        "bathymetry": 11.404999732971191
      }
    },
    {
      "type": "Feature",
      "geometry": {
        "type": "Point",
        "coordinates": [
          79.69999999999996,
          7.999999999999989
        ]
      },
      "properties": {
        "fish_zone": 0,
        "fish_probability": 0.04666666666666667,
        "sst": 29.199993243813537,
        "chlorophyll": 1.5948175191879272,
        "current_u": 0.03144094720482826,
        "current_v": -0.04695560783147812,
        "bathymetry": 9.572997093200684
      }
    },
    {
      "type": "Feature",
      "geometry": {
        "type": "Point",
        "coordinates": [
          79.69999999999996,
          8.299999999999988
        ]
      },
      "properties": {
        "fish_zone": 1,
        "fish_probability": 0.9666666666666667,
        "sst": 28.77999325320127,
        "chlorophyll": 0.8162253499031067,
        "current_u": -0.026714779436588287,
        "current_v": -0.1191505715250969,
        "bathymetry": 130.66600036621094
      }
    },
    {
      "type": "Feature",
      "geometry": {
        "type": "Point",
        "coordinates": [
          79.69999999999996,
          8.399999999999988
        ]
      },
      "properties": {
        "fish_zone": 1,
        "fish_probability": 0.5066666666666667,
        "sst": 28.689993255212926,
        "chlorophyll": 0.5272049307823181,
        "current_u": -0.003834926290437579,
        "current_v": -0.09360051155090332,
        "bathymetry": 318.1274108886719
      }
    },
    {
      "type": "Feature",
      "geometry": {
        "type": "Point",
        "coordinates": [
          79.69999999999996,
          8.499999999999988
        ]
      },
      "properties": {
        "fish_zone": 0,
        "fish_probability": 0.11,
        "sst": 28.62999325655403,
        "chlorophyll": 0.6780667304992676,
        "current_u": 0.012488530948758125,
        "current_v": -0.03627574071288109,
        "bathymetry": 266.0403137207031
      }
    },
    {
      "type": "Feature",
      "geometry": {
        "type": "Point",
        "coordinates": [
          79.69999999999996,
          8.599999999999987
        ]
      },
      "properties": {
        "fish_zone": 0,
        "fish_probability": 0.07,
        "sst": 28.639993256330513,
        "chlorophyll": 0.7731875777244568,
        "current_u": 0.01156042143702507,
        "current_v": -0.03800324350595474,
        "bathymetry": 47.37369155883789
      }
    },
    {
      "type": "Feature",
      "geometry": {
        "type": "Point",
        "coordinates": [
          79.69999999999996,
          8.699999999999987
        ]
      },
      "properties": {
        "fish_zone": 0,
        "fish_probability": 0.06333333333333334,
        "sst": 28.5899932574481,
        "chlorophyll": 0.7404218912124634,
        "current_u": 0.012030684389173985,
        "current_v": -0.029160143807530403,
        "bathymetry": 15.810070037841797
      }
    },
    {
      "type": "Feature",
      "geometry": {
        "type": "Point",
        "coordinates": [
          79.69999999999996,
          8.799999999999986
        ]
      },
      "properties": {
        "fish_zone": 0,
        "fish_probability": 0.05333333333333334,
        "sst": 28.489993259683274,
        "chlorophyll": 0.6402231454849243,
        "current_u": 0.003720065113157034,
        "current_v": 0.007445604540407658,
        "bathymetry": 18.495559692382812
      }
    },
    {
      "type": "Feature",
      "geometry": {
        "type": "Point",
        "coordinates": [
          79.69999999999996,
          8.899999999999986
        ]
      },
      "properties": {
        "fish_zone": 0,
        "fish_probability": 0.056666666666666664,
        "sst": 28.559993258118652,
        "chlorophyll": 0.7164931893348694,
        "current_u": -0.004554832354187965,
        "current_v": 0.004719344433397055,
        "bathymetry": 11.404999732971191
      }
    },
    {
      "type": "Feature",
      "geometry": {
        "type": "Point",
        "coordinates": [
          79.69999999999996,
          8.999999999999986
        ]
      },
      "properties": {
        "fish_zone": 0,
        "fish_probability": 0.11666666666666667,
        "sst": 28.70999325476589,
        "chlorophyll": 1.7164709568023682,
        "current_u": -0.014778831973671913,
        "current_v": 0.001952508231624961,
        "bathymetry": 7.92956018447876
      }
    },
    {
      "type": "Feature",
      "geometry": {
        "type": "Point",
        "coordinates": [
          79.69999999999996,
          9.099999999999985
        ]
      },
      "properties": {
        "fish_zone": 0,
        "fish_probability": 0.11333333333333333,
        "sst": 28.74999325387182,
        "chlorophyll": 4.641196250915527,
        "current_u": -0.015633026137948036,
        "current_v": 0.005252004135400057,
        "bathymetry": 7.92956018447876
      }
    },
    {
      "type": "Feature",
      "geometry": {
        "type": "Point",
        "coordinates": [
          79.69999999999996,
          9.299999999999985
        ]
      },
      "properties": {
        "fish_zone": 0,
        "fish_probability": 0.043333333333333335,
        "sst": 28.499993259459757,
        "chlorophyll": 0.8489660620689392,
        "current_u": -0.013101324439048767,
        "current_v": -0.0009220625506713986,
        "bathymetry": 11.404999732971191
      }
    },
    {
      "type": "Feature",
      "geometry": {
        "type": "Point",
        "coordinates": [
          79.69999999999996,
          9.399999999999984
        ]
      },
      "properties": {
        "fish_zone": 0,
        "fish_probability": 0.05,
        "sst": 28.519993259012722,
        "chlorophyll": 0.5103423595428467,
        "current_u": -0.01059719081968069,
        "current_v": -0.004407824017107487,
        "bathymetry": 13.467140197753906
      }
    },
    {
      "type": "Feature",
      "geometry": {
        "type": "Point",
        "coordinates": [
          79.69999999999996,
          9.599999999999984
        ]
      },
      "properties": {
        "fish_zone": 0,
        "fish_probability": 0.07666666666666666,
        "sst": 28.619993256777548,
        "chlorophyll": 1.9268333911895752,
        "current_u": -0.018919050693511963,
        "current_v": 0.0012283155228942633,
        "bathymetry": 9.572997093200684
      }
    },
    {
      "type": "Feature",
      "geometry": {
        "type": "Point",
        "coordinates": [
          79.69999999999996,
          9.699999999999983
        ]
      },
      "properties": {
        "fish_zone": 0,
        "fish_probability": 0.06666666666666667,
        "sst": 28.579993257671617,
        "chlorophyll": 1.0568733215332031,
        "current_u": -0.017998818308115005,
        "current_v": 0.004487691447138786,
        "bathymetry": 11.404999732971191
      }
    },
    {
      "type": "Feature",
      "geometry": {
        "type": "Point",
        "coordinates": [
          79.69999999999996,
          9.799999999999983
        ]
      },
      "properties": {
        "fish_zone": 0,
        "fish_probability": 0.09,
        "sst": 28.519993259012722,
        "chlorophyll": 1.5351812839508057,
        "current_u": -0.011231618002057076,
        "current_v": 0.018084727227687836,
        "bathymetry": 9.572997093200684
      }
    },
    {
      "type": "Feature",
      "geometry": {
        "type": "Point",
        "coordinates": [
          79.69999999999996,
          9.899999999999983
        ]
      },
      "properties": {
        "fish_zone": 0,
        "fish_probability": 0.11333333333333333,
        "sst": 28.519993259012722,
        "chlorophyll": 1.6533637046813965,
        "current_u": 0.0012379678664729,
        "current_v": 0.009495948441326618,
        "bathymetry": 15.810070037841797
      }
    },
    {
      "type": "Feature",
      "geometry": {
        "type": "Point",
        "coordinates": [
          79.79999999999995,
          5.0
        ]
      },
      "properties": {
        "fish_zone": 0,
        "fish_probability": 0.006666666666666667,
        "sst": 29.219993243366503,
        "chlorophyll": 0.07219724357128143,
        "current_u": -0.3634392023086548,
        "current_v": 0.15500947833061218,
        "bathymetry": 4405.22412109375
      }
    },
    {
      "type": "Feature",
      "geometry": {
        "type": "Point",
        "coordinates": [
          79.79999999999995,
          5.1
        ]
      },
      "properties": {
        "fish_zone": 0,
        "fish_probability": 0.006666666666666667,
        "sst": 29.229993243142985,
        "chlorophyll": 0.0717463493347168,
        "current_u": -0.40537840127944946,
        "current_v": 0.14874015748500824,
        "bathymetry": 4405.22412109375
      }
    },
    {
      "type": "Feature",
      "geometry": {
        "type": "Point",
        "coordinates": [
          79.79999999999995,
          5.199999999999999
        ]
      },
      "properties": {
        "fish_zone": 0,
        "fish_probability": 0.006666666666666667,
        "sst": 29.149993244931125,
        "chlorophyll": 0.07908576726913452,
        "current_u": -0.4208337068557739,
        "current_v": 0.122580885887146,
        "bathymetry": 4405.22412109375
      }
    },
    {
      "type": "Feature",
      "geometry": {
        "type": "Point",
        "coordinates": [
          79.79999999999995,
          5.299999999999999
        ]
      },
      "properties": {
        "fish_zone": 0,
        "fish_probability": 0.0033333333333333335,
        "sst": 28.5899932574481,
        "chlorophyll": 0.08652256429195404,
        "current_u": -0.500922679901123,
        "current_v": -0.045132506638765335,
        "bathymetry": 4405.22412109375
      }
    },
    {
      "type": "Feature",
      "geometry": {
        "type": "Point",
        "coordinates": [
          79.79999999999995,
          5.399999999999999
        ]
      },
      "properties": {
        "fish_zone": 0,
        "fish_probability": 0.0,
        "sst": 28.499993259459757,
        "chlorophyll": 0.09022116661071777,
        "current_u": -0.6767351627349854,
        "current_v": -0.2402244508266449,
        "bathymetry": 4405.22412109375
      }
    },
    {
      "type": "Feature",
      "geometry": {
        "type": "Point",
        "coordinates": [
          79.79999999999995,
          5.499999999999998
        ]
      },
      "properties": {
        "fish_zone": 0,
        "fish_probability": 0.0,
        "sst": 28.599993257224583,
        "chlorophyll": 0.09928592294454575,
        "current_u": -0.6509220004081726,
        "current_v": -0.3688529431819916,
        "bathymetry": 4405.22412109375
      }
    },
    {
      "type": "Feature",
      "geometry": {
        "type": "Point",
        "coordinates": [
          79.79999999999995,
          5.599999999999998
        ]
      },
      "properties": {
        "fish_zone": 0,
        "fish_probability": 0.03,
        "sst": 28.70999325476589,
        "chlorophyll": 0.10757256299257278,
        "current_u": -0.4920058846473694,
        "current_v": -0.4548698365688324,
        "bathymetry": 3992.48388671875
      }
    },
    {
      "type": "Feature",
      "geometry": {
        "type": "Point",
        "coordinates": [
          79.79999999999995,
          5.6999999999999975
        ]
      },
      "properties": {
        "fish_zone": 0,
        "fish_probability": 0.04,
        "sst": 28.759993253648304,
        "chlorophyll": 0.11718064546585083,
        "current_u": -0.37945276498794556,
        "current_v": -0.5237833857536316,
        "bathymetry": 3992.48388671875
      }
    },
    {
      "type": "Feature",
      "geometry": {
        "type": "Point",
        "coordinates": [
          79.79999999999995,
          5.799999999999997
        ]
      },
      "properties": {
        "fish_zone": 0,
        "fish_probability": 0.016666666666666666,
        "sst": 28.85999325141313,
        "chlorophyll": 0.1287754774093628,
        "current_u": -0.23928971588611603,
        "current_v": -0.5206627249717712,
        "bathymetry": 2533.3359375
      }
    },
    {
      "type": "Feature",
      "geometry": {
        "type": "Point",
        "coordinates": [
          79.79999999999995,
          5.899999999999997
        ]
      },
      "properties": {
        "fish_zone": 0,
        "fish_probability": 0.03666666666666667,
        "sst": 28.719993254542374,
        "chlorophyll": 0.1334112137556076,
        "current_u": -0.1668422967195511,
        "current_v": -0.5022764205932617,
        "bathymetry": 1941.8929443359375
      }
    },
    {
      "type": "Feature",
      "geometry": {
        "type": "Point",
        "coordinates": [
          79.79999999999995,
          5.9999999999999964
        ]
      },
      "properties": {
        "fish_zone": 0,
        "fish_probability": 0.03,
        "sst": 28.62999325655403,
        "chlorophyll": 0.13103701174259186,
        "current_u": -0.09169189631938934,
        "current_v": -0.48786529898643494,
        "bathymetry": 1684.2840576171875
      }
    },
    {
      "type": "Feature",
      "geometry": {
        "type": "Point",
        "coordinates": [
          79.79999999999995,
          6.099999999999996
        ]
      },
      "properties": {
        "fish_zone": 0,
        "fish_probability": 0.013333333333333334,
        "sst": 28.78999325297775,
        "chlorophyll": 0.13123105466365814,
        "current_u": -0.017884518951177597,
        "current_v": -0.4589989185333252,
        "bathymetry": 1245.291015625
      }
    },
    {
      "type": "Feature",
      "geometry": {
        "type": "Point",
        "coordinates": [
          79.79999999999995,
          6.199999999999996
        ]
      },
      "properties": {
        "fish_zone": 0,
        "fish_probability": 0.02,
        "sst": 28.909993250295543,
        "chlorophyll": 0.13271604478359222,
        "current_u": 0.04191193729639053,
        "current_v": -0.4326886832714081,
        "bathymetry": 763.3331298828125
      }
    },
    {
      "type": "Feature",
      "geometry": {
        "type": "Point",
        "coordinates": [
          79.79999999999995,
          6.299999999999995
        ]
      },
      "properties": {
        "fish_zone": 0,
        "fish_probability": 0.03666666666666667,
        "sst": 29.029993247613334,
        "chlorophyll": 0.13484728336334229,
        "current_u": 0.1152484342455864,
        "current_v": -0.324679434299469,
        "bathymetry": 55.76428985595703
      }
    },
    {
      "type": "Feature",
      "geometry": {
        "type": "Point",
        "coordinates": [
          79.79999999999995,
          6.399999999999995
        ]
      },
      "properties": {
        "fish_zone": 0,
        "fish_probability": 0.03333333333333333,
        "sst": 28.969993248954438,
        "chlorophyll": 0.13771076500415802,
        "current_u": 0.09408959746360779,
        "current_v": -0.24648410081863403,
        "bathymetry": 55.76428985595703
      }
    },
    {
      "type": "Feature",
      "geometry": {
        "type": "Point",
        "coordinates": [
          79.79999999999995,
          6.499999999999995
        ]
      },
      "properties": {
        "fish_zone": 0,
        "fish_probability": 0.03666666666666667,
        "sst": 28.849993251636647,
        "chlorophyll": 0.15261133015155792,
        "current_u": 0.05345195531845093,
        "current_v": -0.16706447303295135,
        "bathymetry": 55.76428985595703
      }
    },
    {
      "type": "Feature",
      "geometry": {
        "type": "Point",
        "coordinates": [
          79.79999999999995,
          6.599999999999994
        ]
      },
      "properties": {
        "fish_zone": 0,
        "fish_probability": 0.02666666666666667,
        "sst": 28.719993254542374,
        "chlorophyll": 0.16450245678424835,
        "current_u": 0.013711638748645782,
        "current_v": -0.09820260852575302,
        "bathymetry": 55.76428985595703
      }
    },
    {
      "type": "Feature",
      "geometry": {
        "type": "Point",
        "coordinates": [
          79.79999999999995,
          6.699999999999994
        ]
      },
      "properties": {
        "fish_zone": 0,
        "fish_probability": 0.16666666666666666,
        "sst": 28.69999325498941,
        "chlorophyll": 0.21688677370548248,
        "current_u": -0.003942613489925861,
        "current_v": -0.08200344443321228,
        "bathymetry": 40.344051361083984
      }
    },
    {
      "type": "Feature",
      "geometry": {
        "type": "Point",
        "coordinates": [
          79.79999999999995,
          6.799999999999994
        ]
      },
      "properties": {
        "fish_zone": 0,
        "fish_probability": 0.02666666666666667,
        "sst": 28.879993250966095,
        "chlorophyll": 0.2791721820831299,
        "current_u": 0.00941624864935875,
        "current_v": -0.05663657933473587,
        "bathymetry": 25.211410522460938
      }
    },
    {
      "type": "Feature",
      "geometry": {
        "type": "Point",
        "coordinates": [
          79.79999999999995,
          6.899999999999993
        ]
      },
      "properties": {
        "fish_zone": 0,
        "fish_probability": 0.016666666666666666,
        "sst": 28.929993249848508,
        "chlorophyll": 0.8026650547981262,
        "current_u": 0.008905509486794472,
        "current_v": -0.0386805459856987,
        "bathymetry": 21.598819732666016
      }
    },
    {
      "type": "Feature",
      "geometry": {
        "type": "Point",
        "coordinates": [
          79.79999999999995,
          6.999999999999993
        ]
      },
      "properties": {
        "fish_zone": 0,
        "fish_probability": 0.02,
        "sst": 28.78999325297775,
        "chlorophyll": 0.9065595865249634,
        "current_u": 0.006967711262404919,
        "current_v": -0.02062566578388214,
        "bathymetry": 15.810070037841797
      }
    },
    {
      "type": "Feature",
      "geometry": {
        "type": "Point",
        "coordinates": [
          79.79999999999995,
          7.0999999999999925
        ]
      },
      "properties": {
        "fish_zone": 0,
        "fish_probability": 0.016666666666666666,
        "sst": 28.829993252083682,
        "chlorophyll": 0.7561984062194824,
        "current_u": 0.01628168113529682,
        "current_v": -0.011443576775491238,
        "bathymetry": 11.404999732971191
      }
    },
    {
      "type": "Feature",
      "geometry": {
        "type": "Point",
        "coordinates": [
          79.79999999999995,
          7.199999999999992
        ]
      },
      "properties": {
        "fish_zone": 0,
        "fish_probability": 0.02,
        "sst": 28.919993250072025,
        "chlorophyll": 2.1541895866394043,
        "current_u": 0.02524547278881073,
        "current_v": -0.00929473526775837,
        "bathymetry": 7.92956018447876
      }
    },
    {
      "type": "Feature",
      "geometry": {
        "type": "Point",
        "coordinates": [
          79.79999999999995,
          7.299999999999992
        ]
      },
      "properties": {
        "fish_zone": 0,
        "fish_probability": 0.016666666666666666,
        "sst": 29.28999324180188,
        "chlorophyll": 1.9922313690185547,
        "current_u": 0.017354348674416542,
        "current_v": -0.01088679488748312,
        "bathymetry": 9.572997093200684
      }
    },
    {
      "type": "Feature",
      "geometry": {
        "type": "Point",
        "coordinates": [
          79.79999999999995,
          7.3999999999999915
        ]
      },
      "properties": {
        "fish_zone": 0,
        "fish_probability": 0.016666666666666666,
        "sst": 29.429993238672637,
        "chlorophyll": 2.1672301292419434,
        "current_u": 0.00960079487413168,
        "current_v": -0.011121600866317749,
        "bathymetry": 7.92956018447876
      }
    },
    {
      "type": "Feature",
      "geometry": {
        "type": "Point",
        "coordinates": [
          79.79999999999995,
          8.299999999999988
        ]
      },
      "properties": {
        "fish_zone": 0,
        "fish_probability": 0.05,
        "sst": 29.43999323844912,
        "chlorophyll": 3.428513288497925,
        "current_u": -0.02810245007276535,
        "current_v": -0.017419492825865746,
        "bathymetry": 15.810070037841797
      }
    },
    {
      "type": "Feature",
      "geometry": {
        "type": "Point",
        "coordinates": [
          79.79999999999995,
          8.399999999999988
        ]
      },
      "properties": {
        "fish_zone": 0,
        "fish_probability": 0.03333333333333333,
        "sst": 29.36999324001374,
        "chlorophyll": 6.557790756225586,
        "current_u": -0.007057037204504013,
        "current_v": -0.0233482513576746,
        "bathymetry": 7.92956018447876
      }
    },
    {
      "type": "Feature",
      "geometry": {
        "type": "Point",
        "coordinates": [
          79.79999999999995,
          8.499999999999988
        ]
      },
      "properties": {
        "fish_zone": 0,
        "fish_probability": 0.01,
        "sst": 29.299993241578363,
        "chlorophyll": 4.193105697631836,
        "current_u": 0.005851545371115208,
        "current_v": -0.018876593559980392,
        "bathymetry": 7.92956018447876
      }
    },
    {
      "type": "Feature",
      "geometry": {
        "type": "Point",
        "coordinates": [
          79.79999999999995,
          8.599999999999987
        ]
      },
      "properties": {
        "fish_zone": 0,
        "fish_probability": 0.016666666666666666,
        "sst": 29.269993242248916,
        "chlorophyll": 2.6351840496063232,
        "current_u": 0.0023042040411382914,
        "current_v": -0.012429489754140377,
        "bathymetry": 9.572997093200684
      }
    },
    {
      "type": "Feature",
      "geometry": {
        "type": "Point",
        "coordinates": [
          79.79999999999995,
          8.699999999999987
        ]
      },
      "properties": {
        "fish_zone": 0,
        "fish_probability": 0.023333333333333334,
        "sst": 29.179993244260572,
        "chlorophyll": 2.329868793487549,
        "current_u": -0.001223820960149169,
        "current_v": -0.012261779047548771,
        "bathymetry": 7.92956018447876
      }
    },
    {
      "type": "Feature",
      "geometry": {
        "type": "Point",
        "coordinates": [
          79.79999999999995,
          8.799999999999986
        ]
      },
      "properties": {
        "fish_zone": 0,
        "fish_probability": 0.02,
        "sst": 29.279993242025398,
        "chlorophyll": 2.1460773944854736,
        "current_u": 0.0061334045603871346,
        "current_v": -0.009266967885196209,
        "bathymetry": 7.92956018447876
      }
    },
    {
      "type": "Feature",
      "geometry": {
        "type": "Point",
        "coordinates": [
          79.79999999999995,
          8.899999999999986
        ]
      },
      "properties": {
        "fish_zone": 0,
        "fish_probability": 0.02,
        "sst": 29.389993239566707,
        "chlorophyll": 3.1729278564453125,
        "current_u": 0.0030532816890627146,
        "current_v": -0.0030183156486600637,
        "bathymetry": 7.92956018447876
      }
    },
    {
      "type": "Feature",
      "geometry": {
        "type": "Point",
        "coordinates": [
          79.79999999999995,
          8.999999999999986
        ]
      },
      "properties": {
        "fish_zone": 0,
        "fish_probability": 0.023333333333333334,
        "sst": 29.309993241354846,
        "chlorophyll": 3.1365559101104736,
        "current_u": -0.009167185984551907,
        "current_v": 0.001352980500087142,
        "bathymetry": 7.92956018447876
      }
    },
    {
      "type": "Feature",
      "geometry": {
        "type": "Point",
        "coordinates": [
          79.79999999999995,
          9.099999999999985
        ]
      },
      "properties": {
        "fish_zone": 0,
        "fish_probability": 0.023333333333333334,
        "sst": 29.239993242919468,
        "chlorophyll": 3.5845630168914795,
        "current_u": -0.016038309782743454,
        "current_v": -0.000556936371140182,
        "bathymetry": 7.92956018447876
      }
    },
    {
      "type": "Feature",
      "geometry": {
        "type": "Point",
        "coordinates": [
          79.79999999999995,
          9.299999999999985
        ]
      },
      "properties": {
        "fish_zone": 0,
        "fish_probability": 0.02,
        "sst": 28.39999326169493,
        "chlorophyll": 0.4709646701812744,
        "current_u": 0.0070353723131120205,
        "current_v": -0.013607471249997616,
        "bathymetry": 11.404999732971191
      }
    },
    {
      "type": "Feature",
      "geometry": {
        "type": "Point",
        "coordinates": [
          79.79999999999995,
          9.399999999999984
        ]
      },
      "properties": {
        "fish_zone": 0,
        "fish_probability": 0.03,
        "sst": 28.349993262812518,
        "chlorophyll": 0.4282678961753845,
        "current_u": 0.0044739930890500546,
        "current_v": 0.003790323156863451,
        "bathymetry": 9.572997093200684
      }
    },
    {
      "type": "Feature",
      "geometry": {
        "type": "Point",
        "coordinates": [
          79.79999999999995,
          9.499999999999984
        ]
      },
      "properties": {
        "fish_zone": 0,
        "fish_probability": 0.03,
        "sst": 28.799993252754234,
        "chlorophyll": 1.0093564987182617,
        "current_u": -0.01412806287407875,
        "current_v": 0.009083612821996212,
        "bathymetry": 7.92956018447876
      }
    },
    {
      "type": "Feature",
      "geometry": {
        "type": "Point",
        "coordinates": [
          79.79999999999995,
          9.699999999999983
        ]
      },
      "properties": {
        "fish_zone": 0,
        "fish_probability": 0.03,
        "sst": 29.299993241578363,
        "chlorophyll": 2.6632559299468994,
        "current_u": -0.01375644002109766,
        "current_v": 0.017060207203030586,
        "bathymetry": 7.92956018447876
      }
    },
    {
      "type": "Feature",
      "geometry": {
        "type": "Point",
        "coordinates": [
          79.79999999999995,
          9.799999999999983
        ]
      },
      "properties": {
        "fish_zone": 0,
        "fish_probability": 0.03666666666666667,
        "sst": 28.85999325141313,
        "chlorophyll": 1.2580031156539917,
        "current_u": -0.0011885054409503937,
        "current_v": -0.006647695787250996,
        "bathymetry": 9.572997093200684
      }
    },
    {
      "type": "Feature",
      "geometry": {
        "type": "Point",
        "coordinates": [
          79.79999999999995,
          9.899999999999983
        ]
      },
      "properties": {
        "fish_zone": 0,
        "fish_probability": 0.07666666666666666,
        "sst": 28.619993256777548,
        "chlorophyll": 1.6056740283966064,
        "current_u": -0.004127027932554483,
        "current_v": -0.009260944090783596,
        "bathymetry": 9.572997093200684
      }
    },
    {
      "type": "Feature",
      "geometry": {
        "type": "Point",
        "coordinates": [
          79.89999999999995,
          5.0
        ]
      },
      "properties": {
        "fish_zone": 0,
        "fish_probability": 0.006666666666666667,
        "sst": 29.139993245154642,
        "chlorophyll": 0.07163897901773453,
        "current_u": -0.34410279989242554,
        "current_v": 0.18417297303676605,
        "bathymetry": 4405.22412109375
      }
    },
    {
      "type": "Feature",
      "geometry": {
        "type": "Point",
        "coordinates": [
          79.89999999999995,
          5.1
        ]
      },
      "properties": {
        "fish_zone": 0,
        "fish_probability": 0.006666666666666667,
        "sst": 29.119993245601677,
        "chlorophyll": 0.07356435060501099,
        "current_u": -0.37702426314353943,
        "current_v": 0.17532800137996674,
        "bathymetry": 4405.22412109375
      }
    },
    {
      "type": "Feature",
      "geometry": {
        "type": "Point",
        "coordinates": [
          79.89999999999995,
          5.199999999999999
        ]
      },
      "properties": {
        "fish_zone": 0,
        "fish_probability": 0.006666666666666667,
        "sst": 29.069993246719264,
        "chlorophyll": 0.0754074677824974,
        "current_u": -0.383766770362854,
        "current_v": 0.14648082852363586,
        "bathymetry": 4405.22412109375
      }
    },
    {
      "type": "Feature",
      "geometry": {
        "type": "Point",
        "coordinates": [
          79.89999999999995,
          5.299999999999999
        ]
      },
      "properties": {
        "fish_zone": 0,
        "fish_probability": 0.0033333333333333335,
        "sst": 28.54999325834217,
        "chlorophyll": 0.08360977470874786,
        "current_u": -0.4208623468875885,
        "current_v": 0.010149317793548107,
        "bathymetry": 4405.22412109375
      }
    },
    {
      "type": "Feature",
      "geometry": {
        "type": "Point",
        "coordinates": [
          79.89999999999995,
          5.399999999999999
        ]
      },
      "properties": {
        "fish_zone": 0,
        "fish_probability": 0.0,
        "sst": 28.379993262141966,
        "chlorophyll": 0.09050509333610535,
        "current_u": -0.597557544708252,
        "current_v": -0.16274411976337433,
        "bathymetry": 4405.22412109375
      }
    },
    {
      "type": "Feature",
      "geometry": {
        "type": "Point",
        "coordinates": [
          79.89999999999995,
          5.499999999999998
        ]
      },
      "properties": {
        "fish_zone": 0,
        "fish_probability": 0.0,
        "sst": 28.529993258789204,
        "chlorophyll": 0.09903287887573242,
        "current_u": -0.6308361887931824,
        "current_v": -0.30273231863975525,
        "bathymetry": 4405.22412109375
      }
    },
    {
      "type": "Feature",
      "geometry": {
        "type": "Point",
        "coordinates": [
          79.89999999999995,
          5.599999999999998
        ]
      },
      "properties": {
        "fish_zone": 0,
        "fish_probability": 0.04,
        "sst": 28.759993253648304,
        "chlorophyll": 0.1062919870018959,
        "current_u": -0.48078954219818115,
        "current_v": -0.38959527015686035,
        "bathymetry": 4405.22412109375
      }
    },
    {
      "type": "Feature",
      "geometry": {
        "type": "Point",
        "coordinates": [
          79.89999999999995,
          5.6999999999999975
        ]
      },
      "properties": {
        "fish_zone": 0,
        "fish_probability": 0.04,
        "sst": 28.8199932523072,
        "chlorophyll": 0.11812439560890198,
        "current_u": -0.33659934997558594,
        "current_v": -0.4591563642024994,
        "bathymetry": 3992.48388671875
      }
    },
    {
      "type": "Feature",
      "geometry": {
        "type": "Point",
        "coordinates": [
          79.89999999999995,
          5.799999999999997
        ]
      },
      "properties": {
        "fish_zone": 0,
        "fish_probability": 0.013333333333333334,
        "sst": 28.809993252530717,
        "chlorophyll": 0.1290351152420044,
        "current_u": -0.16786611080169678,
        "current_v": -0.4638734757900238,
        "bathymetry": 2225.077880859375
      }
    },
    {
      "type": "Feature",
      "geometry": {
        "type": "Point",
        "coordinates": [
          79.89999999999995,
          5.899999999999997
        ]
      },
      "properties": {
        "fish_zone": 0,
        "fish_probability": 0.016666666666666666,
        "sst": 28.729993254318856,
        "chlorophyll": 0.1335664838552475,
        "current_u": -0.08509621024131775,
        "current_v": -0.4426459074020386,
        "bathymetry": 1245.291015625
      }
    },
    {
      "type": "Feature",
      "geometry": {
        "type": "Point",
        "coordinates": [
          79.89999999999995,
          5.9999999999999964
        ]
      },
      "properties": {
        "fish_zone": 0,
        "fish_probability": 0.02666666666666667,
        "sst": 28.679993255436443,
        "chlorophyll": 0.1376609355211258,
        "current_u": -0.017340900376439095,
        "current_v": -0.4252970516681671,
        "bathymetry": 222.47520446777344
      }
    },
    {
      "type": "Feature",
      "geometry": {
        "type": "Point",
        "coordinates": [
          79.89999999999995,
          6.099999999999996
        ]
      },
      "properties": {
        "fish_zone": 0,
        "fish_probability": 0.03333333333333333,
        "sst": 28.759993253648304,
        "chlorophyll": 0.13722500205039978,
        "current_u": 0.027136940509080887,
        "current_v": -0.38911202549934387,
        "bathymetry": 65.80726623535156
      }
    },
    {
      "type": "Feature",
      "geometry": {
        "type": "Point",
        "coordinates": [
          79.89999999999995,
          6.199999999999996
        ]
      },
      "properties": {
        "fish_zone": 0,
        "fish_probability": 0.03333333333333333,
        "sst": 28.78999325297775,
        "chlorophyll": 0.13913001120090485,
        "current_u": 0.04505963623523712,
        "current_v": -0.338144987821579,
        "bathymetry": 65.80726623535156
      }
    },
    {
      "type": "Feature",
      "geometry": {
        "type": "Point",
        "coordinates": [
          79.89999999999995,
          6.299999999999995
        ]
      },
      "properties": {
        "fish_zone": 0,
        "fish_probability": 0.03666666666666667,
        "sst": 28.73999325409534,
        "chlorophyll": 0.14517192542552948,
        "current_u": 0.05876420438289642,
        "current_v": -0.20134064555168152,
        "bathymetry": 55.76428985595703
      }
    },
    {
      "type": "Feature",
      "geometry": {
        "type": "Point",
        "coordinates": [
          79.89999999999995,
          6.399999999999995
        ]
      },
      "properties": {
        "fish_zone": 0,
        "fish_probability": 0.03666666666666667,
        "sst": 28.809993252530717,
        "chlorophyll": 0.1469906121492386,
        "current_u": 0.04649989679455757,
        "current_v": -0.10177537053823471,
        "bathymetry": 47.37369155883789
      }
    },
    {
      "type": "Feature",
      "geometry": {
        "type": "Point",
        "coordinates": [
          79.89999999999995,
          6.499999999999995
        ]
      },
      "properties": {
        "fish_zone": 0,
        "fish_probability": 0.006666666666666667,
        "sst": 28.889993250742577,
        "chlorophyll": 0.3857450485229492,
        "current_u": 0.043087560683488846,
        "current_v": -0.04642782732844353,
        "bathymetry": 25.211410522460938
      }
    },
    {
      "type": "Feature",
      "geometry": {
        "type": "Point",
        "coordinates": [
          79.89999999999995,
          6.599999999999994
        ]
      },
      "properties": {
        "fish_zone": 0,
        "fish_probability": 0.0,
        "sst": 28.849993251636647,
        "chlorophyll": 0.5836469531059265,
        "current_u": 0.03311760351061821,
        "current_v": -0.017415562644600868,
        "bathymetry": 15.810070037841797
      }
    },
    {
      "type": "Feature",
      "geometry": {
        "type": "Point",
        "coordinates": [
          79.89999999999995,
          6.699999999999994
        ]
      },
      "properties": {
        "fish_zone": 0,
        "fish_probability": 0.0033333333333333335,
        "sst": 28.849993251636647,
        "chlorophyll": 0.9285674095153809,
        "current_u": 0.006428390741348267,
        "current_v": -0.046338941901922226,
        "bathymetry": 11.404999732971191
      }
    },
    {
      "type": "Feature",
      "geometry": {
        "type": "Point",
        "coordinates": [
          79.89999999999995,
          8.599999999999987
        ]
      },
      "properties": {
        "fish_zone": 0,
        "fish_probability": 0.03333333333333333,
        "sst": 29.40999323911967,
        "chlorophyll": 3.9630467891693115,
        "current_u": 0.0018775800708681345,
        "current_v": -0.00023469307052437216,
        "bathymetry": 13.467140197753906
      }
    },
    {
      "type": "Feature",
      "geometry": {
        "type": "Point",
        "coordinates": [
          79.89999999999995,
          8.699999999999987
        ]
      },
      "properties": {
        "fish_zone": 0,
        "fish_probability": 0.016666666666666666,
        "sst": 29.39999323934319,
        "chlorophyll": 3.439560651779175,
        "current_u": 0.0007110925507731736,
        "current_v": -0.0007047280669212341,
        "bathymetry": 7.92956018447876
      }
    },
    {
      "type": "Feature",
      "geometry": {
        "type": "Point",
        "coordinates": [
          79.89999999999995,
          8.799999999999986
        ]
      },
      "properties": {
        "fish_zone": 0,
        "fish_probability": 0.023333333333333334,
        "sst": 29.55999323576691,
        "chlorophyll": 2.918168306350708,
        "current_u": 0.004115121439099312,
        "current_v": 0.007837709970772266,
        "bathymetry": 7.92956018447876
      }
    },
    {
      "type": "Feature",
      "geometry": {
        "type": "Point",
        "coordinates": [
          79.89999999999995,
          8.899999999999986
        ]
      },
      "properties": {
        "fish_zone": 0,
        "fish_probability": 0.023333333333333334,
        "sst": 29.529993236437463,
        "chlorophyll": 3.249786138534546,
        "current_u": 0.0004630810290109366,
        "current_v": 0.012630589306354523,
        "bathymetry": 7.92956018447876
      }
    },
    {
      "type": "Feature",
      "geometry": {
        "type": "Point",
        "coordinates": [
          79.89999999999995,
          8.999999999999986
        ]
      },
      "properties": {
        "fish_zone": 0,
        "fish_probability": 0.05333333333333334,
        "sst": 29.35999324023726,
        "chlorophyll": 2.6983606815338135,
        "current_u": -0.007050268817692995,
        "current_v": 0.006267278455197811,
        "bathymetry": 7.92956018447876
      }
    },
    {
      "type": "Feature",
      "geometry": {
        "type": "Point",
        "coordinates": [
          79.89999999999995,
          9.099999999999985
        ]
      },
      "properties": {
        "fish_zone": 0,
        "fish_probability": 0.02666666666666667,
        "sst": 29.40999323911967,
        "chlorophyll": 3.830994129180908,
        "current_u": -0.010016596876084805,
        "current_v": 0.0004247100732754916,
        "bathymetry": 7.92956018447876
      }
    },
    {
      "type": "Feature",
      "geometry": {
        "type": "Point",
        "coordinates": [
          79.89999999999995,
          9.299999999999985
        ]
      },
      "properties": {
        "fish_zone": 0,
        "fish_probability": 0.03333333333333333,
        "sst": 28.689993255212926,
        "chlorophyll": 0.7123638987541199,
        "current_u": 0.007916068658232689,
        "current_v": -0.016240758821368217,
        "bathymetry": 7.92956018447876
      }
    },
    {
      "type": "Feature",
      "geometry": {
        "type": "Point",
        "coordinates": [
          79.89999999999995,
          9.399999999999984
        ]
      },
      "properties": {
        "fish_zone": 0,
        "fish_probability": 0.04,
        "sst": 28.599993257224583,
        "chlorophyll": 0.6878053545951843,
        "current_u": 0.0036804594565182924,
        "current_v": -0.004822161979973316,
        "bathymetry": 7.92956018447876
      }
    },
    {
      "type": "Feature",
      "geometry": {
        "type": "Point",
        "coordinates": [
          79.89999999999995,
          9.499999999999984
        ]
      },
      "properties": {
        "fish_zone": 0,
        "fish_probability": 0.03,
        "sst": 28.8199932523072,
        "chlorophyll": 1.273655652999878,
        "current_u": -0.020291833207011223,
        "current_v": 0.0006043153116479516,
        "bathymetry": 7.92956018447876
      }
    },
    {
      "type": "Feature",
      "geometry": {
        "type": "Point",
        "coordinates": [
          79.89999999999995,
          9.599999999999984
        ]
      },
      "properties": {
        "fish_zone": 0,
        "fish_probability": 0.023333333333333334,
        "sst": 29.229993243142985,
        "chlorophyll": 4.0876054763793945,
        "current_u": -0.019841501489281654,
        "current_v": 0.017022425308823586,
        "bathymetry": 7.92956018447876
      }
    },
    {
      "type": "Feature",
      "geometry": {
        "type": "Point",
        "coordinates": [
          79.89999999999995,
          9.699999999999983
        ]
      },
      "properties": {
        "fish_zone": 0,
        "fish_probability": 0.03,
        "sst": 29.339993240684294,
        "chlorophyll": 2.6515443325042725,
        "current_u": -0.012127703987061977,
        "current_v": 0.004244795069098473,
        "bathymetry": 7.92956018447876
      }
    },
    {
      "type": "Feature",
      "geometry": {
        "type": "Point",
        "coordinates": [
          79.89999999999995,
          9.799999999999983
        ]
      },
      "properties": {
        "fish_zone": 0,
        "fish_probability": 0.043333333333333335,
        "sst": 28.969993248954438,
        "chlorophyll": 1.277382731437683,
        "current_u": 0.006372983101755381,
        "current_v": 0.01176415290683508,
        "bathymetry": 11.404999732971191
      }
    },
    {
      "type": "Feature",
      "geometry": {
        "type": "Point",
        "coordinates": [
          79.89999999999995,
          9.899999999999983
        ]
      },
      "properties": {
        "fish_zone": 0,
        "fish_probability": 0.06333333333333334,
        "sst": 28.66999325565996,
        "chlorophyll": 1.5050238370895386,
        "current_u": -0.016242997720837593,
        "current_v": -0.0035875786561518908,
        "bathymetry": 7.92956018447876
      }
    },
    {
      "type": "Feature",
      "geometry": {
        "type": "Point",
        "coordinates": [
          79.99999999999994,
          5.0
        ]
      },
      "properties": {
        "fish_zone": 0,
        "fish_probability": 0.006666666666666667,
        "sst": 29.279993242025398,
        "chlorophyll": 0.06756706535816193,
        "current_u": -0.3346805274486542,
        "current_v": 0.20209233462810516,
        "bathymetry": 4405.22412109375
      }
    },
    {
      "type": "Feature",
      "geometry": {
        "type": "Point",
        "coordinates": [
          79.99999999999994,
          5.1
        ]
      },
      "properties": {
        "fish_zone": 0,
        "fish_probability": 0.006666666666666667,
        "sst": 29.199993243813537,
        "chlorophyll": 0.07336100935935974,
        "current_u": -0.352389931678772,
        "current_v": 0.1919955164194107,
        "bathymetry": 4405.22412109375
      }
    },
    {
      "type": "Feature",
      "geometry": {
        "type": "Point",
        "coordinates": [
          79.99999999999994,
          5.199999999999999
        ]
      },
      "properties": {
        "fish_zone": 0,
        "fish_probability": 0.006666666666666667,
        "sst": 29.119993245601677,
        "chlorophyll": 0.07654794305562973,
        "current_u": -0.34429335594177246,
        "current_v": 0.16275015473365784,
        "bathymetry": 4405.22412109375
      }
    },
    {
      "type": "Feature",
      "geometry": {
        "type": "Point",
        "coordinates": [
          79.99999999999994,
          5.299999999999999
        ]
      },
      "properties": {
        "fish_zone": 0,
        "fish_probability": 0.006666666666666667,
        "sst": 28.679993255436443,
        "chlorophyll": 0.08155554533004761,
        "current_u": -0.3527337908744812,
        "current_v": 0.04600697383284569,
        "bathymetry": 4405.22412109375
      }
    },
    {
      "type": "Feature",
      "geometry": {
        "type": "Point",
        "coordinates": [
          79.99999999999994,
          5.399999999999999
        ]
      },
      "properties": {
        "fish_zone": 0,
        "fish_probability": 0.0,
        "sst": 28.459993260353826,
        "chlorophyll": 0.08958950638771057,
        "current_u": -0.5121668577194214,
        "current_v": -0.08992525190114975,
        "bathymetry": 4405.22412109375
      }
    },
    {
      "type": "Feature",
      "geometry": {
        "type": "Point",
        "coordinates": [
          79.99999999999994,
          5.499999999999998
        ]
      },
      "properties": {
        "fish_zone": 0,
        "fish_probability": 0.0,
        "sst": 28.559993258118652,
        "chlorophyll": 0.09745167940855026,
        "current_u": -0.5959770679473877,
        "current_v": -0.23289456963539124,
        "bathymetry": 4405.22412109375
      }
    },
    {
      "type": "Feature",
      "geometry": {
        "type": "Point",
        "coordinates": [
          79.99999999999994,
          5.599999999999998
        ]
      },
      "properties": {
        "fish_zone": 0,
        "fish_probability": 0.04,
        "sst": 28.85999325141313,
        "chlorophyll": 0.1050252765417099,
        "current_u": -0.48034361004829407,
        "current_v": -0.31420987844467163,
        "bathymetry": 4405.22412109375
      }
    },
    {
      "type": "Feature",
      "geometry": {
        "type": "Point",
        "coordinates": [
          79.99999999999994,
          5.6999999999999975
        ]
      },
      "properties": {
        "fish_zone": 0,
        "fish_probability": 0.03,
        "sst": 28.93999324962499,
        "chlorophyll": 0.11985404044389725,
        "current_u": -0.3179602026939392,
        "current_v": -0.3785640597343445,
        "bathymetry": 3992.48388671875
      }
    },
    {
      "type": "Feature",
      "geometry": {
        "type": "Point",
        "coordinates": [
          79.99999999999994,
          5.799999999999997
        ]
      },
      "properties": {
        "fish_zone": 0,
        "fish_probability": 0.043333333333333335,
        "sst": 28.78999325297775,
        "chlorophyll": 0.13177362084388733,
        "current_u": -0.13517214357852936,
        "current_v": -0.3699876070022583,
        "bathymetry": 1684.2840576171875
      }
    },
    {
      "type": "Feature",
      "geometry": {
        "type": "Point",
        "coordinates": [
          79.99999999999994,
          5.899999999999997
        ]
      },
      "properties": {
        "fish_zone": 0,
        "fish_probability": 0.03666666666666667,
        "sst": 28.74999325387182,
        "chlorophyll": 0.1389855146408081,
        "current_u": -0.04859240725636482,
        "current_v": -0.3413674533367157,
        "bathymetry": 318.1274108886719
      }
    },
    {
      "type": "Feature",
      "geometry": {
        "type": "Point",
        "coordinates": [
          79.99999999999994,
          5.9999999999999964
        ]
      },
      "properties": {
        "fish_zone": 0,
        "fish_probability": 0.04,
        "sst": 28.729993254318856,
        "chlorophyll": 0.14805394411087036,
        "current_u": 0.017526548355817795,
        "current_v": -0.3309818208217621,
        "bathymetry": 77.85385131835938
      }
    },
    {
      "type": "Feature",
      "geometry": {
        "type": "Point",
        "coordinates": [
          79.99999999999994,
          6.099999999999996
        ]
      },
      "properties": {
        "fish_zone": 0,
        "fish_probability": 0.03333333333333333,
        "sst": 28.719993254542374,
        "chlorophyll": 0.14914269745349884,
        "current_u": 0.06403015553951263,
        "current_v": -0.3088673949241638,
        "bathymetry": 77.85385131835938
      }
    },
    {
      "type": "Feature",
      "geometry": {
        "type": "Point",
        "coordinates": [
          79.99999999999994,
          6.199999999999996
        ]
      },
      "properties": {
        "fish_zone": 0,
        "fish_probability": 0.03333333333333333,
        "sst": 28.689993255212926,
        "chlorophyll": 0.14874087274074554,
        "current_u": 0.0679355040192604,
        "current_v": -0.2508494257926941,
        "bathymetry": 65.80726623535156
      }
    },
    {
      "type": "Feature",
      "geometry": {
        "type": "Point",
        "coordinates": [
          79.99999999999994,
          6.299999999999995
        ]
      },
      "properties": {
        "fish_zone": 0,
        "fish_probability": 0.03666666666666667,
        "sst": 28.419993261247896,
        "chlorophyll": 0.26605337858200073,
        "current_u": 0.055213700979948044,
        "current_v": -0.059962738305330276,
        "bathymetry": 15.810070037841797
      }
    },
    {
      "type": "Feature",
      "geometry": {
        "type": "Point",
        "coordinates": [
          79.99999999999994,
          9.299999999999985
        ]
      },
      "properties": {
        "fish_zone": 0,
        "fish_probability": 0.02666666666666667,
        "sst": 29.12999324537816,
        "chlorophyll": 2.0677926540374756,
        "current_u": 0.004780870396643877,
        "current_v": -0.008415545336902142,
        "bathymetry": 7.92956018447876
      }
    },
    {
      "type": "Feature",
      "geometry": {
        "type": "Point",
        "coordinates": [
          79.99999999999994,
          9.399999999999984
        ]
      },
      "properties": {
        "fish_zone": 0,
        "fish_probability": 0.03,
        "sst": 29.01999324783685,
        "chlorophyll": 1.2588002681732178,
        "current_u": -0.0023668878711760044,
        "current_v": -0.005336130037903786,
        "bathymetry": 7.92956018447876
      }
    },
    {
      "type": "Feature",
      "geometry": {
        "type": "Point",
        "coordinates": [
          79.99999999999994,
          9.499999999999984
        ]
      },
      "properties": {
        "fish_zone": 0,
        "fish_probability": 0.02666666666666667,
        "sst": 28.93999324962499,
        "chlorophyll": 1.4019100666046143,
        "current_u": -0.020386045798659325,
        "current_v": -0.003150349948555231,
        "bathymetry": 7.92956018447876
      }
    },
    {
      "type": "Feature",
      "geometry": {
        "type": "Point",
        "coordinates": [
          79.99999999999994,
          9.599999999999984
        ]
      },
      "properties": {
        "fish_zone": 0,
        "fish_probability": 0.02666666666666667,
        "sst": 28.919993250072025,
        "chlorophyll": 3.0001440048217773,
        "current_u": -0.020818859338760376,
        "current_v": 0.007047002669423819,
        "bathymetry": 7.92956018447876
      }
    },
    {
      "type": "Feature",
      "geometry": {
        "type": "Point",
        "coordinates": [
          79.99999999999994,
          9.899999999999983
        ]
      },
      "properties": {
        "fish_zone": 0,
        "fish_probability": 0.07333333333333333,
        "sst": 28.519993259012722,
        "chlorophyll": 1.3929988145828247,
        "current_u": -0.02952851727604866,
        "current_v": 0.01132761687040329,
        "bathymetry": 9.572997093200684
      }
    },
    {
      "type": "Feature",
      "geometry": {
        "type": "Point",
        "coordinates": [
          80.09999999999994,
          5.0
        ]
      },
      "properties": {
        "fish_zone": 0,
        "fish_probability": 0.016666666666666666,
        "sst": 29.429993238672637,
        "chlorophyll": 0.06912589073181152,
        "current_u": -0.3282332122325897,
        "current_v": 0.20162133872509003,
        "bathymetry": 4405.22412109375
      }
    },
    {
      "type": "Feature",
      "geometry": {
        "type": "Point",
        "coordinates": [
          80.09999999999994,
          5.1
        ]
      },
      "properties": {
        "fish_zone": 0,
        "fish_probability": 0.016666666666666666,
        "sst": 29.31999324113133,
        "chlorophyll": 0.07137167453765869,
        "current_u": -0.32988908886909485,
        "current_v": 0.19594363868236542,
        "bathymetry": 4405.22412109375
      }
    },
    {
      "type": "Feature",
      "geometry": {
        "type": "Point",
        "coordinates": [
          80.09999999999994,
          5.199999999999999
        ]
      },
      "properties": {
        "fish_zone": 0,
        "fish_probability": 0.01,
        "sst": 29.189993244037055,
        "chlorophyll": 0.07010052353143692,
        "current_u": -0.3064519762992859,
        "current_v": 0.17016415297985077,
        "bathymetry": 4405.22412109375
      }
    },
    {
      "type": "Feature",
      "geometry": {
        "type": "Point",
        "coordinates": [
          80.09999999999994,
          5.299999999999999
        ]
      },
      "properties": {
        "fish_zone": 0,
        "fish_probability": 0.013333333333333334,
        "sst": 28.78999325297775,
        "chlorophyll": 0.07779738306999207,
        "current_u": -0.30069640278816223,
        "current_v": 0.06564177572727203,
        "bathymetry": 4405.22412109375
      }
    },
    {
      "type": "Feature",
      "geometry": {
        "type": "Point",
        "coordinates": [
          80.09999999999994,
          5.399999999999999
        ]
      },
      "properties": {
        "fish_zone": 0,
        "fish_probability": 0.0033333333333333335,
        "sst": 28.639993256330513,
        "chlorophyll": 0.08381662517786026,
        "current_u": -0.4366242289543152,
        "current_v": -0.029023202136158943,
        "bathymetry": 4405.22412109375
      }
    },
    {
      "type": "Feature",
      "geometry": {
        "type": "Point",
        "coordinates": [
          80.09999999999994,
          5.499999999999998
        ]
      },
      "properties": {
        "fish_zone": 0,
        "fish_probability": 0.0,
        "sst": 28.649993256106995,
        "chlorophyll": 0.09320181608200073,
        "current_u": -0.552880585193634,
        "current_v": -0.16617870330810547,
        "bathymetry": 4405.22412109375
      }
    },
    {
      "type": "Feature",
      "geometry": {
        "type": "Point",
        "coordinates": [
          80.09999999999994,
          5.599999999999998
        ]
      },
      "properties": {
        "fish_zone": 0,
        "fish_probability": 0.04666666666666667,
        "sst": 28.909993250295543,
        "chlorophyll": 0.10328545421361923,
        "current_u": -0.4815636873245239,
        "current_v": -0.24300701916217804,
        "bathymetry": 4405.22412109375
      }
    },
    {
      "type": "Feature",
      "geometry": {
        "type": "Point",
        "coordinates": [
          80.09999999999994,
          5.6999999999999975
        ]
      },
      "properties": {
        "fish_zone": 0,
        "fish_probability": 0.03666666666666667,
        "sst": 28.989993248507403,
        "chlorophyll": 0.1186867281794548,
        "current_u": -0.32072484493255615,
        "current_v": -0.2879895269870758,
        "bathymetry": 3597.031982421875
      }
    },
    {
      "type": "Feature",
      "geometry": {
        "type": "Point",
        "coordinates": [
          80.09999999999994,
          5.799999999999997
        ]
      },
      "properties": {
        "fish_zone": 0,
        "fish_probability": 0.043333333333333335,
        "sst": 28.78999325297775,
        "chlorophyll": 0.1413121521472931,
        "current_u": -0.12260371446609497,
        "current_v": -0.2693610191345215,
        "bathymetry": 1684.2840576171875
      }
    },
    {
      "type": "Feature",
      "geometry": {
        "type": "Point",
        "coordinates": [
          80.09999999999994,
          5.899999999999997
        ]
      },
      "properties": {
        "fish_zone": 0,
        "fish_probability": 0.04666666666666667,
        "sst": 28.729993254318856,
        "chlorophyll": 0.1434696465730667,
        "current_u": -0.040401674807071686,
        "current_v": -0.22011016309261322,
        "bathymetry": 77.85385131835938
      }
    },
    {
      "type": "Feature",
      "geometry": {
        "type": "Point",
        "coordinates": [
          80.09999999999994,
          5.9999999999999964
        ]
      },
      "properties": {
        "fish_zone": 0,
        "fish_probability": 0.05,
        "sst": 28.70999325476589,
        "chlorophyll": 0.18086707592010498,
        "current_u": 0.004847605712711811,
        "current_v": -0.18497921526432037,
        "bathymetry": 77.85385131835938
      }
    },
    {
      "type": "Feature",
      "geometry": {
        "type": "Point",
        "coordinates": [
          80.09999999999994,
          9.499999999999984
        ]
      },
      "properties": {
        "fish_zone": 0,
        "fish_probability": 0.06333333333333334,
        "sst": 28.909993250295543,
        "chlorophyll": 3.8398802280426025,
        "current_u": -0.015428182668983936,
        "current_v": 0.01654115505516529,
        "bathymetry": 7.92956018447876
      }
    },
    {
      "type": "Feature",
      "geometry": {
        "type": "Point",
        "coordinates": [
          80.09999999999994,
          9.899999999999983
        ]
      },
      "properties": {
        "fish_zone": 0,
        "fish_probability": 0.09333333333333334,
        "sst": 28.419993261247896,
        "chlorophyll": 1.1435816287994385,
        "current_u": -0.04279125854372978,
        "current_v": 0.031760942190885544,
        "bathymetry": 9.572997093200684
      }
    },
    {
      "type": "Feature",
      "geometry": {
        "type": "Point",
        "coordinates": [
          80.19999999999993,
          5.0
        ]
      },
      "properties": {
        "fish_zone": 0,
        "fish_probability": 0.01,
        "sst": 29.43999323844912,
        "chlorophyll": 0.06895250827074051,
        "current_u": -0.3099654018878937,
        "current_v": 0.19021549820899963,
        "bathymetry": 4405.22412109375
      }
    },
    {
      "type": "Feature",
      "geometry": {
        "type": "Point",
        "coordinates": [
          80.19999999999993,
          5.1
        ]
      },
      "properties": {
        "fish_zone": 0,
        "fish_probability": 0.01,
        "sst": 29.309993241354846,
        "chlorophyll": 0.06884259730577469,
        "current_u": -0.30119699239730835,
        "current_v": 0.19175134599208832,
        "bathymetry": 4405.22412109375
      }
    },
    {
      "type": "Feature",
      "geometry": {
        "type": "Point",
        "coordinates": [
          80.19999999999993,
          5.199999999999999
        ]
      },
      "properties": {
        "fish_zone": 0,
        "fish_probability": 0.006666666666666667,
        "sst": 29.159993244707607,
        "chlorophyll": 0.06719794124364853,
        "current_u": -0.2708185315132141,
        "current_v": 0.1714240163564682,
        "bathymetry": 4405.22412109375
      }
    },
    {
      "type": "Feature",
      "geometry": {
        "type": "Point",
        "coordinates": [
          80.19999999999993,
          5.299999999999999
        ]
      },
      "properties": {
        "fish_zone": 0,
        "fish_probability": 0.01,
        "sst": 28.77999325320127,
        "chlorophyll": 0.07787955552339554,
        "current_u": -0.26258477568626404,
        "current_v": 0.0740160346031189,
        "bathymetry": 4405.22412109375
      }
    },
    {
      "type": "Feature",
      "geometry": {
        "type": "Point",
        "coordinates": [
          80.19999999999993,
          5.399999999999999
        ]
      },
      "properties": {
        "fish_zone": 0,
        "fish_probability": 0.013333333333333334,
        "sst": 28.689993255212926,
        "chlorophyll": 0.08102239668369293,
        "current_u": -0.37902092933654785,
        "current_v": 0.010627028532326221,
        "bathymetry": 4405.22412109375
      }
    },
    {
      "type": "Feature",
      "geometry": {
        "type": "Point",
        "coordinates": [
          80.19999999999993,
          5.499999999999998
        ]
      },
      "properties": {
        "fish_zone": 0,
        "fish_probability": 0.0,
        "sst": 28.689993255212926,
        "chlorophyll": 0.09403775632381439,
        "current_u": -0.5102095603942871,
        "current_v": -0.09751681238412857,
        "bathymetry": 4405.22412109375
      }
    },
    {
      "type": "Feature",
      "geometry": {
        "type": "Point",
        "coordinates": [
          80.19999999999993,
          5.599999999999998
        ]
      },
      "properties": {
        "fish_zone": 0,
        "fish_probability": 0.03666666666666667,
        "sst": 28.93999324962499,
        "chlorophyll": 0.10773549973964691,
        "current_u": -0.4854903221130371,
        "current_v": -0.18929423391819,
        "bathymetry": 3992.48388671875
      }
    },
    {
      "type": "Feature",
      "geometry": {
        "type": "Point",
        "coordinates": [
          80.19999999999993,
          5.6999999999999975
        ]
      },
      "properties": {
        "fish_zone": 0,
        "fish_probability": 0.04666666666666667,
        "sst": 29.029993247613334,
        "chlorophyll": 0.12265310436487198,
        "current_u": -0.33971619606018066,
        "current_v": -0.21616651117801666,
        "bathymetry": 3597.031982421875
      }
    },
    {
      "type": "Feature",
      "geometry": {
        "type": "Point",
        "coordinates": [
          80.19999999999993,
          5.799999999999997
        ]
      },
      "properties": {
        "fish_zone": 0,
        "fish_probability": 0.05,
        "sst": 28.799993252754234,
        "chlorophyll": 0.1502467691898346,
        "current_u": -0.11408846825361252,
        "current_v": -0.16926170885562897,
        "bathymetry": 222.47520446777344
      }
    },
    {
      "type": "Feature",
      "geometry": {
        "type": "Point",
        "coordinates": [
          80.19999999999993,
          5.899999999999997
        ]
      },
      "properties": {
        "fish_zone": 0,
        "fish_probability": 0.056666666666666664,
        "sst": 28.69999325498941,
        "chlorophyll": 0.1609773486852646,
        "current_u": -0.04023556411266327,
        "current_v": -0.10625860840082169,
        "bathymetry": 65.80726623535156
      }
    },
    {
      "type": "Feature",
      "geometry": {
        "type": "Point",
        "coordinates": [
          80.19999999999993,
          5.9999999999999964
        ]
      },
      "properties": {
        "fish_zone": 1,
        "fish_probability": 0.9033333333333333,
        "sst": 28.66999325565996,
        "chlorophyll": 0.22856080532073975,
        "current_u": -0.01421444583684206,
        "current_v": -0.13112357258796692,
        "bathymetry": 65.80726623535156
      }
    },
    {
      "type": "Feature",
      "geometry": {
        "type": "Point",
        "coordinates": [
          80.19999999999993,
          9.899999999999983
        ]
      },
      "properties": {
        "fish_zone": 0,
        "fish_probability": 0.12666666666666668,
        "sst": 28.43999326080086,
        "chlorophyll": 0.88499915599823,
        "current_u": -0.06262737512588501,
        "current_v": 0.05694921687245369,
        "bathymetry": 9.572997093200684
      }
    },
    {
      "type": "Feature",
      "geometry": {
        "type": "Point",
        "coordinates": [
          80.29999999999993,
          5.0
        ]
      },
      "properties": {
        "fish_zone": 0,
        "fish_probability": 0.0,
        "sst": 29.239993242919468,
        "chlorophyll": 0.06928928196430206,
        "current_u": -0.23644240200519562,
        "current_v": 0.1679091602563858,
        "bathymetry": 4405.22412109375
      }
    },
    {
      "type": "Feature",
      "geometry": {
        "type": "Point",
        "coordinates": [
          80.29999999999993,
          5.1
        ]
      },
      "properties": {
        "fish_zone": 0,
        "fish_probability": 0.0,
        "sst": 29.139993245154642,
        "chlorophyll": 0.06994959712028503,
        "current_u": -0.22516879439353943,
        "current_v": 0.16946791112422943,
        "bathymetry": 4405.22412109375
      }
    },
    {
      "type": "Feature",
      "geometry": {
        "type": "Point",
        "coordinates": [
          80.29999999999993,
          5.199999999999999
        ]
      },
      "properties": {
        "fish_zone": 0,
        "fish_probability": 0.0,
        "sst": 28.999993248283886,
        "chlorophyll": 0.07257954031229019,
        "current_u": -0.2064429074525833,
        "current_v": 0.1556028425693512,
        "bathymetry": 4405.22412109375
      }
    },
    {
      "type": "Feature",
      "geometry": {
        "type": "Point",
        "coordinates": [
          80.29999999999993,
          5.299999999999999
        ]
      },
      "properties": {
        "fish_zone": 0,
        "fish_probability": 0.0033333333333333335,
        "sst": 28.809993252530717,
        "chlorophyll": 0.07812361419200897,
        "current_u": -0.21344619989395142,
        "current_v": 0.07110336422920227,
        "bathymetry": 4405.22412109375
      }
    },
    {
      "type": "Feature",
      "geometry": {
        "type": "Point",
        "coordinates": [
          80.29999999999993,
          5.399999999999999
        ]
      },
      "properties": {
        "fish_zone": 0,
        "fish_probability": 0.006666666666666667,
        "sst": 28.769993253424786,
        "chlorophyll": 0.08177993446588516,
        "current_u": -0.3115842938423157,
        "current_v": 0.02257278375327587,
        "bathymetry": 4405.22412109375
      }
    },
    {
      "type": "Feature",
      "geometry": {
        "type": "Point",
        "coordinates": [
          80.29999999999993,
          5.499999999999998
        ]
      },
      "properties": {
        "fish_zone": 0,
        "fish_probability": 0.0,
        "sst": 28.689993255212926,
        "chlorophyll": 0.0929102897644043,
        "current_u": -0.454296737909317,
        "current_v": -0.016284912824630737,
        "bathymetry": 4405.22412109375
      }
    },
    {
      "type": "Feature",
      "geometry": {
        "type": "Point",
        "coordinates": [
          80.29999999999993,
          5.599999999999998
        ]
      },
      "properties": {
        "fish_zone": 0,
        "fish_probability": 0.0033333333333333335,
        "sst": 28.909993250295543,
        "chlorophyll": 0.11689986288547516,
        "current_u": -0.5023190379142761,
        "current_v": -0.08459049463272095,
        "bathymetry": 3992.48388671875
      }
    },
    {
      "type": "Feature",
      "geometry": {
        "type": "Point",
        "coordinates": [
          80.29999999999993,
          5.6999999999999975
        ]
      },
      "properties": {
        "fish_zone": 0,
        "fish_probability": 0.0033333333333333335,
        "sst": 28.97999324873092,
        "chlorophyll": 0.1300426572561264,
        "current_u": -0.3926617503166199,
        "current_v": -0.1278918832540512,
        "bathymetry": 3597.031982421875
      }
    },
    {
      "type": "Feature",
      "geometry": {
        "type": "Point",
        "coordinates": [
          80.29999999999993,
          5.799999999999997
        ]
      },
      "properties": {
        "fish_zone": 0,
        "fish_probability": 0.08,
        "sst": 28.689993255212926,
        "chlorophyll": 0.15729691088199615,
        "current_u": -0.09173551946878433,
        "current_v": -0.06508892774581909,
        "bathymetry": 1452.2509765625
      }
    },
    {
      "type": "Feature",
      "geometry": {
        "type": "Point",
        "coordinates": [
          80.29999999999993,
          5.899999999999997
        ]
      },
      "properties": {
        "fish_zone": 0,
        "fish_probability": 0.056666666666666664,
        "sst": 28.50999325923624,
        "chlorophyll": 0.19904519617557526,
        "current_u": -0.04740270972251892,
        "current_v": -0.03962280601263046,
        "bathymetry": 65.80726623535156
      }
    },
    {
      "type": "Feature",
      "geometry": {
        "type": "Point",
        "coordinates": [
          80.29999999999993,
          9.799999999999983
        ]
      },
      "properties": {
        "fish_zone": 0,
        "fish_probability": 0.24333333333333335,
        "sst": 28.419993261247896,
        "chlorophyll": 1.0651185512542725,
        "current_u": -0.0795847475528717,
        "current_v": 0.06671790033578873,
        "bathymetry": 9.572997093200684
      }
    },
    {
      "type": "Feature",
      "geometry": {
        "type": "Point",
        "coordinates": [
          80.29999999999993,
          9.899999999999983
        ]
      },
      "properties": {
        "fish_zone": 0,
        "fish_probability": 0.49,
        "sst": 28.379993262141966,
        "chlorophyll": 0.9707279205322266,
        "current_u": -0.08497367054224014,
        "current_v": 0.07767033576965332,
        "bathymetry": 9.572997093200684
      }
    },
    {
      "type": "Feature",
      "geometry": {
        "type": "Point",
        "coordinates": [
          80.39999999999992,
          5.0
        ]
      },
      "properties": {
        "fish_zone": 0,
        "fish_probability": 0.0,
        "sst": 28.989993248507403,
        "chlorophyll": 0.06828182935714722,
        "current_u": -0.21068702638149261,
        "current_v": 0.1469774693250656,
        "bathymetry": 4405.22412109375
      }
    },
    {
      "type": "Feature",
      "geometry": {
        "type": "Point",
        "coordinates": [
          80.39999999999992,
          5.1
        ]
      },
      "properties": {
        "fish_zone": 0,
        "fish_probability": 0.0,
        "sst": 29.00999324806037,
        "chlorophyll": 0.07018856704235077,
        "current_u": -0.1999865025281906,
        "current_v": 0.1438816338777542,
        "bathymetry": 4405.22412109375
      }
    },
    {
      "type": "Feature",
      "geometry": {
        "type": "Point",
        "coordinates": [
          80.39999999999992,
          5.199999999999999
        ]
      },
      "properties": {
        "fish_zone": 0,
        "fish_probability": 0.0,
        "sst": 29.00999324806037,
        "chlorophyll": 0.07292059063911438,
        "current_u": -0.18473772704601288,
        "current_v": 0.1309143602848053,
        "bathymetry": 4405.22412109375
      }
    },
    {
      "type": "Feature",
      "geometry": {
        "type": "Point",
        "coordinates": [
          80.39999999999992,
          5.299999999999999
        ]
      },
      "properties": {
        "fish_zone": 0,
        "fish_probability": 0.0033333333333333335,
        "sst": 29.159993244707607,
        "chlorophyll": 0.07882598042488098,
        "current_u": -0.19924335181713104,
        "current_v": 0.05574505031108856,
        "bathymetry": 4405.22412109375
      }
    },
    {
      "type": "Feature",
      "geometry": {
        "type": "Point",
        "coordinates": [
          80.39999999999992,
          5.399999999999999
        ]
      },
      "properties": {
        "fish_zone": 0,
        "fish_probability": 0.006666666666666667,
        "sst": 29.069993246719264,
        "chlorophyll": 0.08538863062858582,
        "current_u": -0.2908521294593811,
        "current_v": 0.008855150081217289,
        "bathymetry": 4405.22412109375
      }
    },
    {
      "type": "Feature",
      "geometry": {
        "type": "Point",
        "coordinates": [
          80.39999999999992,
          5.499999999999998
        ]
      },
      "properties": {
        "fish_zone": 0,
        "fish_probability": 0.0,
        "sst": 28.759993253648304,
        "chlorophyll": 0.10086115449666977,
        "current_u": -0.4381808638572693,
        "current_v": -0.021337907761335373,
        "bathymetry": 3992.48388671875
      }
    },
    {
      "type": "Feature",
      "geometry": {
        "type": "Point",
        "coordinates": [
          80.39999999999992,
          5.599999999999998
        ]
      },
      "properties": {
        "fish_zone": 0,
        "fish_probability": 0.0033333333333333335,
        "sst": 28.69999325498941,
        "chlorophyll": 0.11693146824836731,
        "current_u": -0.5036539435386658,
        "current_v": -0.05880265310406685,
        "bathymetry": 3992.48388671875
      }
    },
    {
      "type": "Feature",
      "geometry": {
        "type": "Point",
        "coordinates": [
          80.39999999999992,
          5.6999999999999975
        ]
      },
      "properties": {
        "fish_zone": 0,
        "fish_probability": 0.0033333333333333335,
        "sst": 28.689993255212926,
        "chlorophyll": 0.14022280275821686,
        "current_u": -0.41319334506988525,
        "current_v": -0.09230703115463257,
        "bathymetry": 3597.031982421875
      }
    },
    {
      "type": "Feature",
      "geometry": {
        "type": "Point",
        "coordinates": [
          80.39999999999992,
          5.799999999999997
        ]
      },
      "properties": {
        "fish_zone": 0,
        "fish_probability": 0.07666666666666666,
        "sst": 28.569993257895135,
        "chlorophyll": 0.17209653556346893,
        "current_u": -0.11701750755310059,
        "current_v": -0.0646321102976799,
        "bathymetry": 1684.2840576171875
      }
    },
    {
      "type": "Feature",
      "geometry": {
        "type": "Point",
        "coordinates": [
          80.39999999999992,
          5.899999999999997
        ]
      },
      "properties": {
        "fish_zone": 0,
        "fish_probability": 0.28,
        "sst": 28.449993260577344,
        "chlorophyll": 0.2187844067811966,
        "current_u": -0.03329360485076904,
        "current_v": -0.047055602073669434,
        "bathymetry": 55.76428985595703
      }
    },
    {
      "type": "Feature",
      "geometry": {
        "type": "Point",
        "coordinates": [
          80.39999999999992,
          9.699999999999983
        ]
      },
      "properties": {
        "fish_zone": 0,
        "fish_probability": 0.043333333333333335,
        "sst": 28.11999326795342,
        "chlorophyll": 0.6168555617332458,
        "current_u": -0.07940748333930969,
        "current_v": 0.058278296142816544,
        "bathymetry": 9.572997093200684
      }
    },
    {
      "type": "Feature",
      "geometry": {
        "type": "Point",
        "coordinates": [
          80.39999999999992,
          9.799999999999983
        ]
      },
      "properties": {
        "fish_zone": 1,
        "fish_probability": 0.9433333333333334,
        "sst": 28.15999326705935,
        "chlorophyll": 0.7622026205062866,
        "current_u": -0.10275773704051971,
        "current_v": 0.060807447880506516,
        "bathymetry": 11.404999732971191
      }
    },
    {
      "type": "Feature",
      "geometry": {
        "type": "Point",
        "coordinates": [
          80.39999999999992,
          9.899999999999983
        ]
      },
      "properties": {
        "fish_zone": 1,
        "fish_probability": 0.9666666666666667,
        "sst": 28.179993266612314,
        "chlorophyll": 0.45413780212402344,
        "current_u": -0.1296977549791336,
        "current_v": 0.10854003578424454,
        "bathymetry": 21.598819732666016
      }
    },
    {
      "type": "Feature",
      "geometry": {
        "type": "Point",
        "coordinates": [
          80.49999999999991,
          5.0
        ]
      },
      "properties": {
        "fish_zone": 0,
        "fish_probability": 0.0,
        "sst": 28.969993248954438,
        "chlorophyll": 0.06618592143058777,
        "current_u": -0.19659794867038727,
        "current_v": 0.11834336072206497,
        "bathymetry": 4405.22412109375
      }
    },
    {
      "type": "Feature",
      "geometry": {
        "type": "Point",
        "coordinates": [
          80.49999999999991,
          5.1
        ]
      },
      "properties": {
        "fish_zone": 0,
        "fish_probability": 0.0,
        "sst": 29.0499932471663,
        "chlorophyll": 0.07114005833864212,
        "current_u": -0.18384751677513123,
        "current_v": 0.1153290793299675,
        "bathymetry": 4405.22412109375
      }
    },
    {
      "type": "Feature",
      "geometry": {
        "type": "Point",
        "coordinates": [
          80.49999999999991,
          5.199999999999999
        ]
      },
      "properties": {
        "fish_zone": 0,
        "fish_probability": 0.0,
        "sst": 29.119993245601677,
        "chlorophyll": 0.07382306456565857,
        "current_u": -0.1689680963754654,
        "current_v": 0.10095454007387161,
        "bathymetry": 4405.22412109375
      }
    },
    {
      "type": "Feature",
      "geometry": {
        "type": "Point",
        "coordinates": [
          80.49999999999991,
          5.299999999999999
        ]
      },
      "properties": {
        "fish_zone": 0,
        "fish_probability": 0.0033333333333333335,
        "sst": 29.36999324001374,
        "chlorophyll": 0.08024396747350693,
        "current_u": -0.1887189894914627,
        "current_v": 0.034728359431028366,
        "bathymetry": 4405.22412109375
      }
    },
    {
      "type": "Feature",
      "geometry": {
        "type": "Point",
        "coordinates": [
          80.49999999999991,
          5.399999999999999
        ]
      },
      "properties": {
        "fish_zone": 0,
        "fish_probability": 0.0033333333333333335,
        "sst": 29.189993244037055,
        "chlorophyll": 0.08648373931646347,
        "current_u": -0.272902250289917,
        "current_v": -0.006301856599748135,
        "bathymetry": 4405.22412109375
      }
    },
    {
      "type": "Feature",
      "geometry": {
        "type": "Point",
        "coordinates": [
          80.49999999999991,
          5.499999999999998
        ]
      },
      "properties": {
        "fish_zone": 0,
        "fish_probability": 0.0,
        "sst": 28.719993254542374,
        "chlorophyll": 0.10267050564289093,
        "current_u": -0.4222475588321686,
        "current_v": -0.035573821514844894,
        "bathymetry": 3992.48388671875
      }
    },
    {
      "type": "Feature",
      "geometry": {
        "type": "Point",
        "coordinates": [
          80.49999999999991,
          5.599999999999998
        ]
      },
      "properties": {
        "fish_zone": 0,
        "fish_probability": 0.0,
        "sst": 28.489993259683274,
        "chlorophyll": 0.1127554252743721,
        "current_u": -0.4959335923194885,
        "current_v": -0.05788383260369301,
        "bathymetry": 3597.031982421875
      }
    },
    {
      "type": "Feature",
      "geometry": {
        "type": "Point",
        "coordinates": [
          80.49999999999991,
          5.6999999999999975
        ]
      },
      "properties": {
        "fish_zone": 0,
        "fish_probability": 0.0,
        "sst": 28.47999325990679,
        "chlorophyll": 0.14386001229286194,
        "current_u": -0.42244380712509155,
        "current_v": -0.07618340104818344,
        "bathymetry": 3220.820068359375
      }
    },
    {
      "type": "Feature",
      "geometry": {
        "type": "Point",
        "coordinates": [
          80.49999999999991,
          5.799999999999997
        ]
      },
      "properties": {
        "fish_zone": 0,
        "fish_probability": 0.056666666666666664,
        "sst": 28.539993258565687,
        "chlorophyll": 0.18180540204048157,
        "current_u": -0.15204347670078278,
        "current_v": -0.04898286610841751,
        "bathymetry": 1941.8929443359375
      }
    },
    {
      "type": "Feature",
      "geometry": {
        "type": "Point",
        "coordinates": [
          80.49999999999991,
          5.899999999999997
        ]
      },
      "properties": {
        "fish_zone": 0,
        "fish_probability": 0.25,
        "sst": 28.42999326102438,
        "chlorophyll": 0.38375091552734375,
        "current_u": -0.04063104838132858,
        "current_v": -0.0513032004237175,
        "bathymetry": 47.37369155883789
      }
    },
    {
      "type": "Feature",
      "geometry": {
        "type": "Point",
        "coordinates": [
          80.49999999999991,
          9.599999999999984
        ]
      },
      "properties": {
        "fish_zone": 0,
        "fish_probability": 0.19666666666666666,
        "sst": 28.11999326795342,
        "chlorophyll": 0.4963606297969818,
        "current_u": -0.071309395134449,
        "current_v": 0.06299672275781631,
        "bathymetry": 13.467140197753906
      }
    },
    {
      "type": "Feature",
      "geometry": {
        "type": "Point",
        "coordinates": [
          80.49999999999991,
          9.699999999999983
        ]
      },
      "properties": {
        "fish_zone": 1,
        "fish_probability": 0.89,
        "sst": 28.00999327041211,
        "chlorophyll": 0.7753822207450867,
        "current_u": -0.08970119059085846,
        "current_v": 0.0688067153096199,
        "bathymetry": 9.572997093200684
      }
    },
    {
      "type": "Feature",
      "geometry": {
        "type": "Point",
        "coordinates": [
          80.49999999999991,
          9.799999999999983
        ]
      },
      "properties": {
        "fish_zone": 1,
        "fish_probability": 0.98,
        "sst": 28.019993270188593,
        "chlorophyll": 0.3522324860095978,
        "current_u": -0.13938650488853455,
        "current_v": 0.11279028654098511,
        "bathymetry": 21.598819732666016
      }
    },
    {
      "type": "Feature",
      "geometry": {
        "type": "Point",
        "coordinates": [
          80.49999999999991,
          9.899999999999983
        ]
      },
      "properties": {
        "fish_zone": 1,
        "fish_probability": 0.9833333333333333,
        "sst": 28.059993269294523,
        "chlorophyll": 0.26234495639801025,
        "current_u": -0.19585347175598145,
        "current_v": 0.22484396398067474,
        "bathymetry": 47.37369155883789
      }
    },
    {
      "type": "Feature",
      "geometry": {
        "type": "Point",
        "coordinates": [
          80.59999999999991,
          5.0
        ]
      },
      "properties": {
        "fish_zone": 0,
        "fish_probability": 0.0033333333333333335,
        "sst": 29.119993245601677,
        "chlorophyll": 0.06935875862836838,
        "current_u": -0.18551123142242432,
        "current_v": 0.08628332614898682,
        "bathymetry": 4405.22412109375
      }
    },
    {
      "type": "Feature",
      "geometry": {
        "type": "Point",
        "coordinates": [
          80.59999999999991,
          5.1
        ]
      },
      "properties": {
        "fish_zone": 0,
        "fish_probability": 0.0,
        "sst": 29.199993243813537,
        "chlorophyll": 0.06849970668554306,
        "current_u": -0.17058084905147552,
        "current_v": 0.08482807129621506,
        "bathymetry": 4405.22412109375
      }
    },
    {
      "type": "Feature",
      "geometry": {
        "type": "Point",
        "coordinates": [
          80.59999999999991,
          5.199999999999999
        ]
      },
      "properties": {
        "fish_zone": 0,
        "fish_probability": 0.0,
        "sst": 29.239993242919468,
        "chlorophyll": 0.07518161088228226,
        "current_u": -0.15727905929088593,
        "current_v": 0.06823627650737762,
        "bathymetry": 4405.22412109375
      }
    },
    {
      "type": "Feature",
      "geometry": {
        "type": "Point",
        "coordinates": [
          80.59999999999991,
          5.299999999999999
        ]
      },
      "properties": {
        "fish_zone": 0,
        "fish_probability": 0.0033333333333333335,
        "sst": 29.28999324180188,
        "chlorophyll": 0.08067852258682251,
        "current_u": -0.1777777075767517,
        "current_v": 0.015259704552590847,
        "bathymetry": 4405.22412109375
      }
    },
    {
      "type": "Feature",
      "geometry": {
        "type": "Point",
        "coordinates": [
          80.59999999999991,
          5.399999999999999
        ]
      },
      "properties": {
        "fish_zone": 0,
        "fish_probability": 0.0033333333333333335,
        "sst": 29.029993247613334,
        "chlorophyll": 0.08712755143642426,
        "current_u": -0.25575026869773865,
        "current_v": -0.0169204268604517,
        "bathymetry": 4405.22412109375
      }
    },
    {
      "type": "Feature",
      "geometry": {
        "type": "Point",
        "coordinates": [
          80.59999999999991,
          5.499999999999998
        ]
      },
      "properties": {
        "fish_zone": 0,
        "fish_probability": 0.0,
        "sst": 28.619993256777548,
        "chlorophyll": 0.08869414031505585,
        "current_u": -0.4063608944416046,
        "current_v": -0.04930548742413521,
        "bathymetry": 3992.48388671875
      }
    },
    {
      "type": "Feature",
      "geometry": {
        "type": "Point",
        "coordinates": [
          80.59999999999991,
          5.599999999999998
        ]
      },
      "properties": {
        "fish_zone": 0,
        "fish_probability": 0.0,
        "sst": 28.46999326013031,
        "chlorophyll": 0.11131562292575836,
        "current_u": -0.48419806361198425,
        "current_v": -0.06646779924631119,
        "bathymetry": 3597.031982421875
      }
    },
    {
      "type": "Feature",
      "geometry": {
        "type": "Point",
        "coordinates": [
          80.59999999999991,
          5.6999999999999975
        ]
      },
      "properties": {
        "fish_zone": 0,
        "fish_probability": 0.0,
        "sst": 28.46999326013031,
        "chlorophyll": 0.14211711287498474,
        "current_u": -0.42408648133277893,
        "current_v": -0.07691550999879837,
        "bathymetry": 3220.820068359375
      }
    },
    {
      "type": "Feature",
      "geometry": {
        "type": "Point",
        "coordinates": [
          80.59999999999991,
          5.799999999999997
        ]
      },
      "properties": {
        "fish_zone": 1,
        "fish_probability": 0.9633333333333334,
        "sst": 28.43999326080086,
        "chlorophyll": 0.22347599267959595,
        "current_u": -0.155961811542511,
        "current_v": -0.052516043186187744,
        "bathymetry": 2225.077880859375
      }
    },
    {
      "type": "Feature",
      "geometry": {
        "type": "Point",
        "coordinates": [
          80.59999999999991,
          5.899999999999997
        ]
      },
      "properties": {
        "fish_zone": 0,
        "fish_probability": 0.19,
        "sst": 28.27999326437714,
        "chlorophyll": 0.36960333585739136,
        "current_u": -0.023366723209619522,
        "current_v": -0.05043327063322067,
        "bathymetry": 40.344051361083984
      }
    },
    {
      "type": "Feature",
      "geometry": {
        "type": "Point",
        "coordinates": [
          80.59999999999991,
          9.499999999999984
        ]
      },
      "properties": {
        "fish_zone": 0,
        "fish_probability": 0.08666666666666667,
        "sst": 28.339993263036035,
        "chlorophyll": 0.4524580240249634,
        "current_u": -0.058192212134599686,
        "current_v": 0.053778842091560364,
        "bathymetry": 15.810070037841797
      }
    },
    {
      "type": "Feature",
      "geometry": {
        "type": "Point",
        "coordinates": [
          80.59999999999991,
          9.599999999999984
        ]
      },
      "properties": {
        "fish_zone": 0,
        "fish_probability": 0.056666666666666664,
        "sst": 28.15999326705935,
        "chlorophyll": 0.45469263195991516,
        "current_u": -0.07030977308750153,
        "current_v": 0.05175013095140457,
        "bathymetry": 11.404999732971191
      }
    },
    {
      "type": "Feature",
      "geometry": {
        "type": "Point",
        "coordinates": [
          80.59999999999991,
          9.699999999999983
        ]
      },
      "properties": {
        "fish_zone": 1,
        "fish_probability": 0.8566666666666667,
        "sst": 28.059993269294523,
        "chlorophyll": 0.39639919996261597,
        "current_u": -0.09586196392774582,
        "current_v": 0.07114531844854355,
        "bathymetry": 18.495559692382812
      }
    },
    {
      "type": "Feature",
      "geometry": {
        "type": "Point",
        "coordinates": [
          80.59999999999991,
          9.799999999999983
        ]
      },
      "properties": {
        "fish_zone": 1,
        "fish_probability": 0.9866666666666667,
        "sst": 28.019993270188593,
        "chlorophyll": 0.2892935574054718,
        "current_u": -0.18093818426132202,
        "current_v": 0.21164578199386597,
        "bathymetry": 40.344051361083984
      }
    },
    {
      "type": "Feature",
      "geometry": {
        "type": "Point",
        "coordinates": [
          80.59999999999991,
          9.899999999999983
        ]
      },
      "properties": {
        "fish_zone": 1,
        "fish_probability": 0.9833333333333333,
        "sst": 28.039993269741558,
        "chlorophyll": 0.2417028546333313,
        "current_u": -0.23250187933444977,
        "current_v": 0.24902646243572235,
        "bathymetry": 55.76428985595703
      }
    },
    {
      "type": "Feature",
      "geometry": {
        "type": "Point",
        "coordinates": [
          80.6999999999999,
          5.0
        ]
      },
      "properties": {
        "fish_zone": 0,
        "fish_probability": 0.0033333333333333335,
        "sst": 29.199993243813537,
        "chlorophyll": 0.06821364164352417,
        "current_u": -0.17731846868991852,
        "current_v": 0.05632992833852768,
        "bathymetry": 4405.22412109375
      }
    },
    {
      "type": "Feature",
      "geometry": {
        "type": "Point",
        "coordinates": [
          80.6999999999999,
          5.1
        ]
      },
      "properties": {
        "fish_zone": 0,
        "fish_probability": 0.0,
        "sst": 29.24999324269595,
        "chlorophyll": 0.07229533046483994,
        "current_u": -0.15942807495594025,
        "current_v": 0.053766924887895584,
        "bathymetry": 4405.22412109375
      }
    },
    {
      "type": "Feature",
      "geometry": {
        "type": "Point",
        "coordinates": [
          80.6999999999999,
          5.199999999999999
        ]
      },
      "properties": {
        "fish_zone": 0,
        "fish_probability": 0.0,
        "sst": 29.269993242248916,
        "chlorophyll": 0.07767841964960098,
        "current_u": -0.14606434106826782,
        "current_v": 0.03544681891798973,
        "bathymetry": 4405.22412109375
      }
    },
    {
      "type": "Feature",
      "geometry": {
        "type": "Point",
        "coordinates": [
          80.6999999999999,
          5.299999999999999
        ]
      },
      "properties": {
        "fish_zone": 0,
        "fish_probability": 0.0,
        "sst": 29.20999324359002,
        "chlorophyll": 0.0823737159371376,
        "current_u": -0.1642351895570755,
        "current_v": 0.0012433629017323256,
        "bathymetry": 4405.22412109375
      }
    },
    {
      "type": "Feature",
      "geometry": {
        "type": "Point",
        "coordinates": [
          80.6999999999999,
          5.399999999999999
        ]
      },
      "properties": {
        "fish_zone": 0,
        "fish_probability": 0.0033333333333333335,
        "sst": 28.93999324962499,
        "chlorophyll": 0.08992037922143936,
        "current_u": -0.2419976145029068,
        "current_v": -0.024857260286808014,
        "bathymetry": 4405.22412109375
      }
    },
    {
      "type": "Feature",
      "geometry": {
        "type": "Point",
        "coordinates": [
          80.6999999999999,
          5.499999999999998
        ]
      },
      "properties": {
        "fish_zone": 0,
        "fish_probability": 0.0,
        "sst": 28.609993257001065,
        "chlorophyll": 0.10401768982410431,
        "current_u": -0.39299237728118896,
        "current_v": -0.0640885978937149,
        "bathymetry": 4405.22412109375
      }
    },
    {
      "type": "Feature",
      "geometry": {
        "type": "Point",
        "coordinates": [
          80.6999999999999,
          5.599999999999998
        ]
      },
      "properties": {
        "fish_zone": 0,
        "fish_probability": 0.0,
        "sst": 28.50999325923624,
        "chlorophyll": 0.10928285866975784,
        "current_u": -0.4722091853618622,
        "current_v": -0.08281400054693222,
        "bathymetry": 3597.031982421875
      }
    },
    {
      "type": "Feature",
      "geometry": {
        "type": "Point",
        "coordinates": [
          80.6999999999999,
          5.6999999999999975
        ]
      },
      "properties": {
        "fish_zone": 0,
        "fish_probability": 0.0,
        "sst": 28.519993259012722,
        "chlorophyll": 0.1231556162238121,
        "current_u": -0.4232458472251892,
        "current_v": -0.08486893028020859,
        "bathymetry": 3220.820068359375
      }
    },
    {
      "type": "Feature",
      "geometry": {
        "type": "Point",
        "coordinates": [
          80.6999999999999,
          5.799999999999997
        ]
      },
      "properties": {
        "fish_zone": 1,
        "fish_probability": 0.9266666666666666,
        "sst": 28.39999326169493,
        "chlorophyll": 0.20262396335601807,
        "current_u": -0.1647767424583435,
        "current_v": -0.05819800868630409,
        "bathymetry": 1941.8929443359375
      }
    },
    {
      "type": "Feature",
      "geometry": {
        "type": "Point",
        "coordinates": [
          80.6999999999999,
          5.899999999999997
        ]
      },
      "properties": {
        "fish_zone": 0,
        "fish_probability": 0.18,
        "sst": 28.219993265718244,
        "chlorophyll": 0.38688695430755615,
        "current_u": -0.02060677297413349,
        "current_v": -0.04519788175821304,
        "bathymetry": 55.76428985595703
      }
    },
    {
      "type": "Feature",
      "geometry": {
        "type": "Point",
        "coordinates": [
          80.6999999999999,
          9.399999999999984
        ]
      },
      "properties": {
        "fish_zone": 0,
        "fish_probability": 0.17333333333333334,
        "sst": 28.259993264824175,
        "chlorophyll": 0.780563235282898,
        "current_u": -0.056008949875831604,
        "current_v": 0.06343621015548706,
        "bathymetry": 9.572997093200684
      }
    },
    {
      "type": "Feature",
      "geometry": {
        "type": "Point",
        "coordinates": [
          80.6999999999999,
          9.499999999999984
        ]
      },
      "properties": {
        "fish_zone": 0,
        "fish_probability": 0.05333333333333334,
        "sst": 28.289993264153622,
        "chlorophyll": 0.5852606892585754,
        "current_u": -0.06497376412153244,
        "current_v": 0.04304853081703186,
        "bathymetry": 13.467140197753906
      }
    },
    {
      "type": "Feature",
      "geometry": {
        "type": "Point",
        "coordinates": [
          80.6999999999999,
          9.599999999999984
        ]
      },
      "properties": {
        "fish_zone": 1,
        "fish_probability": 0.6633333333333333,
        "sst": 28.149993267282866,
        "chlorophyll": 0.440642774105072,
        "current_u": -0.08841916918754578,
        "current_v": 0.07226582616567612,
        "bathymetry": 18.495559692382812
      }
    },
    {
      "type": "Feature",
      "geometry": {
        "type": "Point",
        "coordinates": [
          80.6999999999999,
          9.699999999999983
        ]
      },
      "properties": {
        "fish_zone": 1,
        "fish_probability": 0.9966666666666667,
        "sst": 28.059993269294523,
        "chlorophyll": 0.33647802472114563,
        "current_u": -0.11532336473464966,
        "current_v": 0.1199510395526886,
        "bathymetry": 25.211410522460938
      }
    },
    {
      "type": "Feature",
      "geometry": {
        "type": "Point",
        "coordinates": [
          80.6999999999999,
          9.799999999999983
        ]
      },
      "properties": {
        "fish_zone": 1,
        "fish_probability": 0.9866666666666667,
        "sst": 28.029993269965075,
        "chlorophyll": 0.23356115818023682,
        "current_u": -0.20871590077877045,
        "current_v": 0.23748555779457092,
        "bathymetry": 55.76428985595703
      }
    },
    {
      "type": "Feature",
      "geometry": {
        "type": "Point",
        "coordinates": [
          80.6999999999999,
          9.899999999999983
        ]
      },
      "properties": {
        "fish_zone": 0,
        "fish_probability": 0.043333333333333335,
        "sst": 28.039993269741558,
        "chlorophyll": 0.1872178614139557,
        "current_u": -0.23488999903202057,
        "current_v": 0.24576367437839508,
        "bathymetry": 92.3260726928711
      }
    },
    {
      "type": "Feature",
      "geometry": {
        "type": "Point",
        "coordinates": [
          80.7999999999999,
          5.0
        ]
      },
      "properties": {
        "fish_zone": 0,
        "fish_probability": 0.0,
        "sst": 29.239993242919468,
        "chlorophyll": 0.07091816514730453,
        "current_u": -0.1517607867717743,
        "current_v": 0.028624527156352997,
        "bathymetry": 4405.22412109375
      }
    },
    {
      "type": "Feature",
      "geometry": {
        "type": "Point",
        "coordinates": [
          80.7999999999999,
          5.1
        ]
      },
      "properties": {
        "fish_zone": 0,
        "fish_probability": 0.0,
        "sst": 29.219993243366503,
        "chlorophyll": 0.07430125027894974,
        "current_u": -0.12124734371900558,
        "current_v": 0.015755025669932365,
        "bathymetry": 4405.22412109375
      }
    },
    {
      "type": "Feature",
      "geometry": {
        "type": "Point",
        "coordinates": [
          80.7999999999999,
          5.199999999999999
        ]
      },
      "properties": {
        "fish_zone": 0,
        "fish_probability": 0.0,
        "sst": 29.199993243813537,
        "chlorophyll": 0.07888723909854889,
        "current_u": -0.10261306911706924,
        "current_v": -0.011204185895621777,
        "bathymetry": 4405.22412109375
      }
    },
    {
      "type": "Feature",
      "geometry": {
        "type": "Point",
        "coordinates": [
          80.7999999999999,
          5.299999999999999
        ]
      },
      "properties": {
        "fish_zone": 0,
        "fish_probability": 0.0,
        "sst": 29.079993246495746,
        "chlorophyll": 0.08216024935245514,
        "current_u": -0.13022643327713013,
        "current_v": -0.031220728531479836,
        "bathymetry": 4405.22412109375
      }
    },
    {
      "type": "Feature",
      "geometry": {
        "type": "Point",
        "coordinates": [
          80.7999999999999,
          5.399999999999999
        ]
      },
      "properties": {
        "fish_zone": 0,
        "fish_probability": 0.0033333333333333335,
        "sst": 28.849993251636647,
        "chlorophyll": 0.08560505509376526,
        "current_u": -0.22084705531597137,
        "current_v": -0.056903425604104996,
        "bathymetry": 4405.22412109375
      }
    },
    {
      "type": "Feature",
      "geometry": {
        "type": "Point",
        "coordinates": [
          80.7999999999999,
          5.499999999999998
        ]
      },
      "properties": {
        "fish_zone": 0,
        "fish_probability": 0.0033333333333333335,
        "sst": 28.69999325498941,
        "chlorophyll": 0.10598096251487732,
        "current_u": -0.36705970764160156,
        "current_v": -0.09882283955812454,
        "bathymetry": 3992.48388671875
      }
    },
    {
      "type": "Feature",
      "geometry": {
        "type": "Point",
        "coordinates": [
          80.7999999999999,
          5.599999999999998
        ]
      },
      "properties": {
        "fish_zone": 0,
        "fish_probability": 0.0,
        "sst": 28.719993254542374,
        "chlorophyll": 0.11463106423616409,
        "current_u": -0.44912585616111755,
        "current_v": -0.12492887675762177,
        "bathymetry": 3597.031982421875
      }
    },
    {
      "type": "Feature",
      "geometry": {
        "type": "Point",
        "coordinates": [
          80.7999999999999,
          5.6999999999999975
        ]
      },
      "properties": {
        "fish_zone": 0,
        "fish_probability": 0.0,
        "sst": 28.729993254318856,
        "chlorophyll": 0.12914615869522095,
        "current_u": -0.41822484135627747,
        "current_v": -0.11848028749227524,
        "bathymetry": 2865.702880859375
      }
    },
    {
      "type": "Feature",
      "geometry": {
        "type": "Point",
        "coordinates": [
          80.7999999999999,
          5.799999999999997
        ]
      },
      "properties": {
        "fish_zone": 0,
        "fish_probability": 0.06666666666666667,
        "sst": 28.539993258565687,
        "chlorophyll": 0.14792700111865997,
        "current_u": -0.19092334806919098,
        "current_v": -0.06643586605787277,
        "bathymetry": 1684.2840576171875
      }
    },
    {
      "type": "Feature",
      "geometry": {
        "type": "Point",
        "coordinates": [
          80.7999999999999,
          5.899999999999997
        ]
      },
      "properties": {
        "fish_zone": 0,
        "fish_probability": 0.28,
        "sst": 28.31999326348307,
        "chlorophyll": 0.2033366858959198,
        "current_u": -0.04508500173687935,
        "current_v": -0.04032834991812706,
        "bathymetry": 65.80726623535156
      }
    },
    {
      "type": "Feature",
      "geometry": {
        "type": "Point",
        "coordinates": [
          80.7999999999999,
          5.9999999999999964
        ]
      },
      "properties": {
        "fish_zone": 0,
        "fish_probability": 0.09666666666666666,
        "sst": 28.189993266388797,
        "chlorophyll": 0.6641948223114014,
        "current_u": 0.06590273231267929,
        "current_v": -0.020596489310264587,
        "bathymetry": 29.444730758666992
      }
    },
    {
      "type": "Feature",
      "geometry": {
        "type": "Point",
        "coordinates": [
          80.7999999999999,
          9.299999999999985
        ]
      },
      "properties": {
        "fish_zone": 0,
        "fish_probability": 0.38666666666666666,
        "sst": 27.879993273317837,
        "chlorophyll": 1.4210262298583984,
        "current_u": -0.07032322883605957,
        "current_v": 0.12018739432096481,
        "bathymetry": 7.92956018447876
      }
    },
    {
      "type": "Feature",
      "geometry": {
        "type": "Point",
        "coordinates": [
          80.7999999999999,
          9.399999999999984
        ]
      },
      "properties": {
        "fish_zone": 1,
        "fish_probability": 0.9966666666666667,
        "sst": 27.869993273541354,
        "chlorophyll": 1.3177237510681152,
        "current_u": -0.11208968609571457,
        "current_v": 0.13272491097450256,
        "bathymetry": 21.598819732666016
      }
    },
    {
      "type": "Feature",
      "geometry": {
        "type": "Point",
        "coordinates": [
          80.7999999999999,
          9.499999999999984
        ]
      },
      "properties": {
        "fish_zone": 1,
        "fish_probability": 0.97,
        "sst": 28.069993269071006,
        "chlorophyll": 0.31189072132110596,
        "current_u": -0.15969136357307434,
        "current_v": 0.29450714588165283,
        "bathymetry": 40.344051361083984
      }
    },
    {
      "type": "Feature",
      "geometry": {
        "type": "Point",
        "coordinates": [
          80.7999999999999,
          9.599999999999984
        ]
      },
      "properties": {
        "fish_zone": 0,
        "fish_probability": 0.06333333333333334,
        "sst": 28.1299932677299,
        "chlorophyll": 0.17976151406764984,
        "current_u": -0.17856760323047638,
        "current_v": 0.3932066559791565,
        "bathymetry": 47.37369155883789
      }
    },
    {
      "type": "Feature",
      "geometry": {
        "type": "Point",
        "coordinates": [
          80.7999999999999,
          9.699999999999983
        ]
      },
      "properties": {
        "fish_zone": 0,
        "fish_probability": 0.06666666666666667,
        "sst": 28.07999326884749,
        "chlorophyll": 0.17031337320804596,
        "current_u": -0.18310101330280304,
        "current_v": 0.41829174757003784,
        "bathymetry": 55.76428985595703
      }
    },
    {
      "type": "Feature",
      "geometry": {
        "type": "Point",
        "coordinates": [
          80.7999999999999,
          9.799999999999983
        ]
      },
      "properties": {
        "fish_zone": 0,
        "fish_probability": 0.05333333333333334,
        "sst": 28.099993268400453,
        "chlorophyll": 0.1655508130788803,
        "current_u": -0.19093824923038483,
        "current_v": 0.3486862778663635,
        "bathymetry": 155.85069274902344
      }
    },
    {
      "type": "Feature",
      "geometry": {
        "type": "Point",
        "coordinates": [
          80.7999999999999,
          9.899999999999983
        ]
      },
      "properties": {
        "fish_zone": 0,
        "fish_probability": 0.05333333333333334,
        "sst": 28.109993268176936,
        "chlorophyll": 0.15867139399051666,
        "current_u": -0.1894722729921341,
        "current_v": 0.3018013834953308,
        "bathymetry": 318.1274108886719
      }
    },
    {
      "type": "Feature",
      "geometry": {
        "type": "Point",
        "coordinates": [
          80.89999999999989,
          5.0
        ]
      },
      "properties": {
        "fish_zone": 0,
        "fish_probability": 0.0,
        "sst": 29.20999324359002,
        "chlorophyll": 0.0694223940372467,
        "current_u": -0.1275682896375656,
        "current_v": 0.024557195603847504,
        "bathymetry": 4405.22412109375
      }
    },
    {
      "type": "Feature",
      "geometry": {
        "type": "Point",
        "coordinates": [
          80.89999999999989,
          5.1
        ]
      },
      "properties": {
        "fish_zone": 0,
        "fish_probability": 0.0,
        "sst": 29.189993244037055,
        "chlorophyll": 0.07592431455850601,
        "current_u": -0.09734214097261429,
        "current_v": 0.008809980005025864,
        "bathymetry": 4405.22412109375
      }
    },
    {
      "type": "Feature",
      "geometry": {
        "type": "Point",
        "coordinates": [
          80.89999999999989,
          5.199999999999999
        ]
      },
      "properties": {
        "fish_zone": 0,
        "fish_probability": 0.0,
        "sst": 29.199993243813537,
        "chlorophyll": 0.07841905206441879,
        "current_u": -0.07975418120622635,
        "current_v": -0.021299583837389946,
        "bathymetry": 4405.22412109375
      }
    },
    {
      "type": "Feature",
      "geometry": {
        "type": "Point",
        "coordinates": [
          80.89999999999989,
          5.299999999999999
        ]
      },
      "properties": {
        "fish_zone": 0,
        "fish_probability": 0.0,
        "sst": 29.109993245825194,
        "chlorophyll": 0.08733478933572769,
        "current_u": -0.11395320296287537,
        "current_v": -0.04877748340368271,
        "bathymetry": 4405.22412109375
      }
    },
    {
      "type": "Feature",
      "geometry": {
        "type": "Point",
        "coordinates": [
          80.89999999999989,
          5.399999999999999
        ]
      },
      "properties": {
        "fish_zone": 0,
        "fish_probability": 0.0033333333333333335,
        "sst": 28.929993249848508,
        "chlorophyll": 0.09208784252405167,
        "current_u": -0.20914742350578308,
        "current_v": -0.07621580362319946,
        "bathymetry": 3992.48388671875
      }
    },
    {
      "type": "Feature",
      "geometry": {
        "type": "Point",
        "coordinates": [
          80.89999999999989,
          5.499999999999998
        ]
      },
      "properties": {
        "fish_zone": 0,
        "fish_probability": 0.0033333333333333335,
        "sst": 28.729993254318856,
        "chlorophyll": 0.10816522687673569,
        "current_u": -0.35257279872894287,
        "current_v": -0.11683207005262375,
        "bathymetry": 3992.48388671875
      }
    },
    {
      "type": "Feature",
      "geometry": {
        "type": "Point",
        "coordinates": [
          80.89999999999989,
          5.599999999999998
        ]
      },
      "properties": {
        "fish_zone": 0,
        "fish_probability": 0.0,
        "sst": 28.639993256330513,
        "chlorophyll": 0.12525415420532227,
        "current_u": -0.4375529885292053,
        "current_v": -0.14732179045677185,
        "bathymetry": 3597.031982421875
      }
    },
    {
      "type": "Feature",
      "geometry": {
        "type": "Point",
        "coordinates": [
          80.89999999999989,
          5.6999999999999975
        ]
      },
      "properties": {
        "fish_zone": 0,
        "fish_probability": 0.0,
        "sst": 28.599993257224583,
        "chlorophyll": 0.13809193670749664,
        "current_u": -0.4153480529785156,
        "current_v": -0.14425043761730194,
        "bathymetry": 2865.702880859375
      }
    },
    {
      "type": "Feature",
      "geometry": {
        "type": "Point",
        "coordinates": [
          80.89999999999989,
          5.799999999999997
        ]
      },
      "properties": {
        "fish_zone": 0,
        "fish_probability": 0.06333333333333334,
        "sst": 28.409993261471413,
        "chlorophyll": 0.1383175551891327,
        "current_u": -0.20553824305534363,
        "current_v": -0.07678765803575516,
        "bathymetry": 1684.2840576171875
      }
    },
    {
      "type": "Feature",
      "geometry": {
        "type": "Point",
        "coordinates": [
          80.89999999999989,
          5.899999999999997
        ]
      },
      "properties": {
        "fish_zone": 0,
        "fish_probability": 0.02666666666666667,
        "sst": 28.189993266388797,
        "chlorophyll": 0.15338823199272156,
        "current_u": -0.05739991366863251,
        "current_v": -0.011647570878267288,
        "bathymetry": 55.76428985595703
      }
    },
    {
      "type": "Feature",
      "geometry": {
        "type": "Point",
        "coordinates": [
          80.89999999999989,
          5.9999999999999964
        ]
      },
      "properties": {
        "fish_zone": 0,
        "fish_probability": 0.14333333333333334,
        "sst": 28.029993269965075,
        "chlorophyll": 0.5105230808258057,
        "current_u": 0.07691130042076111,
        "current_v": -0.005713414400815964,
        "bathymetry": 65.80726623535156
      }
    },
    {
      "type": "Feature",
      "geometry": {
        "type": "Point",
        "coordinates": [
          80.89999999999989,
          9.199999999999985
        ]
      },
      "properties": {
        "fish_zone": 1,
        "fish_probability": 0.68,
        "sst": 27.8999932728708,
        "chlorophyll": 0.3664550483226776,
        "current_u": -0.08645860105752945,
        "current_v": 0.15860138833522797,
        "bathymetry": 18.495559692382812
      }
    },
    {
      "type": "Feature",
      "geometry": {
        "type": "Point",
        "coordinates": [
          80.89999999999989,
          9.299999999999985
        ]
      },
      "properties": {
        "fish_zone": 1,
        "fish_probability": 0.9666666666666667,
        "sst": 28.00999327041211,
        "chlorophyll": 0.4808600842952728,
        "current_u": -0.11142760515213013,
        "current_v": 0.34935933351516724,
        "bathymetry": 25.211410522460938
      }
    },
    {
      "type": "Feature",
      "geometry": {
        "type": "Point",
        "coordinates": [
          80.89999999999989,
          9.399999999999984
        ]
      },
      "properties": {
        "fish_zone": 1,
        "fish_probability": 0.97,
        "sst": 27.999993270635628,
        "chlorophyll": 0.22056341171264648,
        "current_u": -0.15299257636070251,
        "current_v": 0.4530808925628662,
        "bathymetry": 186.12559509277344
      }
    },
    {
      "type": "Feature",
      "geometry": {
        "type": "Point",
        "coordinates": [
          80.89999999999989,
          9.499999999999984
        ]
      },
      "properties": {
        "fish_zone": 0,
        "fish_probability": 0.06,
        "sst": 28.04999326951804,
        "chlorophyll": 0.16211025416851044,
        "current_u": -0.19939100742340088,
        "current_v": 0.5095940828323364,
        "bathymetry": 763.3331298828125
      }
    },
    {
      "type": "Feature",
      "geometry": {
        "type": "Point",
        "coordinates": [
          80.89999999999989,
          9.599999999999984
        ]
      },
      "properties": {
        "fish_zone": 0,
        "fish_probability": 0.06,
        "sst": 28.109993268176936,
        "chlorophyll": 0.16480717062950134,
        "current_u": -0.21743206679821014,
        "current_v": 0.5204404592514038,
        "bathymetry": 318.1274108886719
      }
    },
    {
      "type": "Feature",
      "geometry": {
        "type": "Point",
        "coordinates": [
          80.89999999999989,
          9.699999999999983
        ]
      },
      "properties": {
        "fish_zone": 0,
        "fish_probability": 0.06,
        "sst": 28.07999326884749,
        "chlorophyll": 0.1660001128911972,
        "current_u": -0.21175692975521088,
        "current_v": 0.502242922782898,
        "bathymetry": 902.3392944335938
      }
    },
    {
      "type": "Feature",
      "geometry": {
        "type": "Point",
        "coordinates": [
          80.89999999999989,
          9.799999999999983
        ]
      },
      "properties": {
        "fish_zone": 0,
        "fish_probability": 0.056666666666666664,
        "sst": 28.149993267282866,
        "chlorophyll": 0.1627708524465561,
        "current_u": -0.16838796436786652,
        "current_v": 0.36223506927490234,
        "bathymetry": 1062.43994140625
      }
    },
    {
      "type": "Feature",
      "geometry": {
        "type": "Point",
        "coordinates": [
          80.89999999999989,
          9.899999999999983
        ]
      },
      "properties": {
        "fish_zone": 0,
        "fish_probability": 0.05333333333333334,
        "sst": 28.16999326683583,
        "chlorophyll": 0.15897080302238464,
        "current_u": -0.15777644515037537,
        "current_v": 0.3002426028251648,
        "bathymetry": 1062.43994140625
      }
    },
    {
      "type": "Feature",
      "geometry": {
        "type": "Point",
        "coordinates": [
          80.99999999999989,
          5.0
        ]
      },
      "properties": {
        "fish_zone": 0,
        "fish_probability": 0.0,
        "sst": 29.349993240460776,
        "chlorophyll": 0.07331259548664093,
        "current_u": -0.09753850847482681,
        "current_v": 0.01146005094051361,
        "bathymetry": 4405.22412109375
      }
    },
    {
      "type": "Feature",
      "geometry": {
        "type": "Point",
        "coordinates": [
          80.99999999999989,
          5.1
        ]
      },
      "properties": {
        "fish_zone": 0,
        "fish_probability": 0.0,
        "sst": 29.269993242248916,
        "chlorophyll": 0.07129785418510437,
        "current_u": -0.07324855029582977,
        "current_v": -0.005197649821639061,
        "bathymetry": 4405.22412109375
      }
    },
    {
      "type": "Feature",
      "geometry": {
        "type": "Point",
        "coordinates": [
          80.99999999999989,
          5.199999999999999
        ]
      },
      "properties": {
        "fish_zone": 0,
        "fish_probability": 0.0,
        "sst": 29.239993242919468,
        "chlorophyll": 0.08176108449697495,
        "current_u": -0.0615219883620739,
        "current_v": -0.033086035400629044,
        "bathymetry": 4405.22412109375
      }
    },
    {
      "type": "Feature",
      "geometry": {
        "type": "Point",
        "coordinates": [
          80.99999999999989,
          5.299999999999999
        ]
      },
      "properties": {
        "fish_zone": 0,
        "fish_probability": 0.0,
        "sst": 29.109993245825194,
        "chlorophyll": 0.08413975685834885,
        "current_u": -0.10106885433197021,
        "current_v": -0.0639825314283371,
        "bathymetry": 4405.22412109375
      }
    },
    {
      "type": "Feature",
      "geometry": {
        "type": "Point",
        "coordinates": [
          80.99999999999989,
          5.399999999999999
        ]
      },
      "properties": {
        "fish_zone": 0,
        "fish_probability": 0.0033333333333333335,
        "sst": 28.959993249177955,
        "chlorophyll": 0.09671320766210556,
        "current_u": -0.19639237225055695,
        "current_v": -0.09192103147506714,
        "bathymetry": 3992.48388671875
      }
    },
    {
      "type": "Feature",
      "geometry": {
        "type": "Point",
        "coordinates": [
          80.99999999999989,
          5.499999999999998
        ]
      },
      "properties": {
        "fish_zone": 0,
        "fish_probability": 0.0033333333333333335,
        "sst": 28.719993254542374,
        "chlorophyll": 0.12177561223506927,
        "current_u": -0.336254358291626,
        "current_v": -0.1346394270658493,
        "bathymetry": 3992.48388671875
      }
    },
    {
      "type": "Feature",
      "geometry": {
        "type": "Point",
        "coordinates": [
          80.99999999999989,
          5.599999999999998
        ]
      },
      "properties": {
        "fish_zone": 0,
        "fish_probability": 0.0,
        "sst": 28.539993258565687,
        "chlorophyll": 0.13520106673240662,
        "current_u": -0.4231182634830475,
        "current_v": -0.1722222864627838,
        "bathymetry": 3992.48388671875
      }
    },
    {
      "type": "Feature",
      "geometry": {
        "type": "Point",
        "coordinates": [
          80.99999999999989,
          5.6999999999999975
        ]
      },
      "properties": {
        "fish_zone": 0,
        "fish_probability": 0.0,
        "sst": 28.46999326013031,
        "chlorophyll": 0.1393296718597412,
        "current_u": -0.41056814789772034,
        "current_v": -0.1786372810602188,
        "bathymetry": 2533.3359375
      }
    },
    {
      "type": "Feature",
      "geometry": {
        "type": "Point",
        "coordinates": [
          80.99999999999989,
          5.799999999999997
        ]
      },
      "properties": {
        "fish_zone": 0,
        "fish_probability": 0.04666666666666667,
        "sst": 28.269993264600657,
        "chlorophyll": 0.13906323909759521,
        "current_u": -0.21801675856113434,
        "current_v": -0.11192572116851807,
        "bathymetry": 1452.2509765625
      }
    },
    {
      "type": "Feature",
      "geometry": {
        "type": "Point",
        "coordinates": [
          80.99999999999989,
          5.899999999999997
        ]
      },
      "properties": {
        "fish_zone": 0,
        "fish_probability": 0.03,
        "sst": 28.08999326862397,
        "chlorophyll": 0.14407427608966827,
        "current_u": -0.063965804874897,
        "current_v": -0.050455257296562195,
        "bathymetry": 92.3260726928711
      }
    },
    {
      "type": "Feature",
      "geometry": {
        "type": "Point",
        "coordinates": [
          80.99999999999989,
          5.9999999999999964
        ]
      },
      "properties": {
        "fish_zone": 0,
        "fish_probability": 0.12666666666666668,
        "sst": 27.92999327220025,
        "chlorophyll": 0.27958425879478455,
        "current_u": 0.04970357194542885,
        "current_v": -0.03575059026479721,
        "bathymetry": 47.37369155883789
      }
    },
    {
      "type": "Feature",
      "geometry": {
        "type": "Point",
        "coordinates": [
          80.99999999999989,
          8.999999999999986
        ]
      },
      "properties": {
        "fish_zone": 1,
        "fish_probability": 0.9933333333333333,
        "sst": 28.019993270188593,
        "chlorophyll": 0.5713030099868774,
        "current_u": -0.10185463726520538,
        "current_v": 0.09763728827238083,
        "bathymetry": 13.467140197753906
      }
    },
    {
      "type": "Feature",
      "geometry": {
        "type": "Point",
        "coordinates": [
          80.99999999999989,
          9.099999999999985
        ]
      },
      "properties": {
        "fish_zone": 1,
        "fish_probability": 0.99,
        "sst": 28.039993269741558,
        "chlorophyll": 0.2800970673561096,
        "current_u": -0.12100890278816223,
        "current_v": 0.2575545012950897,
        "bathymetry": 21.598819732666016
      }
    },
    {
      "type": "Feature",
      "geometry": {
        "type": "Point",
        "coordinates": [
          80.99999999999989,
          9.199999999999985
        ]
      },
      "properties": {
        "fish_zone": 1,
        "fish_probability": 0.9033333333333333,
        "sst": 28.07999326884749,
        "chlorophyll": 0.20088087022304535,
        "current_u": -0.1477561742067337,
        "current_v": 0.3265693783760071,
        "bathymetry": 40.344051361083984
      }
    },
    {
      "type": "Feature",
      "geometry": {
        "type": "Point",
        "coordinates": [
          80.99999999999989,
          9.299999999999985
        ]
      },
      "properties": {
        "fish_zone": 0,
        "fish_probability": 0.056666666666666664,
        "sst": 28.19999326616528,
        "chlorophyll": 0.1576004922389984,
        "current_u": -0.1787572205066681,
        "current_v": 0.4223558306694031,
        "bathymetry": 186.12559509277344
      }
    },
    {
      "type": "Feature",
      "geometry": {
        "type": "Point",
        "coordinates": [
          80.99999999999989,
          9.399999999999984
        ]
      },
      "properties": {
        "fish_zone": 0,
        "fish_probability": 0.056666666666666664,
        "sst": 28.209993265941762,
        "chlorophyll": 0.1572449803352356,
        "current_u": -0.18879666924476624,
        "current_v": 0.4418664276599884,
        "bathymetry": 902.3392944335938
      }
    },
    {
      "type": "Feature",
      "geometry": {
        "type": "Point",
        "coordinates": [
          80.99999999999989,
          9.499999999999984
        ]
      },
      "properties": {
        "fish_zone": 0,
        "fish_probability": 0.0,
        "sst": 28.189993266388797,
        "chlorophyll": 0.15544097125530243,
        "current_u": -0.19896721839904785,
        "current_v": 0.4360194802284241,
        "bathymetry": 2225.077880859375
      }
    },
    {
      "type": "Feature",
      "geometry": {
        "type": "Point",
        "coordinates": [
          80.99999999999989,
          9.599999999999984
        ]
      },
      "properties": {
        "fish_zone": 0,
        "fish_probability": 0.043333333333333335,
        "sst": 28.139993267506384,
        "chlorophyll": 0.1549544632434845,
        "current_u": -0.20750489830970764,
        "current_v": 0.4363587498664856,
        "bathymetry": 1452.2509765625
      }
    },
    {
      "type": "Feature",
      "geometry": {
        "type": "Point",
        "coordinates": [
          80.99999999999989,
          9.699999999999983
        ]
      },
      "properties": {
        "fish_zone": 0,
        "fish_probability": 0.006666666666666667,
        "sst": 28.11999326795342,
        "chlorophyll": 0.15820901095867157,
        "current_u": -0.2092214971780777,
        "current_v": 0.43673235177993774,
        "bathymetry": 1941.8929443359375
      }
    },
    {
      "type": "Feature",
      "geometry": {
        "type": "Point",
        "coordinates": [
          80.99999999999989,
          9.799999999999983
        ]
      },
      "properties": {
        "fish_zone": 0,
        "fish_probability": 0.0033333333333333335,
        "sst": 28.219993265718244,
        "chlorophyll": 0.16273333132266998,
        "current_u": -0.168167382478714,
        "current_v": 0.3368817865848541,
        "bathymetry": 2865.702880859375
      }
    },
    {
      "type": "Feature",
      "geometry": {
        "type": "Point",
        "coordinates": [
          80.99999999999989,
          9.899999999999983
        ]
      },
      "properties": {
        "fish_zone": 0,
        "fish_probability": 0.0033333333333333335,
        "sst": 28.23999326527121,
        "chlorophyll": 0.1551092565059662,
        "current_u": -0.15124794840812683,
        "current_v": 0.2880347967147827,
        "bathymetry": 2865.702880859375
      }
    },
    {
      "type": "Feature",
      "geometry": {
        "type": "Point",
        "coordinates": [
          81.09999999999988,
          5.0
        ]
      },
      "properties": {
        "fish_zone": 0,
        "fish_probability": 0.0,
        "sst": 29.389993239566707,
        "chlorophyll": 0.07876654714345932,
        "current_u": -0.05997742712497711,
        "current_v": -0.006475455593317747,
        "bathymetry": 4405.22412109375
      }
    },
    {
      "type": "Feature",
      "geometry": {
        "type": "Point",
        "coordinates": [
          81.09999999999988,
          5.1
        ]
      },
      "properties": {
        "fish_zone": 0,
        "fish_probability": 0.0,
        "sst": 29.199993243813537,
        "chlorophyll": 0.08346850425004959,
        "current_u": -0.04185038059949875,
        "current_v": -0.02619253657758236,
        "bathymetry": 4405.22412109375
      }
    },
    {
      "type": "Feature",
      "geometry": {
        "type": "Point",
        "coordinates": [
          81.09999999999988,
          5.199999999999999
        ]
      },
      "properties": {
        "fish_zone": 0,
        "fish_probability": 0.0,
        "sst": 29.119993245601677,
        "chlorophyll": 0.08488698303699493,
        "current_u": -0.040994081646203995,
        "current_v": -0.05026668310165405,
        "bathymetry": 4405.22412109375
      }
    },
    {
      "type": "Feature",
      "geometry": {
        "type": "Point",
        "coordinates": [
          81.09999999999988,
          5.299999999999999
        ]
      },
      "properties": {
        "fish_zone": 0,
        "fish_probability": 0.0,
        "sst": 28.97999324873092,
        "chlorophyll": 0.08766070008277893,
        "current_u": -0.09101951867341995,
        "current_v": -0.07552207261323929,
        "bathymetry": 4405.22412109375
      }
    },
    {
      "type": "Feature",
      "geometry": {
        "type": "Point",
        "coordinates": [
          81.09999999999988,
          5.399999999999999
        ]
      },
      "properties": {
        "fish_zone": 0,
        "fish_probability": 0.0033333333333333335,
        "sst": 28.89999325051906,
        "chlorophyll": 0.08680225908756256,
        "current_u": -0.18351814150810242,
        "current_v": -0.10283808410167694,
        "bathymetry": 3992.48388671875
      }
    },
    {
      "type": "Feature",
      "geometry": {
        "type": "Point",
        "coordinates": [
          81.09999999999988,
          5.499999999999998
        ]
      },
      "properties": {
        "fish_zone": 0,
        "fish_probability": 0.0033333333333333335,
        "sst": 28.69999325498941,
        "chlorophyll": 0.11578893661499023,
        "current_u": -0.3167151212692261,
        "current_v": -0.1509980857372284,
        "bathymetry": 3992.48388671875
      }
    },
    {
      "type": "Feature",
      "geometry": {
        "type": "Point",
        "coordinates": [
          81.09999999999988,
          5.599999999999998
        ]
      },
      "properties": {
        "fish_zone": 0,
        "fish_probability": 0.0,
        "sst": 28.529993258789204,
        "chlorophyll": 0.129474475979805,
        "current_u": -0.40312299132347107,
        "current_v": -0.19915692508220673,
        "bathymetry": 3992.48388671875
      }
    },
    {
      "type": "Feature",
      "geometry": {
        "type": "Point",
        "coordinates": [
          81.09999999999988,
          5.6999999999999975
        ]
      },
      "properties": {
        "fish_zone": 0,
        "fish_probability": 0.0033333333333333335,
        "sst": 28.449993260577344,
        "chlorophyll": 0.13994960486888885,
        "current_u": -0.40014737844467163,
        "current_v": -0.22139455378055573,
        "bathymetry": 2533.3359375
      }
    },
    {
      "type": "Feature",
      "geometry": {
        "type": "Point",
        "coordinates": [
          81.09999999999988,
          5.799999999999997
        ]
      },
      "properties": {
        "fish_zone": 0,
        "fish_probability": 0.056666666666666664,
        "sst": 28.23999326527121,
        "chlorophyll": 0.1342846155166626,
        "current_u": -0.21644100546836853,
        "current_v": -0.14951367676258087,
        "bathymetry": 1245.291015625
      }
    },
    {
      "type": "Feature",
      "geometry": {
        "type": "Point",
        "coordinates": [
          81.09999999999988,
          5.899999999999997
        ]
      },
      "properties": {
        "fish_zone": 0,
        "fish_probability": 0.08333333333333333,
        "sst": 28.08999326862397,
        "chlorophyll": 0.1396457403898239,
        "current_u": -0.0603567436337471,
        "current_v": -0.1145407110452652,
        "bathymetry": 77.85385131835938
      }
    },
    {
      "type": "Feature",
      "geometry": {
        "type": "Point",
        "coordinates": [
          81.09999999999988,
          5.9999999999999964
        ]
      },
      "properties": {
        "fish_zone": 0,
        "fish_probability": 0.27,
        "sst": 27.92999327220025,
        "chlorophyll": 0.21673278510570526,
        "current_u": 0.05217767134308815,
        "current_v": -0.09101825952529907,
        "bathymetry": 65.80726623535156
      }
    },
    {
      "type": "Feature",
      "geometry": {
        "type": "Point",
        "coordinates": [
          81.09999999999988,
          8.899999999999986
        ]
      },
      "properties": {
        "fish_zone": 1,
        "fish_probability": 0.97,
        "sst": 28.249993265047692,
        "chlorophyll": 0.2911483347415924,
        "current_u": -0.11015112698078156,
        "current_v": 0.09629754722118378,
        "bathymetry": 13.467140197753906
      }
    },
    {
      "type": "Feature",
      "geometry": {
        "type": "Point",
        "coordinates": [
          81.09999999999988,
          8.999999999999986
        ]
      },
      "properties": {
        "fish_zone": 0,
        "fish_probability": 0.07666666666666666,
        "sst": 28.219993265718244,
        "chlorophyll": 0.18988406658172607,
        "current_u": -0.17702089250087738,
        "current_v": 0.2879868447780609,
        "bathymetry": 40.344051361083984
      }
    },
    {
      "type": "Feature",
      "geometry": {
        "type": "Point",
        "coordinates": [
          81.09999999999988,
          9.099999999999985
        ]
      },
      "properties": {
        "fish_zone": 0,
        "fish_probability": 0.06666666666666667,
        "sst": 28.219993265718244,
        "chlorophyll": 0.16610407829284668,
        "current_u": -0.22727333009243011,
        "current_v": 0.3957845866680145,
        "bathymetry": 222.47520446777344
      }
    },
    {
      "type": "Feature",
      "geometry": {
        "type": "Point",
        "coordinates": [
          81.09999999999988,
          9.199999999999985
        ]
      },
      "properties": {
        "fish_zone": 0,
        "fish_probability": 0.06666666666666667,
        "sst": 28.19999326616528,
        "chlorophyll": 0.1529448926448822,
        "current_u": -0.23047354817390442,
        "current_v": 0.421424001455307,
        "bathymetry": 763.3331298828125
      }
    },
    {
      "type": "Feature",
      "geometry": {
        "type": "Point",
        "coordinates": [
          81.09999999999988,
          9.299999999999985
        ]
      },
      "properties": {
        "fish_zone": 0,
        "fish_probability": 0.06,
        "sst": 28.249993265047692,
        "chlorophyll": 0.14722739160060883,
        "current_u": -0.20248283445835114,
        "current_v": 0.3885473608970642,
        "bathymetry": 763.3331298828125
      }
    },
    {
      "type": "Feature",
      "geometry": {
        "type": "Point",
        "coordinates": [
          81.09999999999988,
          9.399999999999984
        ]
      },
      "properties": {
        "fish_zone": 0,
        "fish_probability": 0.0,
        "sst": 28.27999326437714,
        "chlorophyll": 0.14530663192272186,
        "current_u": -0.20519524812698364,
        "current_v": 0.4079782962799072,
        "bathymetry": 2225.077880859375
      }
    },
    {
      "type": "Feature",
      "geometry": {
        "type": "Point",
        "coordinates": [
          81.09999999999988,
          9.499999999999984
        ]
      },
      "properties": {
        "fish_zone": 0,
        "fish_probability": 0.0,
        "sst": 28.329993263259553,
        "chlorophyll": 0.14328691363334656,
        "current_u": -0.20711418986320496,
        "current_v": 0.41263020038604736,
        "bathymetry": 3220.820068359375
      }
    },
    {
      "type": "Feature",
      "geometry": {
        "type": "Point",
        "coordinates": [
          81.09999999999988,
          9.599999999999984
        ]
      },
      "properties": {
        "fish_zone": 0,
        "fish_probability": 0.0,
        "sst": 28.27999326437714,
        "chlorophyll": 0.1437804251909256,
        "current_u": -0.2089884728193283,
        "current_v": 0.4038064479827881,
        "bathymetry": 3220.820068359375
      }
    },
    {
      "type": "Feature",
      "geometry": {
        "type": "Point",
        "coordinates": [
          81.09999999999988,
          9.699999999999983
        ]
      },
      "properties": {
        "fish_zone": 0,
        "fish_probability": 0.0,
        "sst": 28.259993264824175,
        "chlorophyll": 0.15260881185531616,
        "current_u": -0.2075118124485016,
        "current_v": 0.39415037631988525,
        "bathymetry": 3597.031982421875
      }
    },
    {
      "type": "Feature",
      "geometry": {
        "type": "Point",
        "coordinates": [
          81.09999999999988,
          9.799999999999983
        ]
      },
      "properties": {
        "fish_zone": 0,
        "fish_probability": 0.0,
        "sst": 28.27999326437714,
        "chlorophyll": 0.1530580222606659,
        "current_u": -0.17953187227249146,
        "current_v": 0.33871889114379883,
        "bathymetry": 3597.031982421875
      }
    },
    {
      "type": "Feature",
      "geometry": {
        "type": "Point",
        "coordinates": [
          81.09999999999988,
          9.899999999999983
        ]
      },
      "properties": {
        "fish_zone": 0,
        "fish_probability": 0.0033333333333333335,
        "sst": 28.259993264824175,
        "chlorophyll": 0.15371620655059814,
        "current_u": -0.1640455424785614,
        "current_v": 0.30656635761260986,
        "bathymetry": 3597.031982421875
      }
    },
    {
      "type": "Feature",
      "geometry": {
        "type": "Point",
        "coordinates": [
          81.19999999999987,
          5.0
        ]
      },
      "properties": {
        "fish_zone": 0,
        "fish_probability": 0.0,
        "sst": 29.349993240460776,
        "chlorophyll": 0.08283904194831848,
        "current_u": -0.027133973315358162,
        "current_v": -0.009008046239614487,
        "bathymetry": 4405.22412109375
      }
    },
    {
      "type": "Feature",
      "geometry": {
        "type": "Point",
        "coordinates": [
          81.19999999999987,
          5.1
        ]
      },
      "properties": {
        "fish_zone": 0,
        "fish_probability": 0.0,
        "sst": 29.149993244931125,
        "chlorophyll": 0.08736312389373779,
        "current_u": -0.008278392255306244,
        "current_v": -0.03980081528425217,
        "bathymetry": 4405.22412109375
      }
    },
    {
      "type": "Feature",
      "geometry": {
        "type": "Point",
        "coordinates": [
          81.19999999999987,
          5.199999999999999
        ]
      },
      "properties": {
        "fish_zone": 0,
        "fish_probability": 0.0,
        "sst": 29.069993246719264,
        "chlorophyll": 0.0900266245007515,
        "current_u": -0.017094312235713005,
        "current_v": -0.06307165324687958,
        "bathymetry": 4405.22412109375
      }
    },
    {
      "type": "Feature",
      "geometry": {
        "type": "Point",
        "coordinates": [
          81.19999999999987,
          5.299999999999999
        ]
      },
      "properties": {
        "fish_zone": 0,
        "fish_probability": 0.0,
        "sst": 28.919993250072025,
        "chlorophyll": 0.09587296098470688,
        "current_u": -0.08210297673940659,
        "current_v": -0.0785134956240654,
        "bathymetry": 4405.22412109375
      }
    },
    {
      "type": "Feature",
      "geometry": {
        "type": "Point",
        "coordinates": [
          81.19999999999987,
          5.399999999999999
        ]
      },
      "properties": {
        "fish_zone": 0,
        "fish_probability": 0.006666666666666667,
        "sst": 28.849993251636647,
        "chlorophyll": 0.10147364437580109,
        "current_u": -0.17099232971668243,
        "current_v": -0.10626448690891266,
        "bathymetry": 3992.48388671875
      }
    },
    {
      "type": "Feature",
      "geometry": {
        "type": "Point",
        "coordinates": [
          81.19999999999987,
          5.499999999999998
        ]
      },
      "properties": {
        "fish_zone": 0,
        "fish_probability": 0.0033333333333333335,
        "sst": 28.69999325498941,
        "chlorophyll": 0.11259815096855164,
        "current_u": -0.29415515065193176,
        "current_v": -0.16123558580875397,
        "bathymetry": 3992.48388671875
      }
    },
    {
      "type": "Feature",
      "geometry": {
        "type": "Point",
        "coordinates": [
          81.19999999999987,
          5.599999999999998
        ]
      },
      "properties": {
        "fish_zone": 0,
        "fish_probability": 0.0033333333333333335,
        "sst": 28.54999325834217,
        "chlorophyll": 0.12764155864715576,
        "current_u": -0.38046717643737793,
        "current_v": -0.2190561145544052,
        "bathymetry": 3597.031982421875
      }
    },
    {
      "type": "Feature",
      "geometry": {
        "type": "Point",
        "coordinates": [
          81.19999999999987,
          5.6999999999999975
        ]
      },
      "properties": {
        "fish_zone": 0,
        "fish_probability": 0.0033333333333333335,
        "sst": 28.46999326013031,
        "chlorophyll": 0.13779519498348236,
        "current_u": -0.3903807997703552,
        "current_v": -0.2546475827693939,
        "bathymetry": 3220.820068359375
      }
    },
    {
      "type": "Feature",
      "geometry": {
        "type": "Point",
        "coordinates": [
          81.19999999999987,
          5.799999999999997
        ]
      },
      "properties": {
        "fish_zone": 0,
        "fish_probability": 0.05333333333333334,
        "sst": 28.249993265047692,
        "chlorophyll": 0.1296515166759491,
        "current_u": -0.2045542597770691,
        "current_v": -0.18669244647026062,
        "bathymetry": 1062.43994140625
      }
    },
    {
      "type": "Feature",
      "geometry": {
        "type": "Point",
        "coordinates": [
          81.19999999999987,
          5.899999999999997
        ]
      },
      "properties": {
        "fish_zone": 0,
        "fish_probability": 0.07333333333333333,
        "sst": 28.109993268176936,
        "chlorophyll": 0.13372519612312317,
        "current_u": -0.06101367250084877,
        "current_v": -0.13484595715999603,
        "bathymetry": 155.85069274902344
      }
    },
    {
      "type": "Feature",
      "geometry": {
        "type": "Point",
        "coordinates": [
          81.19999999999987,
          5.9999999999999964
        ]
      },
      "properties": {
        "fish_zone": 0,
        "fish_probability": 0.2733333333333333,
        "sst": 27.92999327220025,
        "chlorophyll": 0.2080279439687729,
        "current_u": 0.06470628082752228,
        "current_v": -0.09120354056358337,
        "bathymetry": 65.80726623535156
      }
    },
    {
      "type": "Feature",
      "geometry": {
        "type": "Point",
        "coordinates": [
          81.19999999999987,
          6.099999999999996
        ]
      },
      "properties": {
        "fish_zone": 0,
        "fish_probability": 0.12,
        "sst": 27.879993273317837,
        "chlorophyll": 1.3239891529083252,
        "current_u": 0.05631444975733757,
        "current_v": -0.07861685752868652,
        "bathymetry": 34.43415069580078
      }
    },
    {
      "type": "Feature",
      "geometry": {
        "type": "Point",
        "coordinates": [
          81.19999999999987,
          8.799999999999986
        ]
      },
      "properties": {
        "fish_zone": 0,
        "fish_probability": 0.08,
        "sst": 28.299993263930105,
        "chlorophyll": 0.1984284669160843,
        "current_u": -0.09781911224126816,
        "current_v": 0.13926060497760773,
        "bathymetry": 11.404999732971191
      }
    },
    {
      "type": "Feature",
      "geometry": {
        "type": "Point",
        "coordinates": [
          81.19999999999987,
          8.899999999999986
        ]
      },
      "properties": {
        "fish_zone": 0,
        "fish_probability": 0.07666666666666666,
        "sst": 28.289993264153622,
        "chlorophyll": 0.1830551028251648,
        "current_u": -0.1709441989660263,
        "current_v": 0.2688523530960083,
        "bathymetry": 47.37369155883789
      }
    },
    {
      "type": "Feature",
      "geometry": {
        "type": "Point",
        "coordinates": [
          81.19999999999987,
          8.999999999999986
        ]
      },
      "properties": {
        "fish_zone": 0,
        "fish_probability": 0.06333333333333334,
        "sst": 28.259993264824175,
        "chlorophyll": 0.1602432131767273,
        "current_u": -0.23505644500255585,
        "current_v": 0.3451780676841736,
        "bathymetry": 318.1274108886719
      }
    },
    {
      "type": "Feature",
      "geometry": {
        "type": "Point",
        "coordinates": [
          81.19999999999987,
          9.099999999999985
        ]
      },
      "properties": {
        "fish_zone": 0,
        "fish_probability": 0.03333333333333333,
        "sst": 28.259993264824175,
        "chlorophyll": 0.14790384471416473,
        "current_u": -0.25885581970214844,
        "current_v": 0.3854006826877594,
        "bathymetry": 1684.2840576171875
      }
    },
    {
      "type": "Feature",
      "geometry": {
        "type": "Point",
        "coordinates": [
          81.19999999999987,
          9.199999999999985
        ]
      },
      "properties": {
        "fish_zone": 0,
        "fish_probability": 0.006666666666666667,
        "sst": 28.229993265494727,
        "chlorophyll": 0.14319904148578644,
        "current_u": -0.257808119058609,
        "current_v": 0.4021943211555481,
        "bathymetry": 2225.077880859375
      }
    },
    {
      "type": "Feature",
      "geometry": {
        "type": "Point",
        "coordinates": [
          81.19999999999987,
          9.299999999999985
        ]
      },
      "properties": {
        "fish_zone": 0,
        "fish_probability": 0.0,
        "sst": 28.249993265047692,
        "chlorophyll": 0.14032097160816193,
        "current_u": -0.2172321379184723,
        "current_v": 0.3585963547229767,
        "bathymetry": 2533.3359375
      }
    },
    {
      "type": "Feature",
      "geometry": {
        "type": "Point",
        "coordinates": [
          81.19999999999987,
          9.399999999999984
        ]
      },
      "properties": {
        "fish_zone": 0,
        "fish_probability": 0.0,
        "sst": 28.269993264600657,
        "chlorophyll": 0.13532541692256927,
        "current_u": -0.20537880063056946,
        "current_v": 0.3469887673854828,
        "bathymetry": 3597.031982421875
      }
    },
    {
      "type": "Feature",
      "geometry": {
        "type": "Point",
        "coordinates": [
          81.19999999999987,
          9.499999999999984
        ]
      },
      "properties": {
        "fish_zone": 0,
        "fish_probability": 0.0,
        "sst": 28.339993263036035,
        "chlorophyll": 0.13534344732761383,
        "current_u": -0.20708172023296356,
        "current_v": 0.34815627336502075,
        "bathymetry": 3597.031982421875
      }
    },
    {
      "type": "Feature",
      "geometry": {
        "type": "Point",
        "coordinates": [
          81.19999999999987,
          9.599999999999984
        ]
      },
      "properties": {
        "fish_zone": 0,
        "fish_probability": 0.0,
        "sst": 28.31999326348307,
        "chlorophyll": 0.13681630790233612,
        "current_u": -0.20974718034267426,
        "current_v": 0.3529832065105438,
        "bathymetry": 3992.48388671875
      }
    },
    {
      "type": "Feature",
      "geometry": {
        "type": "Point",
        "coordinates": [
          81.19999999999987,
          9.699999999999983
        ]
      },
      "properties": {
        "fish_zone": 0,
        "fish_probability": 0.0,
        "sst": 28.309993263706588,
        "chlorophyll": 0.1440209299325943,
        "current_u": -0.20332852005958557,
        "current_v": 0.3488689661026001,
        "bathymetry": 3992.48388671875
      }
    },
    {
      "type": "Feature",
      "geometry": {
        "type": "Point",
        "coordinates": [
          81.19999999999987,
          9.799999999999983
        ]
      },
      "properties": {
        "fish_zone": 0,
        "fish_probability": 0.0,
        "sst": 28.269993264600657,
        "chlorophyll": 0.14525100588798523,
        "current_u": -0.1758340299129486,
        "current_v": 0.30748260021209717,
        "bathymetry": 3992.48388671875
      }
    },
    {
      "type": "Feature",
      "geometry": {
        "type": "Point",
        "coordinates": [
          81.19999999999987,
          9.899999999999983
        ]
      },
      "properties": {
        "fish_zone": 0,
        "fish_probability": 0.0033333333333333335,
        "sst": 28.23999326527121,
        "chlorophyll": 0.1509581208229065,
        "current_u": -0.16122905910015106,
        "current_v": 0.28604546189308167,
        "bathymetry": 3992.48388671875
      }
    },
    {
      "type": "Feature",
      "geometry": {
        "type": "Point",
        "coordinates": [
          81.29999999999987,
          5.0
        ]
      },
      "properties": {
        "fish_zone": 0,
        "fish_probability": 0.0,
        "sst": 29.28999324180188,
        "chlorophyll": 0.08740272372961044,
        "current_u": -0.017533110454678535,
        "current_v": 0.03607546165585518,
        "bathymetry": 4405.22412109375
      }
    },
    {
      "type": "Feature",
      "geometry": {
        "type": "Point",
        "coordinates": [
          81.29999999999987,
          5.1
        ]
      },
      "properties": {
        "fish_zone": 0,
        "fish_probability": 0.0,
        "sst": 29.28999324180188,
        "chlorophyll": 0.09177549183368683,
        "current_u": 0.006426704581826925,
        "current_v": -0.002516862703487277,
        "bathymetry": 4405.22412109375
      }
    },
    {
      "type": "Feature",
      "geometry": {
        "type": "Point",
        "coordinates": [
          81.29999999999987,
          5.199999999999999
        ]
      },
      "properties": {
        "fish_zone": 0,
        "fish_probability": 0.0,
        "sst": 29.269993242248916,
        "chlorophyll": 0.0928821936249733,
        "current_u": 0.011474225670099258,
        "current_v": -0.04485166072845459,
        "bathymetry": 4405.22412109375
      }
    },
    {
      "type": "Feature",
      "geometry": {
        "type": "Point",
        "coordinates": [
          81.29999999999987,
          5.299999999999999
        ]
      },
      "properties": {
        "fish_zone": 0,
        "fish_probability": 0.006666666666666667,
        "sst": 29.08999324627223,
        "chlorophyll": 0.09973172098398209,
        "current_u": -0.056811053305864334,
        "current_v": -0.08082197606563568,
        "bathymetry": 4405.22412109375
      }
    },
    {
      "type": "Feature",
      "geometry": {
        "type": "Point",
        "coordinates": [
          81.29999999999987,
          5.399999999999999
        ]
      },
      "properties": {
        "fish_zone": 0,
        "fish_probability": 0.0033333333333333335,
        "sst": 28.93999324962499,
        "chlorophyll": 0.10710622370243073,
        "current_u": -0.13326917588710785,
        "current_v": -0.11748386919498444,
        "bathymetry": 3992.48388671875
      }
    },
    {
      "type": "Feature",
      "geometry": {
        "type": "Point",
        "coordinates": [
          81.29999999999987,
          5.499999999999998
        ]
      },
      "properties": {
        "fish_zone": 0,
        "fish_probability": 0.0,
        "sst": 28.799993252754234,
        "chlorophyll": 0.11112597584724426,
        "current_u": -0.2280718982219696,
        "current_v": -0.17824457585811615,
        "bathymetry": 3992.48388671875
      }
    },
    {
      "type": "Feature",
      "geometry": {
        "type": "Point",
        "coordinates": [
          81.29999999999987,
          5.599999999999998
        ]
      },
      "properties": {
        "fish_zone": 0,
        "fish_probability": 0.0,
        "sst": 28.639993256330513,
        "chlorophyll": 0.13293837010860443,
        "current_u": -0.314603328704834,
        "current_v": -0.23943312466144562,
        "bathymetry": 3597.031982421875
      }
    },
    {
      "type": "Feature",
      "geometry": {
        "type": "Point",
        "coordinates": [
          81.29999999999987,
          5.6999999999999975
        ]
      },
      "properties": {
        "fish_zone": 0,
        "fish_probability": 0.0,
        "sst": 28.539993258565687,
        "chlorophyll": 0.14183758199214935,
        "current_u": -0.36293768882751465,
        "current_v": -0.27888548374176025,
        "bathymetry": 3992.48388671875
      }
    },
    {
      "type": "Feature",
      "geometry": {
        "type": "Point",
        "coordinates": [
          81.29999999999987,
          5.799999999999997
        ]
      },
      "properties": {
        "fish_zone": 0,
        "fish_probability": 0.013333333333333334,
        "sst": 28.27999326437714,
        "chlorophyll": 0.13801978528499603,
        "current_u": -0.2650304138660431,
        "current_v": -0.2622722387313843,
        "bathymetry": 1452.2509765625
      }
    },
    {
      "type": "Feature",
      "geometry": {
        "type": "Point",
        "coordinates": [
          81.29999999999987,
          5.899999999999997
        ]
      },
      "properties": {
        "fish_zone": 0,
        "fish_probability": 0.03333333333333333,
        "sst": 28.15999326705935,
        "chlorophyll": 0.13627801835536957,
        "current_u": -0.13464899361133575,
        "current_v": -0.20059849321842194,
        "bathymetry": 186.12559509277344
      }
    },
    {
      "type": "Feature",
      "geometry": {
        "type": "Point",
        "coordinates": [
          81.29999999999987,
          5.9999999999999964
        ]
      },
      "properties": {
        "fish_zone": 0,
        "fish_probability": 0.10333333333333333,
        "sst": 28.04999326951804,
        "chlorophyll": 0.1904287338256836,
        "current_u": -0.013578719459474087,
        "current_v": -0.1342875361442566,
        "bathymetry": 65.80726623535156
      }
    },
    {
      "type": "Feature",
      "geometry": {
        "type": "Point",
        "coordinates": [
          81.29999999999987,
          6.099999999999996
        ]
      },
      "properties": {
        "fish_zone": 1,
        "fish_probability": 0.7833333333333333,
        "sst": 27.999993270635628,
        "chlorophyll": 0.5510088801383972,
        "current_u": 0.02462407946586609,
        "current_v": -0.11007113009691238,
        "bathymetry": 47.37369155883789
      }
    },
    {
      "type": "Feature",
      "geometry": {
        "type": "Point",
        "coordinates": [
          81.29999999999987,
          8.599999999999987
        ]
      },
      "properties": {
        "fish_zone": 1,
        "fish_probability": 0.95,
        "sst": 28.46999326013031,
        "chlorophyll": 0.8046241998672485,
        "current_u": -0.14298264682292938,
        "current_v": 0.15450753271579742,
        "bathymetry": 47.37369155883789
      }
    },
    {
      "type": "Feature",
      "geometry": {
        "type": "Point",
        "coordinates": [
          81.29999999999987,
          8.699999999999987
        ]
      },
      "properties": {
        "fish_zone": 1,
        "fish_probability": 0.93,
        "sst": 28.449993260577344,
        "chlorophyll": 0.33692142367362976,
        "current_u": -0.16126002371311188,
        "current_v": 0.21709468960762024,
        "bathymetry": 380.2130126953125
      }
    },
    {
      "type": "Feature",
      "geometry": {
        "type": "Point",
        "coordinates": [
          81.29999999999987,
          8.799999999999986
        ]
      },
      "properties": {
        "fish_zone": 0,
        "fish_probability": 0.02,
        "sst": 28.379993262141966,
        "chlorophyll": 0.1841675043106079,
        "current_u": -0.21709094941616058,
        "current_v": 0.3029543459415436,
        "bathymetry": 1684.2840576171875
      }
    },
    {
      "type": "Feature",
      "geometry": {
        "type": "Point",
        "coordinates": [
          81.29999999999987,
          8.899999999999986
        ]
      },
      "properties": {
        "fish_zone": 0,
        "fish_probability": 0.016666666666666666,
        "sst": 28.39999326169493,
        "chlorophyll": 0.141908660531044,
        "current_u": -0.2433970868587494,
        "current_v": 0.29805105924606323,
        "bathymetry": 1684.2840576171875
      }
    },
    {
      "type": "Feature",
      "geometry": {
        "type": "Point",
        "coordinates": [
          81.29999999999987,
          8.999999999999986
        ]
      },
      "properties": {
        "fish_zone": 0,
        "fish_probability": 0.0,
        "sst": 28.299993263930105,
        "chlorophyll": 0.15302853286266327,
        "current_u": -0.24600717425346375,
        "current_v": 0.2799701392650604,
        "bathymetry": 2225.077880859375
      }
    },
    {
      "type": "Feature",
      "geometry": {
        "type": "Point",
        "coordinates": [
          81.29999999999987,
          9.099999999999985
        ]
      },
      "properties": {
        "fish_zone": 0,
        "fish_probability": 0.0,
        "sst": 28.27999326437714,
        "chlorophyll": 0.14645282924175262,
        "current_u": -0.23841248452663422,
        "current_v": 0.2729131281375885,
        "bathymetry": 3220.820068359375
      }
    },
    {
      "type": "Feature",
      "geometry": {
        "type": "Point",
        "coordinates": [
          81.29999999999987,
          9.199999999999985
        ]
      },
      "properties": {
        "fish_zone": 0,
        "fish_probability": 0.0,
        "sst": 28.269993264600657,
        "chlorophyll": 0.13448737561702728,
        "current_u": -0.2327536791563034,
        "current_v": 0.27699750661849976,
        "bathymetry": 3597.031982421875
      }
    },
    {
      "type": "Feature",
      "geometry": {
        "type": "Point",
        "coordinates": [
          81.29999999999987,
          9.299999999999985
        ]
      },
      "properties": {
        "fish_zone": 0,
        "fish_probability": 0.0,
        "sst": 28.259993264824175,
        "chlorophyll": 0.13016727566719055,
        "current_u": -0.23650981485843658,
        "current_v": 0.3011806905269623,
        "bathymetry": 3992.48388671875
      }
    },
    {
      "type": "Feature",
      "geometry": {
        "type": "Point",
        "coordinates": [
          81.29999999999987,
          9.399999999999984
        ]
      },
      "properties": {
        "fish_zone": 0,
        "fish_probability": 0.0,
        "sst": 28.219993265718244,
        "chlorophyll": 0.1265099048614502,
        "current_u": -0.2349497228860855,
        "current_v": 0.3123059570789337,
        "bathymetry": 3992.48388671875
      }
    },
    {
      "type": "Feature",
      "geometry": {
        "type": "Point",
        "coordinates": [
          81.29999999999987,
          9.499999999999984
        ]
      },
      "properties": {
        "fish_zone": 0,
        "fish_probability": 0.0,
        "sst": 28.219993265718244,
        "chlorophyll": 0.12819235026836395,
        "current_u": -0.22908107936382294,
        "current_v": 0.3208138048648834,
        "bathymetry": 3992.48388671875
      }
    },
    {
      "type": "Feature",
      "geometry": {
        "type": "Point",
        "coordinates": [
          81.29999999999987,
          9.599999999999984
        ]
      },
      "properties": {
        "fish_zone": 0,
        "fish_probability": 0.0,
        "sst": 28.23999326527121,
        "chlorophyll": 0.12922708690166473,
        "current_u": -0.21901223063468933,
        "current_v": 0.3277396857738495,
        "bathymetry": 3992.48388671875
      }
    },
    {
      "type": "Feature",
      "geometry": {
        "type": "Point",
        "coordinates": [
          81.29999999999987,
          9.699999999999983
        ]
      },
      "properties": {
        "fish_zone": 0,
        "fish_probability": 0.0,
        "sst": 28.229993265494727,
        "chlorophyll": 0.13158787786960602,
        "current_u": -0.20433054864406586,
        "current_v": 0.33446696400642395,
        "bathymetry": 3597.031982421875
      }
    },
    {
      "type": "Feature",
      "geometry": {
        "type": "Point",
        "coordinates": [
          81.29999999999987,
          9.799999999999983
        ]
      },
      "properties": {
        "fish_zone": 0,
        "fish_probability": 0.0,
        "sst": 28.08999326862397,
        "chlorophyll": 0.1435181200504303,
        "current_u": -0.15986394882202148,
        "current_v": 0.3324068486690521,
        "bathymetry": 3992.48388671875
      }
    },
    {
      "type": "Feature",
      "geometry": {
        "type": "Point",
        "coordinates": [
          81.29999999999987,
          9.899999999999983
        ]
      },
      "properties": {
        "fish_zone": 0,
        "fish_probability": 0.0,
        "sst": 28.069993269071006,
        "chlorophyll": 0.14879706501960754,
        "current_u": -0.13347889482975006,
        "current_v": 0.3145674169063568,
        "bathymetry": 3992.48388671875
      }
    },
    {
      "type": "Feature",
      "geometry": {
        "type": "Point",
        "coordinates": [
          81.39999999999986,
          5.0
        ]
      },
      "properties": {
        "fish_zone": 0,
        "fish_probability": 0.0,
        "sst": 29.389993239566707,
        "chlorophyll": 0.08790604025125504,
        "current_u": -0.011745607480406761,
        "current_v": 0.043508730828762054,
        "bathymetry": 4405.22412109375
      }
    },
    {
      "type": "Feature",
      "geometry": {
        "type": "Point",
        "coordinates": [
          81.39999999999986,
          5.1
        ]
      },
      "properties": {
        "fish_zone": 0,
        "fish_probability": 0.0,
        "sst": 29.40999323911967,
        "chlorophyll": 0.09334780275821686,
        "current_u": 0.0035080143716186285,
        "current_v": 0.017856772989034653,
        "bathymetry": 4405.22412109375
      }
    },
    {
      "type": "Feature",
      "geometry": {
        "type": "Point",
        "coordinates": [
          81.39999999999986,
          5.199999999999999
        ]
      },
      "properties": {
        "fish_zone": 0,
        "fish_probability": 0.0,
        "sst": 29.39999323934319,
        "chlorophyll": 0.09607970714569092,
        "current_u": 0.019013797864317894,
        "current_v": -0.026791194453835487,
        "bathymetry": 4405.22412109375
      }
    },
    {
      "type": "Feature",
      "geometry": {
        "type": "Point",
        "coordinates": [
          81.39999999999986,
          5.299999999999999
        ]
      },
      "properties": {
        "fish_zone": 0,
        "fish_probability": 0.0033333333333333335,
        "sst": 29.239993242919468,
        "chlorophyll": 0.1058238223195076,
        "current_u": -0.03517087548971176,
        "current_v": -0.0911460742354393,
        "bathymetry": 4405.22412109375
      }
    },
    {
      "type": "Feature",
      "geometry": {
        "type": "Point",
        "coordinates": [
          81.39999999999986,
          5.399999999999999
        ]
      },
      "properties": {
        "fish_zone": 0,
        "fish_probability": 0.0033333333333333335,
        "sst": 29.08999324627223,
        "chlorophyll": 0.11146057397127151,
        "current_u": -0.10168249905109406,
        "current_v": -0.12614254653453827,
        "bathymetry": 3992.48388671875
      }
    },
    {
      "type": "Feature",
      "geometry": {
        "type": "Point",
        "coordinates": [
          81.39999999999986,
          5.499999999999998
        ]
      },
      "properties": {
        "fish_zone": 0,
        "fish_probability": 0.0,
        "sst": 28.929993249848508,
        "chlorophyll": 0.10995616763830185,
        "current_u": -0.18172751367092133,
        "current_v": -0.17288674414157867,
        "bathymetry": 3992.48388671875
      }
    },
    {
      "type": "Feature",
      "geometry": {
        "type": "Point",
        "coordinates": [
          81.39999999999986,
          5.599999999999998
        ]
      },
      "properties": {
        "fish_zone": 0,
        "fish_probability": 0.0,
        "sst": 28.69999325498941,
        "chlorophyll": 0.13211004436016083,
        "current_u": -0.26713991165161133,
        "current_v": -0.22650739550590515,
        "bathymetry": 3992.48388671875
      }
    },
    {
      "type": "Feature",
      "geometry": {
        "type": "Point",
        "coordinates": [
          81.39999999999986,
          5.6999999999999975
        ]
      },
      "properties": {
        "fish_zone": 0,
        "fish_probability": 0.0,
        "sst": 28.579993257671617,
        "chlorophyll": 0.14849060773849487,
        "current_u": -0.32969531416893005,
        "current_v": -0.27892863750457764,
        "bathymetry": 3992.48388671875
      }
    },
    {
      "type": "Feature",
      "geometry": {
        "type": "Point",
        "coordinates": [
          81.39999999999986,
          5.799999999999997
        ]
      },
      "properties": {
        "fish_zone": 0,
        "fish_probability": 0.0,
        "sst": 28.269993264600657,
        "chlorophyll": 0.14589823782444,
        "current_u": -0.2950360178947449,
        "current_v": -0.2909696102142334,
        "bathymetry": 2533.3359375
      }
    },
    {
      "type": "Feature",
      "geometry": {
        "type": "Point",
        "coordinates": [
          81.39999999999986,
          5.899999999999997
        ]
      },
      "properties": {
        "fish_zone": 0,
        "fish_probability": 0.02666666666666667,
        "sst": 28.1299932677299,
        "chlorophyll": 0.14567075669765472,
        "current_u": -0.1889478862285614,
        "current_v": -0.23907925188541412,
        "bathymetry": 1062.43994140625
      }
    },
    {
      "type": "Feature",
      "geometry": {
        "type": "Point",
        "coordinates": [
          81.39999999999986,
          5.9999999999999964
        ]
      },
      "properties": {
        "fish_zone": 0,
        "fish_probability": 0.07666666666666666,
        "sst": 28.08999326862397,
        "chlorophyll": 0.181900292634964,
        "current_u": -0.06688974797725677,
        "current_v": -0.16765248775482178,
        "bathymetry": 155.85069274902344
      }
    },
    {
      "type": "Feature",
      "geometry": {
        "type": "Point",
        "coordinates": [
          81.39999999999986,
          6.099999999999996
        ]
      },
      "properties": {
        "fish_zone": 0,
        "fish_probability": 0.27,
        "sst": 28.109993268176936,
        "chlorophyll": 0.25143980979919434,
        "current_u": 0.008298897184431553,
        "current_v": -0.09079279005527496,
        "bathymetry": 77.85385131835938
      }
    },
    {
      "type": "Feature",
      "geometry": {
        "type": "Point",
        "coordinates": [
          81.39999999999986,
          6.199999999999996
        ]
      },
      "properties": {
        "fish_zone": 0,
        "fish_probability": 0.10333333333333333,
        "sst": 28.1299932677299,
        "chlorophyll": 1.17837655544281,
        "current_u": -0.01111634075641632,
        "current_v": -0.07351386547088623,
        "bathymetry": 15.810070037841797
      }
    },
    {
      "type": "Feature",
      "geometry": {
        "type": "Point",
        "coordinates": [
          81.39999999999986,
          8.299999999999988
        ]
      },
      "properties": {
        "fish_zone": 1,
        "fish_probability": 0.52,
        "sst": 28.529993258789204,
        "chlorophyll": 0.9758631587028503,
        "current_u": -0.04382678493857384,
        "current_v": 0.10755366832017899,
        "bathymetry": 18.495559692382812
      }
    },
    {
      "type": "Feature",
      "geometry": {
        "type": "Point",
        "coordinates": [
          81.39999999999986,
          8.399999999999988
        ]
      },
      "properties": {
        "fish_zone": 0,
        "fish_probability": 0.48,
        "sst": 28.539993258565687,
        "chlorophyll": 1.0915297269821167,
        "current_u": -0.058113813400268555,
        "current_v": 0.16744278371334076,
        "bathymetry": 21.598819732666016
      }
    },
    {
      "type": "Feature",
      "geometry": {
        "type": "Point",
        "coordinates": [
          81.39999999999986,
          8.499999999999988
        ]
      },
      "properties": {
        "fish_zone": 1,
        "fish_probability": 0.9333333333333333,
        "sst": 28.559993258118652,
        "chlorophyll": 0.2918936312198639,
        "current_u": -0.1021706759929657,
        "current_v": 0.19232165813446045,
        "bathymetry": 40.344051361083984
      }
    },
    {
      "type": "Feature",
      "geometry": {
        "type": "Point",
        "coordinates": [
          81.39999999999986,
          8.599999999999987
        ]
      },
      "properties": {
        "fish_zone": 1,
        "fish_probability": 0.9566666666666667,
        "sst": 28.5899932574481,
        "chlorophyll": 0.2610776424407959,
        "current_u": -0.1520383507013321,
        "current_v": 0.18087798357009888,
        "bathymetry": 65.80726623535156
      }
    },
    {
      "type": "Feature",
      "geometry": {
        "type": "Point",
        "coordinates": [
          81.39999999999986,
          8.699999999999987
        ]
      },
      "properties": {
        "fish_zone": 0,
        "fish_probability": 0.02,
        "sst": 28.5899932574481,
        "chlorophyll": 0.14496779441833496,
        "current_u": -0.173238605260849,
        "current_v": 0.19260182976722717,
        "bathymetry": 763.3331298828125
      }
    },
    {
      "type": "Feature",
      "geometry": {
        "type": "Point",
        "coordinates": [
          81.39999999999986,
          8.799999999999986
        ]
      },
      "properties": {
        "fish_zone": 0,
        "fish_probability": 0.0,
        "sst": 28.499993259459757,
        "chlorophyll": 0.12575063109397888,
        "current_u": -0.20411740243434906,
        "current_v": 0.2242426723241806,
        "bathymetry": 2533.3359375
      }
    },
    {
      "type": "Feature",
      "geometry": {
        "type": "Point",
        "coordinates": [
          81.39999999999986,
          8.899999999999986
        ]
      },
      "properties": {
        "fish_zone": 0,
        "fish_probability": 0.0,
        "sst": 28.46999326013031,
        "chlorophyll": 0.12532320618629456,
        "current_u": -0.22265611588954926,
        "current_v": 0.24194809794425964,
        "bathymetry": 2865.702880859375
      }
    },
    {
      "type": "Feature",
      "geometry": {
        "type": "Point",
        "coordinates": [
          81.39999999999986,
          8.999999999999986
        ]
      },
      "properties": {
        "fish_zone": 0,
        "fish_probability": 0.0,
        "sst": 28.339993263036035,
        "chlorophyll": 0.1303848773241043,
        "current_u": -0.2326352298259735,
        "current_v": 0.2527788579463959,
        "bathymetry": 3220.820068359375
      }
    },
    {
      "type": "Feature",
      "geometry": {
        "type": "Point",
        "coordinates": [
          81.39999999999986,
          9.099999999999985
        ]
      },
      "properties": {
        "fish_zone": 0,
        "fish_probability": 0.0,
        "sst": 28.359993262589,
        "chlorophyll": 0.13416925072669983,
        "current_u": -0.23523584008216858,
        "current_v": 0.25969696044921875,
        "bathymetry": 3597.031982421875
      }
    },
    {
      "type": "Feature",
      "geometry": {
        "type": "Point",
        "coordinates": [
          81.39999999999986,
          9.199999999999985
        ]
      },
      "properties": {
        "fish_zone": 0,
        "fish_probability": 0.0,
        "sst": 28.339993263036035,
        "chlorophyll": 0.12993130087852478,
        "current_u": -0.23734216392040253,
        "current_v": 0.27177348732948303,
        "bathymetry": 3992.48388671875
      }
    },
    {
      "type": "Feature",
      "geometry": {
        "type": "Point",
        "coordinates": [
          81.39999999999986,
          9.299999999999985
        ]
      },
      "properties": {
        "fish_zone": 0,
        "fish_probability": 0.0,
        "sst": 28.269993264600657,
        "chlorophyll": 0.1278572678565979,
        "current_u": -0.2429303079843521,
        "current_v": 0.3020423352718353,
        "bathymetry": 3992.48388671875
      }
    },
    {
      "type": "Feature",
      "geometry": {
        "type": "Point",
        "coordinates": [
          81.39999999999986,
          9.399999999999984
        ]
      },
      "properties": {
        "fish_zone": 0,
        "fish_probability": 0.0,
        "sst": 28.219993265718244,
        "chlorophyll": 0.1310034543275833,
        "current_u": -0.24255874752998352,
        "current_v": 0.31496497988700867,
        "bathymetry": 3992.48388671875
      }
    },
    {
      "type": "Feature",
      "geometry": {
        "type": "Point",
        "coordinates": [
          81.39999999999986,
          9.499999999999984
        ]
      },
      "properties": {
        "fish_zone": 0,
        "fish_probability": 0.0,
        "sst": 28.149993267282866,
        "chlorophyll": 0.12401821464300156,
        "current_u": -0.23899197578430176,
        "current_v": 0.326907217502594,
        "bathymetry": 3992.48388671875
      }
    },
    {
      "type": "Feature",
      "geometry": {
        "type": "Point",
        "coordinates": [
          81.39999999999986,
          9.599999999999984
        ]
      },
      "properties": {
        "fish_zone": 0,
        "fish_probability": 0.0,
        "sst": 28.179993266612314,
        "chlorophyll": 0.12274053692817688,
        "current_u": -0.23037046194076538,
        "current_v": 0.3384750485420227,
        "bathymetry": 3992.48388671875
      }
    },
    {
      "type": "Feature",
      "geometry": {
        "type": "Point",
        "coordinates": [
          81.39999999999986,
          9.699999999999983
        ]
      },
      "properties": {
        "fish_zone": 0,
        "fish_probability": 0.0,
        "sst": 28.179993266612314,
        "chlorophyll": 0.12618078291416168,
        "current_u": -0.2155018150806427,
        "current_v": 0.3490648567676544,
        "bathymetry": 3597.031982421875
      }
    },
    {
      "type": "Feature",
      "geometry": {
        "type": "Point",
        "coordinates": [
          81.39999999999986,
          9.799999999999983
        ]
      },
      "properties": {
        "fish_zone": 0,
        "fish_probability": 0.0,
        "sst": 28.04999326951804,
        "chlorophyll": 0.1382209211587906,
        "current_u": -0.16739945113658905,
        "current_v": 0.3623536229133606,
        "bathymetry": 3992.48388671875
      }
    },
    {
      "type": "Feature",
      "geometry": {
        "type": "Point",
        "coordinates": [
          81.39999999999986,
          9.899999999999983
        ]
      },
      "properties": {
        "fish_zone": 0,
        "fish_probability": 0.0,
        "sst": 28.019993270188593,
        "chlorophyll": 0.1448109745979309,
        "current_u": -0.13465428352355957,
        "current_v": 0.35436543822288513,
        "bathymetry": 3992.48388671875
      }
    },
    {
      "type": "Feature",
      "geometry": {
        "type": "Point",
        "coordinates": [
          81.49999999999986,
          5.0
        ]
      },
      "properties": {
        "fish_zone": 0,
        "fish_probability": 0.0,
        "sst": 29.43999323844912,
        "chlorophyll": 0.08410994708538055,
        "current_u": 0.004144139122217894,
        "current_v": 0.043801501393318176,
        "bathymetry": 4405.22412109375
      }
    },
    {
      "type": "Feature",
      "geometry": {
        "type": "Point",
        "coordinates": [
          81.49999999999986,
          5.1
        ]
      },
      "properties": {
        "fish_zone": 0,
        "fish_probability": 0.0,
        "sst": 29.379993239790224,
        "chlorophyll": 0.08973255008459091,
        "current_u": 0.01136811077594757,
        "current_v": 0.031505052000284195,
        "bathymetry": 4405.22412109375
      }
    },
    {
      "type": "Feature",
      "geometry": {
        "type": "Point",
        "coordinates": [
          81.49999999999986,
          5.199999999999999
        ]
      },
      "properties": {
        "fish_zone": 0,
        "fish_probability": 0.0,
        "sst": 29.31999324113133,
        "chlorophyll": 0.09637940675020218,
        "current_u": 0.030898407101631165,
        "current_v": -0.004546761512756348,
        "bathymetry": 4405.22412109375
      }
    },
    {
      "type": "Feature",
      "geometry": {
        "type": "Point",
        "coordinates": [
          81.49999999999986,
          5.299999999999999
        ]
      },
      "properties": {
        "fish_zone": 0,
        "fish_probability": 0.006666666666666667,
        "sst": 29.20999324359002,
        "chlorophyll": 0.10948257893323898,
        "current_u": -0.01124502718448639,
        "current_v": -0.09259740263223648,
        "bathymetry": 4405.22412109375
      }
    },
    {
      "type": "Feature",
      "geometry": {
        "type": "Point",
        "coordinates": [
          81.49999999999986,
          5.399999999999999
        ]
      },
      "properties": {
        "fish_zone": 0,
        "fish_probability": 0.006666666666666667,
        "sst": 29.149993244931125,
        "chlorophyll": 0.1134609505534172,
        "current_u": -0.07010560482740402,
        "current_v": -0.12224853783845901,
        "bathymetry": 4405.22412109375
      }
    },
    {
      "type": "Feature",
      "geometry": {
        "type": "Point",
        "coordinates": [
          81.49999999999986,
          5.499999999999998
        ]
      },
      "properties": {
        "fish_zone": 0,
        "fish_probability": 0.0033333333333333335,
        "sst": 29.029993247613334,
        "chlorophyll": 0.10845991224050522,
        "current_u": -0.1419615000486374,
        "current_v": -0.15017154812812805,
        "bathymetry": 3992.48388671875
      }
    },
    {
      "type": "Feature",
      "geometry": {
        "type": "Point",
        "coordinates": [
          81.49999999999986,
          5.599999999999998
        ]
      },
      "properties": {
        "fish_zone": 0,
        "fish_probability": 0.0,
        "sst": 28.829993252083682,
        "chlorophyll": 0.13181297481060028,
        "current_u": -0.2310938537120819,
        "current_v": -0.18754525482654572,
        "bathymetry": 3992.48388671875
      }
    },
    {
      "type": "Feature",
      "geometry": {
        "type": "Point",
        "coordinates": [
          81.49999999999986,
          5.6999999999999975
        ]
      },
      "properties": {
        "fish_zone": 0,
        "fish_probability": 0.0,
        "sst": 28.69999325498941,
        "chlorophyll": 0.13914047181606293,
        "current_u": -0.30845844745635986,
        "current_v": -0.2481631636619568,
        "bathymetry": 3992.48388671875
      }
    },
    {
      "type": "Feature",
      "geometry": {
        "type": "Point",
        "coordinates": [
          81.49999999999986,
          5.799999999999997
        ]
      },
      "properties": {
        "fish_zone": 0,
        "fish_probability": 0.0,
        "sst": 28.329993263259553,
        "chlorophyll": 0.14196522533893585,
        "current_u": -0.3181386888027191,
        "current_v": -0.31647974252700806,
        "bathymetry": 3992.48388671875
      }
    },
    {
      "type": "Feature",
      "geometry": {
        "type": "Point",
        "coordinates": [
          81.49999999999986,
          5.899999999999997
        ]
      },
      "properties": {
        "fish_zone": 0,
        "fish_probability": 0.0,
        "sst": 28.15999326705935,
        "chlorophyll": 0.15450523793697357,
        "current_u": -0.2470996081829071,
        "current_v": -0.2747192978858948,
        "bathymetry": 2865.702880859375
      }
    },
    {
      "type": "Feature",
      "geometry": {
        "type": "Point",
        "coordinates": [
          81.49999999999986,
          5.9999999999999964
        ]
      },
      "properties": {
        "fish_zone": 0,
        "fish_probability": 0.04666666666666667,
        "sst": 28.08999326862397,
        "chlorophyll": 0.19235269725322723,
        "current_u": -0.14096033573150635,
        "current_v": -0.1995667964220047,
        "bathymetry": 1245.291015625
      }
    },
    {
      "type": "Feature",
      "geometry": {
        "type": "Point",
        "coordinates": [
          81.49999999999986,
          6.099999999999996
        ]
      },
      "properties": {
        "fish_zone": 1,
        "fish_probability": 0.89,
        "sst": 28.08999326862397,
        "chlorophyll": 0.22195202112197876,
        "current_u": -0.05162734538316727,
        "current_v": -0.11203408986330032,
        "bathymetry": 130.66600036621094
      }
    },
    {
      "type": "Feature",
      "geometry": {
        "type": "Point",
        "coordinates": [
          81.49999999999986,
          6.199999999999996
        ]
      },
      "properties": {
        "fish_zone": 0,
        "fish_probability": 0.15666666666666668,
        "sst": 28.099993268400453,
        "chlorophyll": 0.5812724828720093,
        "current_u": -0.030933761969208717,
        "current_v": -0.06326338648796082,
        "bathymetry": 47.37369155883789
      }
    },
    {
      "type": "Feature",
      "geometry": {
        "type": "Point",
        "coordinates": [
          81.49999999999986,
          6.299999999999995
        ]
      },
      "properties": {
        "fish_zone": 0,
        "fish_probability": 0.03666666666666667,
        "sst": 28.179993266612314,
        "chlorophyll": 1.758884310722351,
        "current_u": -0.023374920710921288,
        "current_v": -0.0507788360118866,
        "bathymetry": 11.404999732971191
      }
    },
    {
      "type": "Feature",
      "geometry": {
        "type": "Point",
        "coordinates": [
          81.49999999999986,
          8.099999999999989
        ]
      },
      "properties": {
        "fish_zone": 0,
        "fish_probability": 0.02,
        "sst": 28.189993266388797,
        "chlorophyll": 0.20705567300319672,
        "current_u": -0.0461009182035923,
        "current_v": 0.036110181361436844,
        "bathymetry": 9.572997093200684
      }
    },
    {
      "type": "Feature",
      "geometry": {
        "type": "Point",
        "coordinates": [
          81.49999999999986,
          8.199999999999989
        ]
      },
      "properties": {
        "fish_zone": 0,
        "fish_probability": 0.48,
        "sst": 28.259993264824175,
        "chlorophyll": 0.38285577297210693,
        "current_u": -0.058937229216098785,
        "current_v": 0.10478036850690842,
        "bathymetry": 25.211410522460938
      }
    },
    {
      "type": "Feature",
      "geometry": {
        "type": "Point",
        "coordinates": [
          81.49999999999986,
          8.299999999999988
        ]
      },
      "properties": {
        "fish_zone": 1,
        "fish_probability": 0.5133333333333333,
        "sst": 28.499993259459757,
        "chlorophyll": 0.3885687589645386,
        "current_u": -0.06176793575286865,
        "current_v": 0.14562970399856567,
        "bathymetry": 34.43415069580078
      }
    },
    {
      "type": "Feature",
      "geometry": {
        "type": "Point",
        "coordinates": [
          81.49999999999986,
          8.399999999999988
        ]
      },
      "properties": {
        "fish_zone": 1,
        "fish_probability": 0.58,
        "sst": 28.559993258118652,
        "chlorophyll": 0.258534699678421,
        "current_u": -0.07695981860160828,
        "current_v": 0.13148899376392365,
        "bathymetry": 47.37369155883789
      }
    },
    {
      "type": "Feature",
      "geometry": {
        "type": "Point",
        "coordinates": [
          81.49999999999986,
          8.499999999999988
        ]
      },
      "properties": {
        "fish_zone": 0,
        "fish_probability": 0.03,
        "sst": 28.559993258118652,
        "chlorophyll": 0.15466420352458954,
        "current_u": -0.12144998461008072,
        "current_v": 0.1472359001636505,
        "bathymetry": 186.12559509277344
      }
    },
    {
      "type": "Feature",
      "geometry": {
        "type": "Point",
        "coordinates": [
          81.49999999999986,
          8.599999999999987
        ]
      },
      "properties": {
        "fish_zone": 0,
        "fish_probability": 0.023333333333333334,
        "sst": 28.449993260577344,
        "chlorophyll": 0.12315934896469116,
        "current_u": -0.1605074405670166,
        "current_v": 0.15817025303840637,
        "bathymetry": 763.3331298828125
      }
    },
    {
      "type": "Feature",
      "geometry": {
        "type": "Point",
        "coordinates": [
          81.49999999999986,
          8.699999999999987
        ]
      },
      "properties": {
        "fish_zone": 0,
        "fish_probability": 0.01,
        "sst": 28.43999326080086,
        "chlorophyll": 0.12838047742843628,
        "current_u": -0.1784052699804306,
        "current_v": 0.1622151881456375,
        "bathymetry": 1941.8929443359375
      }
    },
    {
      "type": "Feature",
      "geometry": {
        "type": "Point",
        "coordinates": [
          81.49999999999986,
          8.799999999999986
        ]
      },
      "properties": {
        "fish_zone": 0,
        "fish_probability": 0.0,
        "sst": 28.449993260577344,
        "chlorophyll": 0.12030685693025589,
        "current_u": -0.20578764379024506,
        "current_v": 0.18793871998786926,
        "bathymetry": 2865.702880859375
      }
    },
    {
      "type": "Feature",
      "geometry": {
        "type": "Point",
        "coordinates": [
          81.49999999999986,
          8.899999999999986
        ]
      },
      "properties": {
        "fish_zone": 0,
        "fish_probability": 0.0,
        "sst": 28.43999326080086,
        "chlorophyll": 0.12212330847978592,
        "current_u": -0.2187502384185791,
        "current_v": 0.20924989879131317,
        "bathymetry": 3220.820068359375
      }
    },
    {
      "type": "Feature",
      "geometry": {
        "type": "Point",
        "coordinates": [
          81.49999999999986,
          8.999999999999986
        ]
      },
      "properties": {
        "fish_zone": 0,
        "fish_probability": 0.0,
        "sst": 28.419993261247896,
        "chlorophyll": 0.1280134916305542,
        "current_u": -0.22892291843891144,
        "current_v": 0.23057787120342255,
        "bathymetry": 3597.031982421875
      }
    },
    {
      "type": "Feature",
      "geometry": {
        "type": "Point",
        "coordinates": [
          81.49999999999986,
          9.099999999999985
        ]
      },
      "properties": {
        "fish_zone": 0,
        "fish_probability": 0.0,
        "sst": 28.47999325990679,
        "chlorophyll": 0.12763626873493195,
        "current_u": -0.23612245917320251,
        "current_v": 0.24871870875358582,
        "bathymetry": 3597.031982421875
      }
    },
    {
      "type": "Feature",
      "geometry": {
        "type": "Point",
        "coordinates": [
          81.49999999999986,
          9.199999999999985
        ]
      },
      "properties": {
        "fish_zone": 0,
        "fish_probability": 0.0,
        "sst": 28.43999326080086,
        "chlorophyll": 0.12589111924171448,
        "current_u": -0.24259336292743683,
        "current_v": 0.26524606347084045,
        "bathymetry": 3597.031982421875
      }
    },
    {
      "type": "Feature",
      "geometry": {
        "type": "Point",
        "coordinates": [
          81.49999999999986,
          9.299999999999985
        ]
      },
      "properties": {
        "fish_zone": 0,
        "fish_probability": 0.0,
        "sst": 28.229993265494727,
        "chlorophyll": 0.12477347254753113,
        "current_u": -0.2526262700557709,
        "current_v": 0.2998678982257843,
        "bathymetry": 3992.48388671875
      }
    },
    {
      "type": "Feature",
      "geometry": {
        "type": "Point",
        "coordinates": [
          81.49999999999986,
          9.399999999999984
        ]
      },
      "properties": {
        "fish_zone": 0,
        "fish_probability": 0.0,
        "sst": 28.179993266612314,
        "chlorophyll": 0.1297295093536377,
        "current_u": -0.25147324800491333,
        "current_v": 0.313629686832428,
        "bathymetry": 3992.48388671875
      }
    },
    {
      "type": "Feature",
      "geometry": {
        "type": "Point",
        "coordinates": [
          81.49999999999986,
          9.499999999999984
        ]
      },
      "properties": {
        "fish_zone": 0,
        "fish_probability": 0.0,
        "sst": 28.19999326616528,
        "chlorophyll": 0.12546202540397644,
        "current_u": -0.24601632356643677,
        "current_v": 0.3232811987400055,
        "bathymetry": 3992.48388671875
      }
    },
    {
      "type": "Feature",
      "geometry": {
        "type": "Point",
        "coordinates": [
          81.49999999999986,
          9.599999999999984
        ]
      },
      "properties": {
        "fish_zone": 0,
        "fish_probability": 0.0,
        "sst": 28.23999326527121,
        "chlorophyll": 0.12248669564723969,
        "current_u": -0.2369758039712906,
        "current_v": 0.33164122700691223,
        "bathymetry": 3992.48388671875
      }
    },
    {
      "type": "Feature",
      "geometry": {
        "type": "Point",
        "coordinates": [
          81.49999999999986,
          9.699999999999983
        ]
      },
      "properties": {
        "fish_zone": 0,
        "fish_probability": 0.0,
        "sst": 28.209993265941762,
        "chlorophyll": 0.12137749046087265,
        "current_u": -0.2245398312807083,
        "current_v": 0.3397807478904724,
        "bathymetry": 3992.48388671875
      }
    },
    {
      "type": "Feature",
      "geometry": {
        "type": "Point",
        "coordinates": [
          81.49999999999986,
          9.799999999999983
        ]
      },
      "properties": {
        "fish_zone": 0,
        "fish_probability": 0.0,
        "sst": 28.04999326951804,
        "chlorophyll": 0.1315634399652481,
        "current_u": -0.18377423286437988,
        "current_v": 0.35641583800315857,
        "bathymetry": 3992.48388671875
      }
    },
    {
      "type": "Feature",
      "geometry": {
        "type": "Point",
        "coordinates": [
          81.49999999999986,
          9.899999999999983
        ]
      },
      "properties": {
        "fish_zone": 0,
        "fish_probability": 0.0,
        "sst": 28.019993270188593,
        "chlorophyll": 0.13607969880104065,
        "current_u": -0.1507582813501358,
        "current_v": 0.35535505414009094,
        "bathymetry": 3597.031982421875
      }
    },
    {
      "type": "Feature",
      "geometry": {
        "type": "Point",
        "coordinates": [
          81.59999999999985,
          5.0
        ]
      },
      "properties": {
        "fish_zone": 0,
        "fish_probability": 0.0,
        "sst": 29.43999323844912,
        "chlorophyll": 0.08227304369211197,
        "current_u": 0.023167546838521957,
        "current_v": 0.03965948149561882,
        "bathymetry": 4405.22412109375
      }
    },
    {
      "type": "Feature",
      "geometry": {
        "type": "Point",
        "coordinates": [
          81.59999999999985,
          5.1
        ]
      },
      "properties": {
        "fish_zone": 0,
        "fish_probability": 0.0,
        "sst": 29.32999324090781,
        "chlorophyll": 0.08506754785776138,
        "current_u": 0.028318749740719795,
        "current_v": 0.03887263312935829,
        "bathymetry": 4405.22412109375
      }
    },
    {
      "type": "Feature",
      "geometry": {
        "type": "Point",
        "coordinates": [
          81.59999999999985,
          5.199999999999999
        ]
      },
      "properties": {
        "fish_zone": 0,
        "fish_probability": 0.0,
        "sst": 29.24999324269595,
        "chlorophyll": 0.08865860104560852,
        "current_u": 0.04556255042552948,
        "current_v": 0.01979936473071575,
        "bathymetry": 4405.22412109375
      }
    },
    {
      "type": "Feature",
      "geometry": {
        "type": "Point",
        "coordinates": [
          81.59999999999985,
          5.299999999999999
        ]
      },
      "properties": {
        "fish_zone": 0,
        "fish_probability": 0.0033333333333333335,
        "sst": 29.09999324604871,
        "chlorophyll": 0.09753262996673584,
        "current_u": 0.0042935325764119625,
        "current_v": -0.0707683339715004,
        "bathymetry": 4405.22412109375
      }
    },
    {
      "type": "Feature",
      "geometry": {
        "type": "Point",
        "coordinates": [
          81.59999999999985,
          5.399999999999999
        ]
      },
      "properties": {
        "fish_zone": 0,
        "fish_probability": 0.006666666666666667,
        "sst": 29.109993245825194,
        "chlorophyll": 0.10689760744571686,
        "current_u": -0.04891631007194519,
        "current_v": -0.09815124422311783,
        "bathymetry": 4405.22412109375
      }
    },
    {
      "type": "Feature",
      "geometry": {
        "type": "Point",
        "coordinates": [
          81.59999999999985,
          5.499999999999998
        ]
      },
      "properties": {
        "fish_zone": 0,
        "fish_probability": 0.0033333333333333335,
        "sst": 29.029993247613334,
        "chlorophyll": 0.10777819156646729,
        "current_u": -0.11660264432430267,
        "current_v": -0.11919711530208588,
        "bathymetry": 3992.48388671875
      }
    },
    {
      "type": "Feature",
      "geometry": {
        "type": "Point",
        "coordinates": [
          81.59999999999985,
          5.599999999999998
        ]
      },
      "properties": {
        "fish_zone": 0,
        "fish_probability": 0.0,
        "sst": 28.869993251189612,
        "chlorophyll": 0.11957605928182602,
        "current_u": -0.20976251363754272,
        "current_v": -0.1515280306339264,
        "bathymetry": 3992.48388671875
      }
    },
    {
      "type": "Feature",
      "geometry": {
        "type": "Point",
        "coordinates": [
          81.59999999999985,
          5.6999999999999975
        ]
      },
      "properties": {
        "fish_zone": 0,
        "fish_probability": 0.0,
        "sst": 28.769993253424786,
        "chlorophyll": 0.13373041152954102,
        "current_u": -0.2959984540939331,
        "current_v": -0.211452916264534,
        "bathymetry": 3992.48388671875
      }
    },
    {
      "type": "Feature",
      "geometry": {
        "type": "Point",
        "coordinates": [
          81.59999999999985,
          5.799999999999997
        ]
      },
      "properties": {
        "fish_zone": 0,
        "fish_probability": 0.0,
        "sst": 28.39999326169493,
        "chlorophyll": 0.1463908702135086,
        "current_u": -0.3415564298629761,
        "current_v": -0.3187910318374634,
        "bathymetry": 3992.48388671875
      }
    },
    {
      "type": "Feature",
      "geometry": {
        "type": "Point",
        "coordinates": [
          81.59999999999985,
          5.899999999999997
        ]
      },
      "properties": {
        "fish_zone": 0,
        "fish_probability": 0.0,
        "sst": 28.229993265494727,
        "chlorophyll": 0.15492519736289978,
        "current_u": -0.3058292269706726,
        "current_v": -0.3141605257987976,
        "bathymetry": 3220.820068359375
      }
    },
    {
      "type": "Feature",
      "geometry": {
        "type": "Point",
        "coordinates": [
          81.59999999999985,
          5.9999999999999964
        ]
      },
      "properties": {
        "fish_zone": 0,
        "fish_probability": 0.0,
        "sst": 28.11999326795342,
        "chlorophyll": 0.16966739296913147,
        "current_u": -0.23112395405769348,
        "current_v": -0.2644596993923187,
        "bathymetry": 2225.077880859375
      }
    },
    {
      "type": "Feature",
      "geometry": {
        "type": "Point",
        "coordinates": [
          81.59999999999985,
          6.099999999999996
        ]
      },
      "properties": {
        "fish_zone": 0,
        "fish_probability": 0.04666666666666667,
        "sst": 28.059993269294523,
        "chlorophyll": 0.18864110112190247,
        "current_u": -0.14694246649742126,
        "current_v": -0.18886801600456238,
        "bathymetry": 1062.43994140625
      }
    },
    {
      "type": "Feature",
      "geometry": {
        "type": "Point",
        "coordinates": [
          81.59999999999985,
          6.199999999999996
        ]
      },
      "properties": {
        "fish_zone": 1,
        "fish_probability": 0.93,
        "sst": 28.04999326951804,
        "chlorophyll": 0.292596697807312,
        "current_u": -0.08729571104049683,
        "current_v": -0.11651865392923355,
        "bathymetry": 109.72930145263672
      }
    },
    {
      "type": "Feature",
      "geometry": {
        "type": "Point",
        "coordinates": [
          81.59999999999985,
          6.299999999999995
        ]
      },
      "properties": {
        "fish_zone": 0,
        "fish_probability": 0.06,
        "sst": 28.08999326862397,
        "chlorophyll": 0.43907973170280457,
        "current_u": -0.034386392682790756,
        "current_v": -0.06407926231622696,
        "bathymetry": 11.404999732971191
      }
    },
    {
      "type": "Feature",
      "geometry": {
        "type": "Point",
        "coordinates": [
          81.59999999999985,
          7.89999999999999
        ]
      },
      "properties": {
        "fish_zone": 0,
        "fish_probability": 0.01,
        "sst": 28.059993269294523,
        "chlorophyll": 0.175391286611557,
        "current_u": -0.033628910779953,
        "current_v": 0.030347051098942757,
        "bathymetry": 11.404999732971191
      }
    },
    {
      "type": "Feature",
      "geometry": {
        "type": "Point",
        "coordinates": [
          81.59999999999985,
          7.999999999999989
        ]
      },
      "properties": {
        "fish_zone": 0,
        "fish_probability": 0.3933333333333333,
        "sst": 28.109993268176936,
        "chlorophyll": 0.21687838435173035,
        "current_u": -0.0450727604329586,
        "current_v": 0.09996971487998962,
        "bathymetry": 18.495559692382812
      }
    },
    {
      "type": "Feature",
      "geometry": {
        "type": "Point",
        "coordinates": [
          81.59999999999985,
          8.099999999999989
        ]
      },
      "properties": {
        "fish_zone": 0,
        "fish_probability": 0.05,
        "sst": 28.179993266612314,
        "chlorophyll": 0.14686442911624908,
        "current_u": -0.060055799782276154,
        "current_v": 0.12297467142343521,
        "bathymetry": 40.344051361083984
      }
    },
    {
      "type": "Feature",
      "geometry": {
        "type": "Point",
        "coordinates": [
          81.59999999999985,
          8.199999999999989
        ]
      },
      "properties": {
        "fish_zone": 0,
        "fish_probability": 0.06666666666666667,
        "sst": 28.259993264824175,
        "chlorophyll": 0.14486704766750336,
        "current_u": -0.07537157833576202,
        "current_v": 0.10081701725721359,
        "bathymetry": 40.344051361083984
      }
    },
    {
      "type": "Feature",
      "geometry": {
        "type": "Point",
        "coordinates": [
          81.59999999999985,
          8.299999999999988
        ]
      },
      "properties": {
        "fish_zone": 0,
        "fish_probability": 0.07666666666666666,
        "sst": 28.54999325834217,
        "chlorophyll": 0.13734102249145508,
        "current_u": -0.09266095608472824,
        "current_v": 0.09532973170280457,
        "bathymetry": 65.80726623535156
      }
    },
    {
      "type": "Feature",
      "geometry": {
        "type": "Point",
        "coordinates": [
          81.59999999999985,
          8.399999999999988
        ]
      },
      "properties": {
        "fish_zone": 0,
        "fish_probability": 0.006666666666666667,
        "sst": 28.609993257001065,
        "chlorophyll": 0.12101682275533676,
        "current_u": -0.11621924489736557,
        "current_v": 0.10189907252788544,
        "bathymetry": 902.3392944335938
      }
    },
    {
      "type": "Feature",
      "geometry": {
        "type": "Point",
        "coordinates": [
          81.59999999999985,
          8.499999999999988
        ]
      },
      "properties": {
        "fish_zone": 0,
        "fish_probability": 0.01,
        "sst": 28.43999326080086,
        "chlorophyll": 0.12359284609556198,
        "current_u": -0.14371603727340698,
        "current_v": 0.11077927052974701,
        "bathymetry": 1941.8929443359375
      }
    },
    {
      "type": "Feature",
      "geometry": {
        "type": "Point",
        "coordinates": [
          81.59999999999985,
          8.599999999999987
        ]
      },
      "properties": {
        "fish_zone": 0,
        "fish_probability": 0.0,
        "sst": 28.249993265047692,
        "chlorophyll": 0.12285306304693222,
        "current_u": -0.17059926688671112,
        "current_v": 0.1145780012011528,
        "bathymetry": 2865.702880859375
      }
    },
    {
      "type": "Feature",
      "geometry": {
        "type": "Point",
        "coordinates": [
          81.59999999999985,
          8.699999999999987
        ]
      },
      "properties": {
        "fish_zone": 0,
        "fish_probability": 0.0,
        "sst": 28.269993264600657,
        "chlorophyll": 0.12246455997228622,
        "current_u": -0.18881380558013916,
        "current_v": 0.12126863747835159,
        "bathymetry": 2865.702880859375
      }
    },
    {
      "type": "Feature",
      "geometry": {
        "type": "Point",
        "coordinates": [
          81.59999999999985,
          8.799999999999986
        ]
      },
      "properties": {
        "fish_zone": 0,
        "fish_probability": 0.0,
        "sst": 28.409993261471413,
        "chlorophyll": 0.12403000891208649,
        "current_u": -0.21858566999435425,
        "current_v": 0.16429445147514343,
        "bathymetry": 3220.820068359375
      }
    },
    {
      "type": "Feature",
      "geometry": {
        "type": "Point",
        "coordinates": [
          81.59999999999985,
          8.899999999999986
        ]
      },
      "properties": {
        "fish_zone": 0,
        "fish_probability": 0.0,
        "sst": 28.419993261247896,
        "chlorophyll": 0.12349090725183487,
        "current_u": -0.2312418669462204,
        "current_v": 0.19159115850925446,
        "bathymetry": 3597.031982421875
      }
    },
    {
      "type": "Feature",
      "geometry": {
        "type": "Point",
        "coordinates": [
          81.59999999999985,
          8.999999999999986
        ]
      },
      "properties": {
        "fish_zone": 0,
        "fish_probability": 0.0,
        "sst": 28.43999326080086,
        "chlorophyll": 0.12571851909160614,
        "current_u": -0.24146726727485657,
        "current_v": 0.21278303861618042,
        "bathymetry": 3597.031982421875
      }
    },
    {
      "type": "Feature",
      "geometry": {
        "type": "Point",
        "coordinates": [
          81.59999999999985,
          9.099999999999985
        ]
      },
      "properties": {
        "fish_zone": 0,
        "fish_probability": 0.0,
        "sst": 28.499993259459757,
        "chlorophyll": 0.13280990719795227,
        "current_u": -0.24926814436912537,
        "current_v": 0.22980336844921112,
        "bathymetry": 3597.031982421875
      }
    },
    {
      "type": "Feature",
      "geometry": {
        "type": "Point",
        "coordinates": [
          81.59999999999985,
          9.199999999999985
        ]
      },
      "properties": {
        "fish_zone": 0,
        "fish_probability": 0.0,
        "sst": 28.43999326080086,
        "chlorophyll": 0.1296951174736023,
        "current_u": -0.2545819878578186,
        "current_v": 0.24725258350372314,
        "bathymetry": 3597.031982421875
      }
    },
    {
      "type": "Feature",
      "geometry": {
        "type": "Point",
        "coordinates": [
          81.59999999999985,
          9.299999999999985
        ]
      },
      "properties": {
        "fish_zone": 0,
        "fish_probability": 0.0,
        "sst": 28.189993266388797,
        "chlorophyll": 0.12359163910150528,
        "current_u": -0.2567364275455475,
        "current_v": 0.28406065702438354,
        "bathymetry": 3992.48388671875
      }
    },
    {
      "type": "Feature",
      "geometry": {
        "type": "Point",
        "coordinates": [
          81.59999999999985,
          9.399999999999984
        ]
      },
      "properties": {
        "fish_zone": 0,
        "fish_probability": 0.0,
        "sst": 28.149993267282866,
        "chlorophyll": 0.12603381276130676,
        "current_u": -0.2524275779724121,
        "current_v": 0.29574596881866455,
        "bathymetry": 3992.48388671875
      }
    },
    {
      "type": "Feature",
      "geometry": {
        "type": "Point",
        "coordinates": [
          81.59999999999985,
          9.499999999999984
        ]
      },
      "properties": {
        "fish_zone": 0,
        "fish_probability": 0.0,
        "sst": 28.229993265494727,
        "chlorophyll": 0.12854376435279846,
        "current_u": -0.24600942432880402,
        "current_v": 0.30256223678588867,
        "bathymetry": 3992.48388671875
      }
    },
    {
      "type": "Feature",
      "geometry": {
        "type": "Point",
        "coordinates": [
          81.59999999999985,
          9.599999999999984
        ]
      },
      "properties": {
        "fish_zone": 0,
        "fish_probability": 0.0,
        "sst": 28.229993265494727,
        "chlorophyll": 0.13119857013225555,
        "current_u": -0.23983827233314514,
        "current_v": 0.3081066906452179,
        "bathymetry": 3992.48388671875
      }
    },
    {
      "type": "Feature",
      "geometry": {
        "type": "Point",
        "coordinates": [
          81.59999999999985,
          9.699999999999983
        ]
      },
      "properties": {
        "fish_zone": 0,
        "fish_probability": 0.0,
        "sst": 28.15999326705935,
        "chlorophyll": 0.13028573989868164,
        "current_u": -0.23394370079040527,
        "current_v": 0.3147318363189697,
        "bathymetry": 3992.48388671875
      }
    },
    {
      "type": "Feature",
      "geometry": {
        "type": "Point",
        "coordinates": [
          81.59999999999985,
          9.799999999999983
        ]
      },
      "properties": {
        "fish_zone": 0,
        "fish_probability": 0.0,
        "sst": 28.029993269965075,
        "chlorophyll": 0.129778191447258,
        "current_u": -0.20188762247562408,
        "current_v": 0.3279868960380554,
        "bathymetry": 3597.031982421875
      }
    },
    {
      "type": "Feature",
      "geometry": {
        "type": "Point",
        "coordinates": [
          81.59999999999985,
          9.899999999999983
        ]
      },
      "properties": {
        "fish_zone": 0,
        "fish_probability": 0.0,
        "sst": 28.04999326951804,
        "chlorophyll": 0.13075247406959534,
        "current_u": -0.16896586120128632,
        "current_v": 0.3307654857635498,
        "bathymetry": 3597.031982421875
      }
    },
    {
      "type": "Feature",
      "geometry": {
        "type": "Point",
        "coordinates": [
          81.69999999999985,
          5.0
        ]
      },
      "properties": {
        "fish_zone": 0,
        "fish_probability": 0.0,
        "sst": 29.43999323844912,
        "chlorophyll": 0.07204771786928177,
        "current_u": 0.04070808365941048,
        "current_v": 0.032619722187519073,
        "bathymetry": 4405.22412109375
      }
    },
    {
      "type": "Feature",
      "geometry": {
        "type": "Point",
        "coordinates": [
          81.69999999999985,
          5.1
        ]
      },
      "properties": {
        "fish_zone": 0,
        "fish_probability": 0.0,
        "sst": 29.339993240684294,
        "chlorophyll": 0.0768703743815422,
        "current_u": 0.04670730233192444,
        "current_v": 0.039109256118535995,
        "bathymetry": 4405.22412109375
      }
    },
    {
      "type": "Feature",
      "geometry": {
        "type": "Point",
        "coordinates": [
          81.69999999999985,
          5.199999999999999
        ]
      },
      "properties": {
        "fish_zone": 0,
        "fish_probability": 0.0,
        "sst": 29.24999324269595,
        "chlorophyll": 0.08093737810850143,
        "current_u": 0.05816463381052017,
        "current_v": 0.035092830657958984,
        "bathymetry": 4405.22412109375
      }
    },
    {
      "type": "Feature",
      "geometry": {
        "type": "Point",
        "coordinates": [
          81.69999999999985,
          5.299999999999999
        ]
      },
      "properties": {
        "fish_zone": 0,
        "fish_probability": 0.0,
        "sst": 29.069993246719264,
        "chlorophyll": 0.0872250348329544,
        "current_u": 0.00829632394015789,
        "current_v": -0.041952040046453476,
        "bathymetry": 4405.22412109375
      }
    },
    {
      "type": "Feature",
      "geometry": {
        "type": "Point",
        "coordinates": [
          81.69999999999985,
          5.399999999999999
        ]
      },
      "properties": {
        "fish_zone": 0,
        "fish_probability": 0.0033333333333333335,
        "sst": 29.069993246719264,
        "chlorophyll": 0.10061327368021011,
        "current_u": -0.041290659457445145,
        "current_v": -0.06887438893318176,
        "bathymetry": 4405.22412109375
      }
    },
    {
      "type": "Feature",
      "geometry": {
        "type": "Point",
        "coordinates": [
          81.69999999999985,
          5.499999999999998
        ]
      },
      "properties": {
        "fish_zone": 0,
        "fish_probability": 0.0,
        "sst": 28.989993248507403,
        "chlorophyll": 0.1046692281961441,
        "current_u": -0.10434399545192719,
        "current_v": -0.0919533371925354,
        "bathymetry": 4405.22412109375
      }
    },
    {
      "type": "Feature",
      "geometry": {
        "type": "Point",
        "coordinates": [
          81.69999999999985,
          5.599999999999998
        ]
      },
      "properties": {
        "fish_zone": 0,
        "fish_probability": 0.0,
        "sst": 28.849993251636647,
        "chlorophyll": 0.11089041084051132,
        "current_u": -0.19443407654762268,
        "current_v": -0.1309366375207901,
        "bathymetry": 4405.22412109375
      }
    },
    {
      "type": "Feature",
      "geometry": {
        "type": "Point",
        "coordinates": [
          81.69999999999985,
          5.6999999999999975
        ]
      },
      "properties": {
        "fish_zone": 0,
        "fish_probability": 0.0,
        "sst": 28.759993253648304,
        "chlorophyll": 0.11906910687685013,
        "current_u": -0.27885568141937256,
        "current_v": -0.19178348779678345,
        "bathymetry": 4405.22412109375
      }
    },
    {
      "type": "Feature",
      "geometry": {
        "type": "Point",
        "coordinates": [
          81.69999999999985,
          5.799999999999997
        ]
      },
      "properties": {
        "fish_zone": 0,
        "fish_probability": 0.0,
        "sst": 28.42999326102438,
        "chlorophyll": 0.1382441520690918,
        "current_u": -0.3361179530620575,
        "current_v": -0.2996290326118469,
        "bathymetry": 3992.48388671875
      }
    },
    {
      "type": "Feature",
      "geometry": {
        "type": "Point",
        "coordinates": [
          81.69999999999985,
          5.899999999999997
        ]
      },
      "properties": {
        "fish_zone": 0,
        "fish_probability": 0.0,
        "sst": 28.259993264824175,
        "chlorophyll": 0.1483498364686966,
        "current_u": -0.3310868442058563,
        "current_v": -0.32279106974601746,
        "bathymetry": 3597.031982421875
      }
    },
    {
      "type": "Feature",
      "geometry": {
        "type": "Point",
        "coordinates": [
          81.69999999999985,
          5.9999999999999964
        ]
      },
      "properties": {
        "fish_zone": 0,
        "fish_probability": 0.0,
        "sst": 28.149993267282866,
        "chlorophyll": 0.1457909643650055,
        "current_u": -0.2909197211265564,
        "current_v": -0.3148793578147888,
        "bathymetry": 2865.702880859375
      }
    },
    {
      "type": "Feature",
      "geometry": {
        "type": "Point",
        "coordinates": [
          81.69999999999985,
          6.099999999999996
        ]
      },
      "properties": {
        "fish_zone": 0,
        "fish_probability": 0.0,
        "sst": 28.059993269294523,
        "chlorophyll": 0.1533602774143219,
        "current_u": -0.22337166965007782,
        "current_v": -0.2757141590118408,
        "bathymetry": 2533.3359375
      }
    },
    {
      "type": "Feature",
      "geometry": {
        "type": "Point",
        "coordinates": [
          81.69999999999985,
          6.199999999999996
        ]
      },
      "properties": {
        "fish_zone": 0,
        "fish_probability": 0.043333333333333335,
        "sst": 28.039993269741558,
        "chlorophyll": 0.1881834715604782,
        "current_u": -0.15257661044597626,
        "current_v": -0.21513977646827698,
        "bathymetry": 1452.2509765625
      }
    },
    {
      "type": "Feature",
      "geometry": {
        "type": "Point",
        "coordinates": [
          81.69999999999985,
          6.299999999999995
        ]
      },
      "properties": {
        "fish_zone": 0,
        "fish_probability": 0.46,
        "sst": 28.039993269741558,
        "chlorophyll": 0.2944517731666565,
        "current_u": -0.07124612480401993,
        "current_v": -0.07636609673500061,
        "bathymetry": 47.37369155883789
      }
    },
    {
      "type": "Feature",
      "geometry": {
        "type": "Point",
        "coordinates": [
          81.69999999999985,
          6.399999999999995
        ]
      },
      "properties": {
        "fish_zone": 1,
        "fish_probability": 0.7833333333333333,
        "sst": 28.08999326862397,
        "chlorophyll": 0.6982840299606323,
        "current_u": -0.042068079113960266,
        "current_v": -0.10568004101514816,
        "bathymetry": 11.404999732971191
      }
    },
    {
      "type": "Feature",
      "geometry": {
        "type": "Point",
        "coordinates": [
          81.69999999999985,
          7.79999999999999
        ]
      },
      "properties": {
        "fish_zone": 0,
        "fish_probability": 0.21333333333333335,
        "sst": 27.939993271976732,
        "chlorophyll": 0.2155994027853012,
        "current_u": -0.042502082884311676,
        "current_v": 0.07561512291431427,
        "bathymetry": 29.444730758666992
      }
    },
    {
      "type": "Feature",
      "geometry": {
        "type": "Point",
        "coordinates": [
          81.69999999999985,
          7.89999999999999
        ]
      },
      "properties": {
        "fish_zone": 0,
        "fish_probability": 0.05333333333333334,
        "sst": 28.059993269294523,
        "chlorophyll": 0.14161038398742676,
        "current_u": -0.05280924215912819,
        "current_v": 0.07440343499183655,
        "bathymetry": 40.344051361083984
      }
    },
    {
      "type": "Feature",
      "geometry": {
        "type": "Point",
        "coordinates": [
          81.69999999999985,
          7.999999999999989
        ]
      },
      "properties": {
        "fish_zone": 0,
        "fish_probability": 0.03666666666666667,
        "sst": 28.15999326705935,
        "chlorophyll": 0.13301396369934082,
        "current_u": -0.0526428148150444,
        "current_v": 0.05177571624517441,
        "bathymetry": 47.37369155883789
      }
    },
    {
      "type": "Feature",
      "geometry": {
        "type": "Point",
        "coordinates": [
          81.69999999999985,
          8.099999999999989
        ]
      },
      "properties": {
        "fish_zone": 0,
        "fish_probability": 0.0,
        "sst": 28.249993265047692,
        "chlorophyll": 0.14112986624240875,
        "current_u": -0.06448960304260254,
        "current_v": 0.04099481180310249,
        "bathymetry": 55.76428985595703
      }
    },
    {
      "type": "Feature",
      "geometry": {
        "type": "Point",
        "coordinates": [
          81.69999999999985,
          8.199999999999989
        ]
      },
      "properties": {
        "fish_zone": 0,
        "fish_probability": 0.02666666666666667,
        "sst": 28.329993263259553,
        "chlorophyll": 0.13599702715873718,
        "current_u": -0.07825185358524323,
        "current_v": 0.04316149279475212,
        "bathymetry": 186.12559509277344
      }
    },
    {
      "type": "Feature",
      "geometry": {
        "type": "Point",
        "coordinates": [
          81.69999999999985,
          8.299999999999988
        ]
      },
      "properties": {
        "fish_zone": 0,
        "fish_probability": 0.006666666666666667,
        "sst": 28.569993257895135,
        "chlorophyll": 0.10913623869419098,
        "current_u": -0.10761790722608566,
        "current_v": 0.049336545169353485,
        "bathymetry": 1684.2840576171875
      }
    },
    {
      "type": "Feature",
      "geometry": {
        "type": "Point",
        "coordinates": [
          81.69999999999985,
          8.399999999999988
        ]
      },
      "properties": {
        "fish_zone": 0,
        "fish_probability": 0.0,
        "sst": 28.599993257224583,
        "chlorophyll": 0.11453955620527267,
        "current_u": -0.13497652113437653,
        "current_v": 0.06101266294717789,
        "bathymetry": 2865.702880859375
      }
    },
    {
      "type": "Feature",
      "geometry": {
        "type": "Point",
        "coordinates": [
          81.69999999999985,
          8.499999999999988
        ]
      },
      "properties": {
        "fish_zone": 0,
        "fish_probability": 0.0,
        "sst": 28.349993262812518,
        "chlorophyll": 0.114408478140831,
        "current_u": -0.1601819097995758,
        "current_v": 0.06342711299657822,
        "bathymetry": 3220.820068359375
      }
    },
    {
      "type": "Feature",
      "geometry": {
        "type": "Point",
        "coordinates": [
          81.69999999999985,
          8.599999999999987
        ]
      },
      "properties": {
        "fish_zone": 0,
        "fish_probability": 0.0,
        "sst": 28.19999326616528,
        "chlorophyll": 0.11859390139579773,
        "current_u": -0.17935685813426971,
        "current_v": 0.0710139349102974,
        "bathymetry": 3220.820068359375
      }
    },
    {
      "type": "Feature",
      "geometry": {
        "type": "Point",
        "coordinates": [
          81.69999999999985,
          8.699999999999987
        ]
      },
      "properties": {
        "fish_zone": 0,
        "fish_probability": 0.0,
        "sst": 28.249993265047692,
        "chlorophyll": 0.12181143462657928,
        "current_u": -0.19797000288963318,
        "current_v": 0.08526711910963058,
        "bathymetry": 3220.820068359375
      }
    },
    {
      "type": "Feature",
      "geometry": {
        "type": "Point",
        "coordinates": [
          81.69999999999985,
          8.799999999999986
        ]
      },
      "properties": {
        "fish_zone": 0,
        "fish_probability": 0.0,
        "sst": 28.449993260577344,
        "chlorophyll": 0.11761774122714996,
        "current_u": -0.2374323308467865,
        "current_v": 0.1368204951286316,
        "bathymetry": 3597.031982421875
      }
    },
    {
      "type": "Feature",
      "geometry": {
        "type": "Point",
        "coordinates": [
          81.69999999999985,
          8.899999999999986
        ]
      },
      "properties": {
        "fish_zone": 0,
        "fish_probability": 0.0,
        "sst": 28.449993260577344,
        "chlorophyll": 0.11711101233959198,
        "current_u": -0.2542092204093933,
        "current_v": 0.15921638906002045,
        "bathymetry": 3597.031982421875
      }
    },
    {
      "type": "Feature",
      "geometry": {
        "type": "Point",
        "coordinates": [
          81.69999999999985,
          8.999999999999986
        ]
      },
      "properties": {
        "fish_zone": 0,
        "fish_probability": 0.0,
        "sst": 28.419993261247896,
        "chlorophyll": 0.13194748759269714,
        "current_u": -0.26591697335243225,
        "current_v": 0.17757348716259003,
        "bathymetry": 3992.48388671875
      }
    },
    {
      "type": "Feature",
      "geometry": {
        "type": "Point",
        "coordinates": [
          81.69999999999985,
          9.099999999999985
        ]
      },
      "properties": {
        "fish_zone": 0,
        "fish_probability": 0.0,
        "sst": 28.449993260577344,
        "chlorophyll": 0.13377435505390167,
        "current_u": -0.270796537399292,
        "current_v": 0.1960461139678955,
        "bathymetry": 3992.48388671875
      }
    },
    {
      "type": "Feature",
      "geometry": {
        "type": "Point",
        "coordinates": [
          81.69999999999985,
          9.199999999999985
        ]
      },
      "properties": {
        "fish_zone": 0,
        "fish_probability": 0.0,
        "sst": 28.38999326191845,
        "chlorophyll": 0.13309936225414276,
        "current_u": -0.269096702337265,
        "current_v": 0.21668851375579834,
        "bathymetry": 3992.48388671875
      }
    },
    {
      "type": "Feature",
      "geometry": {
        "type": "Point",
        "coordinates": [
          81.69999999999985,
          9.299999999999985
        ]
      },
      "properties": {
        "fish_zone": 0,
        "fish_probability": 0.0,
        "sst": 28.179993266612314,
        "chlorophyll": 0.1301538348197937,
        "current_u": -0.2572701871395111,
        "current_v": 0.2559009790420532,
        "bathymetry": 3992.48388671875
      }
    },
    {
      "type": "Feature",
      "geometry": {
        "type": "Point",
        "coordinates": [
          81.69999999999985,
          9.399999999999984
        ]
      },
      "properties": {
        "fish_zone": 0,
        "fish_probability": 0.0,
        "sst": 28.149993267282866,
        "chlorophyll": 0.13042110204696655,
        "current_u": -0.25048068165779114,
        "current_v": 0.2670595943927765,
        "bathymetry": 3992.48388671875
      }
    },
    {
      "type": "Feature",
      "geometry": {
        "type": "Point",
        "coordinates": [
          81.69999999999985,
          9.499999999999984
        ]
      },
      "properties": {
        "fish_zone": 0,
        "fish_probability": 0.0,
        "sst": 28.19999326616528,
        "chlorophyll": 0.13253816962242126,
        "current_u": -0.24625089764595032,
        "current_v": 0.27521511912345886,
        "bathymetry": 3992.48388671875
      }
    },
    {
      "type": "Feature",
      "geometry": {
        "type": "Point",
        "coordinates": [
          81.69999999999985,
          9.599999999999984
        ]
      },
      "properties": {
        "fish_zone": 0,
        "fish_probability": 0.0,
        "sst": 28.16999326683583,
        "chlorophyll": 0.1423453837633133,
        "current_u": -0.24638140201568604,
        "current_v": 0.2832317650318146,
        "bathymetry": 3992.48388671875
      }
    },
    {
      "type": "Feature",
      "geometry": {
        "type": "Point",
        "coordinates": [
          81.69999999999985,
          9.699999999999983
        ]
      },
      "properties": {
        "fish_zone": 0,
        "fish_probability": 0.0,
        "sst": 28.08999326862397,
        "chlorophyll": 0.1381402313709259,
        "current_u": -0.24803490936756134,
        "current_v": 0.2891075909137726,
        "bathymetry": 3992.48388671875
      }
    },
    {
      "type": "Feature",
      "geometry": {
        "type": "Point",
        "coordinates": [
          81.69999999999985,
          9.799999999999983
        ]
      },
      "properties": {
        "fish_zone": 0,
        "fish_probability": 0.0,
        "sst": 28.019993270188593,
        "chlorophyll": 0.1300913244485855,
        "current_u": -0.22369006276130676,
        "current_v": 0.29897937178611755,
        "bathymetry": 3992.48388671875
      }
    },
    {
      "type": "Feature",
      "geometry": {
        "type": "Point",
        "coordinates": [
          81.69999999999985,
          9.899999999999983
        ]
      },
      "properties": {
        "fish_zone": 0,
        "fish_probability": 0.0,
        "sst": 28.059993269294523,
        "chlorophyll": 0.12994152307510376,
        "current_u": -0.18944011628627777,
        "current_v": 0.3056638240814209,
        "bathymetry": 3992.48388671875
      }
    },
    {
      "type": "Feature",
      "geometry": {
        "type": "Point",
        "coordinates": [
          81.79999999999984,
          5.0
        ]
      },
      "properties": {
        "fish_zone": 0,
        "fish_probability": 0.0,
        "sst": 29.51999323666098,
        "chlorophyll": 0.07368522137403488,
        "current_u": 0.07282057404518127,
        "current_v": 0.033662404865026474,
        "bathymetry": 4405.22412109375
      }
    },
    {
      "type": "Feature",
      "geometry": {
        "type": "Point",
        "coordinates": [
          81.79999999999984,
          5.1
        ]
      },
      "properties": {
        "fish_zone": 0,
        "fish_probability": 0.0,
        "sst": 29.469993237778567,
        "chlorophyll": 0.07378234714269638,
        "current_u": 0.0660276710987091,
        "current_v": 0.034653112292289734,
        "bathymetry": 4405.22412109375
      }
    },
    {
      "type": "Feature",
      "geometry": {
        "type": "Point",
        "coordinates": [
          81.79999999999984,
          5.199999999999999
        ]
      },
      "properties": {
        "fish_zone": 0,
        "fish_probability": 0.0,
        "sst": 29.36999324001374,
        "chlorophyll": 0.08186589181423187,
        "current_u": 0.06226149573922157,
        "current_v": 0.029359368607401848,
        "bathymetry": 4405.22412109375
      }
    },
    {
      "type": "Feature",
      "geometry": {
        "type": "Point",
        "coordinates": [
          81.79999999999984,
          5.299999999999999
        ]
      },
      "properties": {
        "fish_zone": 0,
        "fish_probability": 0.0,
        "sst": 29.109993245825194,
        "chlorophyll": 0.09164803475141525,
        "current_u": 0.014702890999615192,
        "current_v": -0.035421960055828094,
        "bathymetry": 4405.22412109375
      }
    },
    {
      "type": "Feature",
      "geometry": {
        "type": "Point",
        "coordinates": [
          81.79999999999984,
          5.399999999999999
        ]
      },
      "properties": {
        "fish_zone": 0,
        "fish_probability": 0.0,
        "sst": 29.0499932471663,
        "chlorophyll": 0.09112796932458878,
        "current_u": -0.02976619452238083,
        "current_v": -0.05970406532287598,
        "bathymetry": 4405.22412109375
      }
    },
    {
      "type": "Feature",
      "geometry": {
        "type": "Point",
        "coordinates": [
          81.79999999999984,
          5.499999999999998
        ]
      },
      "properties": {
        "fish_zone": 0,
        "fish_probability": 0.0033333333333333335,
        "sst": 28.959993249177955,
        "chlorophyll": 0.10754717141389847,
        "current_u": -0.08025072515010834,
        "current_v": -0.08330196142196655,
        "bathymetry": 4405.22412109375
      }
    },
    {
      "type": "Feature",
      "geometry": {
        "type": "Point",
        "coordinates": [
          81.79999999999984,
          5.599999999999998
        ]
      },
      "properties": {
        "fish_zone": 0,
        "fish_probability": 0.0033333333333333335,
        "sst": 28.85999325141313,
        "chlorophyll": 0.10602514445781708,
        "current_u": -0.14857806265354156,
        "current_v": -0.1196899339556694,
        "bathymetry": 4405.22412109375
      }
    },
    {
      "type": "Feature",
      "geometry": {
        "type": "Point",
        "coordinates": [
          81.79999999999984,
          5.6999999999999975
        ]
      },
      "properties": {
        "fish_zone": 0,
        "fish_probability": 0.0,
        "sst": 28.8199932523072,
        "chlorophyll": 0.10256535559892654,
        "current_u": -0.22990509867668152,
        "current_v": -0.16743558645248413,
        "bathymetry": 4405.22412109375
      }
    },
    {
      "type": "Feature",
      "geometry": {
        "type": "Point",
        "coordinates": [
          81.79999999999984,
          5.799999999999997
        ]
      },
      "properties": {
        "fish_zone": 0,
        "fish_probability": 0.0,
        "sst": 28.599993257224583,
        "chlorophyll": 0.11651289463043213,
        "current_u": -0.295757919549942,
        "current_v": -0.23594601452350616,
        "bathymetry": 4405.22412109375
      }
    },
    {
      "type": "Feature",
      "geometry": {
        "type": "Point",
        "coordinates": [
          81.79999999999984,
          5.899999999999997
        ]
      },
      "properties": {
        "fish_zone": 0,
        "fish_probability": 0.0,
        "sst": 28.419993261247896,
        "chlorophyll": 0.1283673346042633,
        "current_u": -0.2809847295284271,
        "current_v": -0.26388558745384216,
        "bathymetry": 4405.22412109375
      }
    },
    {
      "type": "Feature",
      "geometry": {
        "type": "Point",
        "coordinates": [
          81.79999999999984,
          5.9999999999999964
        ]
      },
      "properties": {
        "fish_zone": 0,
        "fish_probability": 0.0,
        "sst": 28.31999326348307,
        "chlorophyll": 0.13015146553516388,
        "current_u": -0.2747429609298706,
        "current_v": -0.2897951006889343,
        "bathymetry": 3597.031982421875
      }
    },
    {
      "type": "Feature",
      "geometry": {
        "type": "Point",
        "coordinates": [
          81.79999999999984,
          6.099999999999996
        ]
      },
      "properties": {
        "fish_zone": 0,
        "fish_probability": 0.0,
        "sst": 28.249993265047692,
        "chlorophyll": 0.14263686537742615,
        "current_u": -0.27022847533226013,
        "current_v": -0.2998266816139221,
        "bathymetry": 3597.031982421875
      }
    },
    {
      "type": "Feature",
      "geometry": {
        "type": "Point",
        "coordinates": [
          81.79999999999984,
          6.199999999999996
        ]
      },
      "properties": {
        "fish_zone": 0,
        "fish_probability": 0.0,
        "sst": 28.19999326616528,
        "chlorophyll": 0.1543390303850174,
        "current_u": -0.24760203063488007,
        "current_v": -0.2926449477672577,
        "bathymetry": 3992.48388671875
      }
    },
    {
      "type": "Feature",
      "geometry": {
        "type": "Point",
        "coordinates": [
          81.79999999999984,
          6.299999999999995
        ]
      },
      "properties": {
        "fish_zone": 1,
        "fish_probability": 0.9466666666666667,
        "sst": 28.07999326884749,
        "chlorophyll": 0.20699815452098846,
        "current_u": -0.16325636208057404,
        "current_v": -0.23843395709991455,
        "bathymetry": 2225.077880859375
      }
    },
    {
      "type": "Feature",
      "geometry": {
        "type": "Point",
        "coordinates": [
          81.79999999999984,
          6.399999999999995
        ]
      },
      "properties": {
        "fish_zone": 1,
        "fish_probability": 0.9333333333333333,
        "sst": 28.04999326951804,
        "chlorophyll": 0.22427967190742493,
        "current_u": -0.12759773433208466,
        "current_v": -0.1990446150302887,
        "bathymetry": 2225.077880859375
      }
    },
    {
      "type": "Feature",
      "geometry": {
        "type": "Point",
        "coordinates": [
          81.79999999999984,
          6.499999999999995
        ]
      },
      "properties": {
        "fish_zone": 1,
        "fish_probability": 0.9533333333333334,
        "sst": 28.1299932677299,
        "chlorophyll": 0.25655174255371094,
        "current_u": -0.09636091440916061,
        "current_v": -0.1537807434797287,
        "bathymetry": 130.66600036621094
      }
    },
    {
      "type": "Feature",
      "geometry": {
        "type": "Point",
        "coordinates": [
          81.79999999999984,
          6.599999999999994
        ]
      },
      "properties": {
        "fish_zone": 1,
        "fish_probability": 0.8733333333333333,
        "sst": 28.289993264153622,
        "chlorophyll": 0.4325229227542877,
        "current_u": -0.06263333559036255,
        "current_v": -0.09742014855146408,
        "bathymetry": 29.444730758666992
      }
    },
    {
      "type": "Feature",
      "geometry": {
        "type": "Point",
        "coordinates": [
          81.79999999999984,
          7.599999999999991
        ]
      },
      "properties": {
        "fish_zone": 0,
        "fish_probability": 0.03333333333333333,
        "sst": 28.249993265047692,
        "chlorophyll": 0.19166290760040283,
        "current_u": -0.013434458523988724,
        "current_v": 0.0582098551094532,
        "bathymetry": 25.211410522460938
      }
    },
    {
      "type": "Feature",
      "geometry": {
        "type": "Point",
        "coordinates": [
          81.79999999999984,
          7.69999999999999
        ]
      },
      "properties": {
        "fish_zone": 0,
        "fish_probability": 0.006666666666666667,
        "sst": 28.249993265047692,
        "chlorophyll": 0.15910345315933228,
        "current_u": -0.01738114096224308,
        "current_v": 0.03462115302681923,
        "bathymetry": 40.344051361083984
      }
    },
    {
      "type": "Feature",
      "geometry": {
        "type": "Point",
        "coordinates": [
          81.79999999999984,
          7.79999999999999
        ]
      },
      "properties": {
        "fish_zone": 0,
        "fish_probability": 0.006666666666666667,
        "sst": 28.31999326348307,
        "chlorophyll": 0.131745383143425,
        "current_u": -0.018124939873814583,
        "current_v": 0.010920103639364243,
        "bathymetry": 186.12559509277344
      }
    },
    {
      "type": "Feature",
      "geometry": {
        "type": "Point",
        "coordinates": [
          81.79999999999984,
          7.89999999999999
        ]
      },
      "properties": {
        "fish_zone": 0,
        "fish_probability": 0.0033333333333333335,
        "sst": 28.409993261471413,
        "chlorophyll": 0.12841534614562988,
        "current_u": -0.03567560017108917,
        "current_v": -0.018398363143205643,
        "bathymetry": 1245.291015625
      }
    },
    {
      "type": "Feature",
      "geometry": {
        "type": "Point",
        "coordinates": [
          81.79999999999984,
          7.999999999999989
        ]
      },
      "properties": {
        "fish_zone": 0,
        "fish_probability": 0.0,
        "sst": 28.46999326013031,
        "chlorophyll": 0.12299247831106186,
        "current_u": -0.05706112086772919,
        "current_v": -0.030256222933530807,
        "bathymetry": 2225.077880859375
      }
    },
    {
      "type": "Feature",
      "geometry": {
        "type": "Point",
        "coordinates": [
          81.79999999999984,
          8.099999999999989
        ]
      },
      "properties": {
        "fish_zone": 0,
        "fish_probability": 0.0033333333333333335,
        "sst": 28.489993259683274,
        "chlorophyll": 0.10395579040050507,
        "current_u": -0.06679052114486694,
        "current_v": -0.024441523477435112,
        "bathymetry": 1245.291015625
      }
    },
    {
      "type": "Feature",
      "geometry": {
        "type": "Point",
        "coordinates": [
          81.79999999999984,
          8.199999999999989
        ]
      },
      "properties": {
        "fish_zone": 0,
        "fish_probability": 0.0033333333333333335,
        "sst": 28.50999325923624,
        "chlorophyll": 0.10830273479223251,
        "current_u": -0.08538661897182465,
        "current_v": -0.019521564245224,
        "bathymetry": 2225.077880859375
      }
    },
    {
      "type": "Feature",
      "geometry": {
        "type": "Point",
        "coordinates": [
          81.79999999999984,
          8.299999999999988
        ]
      },
      "properties": {
        "fish_zone": 0,
        "fish_probability": 0.0033333333333333335,
        "sst": 28.539993258565687,
        "chlorophyll": 0.11367903649806976,
        "current_u": -0.12187602370977402,
        "current_v": -0.022714845836162567,
        "bathymetry": 3220.820068359375
      }
    },
    {
      "type": "Feature",
      "geometry": {
        "type": "Point",
        "coordinates": [
          81.79999999999984,
          8.399999999999988
        ]
      },
      "properties": {
        "fish_zone": 0,
        "fish_probability": 0.0,
        "sst": 28.459993260353826,
        "chlorophyll": 0.11777423322200775,
        "current_u": -0.14043590426445007,
        "current_v": -0.015620463527739048,
        "bathymetry": 3597.031982421875
      }
    },
    {
      "type": "Feature",
      "geometry": {
        "type": "Point",
        "coordinates": [
          81.79999999999984,
          8.499999999999988
        ]
      },
      "properties": {
        "fish_zone": 0,
        "fish_probability": 0.01,
        "sst": 28.1299932677299,
        "chlorophyll": 0.11922146379947662,
        "current_u": -0.16058728098869324,
        "current_v": 0.002045688685029745,
        "bathymetry": 3597.031982421875
      }
    },
    {
      "type": "Feature",
      "geometry": {
        "type": "Point",
        "coordinates": [
          81.79999999999984,
          8.599999999999987
        ]
      },
      "properties": {
        "fish_zone": 0,
        "fish_probability": 0.0,
        "sst": 28.229993265494727,
        "chlorophyll": 0.11870256066322327,
        "current_u": -0.18563811480998993,
        "current_v": 0.019782980903983116,
        "bathymetry": 3597.031982421875
      }
    },
    {
      "type": "Feature",
      "geometry": {
        "type": "Point",
        "coordinates": [
          81.79999999999984,
          8.699999999999987
        ]
      },
      "properties": {
        "fish_zone": 0,
        "fish_probability": 0.0,
        "sst": 28.379993262141966,
        "chlorophyll": 0.11519249528646469,
        "current_u": -0.2161075919866562,
        "current_v": 0.0369829386472702,
        "bathymetry": 3992.48388671875
      }
    },
    {
      "type": "Feature",
      "geometry": {
        "type": "Point",
        "coordinates": [
          81.79999999999984,
          8.799999999999986
        ]
      },
      "properties": {
        "fish_zone": 0,
        "fish_probability": 0.0,
        "sst": 28.619993256777548,
        "chlorophyll": 0.11109831184148788,
        "current_u": -0.27921295166015625,
        "current_v": 0.0702269896864891,
        "bathymetry": 3992.48388671875
      }
    },
    {
      "type": "Feature",
      "geometry": {
        "type": "Point",
        "coordinates": [
          81.79999999999984,
          8.899999999999986
        ]
      },
      "properties": {
        "fish_zone": 0,
        "fish_probability": 0.0,
        "sst": 28.569993257895135,
        "chlorophyll": 0.11559325456619263,
        "current_u": -0.3012273609638214,
        "current_v": 0.08489584177732468,
        "bathymetry": 3992.48388671875
      }
    },
    {
      "type": "Feature",
      "geometry": {
        "type": "Point",
        "coordinates": [
          81.79999999999984,
          8.999999999999986
        ]
      },
      "properties": {
        "fish_zone": 0,
        "fish_probability": 0.0,
        "sst": 28.359993262589,
        "chlorophyll": 0.11791740357875824,
        "current_u": -0.31468066573143005,
        "current_v": 0.09840292483568192,
        "bathymetry": 3992.48388671875
      }
    },
    {
      "type": "Feature",
      "geometry": {
        "type": "Point",
        "coordinates": [
          81.79999999999984,
          9.099999999999985
        ]
      },
      "properties": {
        "fish_zone": 0,
        "fish_probability": 0.0,
        "sst": 28.349993262812518,
        "chlorophyll": 0.12461967021226883,
        "current_u": -0.3183158040046692,
        "current_v": 0.11838727444410324,
        "bathymetry": 3992.48388671875
      }
    },
    {
      "type": "Feature",
      "geometry": {
        "type": "Point",
        "coordinates": [
          81.79999999999984,
          9.199999999999985
        ]
      },
      "properties": {
        "fish_zone": 0,
        "fish_probability": 0.0,
        "sst": 28.31999326348307,
        "chlorophyll": 0.13005654513835907,
        "current_u": -0.3126455843448639,
        "current_v": 0.144389808177948,
        "bathymetry": 3992.48388671875
      }
    },
    {
      "type": "Feature",
      "geometry": {
        "type": "Point",
        "coordinates": [
          81.79999999999984,
          9.299999999999985
        ]
      },
      "properties": {
        "fish_zone": 0,
        "fish_probability": 0.0,
        "sst": 28.179993266612314,
        "chlorophyll": 0.13395631313323975,
        "current_u": -0.28502562642097473,
        "current_v": 0.19280776381492615,
        "bathymetry": 3992.48388671875
      }
    },
    {
      "type": "Feature",
      "geometry": {
        "type": "Point",
        "coordinates": [
          81.79999999999984,
          9.399999999999984
        ]
      },
      "properties": {
        "fish_zone": 0,
        "fish_probability": 0.0,
        "sst": 28.19999326616528,
        "chlorophyll": 0.13158096373081207,
        "current_u": -0.27019500732421875,
        "current_v": 0.20855996012687683,
        "bathymetry": 3992.48388671875
      }
    },
    {
      "type": "Feature",
      "geometry": {
        "type": "Point",
        "coordinates": [
          81.79999999999984,
          9.499999999999984
        ]
      },
      "properties": {
        "fish_zone": 0,
        "fish_probability": 0.0,
        "sst": 28.099993268400453,
        "chlorophyll": 0.13462622463703156,
        "current_u": -0.26200324296951294,
        "current_v": 0.2196618616580963,
        "bathymetry": 3992.48388671875
      }
    },
    {
      "type": "Feature",
      "geometry": {
        "type": "Point",
        "coordinates": [
          81.79999999999984,
          9.599999999999984
        ]
      },
      "properties": {
        "fish_zone": 0,
        "fish_probability": 0.0,
        "sst": 28.00999327041211,
        "chlorophyll": 0.143525168299675,
        "current_u": -0.26435357332229614,
        "current_v": 0.22717086970806122,
        "bathymetry": 3992.48388671875
      }
    },
    {
      "type": "Feature",
      "geometry": {
        "type": "Point",
        "coordinates": [
          81.79999999999984,
          9.699999999999983
        ]
      },
      "properties": {
        "fish_zone": 0,
        "fish_probability": 0.0,
        "sst": 27.999993270635628,
        "chlorophyll": 0.14704610407352448,
        "current_u": -0.2728225588798523,
        "current_v": 0.22704222798347473,
        "bathymetry": 3992.48388671875
      }
    },
    {
      "type": "Feature",
      "geometry": {
        "type": "Point",
        "coordinates": [
          81.79999999999984,
          9.799999999999983
        ]
      },
      "properties": {
        "fish_zone": 0,
        "fish_probability": 0.0,
        "sst": 28.109993268176936,
        "chlorophyll": 0.14018428325653076,
        "current_u": -0.2623443305492401,
        "current_v": 0.23462159931659698,
        "bathymetry": 3992.48388671875
      }
    },
    {
      "type": "Feature",
      "geometry": {
        "type": "Point",
        "coordinates": [
          81.79999999999984,
          9.899999999999983
        ]
      },
      "properties": {
        "fish_zone": 0,
        "fish_probability": 0.0,
        "sst": 28.149993267282866,
        "chlorophyll": 0.14268982410430908,
        "current_u": -0.23416829109191895,
        "current_v": 0.25827911496162415,
        "bathymetry": 3992.48388671875
      }
    },
    {
      "type": "Feature",
      "geometry": {
        "type": "Point",
        "coordinates": [
          81.89999999999984,
          5.0
        ]
      },
      "properties": {
        "fish_zone": 0,
        "fish_probability": 0.0,
        "sst": 29.499993237108015,
        "chlorophyll": 0.06965898722410202,
        "current_u": 0.07456206530332565,
        "current_v": 0.012846733443439007,
        "bathymetry": 4405.22412109375
      }
    },
    {
      "type": "Feature",
      "geometry": {
        "type": "Point",
        "coordinates": [
          81.89999999999984,
          5.1
        ]
      },
      "properties": {
        "fish_zone": 0,
        "fish_probability": 0.0,
        "sst": 29.449993238225602,
        "chlorophyll": 0.07377829402685165,
        "current_u": 0.055855438113212585,
        "current_v": 0.013198615051805973,
        "bathymetry": 4405.22412109375
      }
    },
    {
      "type": "Feature",
      "geometry": {
        "type": "Point",
        "coordinates": [
          81.89999999999984,
          5.199999999999999
        ]
      },
      "properties": {
        "fish_zone": 0,
        "fish_probability": 0.0,
        "sst": 29.36999324001374,
        "chlorophyll": 0.0807349905371666,
        "current_u": 0.048318445682525635,
        "current_v": 0.007160276174545288,
        "bathymetry": 4405.22412109375
      }
    },
    {
      "type": "Feature",
      "geometry": {
        "type": "Point",
        "coordinates": [
          81.89999999999984,
          5.299999999999999
        ]
      },
      "properties": {
        "fish_zone": 0,
        "fish_probability": 0.0,
        "sst": 29.20999324359002,
        "chlorophyll": 0.0828792080283165,
        "current_u": 0.017591185867786407,
        "current_v": -0.04597856104373932,
        "bathymetry": 4405.22412109375
      }
    },
    {
      "type": "Feature",
      "geometry": {
        "type": "Point",
        "coordinates": [
          81.89999999999984,
          5.399999999999999
        ]
      },
      "properties": {
        "fish_zone": 0,
        "fish_probability": 0.0033333333333333335,
        "sst": 29.149993244931125,
        "chlorophyll": 0.08677557855844498,
        "current_u": -0.021341096609830856,
        "current_v": -0.0648600235581398,
        "bathymetry": 4405.22412109375
      }
    },
    {
      "type": "Feature",
      "geometry": {
        "type": "Point",
        "coordinates": [
          81.89999999999984,
          5.499999999999998
        ]
      },
      "properties": {
        "fish_zone": 0,
        "fish_probability": 0.0033333333333333335,
        "sst": 29.029993247613334,
        "chlorophyll": 0.10038115084171295,
        "current_u": -0.06368253380060196,
        "current_v": -0.08034737408161163,
        "bathymetry": 4405.22412109375
      }
    },
    {
      "type": "Feature",
      "geometry": {
        "type": "Point",
        "coordinates": [
          81.89999999999984,
          5.599999999999998
        ]
      },
      "properties": {
        "fish_zone": 0,
        "fish_probability": 0.0033333333333333335,
        "sst": 28.919993250072025,
        "chlorophyll": 0.09755972772836685,
        "current_u": -0.11870849877595901,
        "current_v": -0.10678338259458542,
        "bathymetry": 4405.22412109375
      }
    },
    {
      "type": "Feature",
      "geometry": {
        "type": "Point",
        "coordinates": [
          81.89999999999984,
          5.6999999999999975
        ]
      },
      "properties": {
        "fish_zone": 0,
        "fish_probability": 0.0,
        "sst": 28.889993250742577,
        "chlorophyll": 0.10274576395750046,
        "current_u": -0.19633397459983826,
        "current_v": -0.15332823991775513,
        "bathymetry": 4405.22412109375
      }
    },
    {
      "type": "Feature",
      "geometry": {
        "type": "Point",
        "coordinates": [
          81.89999999999984,
          5.799999999999997
        ]
      },
      "properties": {
        "fish_zone": 0,
        "fish_probability": 0.0,
        "sst": 28.769993253424786,
        "chlorophyll": 0.10483245551586151,
        "current_u": -0.29773619771003723,
        "current_v": -0.2143324315547943,
        "bathymetry": 4405.22412109375
      }
    },
    {
      "type": "Feature",
      "geometry": {
        "type": "Point",
        "coordinates": [
          81.89999999999984,
          5.899999999999997
        ]
      },
      "properties": {
        "fish_zone": 0,
        "fish_probability": 0.0,
        "sst": 28.599993257224583,
        "chlorophyll": 0.11605406552553177,
        "current_u": -0.2767973244190216,
        "current_v": -0.22159424424171448,
        "bathymetry": 4405.22412109375
      }
    },
    {
      "type": "Feature",
      "geometry": {
        "type": "Point",
        "coordinates": [
          81.89999999999984,
          5.9999999999999964
        ]
      },
      "properties": {
        "fish_zone": 0,
        "fish_probability": 0.0,
        "sst": 28.459993260353826,
        "chlorophyll": 0.12028369307518005,
        "current_u": -0.2468123435974121,
        "current_v": -0.23248295485973358,
        "bathymetry": 4405.22412109375
      }
    },
    {
      "type": "Feature",
      "geometry": {
        "type": "Point",
        "coordinates": [
          81.89999999999984,
          6.099999999999996
        ]
      },
      "properties": {
        "fish_zone": 0,
        "fish_probability": 0.0,
        "sst": 28.359993262589,
        "chlorophyll": 0.12324746698141098,
        "current_u": -0.23373444378376007,
        "current_v": -0.24590864777565002,
        "bathymetry": 3992.48388671875
      }
    },
    {
      "type": "Feature",
      "geometry": {
        "type": "Point",
        "coordinates": [
          81.89999999999984,
          6.199999999999996
        ]
      },
      "properties": {
        "fish_zone": 0,
        "fish_probability": 0.0,
        "sst": 28.31999326348307,
        "chlorophyll": 0.13044926524162292,
        "current_u": -0.22635839879512787,
        "current_v": -0.2511463761329651,
        "bathymetry": 3992.48388671875
      }
    },
    {
      "type": "Feature",
      "geometry": {
        "type": "Point",
        "coordinates": [
          81.89999999999984,
          6.299999999999995
        ]
      },
      "properties": {
        "fish_zone": 0,
        "fish_probability": 0.0,
        "sst": 28.23999326527121,
        "chlorophyll": 0.1544114351272583,
        "current_u": -0.19536946713924408,
        "current_v": -0.23836205899715424,
        "bathymetry": 2533.3359375
      }
    },
    {
      "type": "Feature",
      "geometry": {
        "type": "Point",
        "coordinates": [
          81.89999999999984,
          6.399999999999995
        ]
      },
      "properties": {
        "fish_zone": 0,
        "fish_probability": 0.0,
        "sst": 28.15999326705935,
        "chlorophyll": 0.17597731947898865,
        "current_u": -0.17665015161037445,
        "current_v": -0.21855291724205017,
        "bathymetry": 2865.702880859375
      }
    },
    {
      "type": "Feature",
      "geometry": {
        "type": "Point",
        "coordinates": [
          81.89999999999984,
          6.499999999999995
        ]
      },
      "properties": {
        "fish_zone": 0,
        "fish_probability": 0.013333333333333334,
        "sst": 28.149993267282866,
        "chlorophyll": 0.1885637491941452,
        "current_u": -0.15551316738128662,
        "current_v": -0.1999279260635376,
        "bathymetry": 2865.702880859375
      }
    },
    {
      "type": "Feature",
      "geometry": {
        "type": "Point",
        "coordinates": [
          81.89999999999984,
          6.599999999999994
        ]
      },
      "properties": {
        "fish_zone": 1,
        "fish_probability": 0.9433333333333334,
        "sst": 28.289993264153622,
        "chlorophyll": 0.20270676910877228,
        "current_u": -0.12619321048259735,
        "current_v": -0.171727254986763,
        "bathymetry": 55.76428985595703
      }
    },
    {
      "type": "Feature",
      "geometry": {
        "type": "Point",
        "coordinates": [
          81.89999999999984,
          6.699999999999994
        ]
      },
      "properties": {
        "fish_zone": 0,
        "fish_probability": 0.06666666666666667,
        "sst": 28.339993263036035,
        "chlorophyll": 0.19661864638328552,
        "current_u": -0.0885034129023552,
        "current_v": -0.12585142254829407,
        "bathymetry": 34.43415069580078
      }
    },
    {
      "type": "Feature",
      "geometry": {
        "type": "Point",
        "coordinates": [
          81.89999999999984,
          6.799999999999994
        ]
      },
      "properties": {
        "fish_zone": 0,
        "fish_probability": 0.12333333333333334,
        "sst": 28.309993263706588,
        "chlorophyll": 0.4288285970687866,
        "current_u": -0.0410047322511673,
        "current_v": -0.05128863826394081,
        "bathymetry": 34.43415069580078
      }
    },
    {
      "type": "Feature",
      "geometry": {
        "type": "Point",
        "coordinates": [
          81.89999999999984,
          6.899999999999993
        ]
      },
      "properties": {
        "fish_zone": 0,
        "fish_probability": 0.06333333333333334,
        "sst": 28.259993264824175,
        "chlorophyll": 0.5987371802330017,
        "current_u": -0.02446758560836315,
        "current_v": -0.012646482326090336,
        "bathymetry": 18.495559692382812
      }
    },
    {
      "type": "Feature",
      "geometry": {
        "type": "Point",
        "coordinates": [
          81.89999999999984,
          6.999999999999993
        ]
      },
      "properties": {
        "fish_zone": 0,
        "fish_probability": 0.05,
        "sst": 28.15999326705935,
        "chlorophyll": 0.29187557101249695,
        "current_u": -0.024196261540055275,
        "current_v": 0.013043023645877838,
        "bathymetry": 15.810070037841797
      }
    },
    {
      "type": "Feature",
      "geometry": {
        "type": "Point",
        "coordinates": [
          81.89999999999984,
          7.0999999999999925
        ]
      },
      "properties": {
        "fish_zone": 0,
        "fish_probability": 0.07333333333333333,
        "sst": 28.269993264600657,
        "chlorophyll": 0.6019929051399231,
        "current_u": -0.019806817173957825,
        "current_v": 0.03878739848732948,
        "bathymetry": 18.495559692382812
      }
    },
    {
      "type": "Feature",
      "geometry": {
        "type": "Point",
        "coordinates": [
          81.89999999999984,
          7.199999999999992
        ]
      },
      "properties": {
        "fish_zone": 0,
        "fish_probability": 0.19666666666666666,
        "sst": 28.369993262365483,
        "chlorophyll": 0.37436309456825256,
        "current_u": -0.008434165269136429,
        "current_v": 0.04957665875554085,
        "bathymetry": 25.211410522460938
      }
    },
    {
      "type": "Feature",
      "geometry": {
        "type": "Point",
        "coordinates": [
          81.89999999999984,
          7.299999999999992
        ]
      },
      "properties": {
        "fish_zone": 0,
        "fish_probability": 0.16333333333333333,
        "sst": 28.369993262365483,
        "chlorophyll": 0.41459888219833374,
        "current_u": 0.01696673035621643,
        "current_v": 0.06501328945159912,
        "bathymetry": 25.211410522460938
      }
    },
    {
      "type": "Feature",
      "geometry": {
        "type": "Point",
        "coordinates": [
          81.89999999999984,
          7.3999999999999915
        ]
      },
      "properties": {
        "fish_zone": 0,
        "fish_probability": 0.19666666666666666,
        "sst": 28.299993263930105,
        "chlorophyll": 0.23965319991111755,
        "current_u": 0.0010600285604596138,
        "current_v": 0.05782979354262352,
        "bathymetry": 34.43415069580078
      }
    },
    {
      "type": "Feature",
      "geometry": {
        "type": "Point",
        "coordinates": [
          81.89999999999984,
          7.499999999999991
        ]
      },
      "properties": {
        "fish_zone": 0,
        "fish_probability": 0.013333333333333334,
        "sst": 28.329993263259553,
        "chlorophyll": 0.14525477588176727,
        "current_u": -0.015303624793887138,
        "current_v": 0.043037042021751404,
        "bathymetry": 25.211410522460938
      }
    },
    {
      "type": "Feature",
      "geometry": {
        "type": "Point",
        "coordinates": [
          81.89999999999984,
          7.599999999999991
        ]
      },
      "properties": {
        "fish_zone": 0,
        "fish_probability": 0.013333333333333334,
        "sst": 28.31999326348307,
        "chlorophyll": 0.13930857181549072,
        "current_u": -0.0015261302469298244,
        "current_v": 0.018239658325910568,
        "bathymetry": 266.0403137207031
      }
    },
    {
      "type": "Feature",
      "geometry": {
        "type": "Point",
        "coordinates": [
          81.89999999999984,
          7.69999999999999
        ]
      },
      "properties": {
        "fish_zone": 0,
        "fish_probability": 0.0033333333333333335,
        "sst": 28.31999326348307,
        "chlorophyll": 0.14334827661514282,
        "current_u": 0.0008360831998288631,
        "current_v": -0.019872408360242844,
        "bathymetry": 109.72930145263672
      }
    },
    {
      "type": "Feature",
      "geometry": {
        "type": "Point",
        "coordinates": [
          81.89999999999984,
          7.79999999999999
        ]
      },
      "properties": {
        "fish_zone": 0,
        "fish_probability": 0.0033333333333333335,
        "sst": 28.419993261247896,
        "chlorophyll": 0.13321347534656525,
        "current_u": -0.01129098329693079,
        "current_v": -0.026490166783332825,
        "bathymetry": 1941.8929443359375
      }
    },
    {
      "type": "Feature",
      "geometry": {
        "type": "Point",
        "coordinates": [
          81.89999999999984,
          7.89999999999999
        ]
      },
      "properties": {
        "fish_zone": 0,
        "fish_probability": 0.0,
        "sst": 28.449993260577344,
        "chlorophyll": 0.125523179769516,
        "current_u": -0.05101795867085457,
        "current_v": -0.04158756136894226,
        "bathymetry": 2865.702880859375
      }
    },
    {
      "type": "Feature",
      "geometry": {
        "type": "Point",
        "coordinates": [
          81.89999999999984,
          7.999999999999989
        ]
      },
      "properties": {
        "fish_zone": 0,
        "fish_probability": 0.0,
        "sst": 28.43999326080086,
        "chlorophyll": 0.11735513806343079,
        "current_u": -0.07010436058044434,
        "current_v": -0.04289375618100166,
        "bathymetry": 2865.702880859375
      }
    },
    {
      "type": "Feature",
      "geometry": {
        "type": "Point",
        "coordinates": [
          81.89999999999984,
          8.099999999999989
        ]
      },
      "properties": {
        "fish_zone": 0,
        "fish_probability": 0.0,
        "sst": 28.42999326102438,
        "chlorophyll": 0.11602462083101273,
        "current_u": -0.07521486282348633,
        "current_v": -0.04195943847298622,
        "bathymetry": 2533.3359375
      }
    },
    {
      "type": "Feature",
      "geometry": {
        "type": "Point",
        "coordinates": [
          81.89999999999984,
          8.199999999999989
        ]
      },
      "properties": {
        "fish_zone": 0,
        "fish_probability": 0.0,
        "sst": 28.449993260577344,
        "chlorophyll": 0.1121525689959526,
        "current_u": -0.09010141342878342,
        "current_v": -0.04069392755627632,
        "bathymetry": 2865.702880859375
      }
    },
    {
      "type": "Feature",
      "geometry": {
        "type": "Point",
        "coordinates": [
          81.89999999999984,
          8.299999999999988
        ]
      },
      "properties": {
        "fish_zone": 0,
        "fish_probability": 0.0,
        "sst": 28.47999325990679,
        "chlorophyll": 0.11707703769207001,
        "current_u": -0.12225108593702316,
        "current_v": -0.03325511887669563,
        "bathymetry": 3597.031982421875
      }
    },
    {
      "type": "Feature",
      "geometry": {
        "type": "Point",
        "coordinates": [
          81.89999999999984,
          8.399999999999988
        ]
      },
      "properties": {
        "fish_zone": 0,
        "fish_probability": 0.0,
        "sst": 28.409993261471413,
        "chlorophyll": 0.12445710599422455,
        "current_u": -0.14342615008354187,
        "current_v": -0.015425018034875393,
        "bathymetry": 3597.031982421875
      }
    },
    {
      "type": "Feature",
      "geometry": {
        "type": "Point",
        "coordinates": [
          81.89999999999984,
          8.499999999999988
        ]
      },
      "properties": {
        "fish_zone": 0,
        "fish_probability": 0.0,
        "sst": 28.269993264600657,
        "chlorophyll": 0.12071674317121506,
        "current_u": -0.16953876614570618,
        "current_v": 0.007522181607782841,
        "bathymetry": 3992.48388671875
      }
    },
    {
      "type": "Feature",
      "geometry": {
        "type": "Point",
        "coordinates": [
          81.89999999999984,
          8.599999999999987
        ]
      },
      "properties": {
        "fish_zone": 0,
        "fish_probability": 0.0,
        "sst": 28.39999326169493,
        "chlorophyll": 0.1182292178273201,
        "current_u": -0.19870932400226593,
        "current_v": 0.027376633137464523,
        "bathymetry": 3992.48388671875
      }
    },
    {
      "type": "Feature",
      "geometry": {
        "type": "Point",
        "coordinates": [
          81.89999999999984,
          8.699999999999987
        ]
      },
      "properties": {
        "fish_zone": 0,
        "fish_probability": 0.0,
        "sst": 28.459993260353826,
        "chlorophyll": 0.11111360788345337,
        "current_u": -0.2304936647415161,
        "current_v": 0.040348123759031296,
        "bathymetry": 3992.48388671875
      }
    },
    {
      "type": "Feature",
      "geometry": {
        "type": "Point",
        "coordinates": [
          81.89999999999984,
          8.799999999999986
        ]
      },
      "properties": {
        "fish_zone": 0,
        "fish_probability": 0.0,
        "sst": 28.50999325923624,
        "chlorophyll": 0.11501678079366684,
        "current_u": -0.29152581095695496,
        "current_v": 0.06443373113870621,
        "bathymetry": 3992.48388671875
      }
    },
    {
      "type": "Feature",
      "geometry": {
        "type": "Point",
        "coordinates": [
          81.89999999999984,
          8.899999999999986
        ]
      },
      "properties": {
        "fish_zone": 0,
        "fish_probability": 0.0,
        "sst": 28.489993259683274,
        "chlorophyll": 0.1112414002418518,
        "current_u": -0.313333660364151,
        "current_v": 0.070984847843647,
        "bathymetry": 3992.48388671875
      }
    },
    {
      "type": "Feature",
      "geometry": {
        "type": "Point",
        "coordinates": [
          81.89999999999984,
          8.999999999999986
        ]
      },
      "properties": {
        "fish_zone": 0,
        "fish_probability": 0.0,
        "sst": 28.42999326102438,
        "chlorophyll": 0.11629360169172287,
        "current_u": -0.3279061019420624,
        "current_v": 0.07704624533653259,
        "bathymetry": 4405.22412109375
      }
    },
    {
      "type": "Feature",
      "geometry": {
        "type": "Point",
        "coordinates": [
          81.89999999999984,
          9.099999999999985
        ]
      },
      "properties": {
        "fish_zone": 0,
        "fish_probability": 0.0,
        "sst": 28.43999326080086,
        "chlorophyll": 0.12061651051044464,
        "current_u": -0.3346242606639862,
        "current_v": 0.09147390723228455,
        "bathymetry": 4405.22412109375
      }
    },
    {
      "type": "Feature",
      "geometry": {
        "type": "Point",
        "coordinates": [
          81.89999999999984,
          9.199999999999985
        ]
      },
      "properties": {
        "fish_zone": 0,
        "fish_probability": 0.0,
        "sst": 28.349993262812518,
        "chlorophyll": 0.12729161977767944,
        "current_u": -0.33258548378944397,
        "current_v": 0.11313490569591522,
        "bathymetry": 4405.22412109375
      }
    },
    {
      "type": "Feature",
      "geometry": {
        "type": "Point",
        "coordinates": [
          81.89999999999984,
          9.299999999999985
        ]
      },
      "properties": {
        "fish_zone": 0,
        "fish_probability": 0.0,
        "sst": 28.139993267506384,
        "chlorophyll": 0.12691542506217957,
        "current_u": -0.3040943741798401,
        "current_v": 0.1585780829191208,
        "bathymetry": 3992.48388671875
      }
    },
    {
      "type": "Feature",
      "geometry": {
        "type": "Point",
        "coordinates": [
          81.89999999999984,
          9.399999999999984
        ]
      },
      "properties": {
        "fish_zone": 0,
        "fish_probability": 0.0,
        "sst": 28.16999326683583,
        "chlorophyll": 0.1270996779203415,
        "current_u": -0.28461429476737976,
        "current_v": 0.17522799968719482,
        "bathymetry": 3992.48388671875
      }
    },
    {
      "type": "Feature",
      "geometry": {
        "type": "Point",
        "coordinates": [
          81.89999999999984,
          9.499999999999984
        ]
      },
      "properties": {
        "fish_zone": 0,
        "fish_probability": 0.0,
        "sst": 28.189993266388797,
        "chlorophyll": 0.12689560651779175,
        "current_u": -0.27131572365760803,
        "current_v": 0.18555998802185059,
        "bathymetry": 3992.48388671875
      }
    },
    {
      "type": "Feature",
      "geometry": {
        "type": "Point",
        "coordinates": [
          81.89999999999984,
          9.599999999999984
        ]
      },
      "properties": {
        "fish_zone": 0,
        "fish_probability": 0.0,
        "sst": 28.109993268176936,
        "chlorophyll": 0.1335614174604416,
        "current_u": -0.2702590227127075,
        "current_v": 0.18790128827095032,
        "bathymetry": 3992.48388671875
      }
    },
    {
      "type": "Feature",
      "geometry": {
        "type": "Point",
        "coordinates": [
          81.89999999999984,
          9.699999999999983
        ]
      },
      "properties": {
        "fish_zone": 0,
        "fish_probability": 0.0,
        "sst": 28.069993269071006,
        "chlorophyll": 0.14157480001449585,
        "current_u": -0.2804524600505829,
        "current_v": 0.18429593741893768,
        "bathymetry": 3992.48388671875
      }
    },
    {
      "type": "Feature",
      "geometry": {
        "type": "Point",
        "coordinates": [
          81.89999999999984,
          9.799999999999983
        ]
      },
      "properties": {
        "fish_zone": 0,
        "fish_probability": 0.0,
        "sst": 28.059993269294523,
        "chlorophyll": 0.1417611837387085,
        "current_u": -0.2777451276779175,
        "current_v": 0.1937638223171234,
        "bathymetry": 3992.48388671875
      }
    },
    {
      "type": "Feature",
      "geometry": {
        "type": "Point",
        "coordinates": [
          81.89999999999984,
          9.899999999999983
        ]
      },
      "properties": {
        "fish_zone": 0,
        "fish_probability": 0.0,
        "sst": 28.069993269071006,
        "chlorophyll": 0.1411479115486145,
        "current_u": -0.24937623739242554,
        "current_v": 0.21742717921733856,
        "bathymetry": 3992.48388671875
      }
    }
  ]
}