date,lk_price,lk_price_lag1,lk_price_lag2,lk_price_change,lk_price_pct_change
2003-08-07,24.0,,,,
2003-08-08,24.0,24.0,,0.0,0.0
2003-08-09,24.0,24.0,24.0,0.0,0.0
2003-08-10,24.0,24.0,24.0,0.0,0.0
2003-08-11,24.0,24.0,24.0,0.0,0.0
2003-08-12,24.0,24.0,24.0,0.0,0.0
2003-08-13,24.0,24.0,24.0,0.0,0.0
2003-08-14,24.0,24.0,24.0,0.0,0.0
2003-08-15,24.0,24.0,24.0,0.0,0.0
2003-08-16,24.0,24.0,24.0,0.0,0.0
2003-08-17,24.0,24.0,24.0,0.0,0.0
2003-08-18,24.0,24.0,24.0,0.0,0.0
2003-08-19,24.0,24.0,24.0,0.0,0.0
2003-08-20,24.0,24.0,24.0,0.0,0.0
2003-08-21,24.0,24.0,24.0,0.0,0.0
2003-08-22,24.0,24.0,24.0,0.0,0.0
2003-08-23,24.0,24.0,24.0,0.0,0.0
2003-08-24,24.0,24.0,24.0,0.0,0.0
2003-08-25,24.0,24.0,24.0,0.0,0.0
2003-08-26,24.0,24.0,24.0,0.0,0.0
2003-08-27,24.0,24.0,24.0,0.0,0.0
2003-08-28,24.0,24.0,24.0,0.0,0.0
2003-08-29,24.0,24.0,24.0,0.0,0.0
2003-08-30,24.0,24.0,24.0,0.0,0.0
2003-08-31,24.0,24.0,24.0,0.0,0.0
2003-09-01,24.0,24.0,24.0,0.0,0.0
2003-09-02,24.0,24.0,24.0,0.0,0.0
2003-09-03,24.0,24.0,24.0,0.0,0.0
2003-09-04,25.0,24.0,24.0,1.0,4.166666666666674
2003-09-05,25.0,25.0,24.0,0.0,0.0
2003-09-06,25.0,25.0,25.0,0.0,0.0
2003-09-07,25.0,25.0,25.0,0.0,0.0
2003-09-08,25.0,25.0,25.0,0.0,0.0
2003-09-09,25.0,25.0,25.0,0.0,0.0
2003-09-10,25.0,25.0,25.0,0.0,0.0
2003-09-11,25.0,25.0,25.0,0.0,0.0
2003-09-12,25.0,25.0,25.0,0.0,0.0
2003-09-13,25.0,25.0,25.0,0.0,0.0
2003-09-14,25.0,25.0,25.0,0.0,0.0
2003-09-15,25.0,25.0,25.0,0.0,0.0
2003-09-16,25.0,25.0,25.0,0.0,0.0
2003-09-17,25.0,25.0,25.0,0.0,0.0
2003-09-18,25.0,25.0,25.0,0.0,0.0
2003-09-19,25.0,25.0,25.0,0.0,0.0
2003-09-20,25.0,25.0,25.0,0.0,0.0
2003-09-21,25.0,25.0,25.0,0.0,0.0
2003-09-22,25.0,25.0,25.0,0.0,0.0
2003-09-23,25.0,25.0,25.0,0.0,0.0
2003-09-24,25.0,25.0,25.0,0.0,0.0
2003-09-25,25.0,25.0,25.0,0.0,0.0
2003-09-26,25.0,25.0,25.0,0.0,0.0
2003-09-27,25.0,25.0,25.0,0.0,0.0
2003-09-28,25.0,25.0,25.0,0.0,0.0
2003-09-29,25.0,25.0,25.0,0.0,0.0
2003-09-30,25.0,25.0,25.0,0.0,0.0
2003-10-01,25.0,25.0,25.0,0.0,0.0
2003-10-02,25.0,25.0,25.0,0.0,0.0
2003-10-03,25.0,25.0,25.0,0.0,0.0
2003-10-04,25.0,25.0,25.0,0.0,0.0
2003-10-05,23.0,25.0,25.0,-2.0,-7.9999999999999964
2003-10-06,23.0,23.0,25.0,0.0,0.0
2003-10-07,23.0,23.0,23.0,0.0,0.0
2003-10-08,23.0,23.0,23.0,0.0,0.0
2003-10-09,23.0,23.0,23.0,0.0,0.0
2003-10-10,23.0,23.0,23.0,0.0,0.0
2003-10-11,23.0,23.0,23.0,0.0,0.0
2003-10-12,23.0,23.0,23.0,0.0,0.0
2003-10-13,23.0,23.0,23.0,0.0,0.0
2003-10-14,23.0,23.0,23.0,0.0,0.0
2003-10-15,23.0,23.0,23.0,0.0,0.0
2003-10-16,23.0,23.0,23.0,0.0,0.0
2003-10-17,23.0,23.0,23.0,0.0,0.0
2003-10-18,23.0,23.0,23.0,0.0,0.0
2003-10-19,23.0,23.0,23.0,0.0,0.0
2003-10-20,23.0,23.0,23.0,0.0,0.0
2003-10-21,23.0,23.0,23.0,0.0,0.0
2003-10-22,23.0,23.0,23.0,0.0,0.0
2003-10-23,23.0,23.0,23.0,0.0,0.0
2003-10-24,23.0,23.0,23.0,0.0,0.0
2003-10-25,23.0,23.0,23.0,0.0,0.0
2003-10-26,23.0,23.0,23.0,0.0,0.0
2003-10-27,23.0,23.0,23.0,0.0,0.0
2003-10-28,23.0,23.0,23.0,0.0,0.0
2003-10-29,23.0,23.0,23.0,0.0,0.0
2003-10-30,23.0,23.0,23.0,0.0,0.0
2003-10-31,23.0,23.0,23.0,0.0,0.0
2003-11-01,23.0,23.0,23.0,0.0,0.0
2003-11-02,23.0,23.0,23.0,0.0,0.0
2003-11-03,23.0,23.0,23.0,0.0,0.0
2003-11-04,23.0,23.0,23.0,0.0,0.0
2003-11-05,23.0,23.0,23.0,0.0,0.0
2003-11-06,23.0,23.0,23.0,0.0,0.0
2003-11-07,23.0,23.0,23.0,0.0,0.0
2003-11-08,23.0,23.0,23.0,0.0,0.0
2003-11-09,23.0,23.0,23.0,0.0,0.0
2003-11-10,23.0,23.0,23.0,0.0,0.0
2003-11-11,23.5,23.0,23.0,0.5,2.1739130434782705
2003-11-12,23.5,23.5,23.0,0.0,0.0
2003-11-13,23.5,23.5,23.5,0.0,0.0
2003-11-14,23.5,23.5,23.5,0.0,0.0
2003-11-15,23.5,23.5,23.5,0.0,0.0
2003-11-16,23.5,23.5,23.5,0.0,0.0
2003-11-17,23.5,23.5,23.5,0.0,0.0
2003-11-18,23.5,23.5,23.5,0.0,0.0
2003-11-19,23.5,23.5,23.5,0.0,0.0
2003-11-20,23.5,23.5,23.5,0.0,0.0
2003-11-21,23.5,23.5,23.5,0.0,0.0
2003-11-22,23.5,23.5,23.5,0.0,0.0
2003-11-23,23.5,23.5,23.5,0.0,0.0
2003-11-24,23.5,23.5,23.5,0.0,0.0
2003-11-25,23.5,23.5,23.5,0.0,0.0
2003-11-26,23.5,23.5,23.5,0.0,0.0
2003-11-27,23.5,23.5,23.5,0.0,0.0
2003-11-28,23.5,23.5,23.5,0.0,0.0
2003-11-29,23.5,23.5,23.5,0.0,0.0
2003-11-30,23.5,23.5,23.5,0.0,0.0
2003-12-01,23.5,23.5,23.5,0.0,0.0
2003-12-02,23.5,23.5,23.5,0.0,0.0
2003-12-03,23.5,23.5,23.5,0.0,0.0
2003-12-04,25.5,23.5,23.5,2.0,8.51063829787233
2003-12-05,25.5,25.5,23.5,0.0,0.0
2003-12-06,25.5,25.5,25.5,0.0,0.0
2003-12-07,25.5,25.5,25.5,0.0,0.0
2003-12-08,25.5,25.5,25.5,0.0,0.0
2003-12-09,25.5,25.5,25.5,0.0,0.0
2003-12-10,25.5,25.5,25.5,0.0,0.0
2003-12-11,25.5,25.5,25.5,0.0,0.0
2003-12-12,25.5,25.5,25.5,0.0,0.0
2003-12-13,25.5,25.5,25.5,0.0,0.0
2003-12-14,25.5,25.5,25.5,0.0,0.0
2003-12-15,25.5,25.5,25.5,0.0,0.0
2003-12-16,25.5,25.5,25.5,0.0,0.0
2003-12-17,25.5,25.5,25.5,0.0,0.0
2003-12-18,25.5,25.5,25.5,0.0,0.0
2003-12-19,25.5,25.5,25.5,0.0,0.0
2003-12-20,25.5,25.5,25.5,0.0,0.0
2003-12-21,25.5,25.5,25.5,0.0,0.0
2003-12-22,25.5,25.5,25.5,0.0,0.0
2003-12-23,25.5,25.5,25.5,0.0,0.0
2003-12-24,25.5,25.5,25.5,0.0,0.0
2003-12-25,25.5,25.5,25.5,0.0,0.0
2003-12-26,25.5,25.5,25.5,0.0,0.0
2003-12-27,25.5,25.5,25.5,0.0,0.0
2003-12-28,25.5,25.5,25.5,0.0,0.0
2003-12-29,25.5,25.5,25.5,0.0,0.0
2003-12-30,25.5,25.5,25.5,0.0,0.0
2003-12-31,25.5,25.5,25.5,0.0,0.0
2004-01-01,25.5,25.5,25.5,0.0,0.0
2004-01-02,25.5,25.5,25.5,0.0,0.0
2004-01-03,25.5,25.5,25.5,0.0,0.0
2004-01-04,25.5,25.5,25.5,0.0,0.0
2004-01-05,25.5,25.5,25.5,0.0,0.0
2004-01-06,25.5,25.5,25.5,0.0,0.0
2004-01-07,25.5,25.5,25.5,0.0,0.0
2004-01-08,25.5,25.5,25.5,0.0,0.0
2004-01-09,25.5,25.5,25.5,0.0,0.0
2004-01-10,25.5,25.5,25.5,0.0,0.0
2004-01-11,25.5,25.5,25.5,0.0,0.0
2004-01-12,25.5,25.5,25.5,0.0,0.0
2004-01-13,25.5,25.5,25.5,0.0,0.0
2004-01-14,25.5,25.5,25.5,0.0,0.0
2004-01-15,25.5,25.5,25.5,0.0,0.0
2004-01-16,25.5,25.5,25.5,0.0,0.0
2004-01-17,25.5,25.5,25.5,0.0,0.0
2004-01-18,25.5,25.5,25.5,0.0,0.0
2004-01-19,25.5,25.5,25.5,0.0,0.0
2004-01-20,25.5,25.5,25.5,0.0,0.0
2004-01-21,25.5,25.5,25.5,0.0,0.0
2004-01-22,25.5,25.5,25.5,0.0,0.0
2004-01-23,25.5,25.5,25.5,0.0,0.0
2004-01-24,25.5,25.5,25.5,0.0,0.0
2004-01-25,25.5,25.5,25.5,0.0,0.0
2004-01-26,25.5,25.5,25.5,0.0,0.0
2004-01-27,25.5,25.5,25.5,0.0,0.0
2004-01-28,25.5,25.5,25.5,0.0,0.0
2004-01-29,25.5,25.5,25.5,0.0,0.0
2004-01-30,25.5,25.5,25.5,0.0,0.0
2004-01-31,25.5,25.5,25.5,0.0,0.0
2004-02-01,25.5,25.5,25.5,0.0,0.0
2004-02-02,25.5,25.5,25.5,0.0,0.0
2004-02-03,25.5,25.5,25.5,0.0,0.0
2004-02-04,25.5,25.5,25.5,0.0,0.0
2004-02-05,25.5,25.5,25.5,0.0,0.0
2004-02-06,25.5,25.5,25.5,0.0,0.0
2004-02-07,25.5,25.5,25.5,0.0,0.0
2004-02-08,25.5,25.5,25.5,0.0,0.0
2004-02-09,25.5,25.5,25.5,0.0,0.0
2004-02-10,25.5,25.5,25.5,0.0,0.0
2004-02-11,25.5,25.5,25.5,0.0,0.0
2004-02-12,25.5,25.5,25.5,0.0,0.0
2004-02-13,25.5,25.5,25.5,0.0,0.0
2004-02-14,25.5,25.5,25.5,0.0,0.0
2004-02-15,25.5,25.5,25.5,0.0,0.0
2004-02-16,25.5,25.5,25.5,0.0,0.0
2004-02-17,25.5,25.5,25.5,0.0,0.0
2004-02-18,25.5,25.5,25.5,0.0,0.0
2004-02-19,25.5,25.5,25.5,0.0,0.0
2004-02-20,25.5,25.5,25.5,0.0,0.0
2004-02-21,25.5,25.5,25.5,0.0,0.0
2004-02-22,25.5,25.5,25.5,0.0,0.0
2004-02-23,25.5,25.5,25.5,0.0,0.0
2004-02-24,25.5,25.5,25.5,0.0,0.0
2004-02-25,25.5,25.5,25.5,0.0,0.0
2004-02-26,25.5,25.5,25.5,0.0,0.0
2004-02-27,25.5,25.5,25.5,0.0,0.0
2004-02-28,25.5,25.5,25.5,0.0,0.0
2004-02-29,25.5,25.5,25.5,0.0,0.0
2004-03-01,25.5,25.5,25.5,0.0,0.0
2004-03-02,25.5,25.5,25.5,0.0,0.0
2004-03-03,25.5,25.5,25.5,0.0,0.0
2004-03-04,25.5,25.5,25.5,0.0,0.0
2004-03-05,25.5,25.5,25.5,0.0,0.0
2004-03-06,25.5,25.5,25.5,0.0,0.0
2004-03-07,25.5,25.5,25.5,0.0,0.0
2004-03-08,25.5,25.5,25.5,0.0,0.0
2004-03-09,25.5,25.5,25.5,0.0,0.0
2004-03-10,25.5,25.5,25.5,0.0,0.0
2004-03-11,25.5,25.5,25.5,0.0,0.0
2004-03-12,25.5,25.5,25.5,0.0,0.0
2004-03-13,25.5,25.5,25.5,0.0,0.0
2004-03-14,25.5,25.5,25.5,0.0,0.0
2004-03-15,25.5,25.5,25.5,0.0,0.0
2004-03-16,25.5,25.5,25.5,0.0,0.0
2004-03-17,25.5,25.5,25.5,0.0,0.0
2004-03-18,25.5,25.5,25.5,0.0,0.0
2004-03-19,25.5,25.5,25.5,0.0,0.0
2004-03-20,25.5,25.5,25.5,0.0,0.0
2004-03-21,25.5,25.5,25.5,0.0,0.0
2004-03-22,25.5,25.5,25.5,0.0,0.0
2004-03-23,25.5,25.5,25.5,0.0,0.0
2004-03-24,25.5,25.5,25.5,0.0,0.0
2004-03-25,25.5,25.5,25.5,0.0,0.0
2004-03-26,25.5,25.5,25.5,0.0,0.0
2004-03-27,25.5,25.5,25.5,0.0,0.0
2004-03-28,25.5,25.5,25.5,0.0,0.0
2004-03-29,25.5,25.5,25.5,0.0,0.0
2004-03-30,25.5,25.5,25.5,0.0,0.0
2004-03-31,25.5,25.5,25.5,0.0,0.0
2004-04-01,25.5,25.5,25.5,0.0,0.0
2004-04-02,25.5,25.5,25.5,0.0,0.0
2004-04-03,25.5,25.5,25.5,0.0,0.0
2004-04-04,25.5,25.5,25.5,0.0,0.0
2004-04-05,25.5,25.5,25.5,0.0,0.0
2004-04-06,25.5,25.5,25.5,0.0,0.0
2004-04-07,25.5,25.5,25.5,0.0,0.0
2004-04-08,25.5,25.5,25.5,0.0,0.0
2004-04-09,25.5,25.5,25.5,0.0,0.0
2004-04-10,25.5,25.5,25.5,0.0,0.0
2004-04-11,25.5,25.5,25.5,0.0,0.0
2004-04-12,25.5,25.5,25.5,0.0,0.0
2004-04-13,25.5,25.5,25.5,0.0,0.0
2004-04-14,25.5,25.5,25.5,0.0,0.0
2004-04-15,25.5,25.5,25.5,0.0,0.0
2004-04-16,25.5,25.5,25.5,0.0,0.0
2004-04-17,25.5,25.5,25.5,0.0,0.0
2004-04-18,25.5,25.5,25.5,0.0,0.0
2004-04-19,25.5,25.5,25.5,0.0,0.0
2004-04-20,25.5,25.5,25.5,0.0,0.0
2004-04-21,25.5,25.5,25.5,0.0,0.0
2004-04-22,25.5,25.5,25.5,0.0,0.0
2004-04-23,25.5,25.5,25.5,0.0,0.0
2004-04-24,25.5,25.5,25.5,0.0,0.0
2004-04-25,25.5,25.5,25.5,0.0,0.0
2004-04-26,25.5,25.5,25.5,0.0,0.0
2004-04-27,25.5,25.5,25.5,0.0,0.0
2004-04-28,25.5,25.5,25.5,0.0,0.0
2004-04-29,25.5,25.5,25.5,0.0,0.0
2004-04-30,25.5,25.5,25.5,0.0,0.0
2004-05-01,25.5,25.5,25.5,0.0,0.0
2004-05-02,25.5,25.5,25.5,0.0,0.0
2004-05-03,25.5,25.5,25.5,0.0,0.0
2004-05-04,25.5,25.5,25.5,0.0,0.0
2004-05-05,25.5,25.5,25.5,0.0,0.0
2004-05-06,25.5,25.5,25.5,0.0,0.0
2004-05-07,25.5,25.5,25.5,0.0,0.0
2004-05-08,25.5,25.5,25.5,0.0,0.0
2004-05-09,25.5,25.5,25.5,0.0,0.0
2004-05-10,25.5,25.5,25.5,0.0,0.0
2004-05-11,25.5,25.5,25.5,0.0,0.0
2004-05-12,25.5,25.5,25.5,0.0,0.0
2004-05-13,25.5,25.5,25.5,0.0,0.0
2004-05-14,25.5,25.5,25.5,0.0,0.0
2004-05-15,25.5,25.5,25.5,0.0,0.0
2004-05-16,25.5,25.5,25.5,0.0,0.0
2004-05-17,25.5,25.5,25.5,0.0,0.0
2004-05-18,25.5,25.5,25.5,0.0,0.0
2004-05-19,25.5,25.5,25.5,0.0,0.0
2004-05-20,25.5,25.5,25.5,0.0,0.0
2004-05-21,25.5,25.5,25.5,0.0,0.0
2004-05-22,25.5,25.5,25.5,0.0,0.0
2004-05-23,25.5,25.5,25.5,0.0,0.0
2004-05-24,25.5,25.5,25.5,0.0,0.0
2004-05-25,25.5,25.5,25.5,0.0,0.0
2004-05-26,25.5,25.5,25.5,0.0,0.0
2004-05-27,25.5,25.5,25.5,0.0,0.0
2004-05-28,25.5,25.5,25.5,0.0,0.0
2004-05-29,25.5,25.5,25.5,0.0,0.0
2004-05-30,25.5,25.5,25.5,0.0,0.0
2004-05-31,25.5,25.5,25.5,0.0,0.0
2004-06-01,25.5,25.5,25.5,0.0,0.0
2004-06-02,25.5,25.5,25.5,0.0,0.0
2004-06-03,25.5,25.5,25.5,0.0,0.0
2004-06-04,25.5,25.5,25.5,0.0,0.0
2004-06-05,25.5,25.5,25.5,0.0,0.0
2004-06-06,25.5,25.5,25.5,0.0,0.0
2004-06-07,25.5,25.5,25.5,0.0,0.0
2004-06-08,25.5,25.5,25.5,0.0,0.0
2004-06-09,25.5,25.5,25.5,0.0,0.0
2004-06-10,25.5,25.5,25.5,0.0,0.0
2004-06-11,25.5,25.5,25.5,0.0,0.0
2004-06-12,25.5,25.5,25.5,0.0,0.0
2004-06-13,25.5,25.5,25.5,0.0,0.0
2004-06-14,25.5,25.5,25.5,0.0,0.0
2004-06-15,25.5,25.5,25.5,0.0,0.0
2004-06-16,25.5,25.5,25.5,0.0,0.0
2004-06-17,25.5,25.5,25.5,0.0,0.0
2004-06-18,25.5,25.5,25.5,0.0,0.0
2004-06-19,25.5,25.5,25.5,0.0,0.0
2004-06-20,25.5,25.5,25.5,0.0,0.0
2004-06-21,25.5,25.5,25.5,0.0,0.0
2004-06-22,25.5,25.5,25.5,0.0,0.0
2004-06-23,25.5,25.5,25.5,0.0,0.0
2004-06-24,25.5,25.5,25.5,0.0,0.0
2004-06-25,25.5,25.5,25.5,0.0,0.0
2004-06-26,25.5,25.5,25.5,0.0,0.0
2004-06-27,25.5,25.5,25.5,0.0,0.0
2004-06-28,25.5,25.5,25.5,0.0,0.0
2004-06-29,25.5,25.5,25.5,0.0,0.0
2004-06-30,25.5,25.5,25.5,0.0,0.0
2004-07-01,25.5,25.5,25.5,0.0,0.0
2004-07-02,25.5,25.5,25.5,0.0,0.0
2004-07-03,25.5,25.5,25.5,0.0,0.0
2004-07-04,25.5,25.5,25.5,0.0,0.0
2004-07-05,25.5,25.5,25.5,0.0,0.0
2004-07-06,25.5,25.5,25.5,0.0,0.0
2004-07-07,25.5,25.5,25.5,0.0,0.0
2004-07-08,25.5,25.5,25.5,0.0,0.0
2004-07-09,25.5,25.5,25.5,0.0,0.0
2004-07-10,25.5,25.5,25.5,0.0,0.0
2004-07-11,25.5,25.5,25.5,0.0,0.0
2004-07-12,25.5,25.5,25.5,0.0,0.0
2004-07-13,25.5,25.5,25.5,0.0,0.0
2004-07-14,25.5,25.5,25.5,0.0,0.0
2004-07-15,25.5,25.5,25.5,0.0,0.0
2004-07-16,25.5,25.5,25.5,0.0,0.0
2004-07-17,25.5,25.5,25.5,0.0,0.0
2004-07-18,25.5,25.5,25.5,0.0,0.0
2004-07-19,25.5,25.5,25.5,0.0,0.0
2004-07-20,25.5,25.5,25.5,0.0,0.0
2004-07-21,25.5,25.5,25.5,0.0,0.0
2004-07-22,25.5,25.5,25.5,0.0,0.0
2004-07-23,25.5,25.5,25.5,0.0,0.0
2004-07-24,25.5,25.5,25.5,0.0,0.0
2004-07-25,25.5,25.5,25.5,0.0,0.0
2004-07-26,25.5,25.5,25.5,0.0,0.0
2004-07-27,25.5,25.5,25.5,0.0,0.0
2004-07-28,25.5,25.5,25.5,0.0,0.0
2004-07-29,25.5,25.5,25.5,0.0,0.0
2004-07-30,25.5,25.5,25.5,0.0,0.0
2004-07-31,25.5,25.5,25.5,0.0,0.0
2004-08-01,25.5,25.5,25.5,0.0,0.0
2004-08-02,25.5,25.5,25.5,0.0,0.0
2004-08-03,25.5,25.5,25.5,0.0,0.0
2004-08-04,25.5,25.5,25.5,0.0,0.0
2004-08-05,25.5,25.5,25.5,0.0,0.0
2004-08-06,25.5,25.5,25.5,0.0,0.0
2004-08-07,25.5,25.5,25.5,0.0,0.0
2004-08-08,25.5,25.5,25.5,0.0,0.0
2004-08-09,25.5,25.5,25.5,0.0,0.0
2004-08-10,25.5,25.5,25.5,0.0,0.0
2004-08-11,25.5,25.5,25.5,0.0,0.0
2004-08-12,25.5,25.5,25.5,0.0,0.0
2004-08-13,25.5,25.5,25.5,0.0,0.0
2004-08-14,25.5,25.5,25.5,0.0,0.0
2004-08-15,25.5,25.5,25.5,0.0,0.0
2004-08-16,25.5,25.5,25.5,0.0,0.0
2004-08-17,25.5,25.5,25.5,0.0,0.0
2004-08-18,25.5,25.5,25.5,0.0,0.0
2004-08-19,25.5,25.5,25.5,0.0,0.0
2004-08-20,25.5,25.5,25.5,0.0,0.0
2004-08-21,25.5,25.5,25.5,0.0,0.0
2004-08-22,25.5,25.5,25.5,0.0,0.0
2004-08-23,25.5,25.5,25.5,0.0,0.0
2004-08-24,25.5,25.5,25.5,0.0,0.0
2004-08-25,25.5,25.5,25.5,0.0,0.0
2004-08-26,25.5,25.5,25.5,0.0,0.0
2004-08-27,25.5,25.5,25.5,0.0,0.0
2004-08-28,25.5,25.5,25.5,0.0,0.0
2004-08-29,25.5,25.5,25.5,0.0,0.0
2004-08-30,25.5,25.5,25.5,0.0,0.0
2004-08-31,25.5,25.5,25.5,0.0,0.0
2004-09-01,25.5,25.5,25.5,0.0,0.0
2004-09-02,25.5,25.5,25.5,0.0,0.0
2004-09-03,25.5,25.5,25.5,0.0,0.0
2004-09-04,25.5,25.5,25.5,0.0,0.0
2004-09-05,25.5,25.5,25.5,0.0,0.0
2004-09-06,25.5,25.5,25.5,0.0,0.0
2004-09-07,25.5,25.5,25.5,0.0,0.0
2004-09-08,25.5,25.5,25.5,0.0,0.0
2004-09-09,25.5,25.5,25.5,0.0,0.0
2004-09-10,25.5,25.5,25.5,0.0,0.0
2004-09-11,25.5,25.5,25.5,0.0,0.0
2004-09-12,25.5,25.5,25.5,0.0,0.0
2004-09-13,25.5,25.5,25.5,0.0,0.0
2004-09-14,25.5,25.5,25.5,0.0,0.0
2004-09-15,25.5,25.5,25.5,0.0,0.0
2004-09-16,25.5,25.5,25.5,0.0,0.0
2004-09-17,25.5,25.5,25.5,0.0,0.0
2004-09-18,25.5,25.5,25.5,0.0,0.0
2004-09-19,25.5,25.5,25.5,0.0,0.0
2004-09-20,25.5,25.5,25.5,0.0,0.0
2004-09-21,25.5,25.5,25.5,0.0,0.0
2004-09-22,25.5,25.5,25.5,0.0,0.0
2004-09-23,25.5,25.5,25.5,0.0,0.0
2004-09-24,25.5,25.5,25.5,0.0,0.0
2004-09-25,25.5,25.5,25.5,0.0,0.0
2004-09-26,25.5,25.5,25.5,0.0,0.0
2004-09-27,25.5,25.5,25.5,0.0,0.0
2004-09-28,25.5,25.5,25.5,0.0,0.0
2004-09-29,25.5,25.5,25.5,0.0,0.0
2004-09-30,25.5,25.5,25.5,0.0,0.0
2004-10-01,25.5,25.5,25.5,0.0,0.0
2004-10-02,25.5,25.5,25.5,0.0,0.0
2004-10-03,25.5,25.5,25.5,0.0,0.0
2004-10-04,25.5,25.5,25.5,0.0,0.0
2004-10-05,25.5,25.5,25.5,0.0,0.0
2004-10-06,25.5,25.5,25.5,0.0,0.0
2004-10-07,25.5,25.5,25.5,0.0,0.0
2004-10-08,25.5,25.5,25.5,0.0,0.0
2004-10-09,25.5,25.5,25.5,0.0,0.0
2004-10-10,25.5,25.5,25.5,0.0,0.0
2004-10-11,25.5,25.5,25.5,0.0,0.0
2004-10-12,25.5,25.5,25.5,0.0,0.0
2004-10-13,25.5,25.5,25.5,0.0,0.0
2004-10-14,25.5,25.5,25.5,0.0,0.0
2004-10-15,25.5,25.5,25.5,0.0,0.0
2004-10-16,25.5,25.5,25.5,0.0,0.0
2004-10-17,25.5,25.5,25.5,0.0,0.0
2004-10-18,25.5,25.5,25.5,0.0,0.0
2004-10-19,25.5,25.5,25.5,0.0,0.0
2004-10-20,25.5,25.5,25.5,0.0,0.0
2004-10-21,25.5,25.5,25.5,0.0,0.0
2004-10-22,25.5,25.5,25.5,0.0,0.0
2004-10-23,25.5,25.5,25.5,0.0,0.0
2004-10-24,25.5,25.5,25.5,0.0,0.0
2004-10-25,25.5,25.5,25.5,0.0,0.0
2004-10-26,25.5,25.5,25.5,0.0,0.0
2004-10-27,25.5,25.5,25.5,0.0,0.0
2004-10-28,25.5,25.5,25.5,0.0,0.0
2004-10-29,25.5,25.5,25.5,0.0,0.0
2004-10-30,25.5,25.5,25.5,0.0,0.0
2004-10-31,25.5,25.5,25.5,0.0,0.0
2004-11-01,25.5,25.5,25.5,0.0,0.0
2004-11-02,25.5,25.5,25.5,0.0,0.0
2004-11-03,25.5,25.5,25.5,0.0,0.0
2004-11-04,25.5,25.5,25.5,0.0,0.0
2004-11-05,25.5,25.5,25.5,0.0,0.0
2004-11-06,25.5,25.5,25.5,0.0,0.0
2004-11-07,25.5,25.5,25.5,0.0,0.0
2004-11-08,25.5,25.5,25.5,0.0,0.0
2004-11-09,25.5,25.5,25.5,0.0,0.0
2004-11-10,25.5,25.5,25.5,0.0,0.0
2004-11-11,25.5,25.5,25.5,0.0,0.0
2004-11-12,25.5,25.5,25.5,0.0,0.0
2004-11-13,25.5,25.5,25.5,0.0,0.0
2004-11-14,25.5,25.5,25.5,0.0,0.0
2004-11-15,25.5,25.5,25.5,0.0,0.0
2004-11-16,25.5,25.5,25.5,0.0,0.0
2004-11-17,25.5,25.5,25.5,0.0,0.0
2004-11-18,25.5,25.5,25.5,0.0,0.0
2004-11-19,25.5,25.5,25.5,0.0,0.0
2004-11-20,25.5,25.5,25.5,0.0,0.0
2004-11-21,25.5,25.5,25.5,0.0,0.0
2004-11-22,25.5,25.5,25.5,0.0,0.0
2004-11-23,25.5,25.5,25.5,0.0,0.0
2004-11-24,25.5,25.5,25.5,0.0,0.0
2004-11-25,25.5,25.5,25.5,0.0,0.0
2004-11-26,25.5,25.5,25.5,0.0,0.0
2004-11-27,25.5,25.5,25.5,0.0,0.0
2004-11-28,25.5,25.5,25.5,0.0,0.0
2004-11-29,25.5,25.5,25.5,0.0,0.0
2004-11-30,25.5,25.5,25.5,0.0,0.0
2004-12-01,25.5,25.5,25.5,0.0,0.0
2004-12-02,25.5,25.5,25.5,0.0,0.0
2004-12-03,25.5,25.5,25.5,0.0,0.0
2004-12-04,25.5,25.5,25.5,0.0,0.0
2004-12-05,25.5,25.5,25.5,0.0,0.0
2004-12-06,25.5,25.5,25.5,0.0,0.0
2004-12-07,25.5,25.5,25.5,0.0,0.0
2004-12-08,25.5,25.5,25.5,0.0,0.0
2004-12-09,25.5,25.5,25.5,0.0,0.0
2004-12-10,25.5,25.5,25.5,0.0,0.0
2004-12-11,25.5,25.5,25.5,0.0,0.0
2004-12-12,25.5,25.5,25.5,0.0,0.0
2004-12-13,25.5,25.5,25.5,0.0,0.0
2004-12-14,25.5,25.5,25.5,0.0,0.0
2004-12-15,25.5,25.5,25.5,0.0,0.0
2004-12-16,25.5,25.5,25.5,0.0,0.0
2004-12-17,25.5,25.5,25.5,0.0,0.0
2004-12-18,25.5,25.5,25.5,0.0,0.0
2004-12-19,25.5,25.5,25.5,0.0,0.0
2004-12-20,25.5,25.5,25.5,0.0,0.0
2004-12-21,25.5,25.5,25.5,0.0,0.0
2004-12-22,25.5,25.5,25.5,0.0,0.0
2004-12-23,25.5,25.5,25.5,0.0,0.0
2004-12-24,25.5,25.5,25.5,0.0,0.0
2004-12-25,25.5,25.5,25.5,0.0,0.0
2004-12-26,25.5,25.5,25.5,0.0,0.0
2004-12-27,25.5,25.5,25.5,0.0,0.0
2004-12-28,25.5,25.5,25.5,0.0,0.0
2004-12-29,25.5,25.5,25.5,0.0,0.0
2004-12-30,25.5,25.5,25.5,0.0,0.0
2004-12-31,25.5,25.5,25.5,0.0,0.0
2005-01-01,25.5,25.5,25.5,0.0,0.0
2005-01-02,25.5,25.5,25.5,0.0,0.0
2005-01-03,25.5,25.5,25.5,0.0,0.0
2005-01-04,25.5,25.5,25.5,0.0,0.0
2005-01-05,25.5,25.5,25.5,0.0,0.0
2005-01-06,25.5,25.5,25.5,0.0,0.0
2005-01-07,25.5,25.5,25.5,0.0,0.0
2005-01-08,25.5,25.5,25.5,0.0,0.0
2005-01-09,25.5,25.5,25.5,0.0,0.0
2005-01-10,25.5,25.5,25.5,0.0,0.0
2005-01-11,25.5,25.5,25.5,0.0,0.0
2005-01-12,25.5,25.5,25.5,0.0,0.0
2005-01-13,25.5,25.5,25.5,0.0,0.0
2005-01-14,25.5,25.5,25.5,0.0,0.0
2005-01-15,25.5,25.5,25.5,0.0,0.0
2005-01-16,25.5,25.5,25.5,0.0,0.0
2005-01-17,25.5,25.5,25.5,0.0,0.0
2005-01-18,25.5,25.5,25.5,0.0,0.0
2005-01-19,25.5,25.5,25.5,0.0,0.0
2005-01-20,25.5,25.5,25.5,0.0,0.0
2005-01-21,25.5,25.5,25.5,0.0,0.0
2005-01-22,25.5,25.5,25.5,0.0,0.0
2005-01-23,25.5,25.5,25.5,0.0,0.0
2005-01-24,25.5,25.5,25.5,0.0,0.0
2005-01-25,25.5,25.5,25.5,0.0,0.0
2005-01-26,25.5,25.5,25.5,0.0,0.0
2005-01-27,25.5,25.5,25.5,0.0,0.0
2005-01-28,25.5,25.5,25.5,0.0,0.0
2005-01-29,25.5,25.5,25.5,0.0,0.0
2005-01-30,25.5,25.5,25.5,0.0,0.0
2005-01-31,25.5,25.5,25.5,0.0,0.0
2005-02-01,25.5,25.5,25.5,0.0,0.0
2005-02-02,25.5,25.5,25.5,0.0,0.0
2005-02-03,25.5,25.5,25.5,0.0,0.0
2005-02-04,25.5,25.5,25.5,0.0,0.0
2005-02-05,25.5,25.5,25.5,0.0,0.0
2005-02-06,25.5,25.5,25.5,0.0,0.0
2005-02-07,25.5,25.5,25.5,0.0,0.0
2005-02-08,25.5,25.5,25.5,0.0,0.0
2005-02-09,25.5,25.5,25.5,0.0,0.0
2005-02-10,25.5,25.5,25.5,0.0,0.0
2005-02-11,25.5,25.5,25.5,0.0,0.0
2005-02-12,25.5,25.5,25.5,0.0,0.0
2005-02-13,25.5,25.5,25.5,0.0,0.0
2005-02-14,25.5,25.5,25.5,0.0,0.0
2005-02-15,25.5,25.5,25.5,0.0,0.0
2005-02-16,25.5,25.5,25.5,0.0,0.0
2005-02-17,25.5,25.5,25.5,0.0,0.0
2005-02-18,25.5,25.5,25.5,0.0,0.0
2005-02-19,25.5,25.5,25.5,0.0,0.0
2005-02-20,25.5,25.5,25.5,0.0,0.0
2005-02-21,25.5,25.5,25.5,0.0,0.0
2005-02-22,25.5,25.5,25.5,0.0,0.0
2005-02-23,25.5,25.5,25.5,0.0,0.0
2005-02-24,25.5,25.5,25.5,0.0,0.0
2005-02-25,25.5,25.5,25.5,0.0,0.0
2005-02-26,25.5,25.5,25.5,0.0,0.0
2005-02-27,25.5,25.5,25.5,0.0,0.0
2005-02-28,25.5,25.5,25.5,0.0,0.0
2005-03-01,25.5,25.5,25.5,0.0,0.0
2005-03-02,25.5,25.5,25.5,0.0,0.0
2005-03-03,25.5,25.5,25.5,0.0,0.0
2005-03-04,25.5,25.5,25.5,0.0,0.0
2005-03-05,25.5,25.5,25.5,0.0,0.0
2005-03-06,25.5,25.5,25.5,0.0,0.0
2005-03-07,25.5,25.5,25.5,0.0,0.0
2005-03-08,25.5,25.5,25.5,0.0,0.0
2005-03-09,25.5,25.5,25.5,0.0,0.0
2005-03-10,25.5,25.5,25.5,0.0,0.0
2005-03-11,25.5,25.5,25.5,0.0,0.0
2005-03-12,25.5,25.5,25.5,0.0,0.0
2005-03-13,25.5,25.5,25.5,0.0,0.0
2005-03-14,25.5,25.5,25.5,0.0,0.0
2005-03-15,25.5,25.5,25.5,0.0,0.0
2005-03-16,25.5,25.5,25.5,0.0,0.0
2005-03-17,25.5,25.5,25.5,0.0,0.0
2005-03-18,25.5,25.5,25.5,0.0,0.0
2005-03-19,25.5,25.5,25.5,0.0,0.0
2005-03-20,25.5,25.5,25.5,0.0,0.0
2005-03-21,25.5,25.5,25.5,0.0,0.0
2005-03-22,25.5,25.5,25.5,0.0,0.0
2005-03-23,25.5,25.5,25.5,0.0,0.0
2005-03-24,25.5,25.5,25.5,0.0,0.0
2005-03-25,25.5,25.5,25.5,0.0,0.0
2005-03-26,25.5,25.5,25.5,0.0,0.0
2005-03-27,25.5,25.5,25.5,0.0,0.0
2005-03-28,25.5,25.5,25.5,0.0,0.0
2005-03-29,25.5,25.5,25.5,0.0,0.0
2005-03-30,25.5,25.5,25.5,0.0,0.0
2005-03-31,25.5,25.5,25.5,0.0,0.0
2005-04-01,25.5,25.5,25.5,0.0,0.0
2005-04-02,25.5,25.5,25.5,0.0,0.0
2005-04-03,25.5,25.5,25.5,0.0,0.0
2005-04-04,25.5,25.5,25.5,0.0,0.0
2005-04-05,25.5,25.5,25.5,0.0,0.0
2005-04-06,25.5,25.5,25.5,0.0,0.0
2005-04-07,25.5,25.5,25.5,0.0,0.0
2005-04-08,25.5,25.5,25.5,0.0,0.0
2005-04-09,25.5,25.5,25.5,0.0,0.0
2005-04-10,25.5,25.5,25.5,0.0,0.0
2005-04-11,25.5,25.5,25.5,0.0,0.0
2005-04-12,25.5,25.5,25.5,0.0,0.0
2005-04-13,25.5,25.5,25.5,0.0,0.0
2005-04-14,25.5,25.5,25.5,0.0,0.0
2005-04-15,25.5,25.5,25.5,0.0,0.0
2005-04-16,25.5,25.5,25.5,0.0,0.0
2005-04-17,25.5,25.5,25.5,0.0,0.0
2005-04-18,25.5,25.5,25.5,0.0,0.0
2005-04-19,25.5,25.5,25.5,0.0,0.0
2005-04-20,25.5,25.5,25.5,0.0,0.0
2005-04-21,25.5,25.5,25.5,0.0,0.0
2005-04-22,25.5,25.5,25.5,0.0,0.0
2005-04-23,25.5,25.5,25.5,0.0,0.0
2005-04-24,25.5,25.5,25.5,0.0,0.0
2005-04-25,25.5,25.5,25.5,0.0,0.0
2005-04-26,25.5,25.5,25.5,0.0,0.0
2005-04-27,25.5,25.5,25.5,0.0,0.0
2005-04-28,25.5,25.5,25.5,0.0,0.0
2005-04-29,25.5,25.5,25.5,0.0,0.0
2005-04-30,25.5,25.5,25.5,0.0,0.0
2005-05-01,25.5,25.5,25.5,0.0,0.0
2005-05-02,25.5,25.5,25.5,0.0,0.0
2005-05-03,25.5,25.5,25.5,0.0,0.0
2005-05-04,25.5,25.5,25.5,0.0,0.0
2005-05-05,28.5,25.5,25.5,3.0,11.764705882352944
2005-05-06,28.5,28.5,25.5,0.0,0.0
2005-05-07,28.5,28.5,28.5,0.0,0.0
2005-05-08,28.5,28.5,28.5,0.0,0.0
2005-05-09,28.5,28.5,28.5,0.0,0.0
2005-05-10,28.5,28.5,28.5,0.0,0.0
2005-05-11,28.5,28.5,28.5,0.0,0.0
2005-05-12,28.5,28.5,28.5,0.0,0.0
2005-05-13,28.5,28.5,28.5,0.0,0.0
2005-05-14,28.5,28.5,28.5,0.0,0.0
2005-05-15,28.5,28.5,28.5,0.0,0.0
2005-05-16,28.5,28.5,28.5,0.0,0.0
2005-05-17,28.5,28.5,28.5,0.0,0.0
2005-05-18,28.5,28.5,28.5,0.0,0.0
2005-05-19,28.5,28.5,28.5,0.0,0.0
2005-05-20,28.5,28.5,28.5,0.0,0.0
2005-05-21,28.5,28.5,28.5,0.0,0.0
2005-05-22,28.5,28.5,28.5,0.0,0.0
2005-05-23,28.5,28.5,28.5,0.0,0.0
2005-05-24,28.5,28.5,28.5,0.0,0.0
2005-05-25,28.5,28.5,28.5,0.0,0.0
2005-05-26,28.5,28.5,28.5,0.0,0.0
2005-05-27,28.5,28.5,28.5,0.0,0.0
2005-05-28,28.5,28.5,28.5,0.0,0.0
2005-05-29,28.5,28.5,28.5,0.0,0.0
2005-05-30,28.5,28.5,28.5,0.0,0.0
2005-05-31,28.5,28.5,28.5,0.0,0.0
2005-06-01,28.5,28.5,28.5,0.0,0.0
2005-06-02,28.5,28.5,28.5,0.0,0.0
2005-06-03,28.5,28.5,28.5,0.0,0.0
2005-06-04,28.5,28.5,28.5,0.0,0.0
2005-06-05,28.5,28.5,28.5,0.0,0.0
2005-06-06,30.5,28.5,28.5,2.0,7.017543859649122
2005-06-07,30.5,30.5,28.5,0.0,0.0
2005-06-08,30.5,30.5,30.5,0.0,0.0
2005-06-09,30.5,30.5,30.5,0.0,0.0
2005-06-10,30.5,30.5,30.5,0.0,0.0
2005-06-11,30.5,30.5,30.5,0.0,0.0
2005-06-12,30.5,30.5,30.5,0.0,0.0
2005-06-13,30.5,30.5,30.5,0.0,0.0
2005-06-14,30.5,30.5,30.5,0.0,0.0
2005-06-15,30.5,30.5,30.5,0.0,0.0
2005-06-16,30.5,30.5,30.5,0.0,0.0
2005-06-17,30.5,30.5,30.5,0.0,0.0
2005-06-18,30.5,30.5,30.5,0.0,0.0
2005-06-19,30.5,30.5,30.5,0.0,0.0
2005-06-20,30.5,30.5,30.5,0.0,0.0
2005-06-21,30.5,30.5,30.5,0.0,0.0
2005-06-22,30.5,30.5,30.5,0.0,0.0
2005-06-23,30.5,30.5,30.5,0.0,0.0
2005-06-24,30.5,30.5,30.5,0.0,0.0
2005-06-25,30.5,30.5,30.5,0.0,0.0
2005-06-26,30.5,30.5,30.5,0.0,0.0
2005-06-27,30.5,30.5,30.5,0.0,0.0
2005-06-28,30.5,30.5,30.5,0.0,0.0
2005-06-29,30.5,30.5,30.5,0.0,0.0
2005-06-30,30.5,30.5,30.5,0.0,0.0
2005-07-01,30.5,30.5,30.5,0.0,0.0
2005-07-02,30.5,30.5,30.5,0.0,0.0
2005-07-03,30.5,30.5,30.5,0.0,0.0
2005-07-04,30.5,30.5,30.5,0.0,0.0
2005-07-05,30.5,30.5,30.5,0.0,0.0
2005-07-06,30.5,30.5,30.5,0.0,0.0
2005-07-07,30.5,30.5,30.5,0.0,0.0
2005-07-08,30.5,30.5,30.5,0.0,0.0
2005-07-09,30.5,30.5,30.5,0.0,0.0
2005-07-10,30.5,30.5,30.5,0.0,0.0
2005-07-11,30.5,30.5,30.5,0.0,0.0
2005-07-12,30.5,30.5,30.5,0.0,0.0
2005-07-13,30.5,30.5,30.5,0.0,0.0
2005-07-14,30.5,30.5,30.5,0.0,0.0
2005-07-15,30.5,30.5,30.5,0.0,0.0
2005-07-16,30.5,30.5,30.5,0.0,0.0
2005-07-17,30.5,30.5,30.5,0.0,0.0
2005-07-18,30.5,30.5,30.5,0.0,0.0
2005-07-19,30.5,30.5,30.5,0.0,0.0
2005-07-20,30.5,30.5,30.5,0.0,0.0
2005-07-21,30.5,30.5,30.5,0.0,0.0
2005-07-22,30.5,30.5,30.5,0.0,0.0
2005-07-23,30.5,30.5,30.5,0.0,0.0
2005-07-24,30.5,30.5,30.5,0.0,0.0
2005-07-25,30.5,30.5,30.5,0.0,0.0
2005-07-26,30.5,30.5,30.5,0.0,0.0
2005-07-27,30.5,30.5,30.5,0.0,0.0
2005-07-28,30.5,30.5,30.5,0.0,0.0
2005-07-29,30.5,30.5,30.5,0.0,0.0
2005-07-30,30.5,30.5,30.5,0.0,0.0
2005-07-31,30.5,30.5,30.5,0.0,0.0
2005-08-01,30.5,30.5,30.5,0.0,0.0
2005-08-02,30.5,30.5,30.5,0.0,0.0
2005-08-03,30.5,30.5,30.5,0.0,0.0
2005-08-04,30.5,30.5,30.5,0.0,0.0
2005-08-05,30.5,30.5,30.5,0.0,0.0
2005-08-06,30.5,30.5,30.5,0.0,0.0
2005-08-07,30.5,30.5,30.5,0.0,0.0
2005-08-08,30.5,30.5,30.5,0.0,0.0
2005-08-09,30.5,30.5,30.5,0.0,0.0
2005-08-10,30.5,30.5,30.5,0.0,0.0
2005-08-11,30.5,30.5,30.5,0.0,0.0
2005-08-12,30.5,30.5,30.5,0.0,0.0
2005-08-13,30.5,30.5,30.5,0.0,0.0
2005-08-14,30.5,30.5,30.5,0.0,0.0
2005-08-15,30.5,30.5,30.5,0.0,0.0
2005-08-16,30.5,30.5,30.5,0.0,0.0
2005-08-17,30.5,30.5,30.5,0.0,0.0
2005-08-18,30.5,30.5,30.5,0.0,0.0
2005-08-19,30.5,30.5,30.5,0.0,0.0
2005-08-20,30.5,30.5,30.5,0.0,0.0
2005-08-21,30.5,30.5,30.5,0.0,0.0
2005-08-22,30.5,30.5,30.5,0.0,0.0
2005-08-23,30.5,30.5,30.5,0.0,0.0
2005-08-24,30.5,30.5,30.5,0.0,0.0
2005-08-25,30.5,30.5,30.5,0.0,0.0
2005-08-26,30.5,30.5,30.5,0.0,0.0
2005-08-27,30.5,30.5,30.5,0.0,0.0
2005-08-28,30.5,30.5,30.5,0.0,0.0
2005-08-29,30.5,30.5,30.5,0.0,0.0
2005-08-30,30.5,30.5,30.5,0.0,0.0
2005-08-31,30.5,30.5,30.5,0.0,0.0
2005-09-01,30.5,30.5,30.5,0.0,0.0
2005-09-02,30.5,30.5,30.5,0.0,0.0
2005-09-03,30.5,30.5,30.5,0.0,0.0
2005-09-04,30.5,30.5,30.5,0.0,0.0
2005-09-05,30.5,30.5,30.5,0.0,0.0
2005-09-06,30.5,30.5,30.5,0.0,0.0
2005-09-07,30.5,30.5,30.5,0.0,0.0
2005-09-08,30.5,30.5,30.5,0.0,0.0
2005-09-09,30.5,30.5,30.5,0.0,0.0
2005-09-10,30.5,30.5,30.5,0.0,0.0
2005-09-11,30.5,30.5,30.5,0.0,0.0
2005-09-12,30.5,30.5,30.5,0.0,0.0
2005-09-13,30.5,30.5,30.5,0.0,0.0
2005-09-14,30.5,30.5,30.5,0.0,0.0
2005-09-15,30.5,30.5,30.5,0.0,0.0
2005-09-16,30.5,30.5,30.5,0.0,0.0
2005-09-17,30.5,30.5,30.5,0.0,0.0
2005-09-18,30.5,30.5,30.5,0.0,0.0
2005-09-19,30.5,30.5,30.5,0.0,0.0
2005-09-20,30.5,30.5,30.5,0.0,0.0
2005-09-21,30.5,30.5,30.5,0.0,0.0
2005-09-22,30.5,30.5,30.5,0.0,0.0
2005-09-23,30.5,30.5,30.5,0.0,0.0
2005-09-24,30.5,30.5,30.5,0.0,0.0
2005-09-25,30.5,30.5,30.5,0.0,0.0
2005-09-26,30.5,30.5,30.5,0.0,0.0
2005-09-27,30.5,30.5,30.5,0.0,0.0
2005-09-28,30.5,30.5,30.5,0.0,0.0
2005-09-29,30.5,30.5,30.5,0.0,0.0
2005-09-30,30.5,30.5,30.5,0.0,0.0
2005-10-01,30.5,30.5,30.5,0.0,0.0
2005-10-02,30.5,30.5,30.5,0.0,0.0
2005-10-03,30.5,30.5,30.5,0.0,0.0
2005-10-04,30.5,30.5,30.5,0.0,0.0
2005-10-05,30.5,30.5,30.5,0.0,0.0
2005-10-06,30.5,30.5,30.5,0.0,0.0
2005-10-07,30.5,30.5,30.5,0.0,0.0
2005-10-08,30.5,30.5,30.5,0.0,0.0
2005-10-09,30.5,30.5,30.5,0.0,0.0
2005-10-10,30.5,30.5,30.5,0.0,0.0
2005-10-11,30.5,30.5,30.5,0.0,0.0
2005-10-12,30.5,30.5,30.5,0.0,0.0
2005-10-13,30.5,30.5,30.5,0.0,0.0
2005-10-14,30.5,30.5,30.5,0.0,0.0
2005-10-15,30.5,30.5,30.5,0.0,0.0
2005-10-16,30.5,30.5,30.5,0.0,0.0
2005-10-17,30.5,30.5,30.5,0.0,0.0
2005-10-18,30.5,30.5,30.5,0.0,0.0
2005-10-19,30.5,30.5,30.5,0.0,0.0
2005-10-20,30.5,30.5,30.5,0.0,0.0
2005-10-21,30.5,30.5,30.5,0.0,0.0
2005-10-22,30.5,30.5,30.5,0.0,0.0
2005-10-23,30.5,30.5,30.5,0.0,0.0
2005-10-24,30.5,30.5,30.5,0.0,0.0
2005-10-25,30.5,30.5,30.5,0.0,0.0
2005-10-26,30.5,30.5,30.5,0.0,0.0
2005-10-27,30.5,30.5,30.5,0.0,0.0
2005-10-28,30.5,30.5,30.5,0.0,0.0
2005-10-29,30.5,30.5,30.5,0.0,0.0
2005-10-30,30.5,30.5,30.5,0.0,0.0
2005-10-31,30.5,30.5,30.5,0.0,0.0
2005-11-01,30.5,30.5,30.5,0.0,0.0
2005-11-02,30.5,30.5,30.5,0.0,0.0
2005-11-03,30.5,30.5,30.5,0.0,0.0
2005-11-04,30.5,30.5,30.5,0.0,0.0
2005-11-05,30.5,30.5,30.5,0.0,0.0
2005-11-06,30.5,30.5,30.5,0.0,0.0
2005-11-07,30.5,30.5,30.5,0.0,0.0
2005-11-08,30.5,30.5,30.5,0.0,0.0
2005-11-09,30.5,30.5,30.5,0.0,0.0
2005-11-10,30.5,30.5,30.5,0.0,0.0
2005-11-11,30.5,30.5,30.5,0.0,0.0
2005-11-12,30.5,30.5,30.5,0.0,0.0
2005-11-13,30.5,30.5,30.5,0.0,0.0
2005-11-14,30.5,30.5,30.5,0.0,0.0
2005-11-15,30.5,30.5,30.5,0.0,0.0
2005-11-16,30.5,30.5,30.5,0.0,0.0
2005-11-17,30.5,30.5,30.5,0.0,0.0
2005-11-18,30.5,30.5,30.5,0.0,0.0
2005-11-19,30.5,30.5,30.5,0.0,0.0
2005-11-20,30.5,30.5,30.5,0.0,0.0
2005-11-21,30.5,30.5,30.5,0.0,0.0
2005-11-22,30.5,30.5,30.5,0.0,0.0
2005-11-23,30.5,30.5,30.5,0.0,0.0
2005-11-24,30.5,30.5,30.5,0.0,0.0
2005-11-25,30.5,30.5,30.5,0.0,0.0
2005-11-26,30.5,30.5,30.5,0.0,0.0
2005-11-27,30.5,30.5,30.5,0.0,0.0
2005-11-28,30.5,30.5,30.5,0.0,0.0
2005-11-29,30.5,30.5,30.5,0.0,0.0
2005-11-30,30.5,30.5,30.5,0.0,0.0
2005-12-01,30.5,30.5,30.5,0.0,0.0
2005-12-02,30.5,30.5,30.5,0.0,0.0
2005-12-03,30.5,30.5,30.5,0.0,0.0
2005-12-04,30.5,30.5,30.5,0.0,0.0
2005-12-05,30.5,30.5,30.5,0.0,0.0
2005-12-06,30.5,30.5,30.5,0.0,0.0
2005-12-07,30.5,30.5,30.5,0.0,0.0
2005-12-08,30.5,30.5,30.5,0.0,0.0
2005-12-09,30.5,30.5,30.5,0.0,0.0
2005-12-10,30.5,30.5,30.5,0.0,0.0
2005-12-11,30.5,30.5,30.5,0.0,0.0
2005-12-12,30.5,30.5,30.5,0.0,0.0
2005-12-13,30.5,30.5,30.5,0.0,0.0
2005-12-14,30.5,30.5,30.5,0.0,0.0
2005-12-15,30.5,30.5,30.5,0.0,0.0
2005-12-16,30.5,30.5,30.5,0.0,0.0
2005-12-17,30.5,30.5,30.5,0.0,0.0
2005-12-18,30.5,30.5,30.5,0.0,0.0
2005-12-19,30.5,30.5,30.5,0.0,0.0
2005-12-20,30.5,30.5,30.5,0.0,0.0
2005-12-21,30.5,30.5,30.5,0.0,0.0
2005-12-22,30.5,30.5,30.5,0.0,0.0
2005-12-23,30.5,30.5,30.5,0.0,0.0
2005-12-24,30.5,30.5,30.5,0.0,0.0
2005-12-25,30.5,30.5,30.5,0.0,0.0
2005-12-26,30.5,30.5,30.5,0.0,0.0
2005-12-27,30.5,30.5,30.5,0.0,0.0
2005-12-28,30.5,30.5,30.5,0.0,0.0
2005-12-29,30.5,30.5,30.5,0.0,0.0
2005-12-30,30.5,30.5,30.5,0.0,0.0
2005-12-31,30.5,30.5,30.5,0.0,0.0
2006-01-01,30.5,30.5,30.5,0.0,0.0
2006-01-02,30.5,30.5,30.5,0.0,0.0
2006-01-03,30.5,30.5,30.5,0.0,0.0
2006-01-04,30.5,30.5,30.5,0.0,0.0
2006-01-05,30.5,30.5,30.5,0.0,0.0
2006-01-06,30.5,30.5,30.5,0.0,0.0
2006-01-07,30.5,30.5,30.5,0.0,0.0
2006-01-08,30.5,30.5,30.5,0.0,0.0
2006-01-09,30.5,30.5,30.5,0.0,0.0
2006-01-10,30.5,30.5,30.5,0.0,0.0
2006-01-11,30.5,30.5,30.5,0.0,0.0
2006-01-12,30.5,30.5,30.5,0.0,0.0
2006-01-13,30.5,30.5,30.5,0.0,0.0
2006-01-14,30.5,30.5,30.5,0.0,0.0
2006-01-15,30.5,30.5,30.5,0.0,0.0
2006-01-16,30.5,30.5,30.5,0.0,0.0
2006-01-17,30.5,30.5,30.5,0.0,0.0
2006-01-18,30.5,30.5,30.5,0.0,0.0
2006-01-19,30.5,30.5,30.5,0.0,0.0
2006-01-20,30.5,30.5,30.5,0.0,0.0
2006-01-21,30.5,30.5,30.5,0.0,0.0
2006-01-22,30.5,30.5,30.5,0.0,0.0
2006-01-23,30.5,30.5,30.5,0.0,0.0
2006-01-24,30.5,30.5,30.5,0.0,0.0
2006-01-25,30.5,30.5,30.5,0.0,0.0
2006-01-26,30.5,30.5,30.5,0.0,0.0
2006-01-27,30.5,30.5,30.5,0.0,0.0
2006-01-28,30.5,30.5,30.5,0.0,0.0
2006-01-29,30.5,30.5,30.5,0.0,0.0
2006-01-30,30.5,30.5,30.5,0.0,0.0
2006-01-31,30.5,30.5,30.5,0.0,0.0
2006-02-01,30.5,30.5,30.5,0.0,0.0
2006-02-02,30.5,30.5,30.5,0.0,0.0
2006-02-03,30.5,30.5,30.5,0.0,0.0
2006-02-04,30.5,30.5,30.5,0.0,0.0
2006-02-05,30.5,30.5,30.5,0.0,0.0
2006-02-06,30.5,30.5,30.5,0.0,0.0
2006-02-07,30.5,30.5,30.5,0.0,0.0
2006-02-08,30.5,30.5,30.5,0.0,0.0
2006-02-09,30.5,30.5,30.5,0.0,0.0
2006-02-10,30.5,30.5,30.5,0.0,0.0
2006-02-11,30.5,30.5,30.5,0.0,0.0
2006-02-12,30.5,30.5,30.5,0.0,0.0
2006-02-13,30.5,30.5,30.5,0.0,0.0
2006-02-14,30.5,30.5,30.5,0.0,0.0
2006-02-15,30.5,30.5,30.5,0.0,0.0
2006-02-16,30.5,30.5,30.5,0.0,0.0
2006-02-17,30.5,30.5,30.5,0.0,0.0
2006-02-18,30.5,30.5,30.5,0.0,0.0
2006-02-19,30.5,30.5,30.5,0.0,0.0
2006-02-20,30.5,30.5,30.5,0.0,0.0
2006-02-21,30.5,30.5,30.5,0.0,0.0
2006-02-22,30.5,30.5,30.5,0.0,0.0
2006-02-23,30.5,30.5,30.5,0.0,0.0
2006-02-24,30.5,30.5,30.5,0.0,0.0
2006-02-25,30.5,30.5,30.5,0.0,0.0
2006-02-26,30.5,30.5,30.5,0.0,0.0
2006-02-27,30.5,30.5,30.5,0.0,0.0
2006-02-28,30.5,30.5,30.5,0.0,0.0
2006-03-01,30.5,30.5,30.5,0.0,0.0
2006-03-02,30.5,30.5,30.5,0.0,0.0
2006-03-03,30.5,30.5,30.5,0.0,0.0
2006-03-04,30.5,30.5,30.5,0.0,0.0
2006-03-05,30.5,30.5,30.5,0.0,0.0
2006-03-06,30.5,30.5,30.5,0.0,0.0
2006-03-07,30.5,30.5,30.5,0.0,0.0
2006-03-08,30.5,30.5,30.5,0.0,0.0
2006-03-09,30.5,30.5,30.5,0.0,0.0
2006-03-10,30.5,30.5,30.5,0.0,0.0
2006-03-11,30.5,30.5,30.5,0.0,0.0
2006-03-12,30.5,30.5,30.5,0.0,0.0
2006-03-13,30.5,30.5,30.5,0.0,0.0
2006-03-14,30.5,30.5,30.5,0.0,0.0
2006-03-15,30.5,30.5,30.5,0.0,0.0
2006-03-16,30.5,30.5,30.5,0.0,0.0
2006-03-17,30.5,30.5,30.5,0.0,0.0
2006-03-18,30.5,30.5,30.5,0.0,0.0
2006-03-19,30.5,30.5,30.5,0.0,0.0
2006-03-20,30.5,30.5,30.5,0.0,0.0
2006-03-21,30.5,30.5,30.5,0.0,0.0
2006-03-22,30.5,30.5,30.5,0.0,0.0
2006-03-23,30.5,30.5,30.5,0.0,0.0
2006-03-24,30.5,30.5,30.5,0.0,0.0
2006-03-25,30.5,30.5,30.5,0.0,0.0
2006-03-26,30.5,30.5,30.5,0.0,0.0
2006-03-27,30.5,30.5,30.5,0.0,0.0
2006-03-28,30.5,30.5,30.5,0.0,0.0
2006-03-29,30.5,30.5,30.5,0.0,0.0
2006-03-30,30.5,30.5,30.5,0.0,0.0
2006-03-31,30.5,30.5,30.5,0.0,0.0
2006-04-01,30.5,30.5,30.5,0.0,0.0
2006-04-02,30.5,30.5,30.5,0.0,0.0
2006-04-03,30.5,30.5,30.5,0.0,0.0
2006-04-04,30.5,30.5,30.5,0.0,0.0
2006-04-05,30.5,30.5,30.5,0.0,0.0
2006-04-06,30.5,30.5,30.5,0.0,0.0
2006-04-07,30.5,30.5,30.5,0.0,0.0
2006-04-08,30.5,30.5,30.5,0.0,0.0
2006-04-09,30.5,30.5,30.5,0.0,0.0
2006-04-10,30.5,30.5,30.5,0.0,0.0
2006-04-11,30.5,30.5,30.5,0.0,0.0
2006-04-12,30.5,30.5,30.5,0.0,0.0
2006-04-13,30.5,30.5,30.5,0.0,0.0
2006-04-14,30.5,30.5,30.5,0.0,0.0
2006-04-15,30.5,30.5,30.5,0.0,0.0
2006-04-16,30.5,30.5,30.5,0.0,0.0
2006-04-17,30.5,30.5,30.5,0.0,0.0
2006-04-18,30.5,30.5,30.5,0.0,0.0
2006-04-19,30.5,30.5,30.5,0.0,0.0
2006-04-20,30.5,30.5,30.5,0.0,0.0
2006-04-21,30.5,30.5,30.5,0.0,0.0
2006-04-22,30.5,30.5,30.5,0.0,0.0
2006-04-23,30.5,30.5,30.5,0.0,0.0
2006-04-24,30.5,30.5,30.5,0.0,0.0
2006-04-25,30.5,30.5,30.5,0.0,0.0
2006-04-26,30.5,30.5,30.5,0.0,0.0
2006-04-27,30.5,30.5,30.5,0.0,0.0
2006-04-28,30.5,30.5,30.5,0.0,0.0
2006-04-29,30.5,30.5,30.5,0.0,0.0
2006-04-30,30.5,30.5,30.5,0.0,0.0
2006-05-01,30.5,30.5,30.5,0.0,0.0
2006-05-02,30.5,30.5,30.5,0.0,0.0
2006-05-03,30.5,30.5,30.5,0.0,0.0
2006-05-04,30.5,30.5,30.5,0.0,0.0
2006-05-05,30.5,30.5,30.5,0.0,0.0
2006-05-06,30.5,30.5,30.5,0.0,0.0
2006-05-07,30.5,30.5,30.5,0.0,0.0
2006-05-08,30.5,30.5,30.5,0.0,0.0
2006-05-09,30.5,30.5,30.5,0.0,0.0
2006-05-10,30.5,30.5,30.5,0.0,0.0
2006-05-11,30.5,30.5,30.5,0.0,0.0
2006-05-12,30.5,30.5,30.5,0.0,0.0
2006-05-13,30.5,30.5,30.5,0.0,0.0
2006-05-14,30.5,30.5,30.5,0.0,0.0
2006-05-15,30.5,30.5,30.5,0.0,0.0
2006-05-16,30.5,30.5,30.5,0.0,0.0
2006-05-17,30.5,30.5,30.5,0.0,0.0
2006-05-18,30.5,30.5,30.5,0.0,0.0
2006-05-19,30.5,30.5,30.5,0.0,0.0
2006-05-20,30.5,30.5,30.5,0.0,0.0
2006-05-21,30.5,30.5,30.5,0.0,0.0
2006-05-22,30.5,30.5,30.5,0.0,0.0
2006-05-23,30.5,30.5,30.5,0.0,0.0
2006-05-24,30.5,30.5,30.5,0.0,0.0
2006-05-25,30.5,30.5,30.5,0.0,0.0
2006-05-26,30.5,30.5,30.5,0.0,0.0
2006-05-27,30.5,30.5,30.5,0.0,0.0
2006-05-28,30.5,30.5,30.5,0.0,0.0
2006-05-29,30.5,30.5,30.5,0.0,0.0
2006-05-30,30.5,30.5,30.5,0.0,0.0
2006-05-31,30.5,30.5,30.5,0.0,0.0
2006-06-01,30.5,30.5,30.5,0.0,0.0
2006-06-02,30.5,30.5,30.5,0.0,0.0
2006-06-03,30.5,30.5,30.5,0.0,0.0
2006-06-04,30.5,30.5,30.5,0.0,0.0
2006-06-05,30.5,30.5,30.5,0.0,0.0
2006-06-06,30.5,30.5,30.5,0.0,0.0
2006-06-07,30.5,30.5,30.5,0.0,0.0
2006-06-08,30.5,30.5,30.5,0.0,0.0
2006-06-09,30.5,30.5,30.5,0.0,0.0
2006-06-10,30.5,30.5,30.5,0.0,0.0
2006-06-11,43.5,30.5,30.5,13.0,42.622950819672134
2006-06-12,43.5,43.5,30.5,0.0,0.0
2006-06-13,43.5,43.5,43.5,0.0,0.0
2006-06-14,43.5,43.5,43.5,0.0,0.0
2006-06-15,43.5,43.5,43.5,0.0,0.0
2006-06-16,43.5,43.5,43.5,0.0,0.0
2006-06-17,43.5,43.5,43.5,0.0,0.0
2006-06-18,43.5,43.5,43.5,0.0,0.0
2006-06-19,43.5,43.5,43.5,0.0,0.0
2006-06-20,43.5,43.5,43.5,0.0,0.0
2006-06-21,43.5,43.5,43.5,0.0,0.0
2006-06-22,43.5,43.5,43.5,0.0,0.0
2006-06-23,43.5,43.5,43.5,0.0,0.0
2006-06-24,43.5,43.5,43.5,0.0,0.0
2006-06-25,43.5,43.5,43.5,0.0,0.0
2006-06-26,43.5,43.5,43.5,0.0,0.0
2006-06-27,43.5,43.5,43.5,0.0,0.0
2006-06-28,43.5,43.5,43.5,0.0,0.0
2006-06-29,43.5,43.5,43.5,0.0,0.0
2006-06-30,43.5,43.5,43.5,0.0,0.0
2006-07-01,43.5,43.5,43.5,0.0,0.0
2006-07-02,43.5,43.5,43.5,0.0,0.0
2006-07-03,43.5,43.5,43.5,0.0,0.0
2006-07-04,43.5,43.5,43.5,0.0,0.0
2006-07-05,43.5,43.5,43.5,0.0,0.0
2006-07-06,43.5,43.5,43.5,0.0,0.0
2006-07-07,43.5,43.5,43.5,0.0,0.0
2006-07-08,43.5,43.5,43.5,0.0,0.0
2006-07-09,43.5,43.5,43.5,0.0,0.0
2006-07-10,43.5,43.5,43.5,0.0,0.0
2006-07-11,43.5,43.5,43.5,0.0,0.0
2006-07-12,43.5,43.5,43.5,0.0,0.0
2006-07-13,43.5,43.5,43.5,0.0,0.0
2006-07-14,43.5,43.5,43.5,0.0,0.0
2006-07-15,43.5,43.5,43.5,0.0,0.0
2006-07-16,43.5,43.5,43.5,0.0,0.0
2006-07-17,43.5,43.5,43.5,0.0,0.0
2006-07-18,43.5,43.5,43.5,0.0,0.0
2006-07-19,43.5,43.5,43.5,0.0,0.0
2006-07-20,43.5,43.5,43.5,0.0,0.0
2006-07-21,43.5,43.5,43.5,0.0,0.0
2006-07-22,43.5,43.5,43.5,0.0,0.0
2006-07-23,43.5,43.5,43.5,0.0,0.0
2006-07-24,43.5,43.5,43.5,0.0,0.0
2006-07-25,43.5,43.5,43.5,0.0,0.0
2006-07-26,43.5,43.5,43.5,0.0,0.0
2006-07-27,43.5,43.5,43.5,0.0,0.0
2006-07-28,43.5,43.5,43.5,0.0,0.0
2006-07-29,43.5,43.5,43.5,0.0,0.0
2006-07-30,43.5,43.5,43.5,0.0,0.0
2006-07-31,43.5,43.5,43.5,0.0,0.0
2006-08-01,43.5,43.5,43.5,0.0,0.0
2006-08-02,45.5,43.5,43.5,2.0,4.597701149425282
2006-08-03,45.5,45.5,43.5,0.0,0.0
2006-08-04,45.5,45.5,45.5,0.0,0.0
2006-08-05,45.5,45.5,45.5,0.0,0.0
2006-08-06,45.5,45.5,45.5,0.0,0.0
2006-08-07,45.5,45.5,45.5,0.0,0.0
2006-08-08,45.5,45.5,45.5,0.0,0.0
2006-08-09,45.5,45.5,45.5,0.0,0.0
2006-08-10,45.5,45.5,45.5,0.0,0.0
2006-08-11,45.5,45.5,45.5,0.0,0.0
2006-08-12,45.5,45.5,45.5,0.0,0.0
2006-08-13,45.5,45.5,45.5,0.0,0.0
2006-08-14,45.5,45.5,45.5,0.0,0.0
2006-08-15,45.5,45.5,45.5,0.0,0.0
2006-08-16,45.5,45.5,45.5,0.0,0.0
2006-08-17,45.5,45.5,45.5,0.0,0.0
2006-08-18,45.5,45.5,45.5,0.0,0.0
2006-08-19,45.5,45.5,45.5,0.0,0.0
2006-08-20,45.5,45.5,45.5,0.0,0.0
2006-08-21,45.5,45.5,45.5,0.0,0.0
2006-08-22,45.5,45.5,45.5,0.0,0.0
2006-08-23,45.5,45.5,45.5,0.0,0.0
2006-08-24,45.5,45.5,45.5,0.0,0.0
2006-08-25,45.5,45.5,45.5,0.0,0.0
2006-08-26,45.5,45.5,45.5,0.0,0.0
2006-08-27,45.5,45.5,45.5,0.0,0.0
2006-08-28,45.5,45.5,45.5,0.0,0.0
2006-08-29,45.5,45.5,45.5,0.0,0.0
2006-08-30,45.5,45.5,45.5,0.0,0.0
2006-08-31,45.5,45.5,45.5,0.0,0.0
2006-09-01,45.5,45.5,45.5,0.0,0.0
2006-09-02,45.5,45.5,45.5,0.0,0.0
2006-09-03,45.5,45.5,45.5,0.0,0.0
2006-09-04,45.5,45.5,45.5,0.0,0.0
2006-09-05,45.5,45.5,45.5,0.0,0.0
2006-09-06,45.5,45.5,45.5,0.0,0.0
2006-09-07,45.5,45.5,45.5,0.0,0.0
2006-09-08,45.5,45.5,45.5,0.0,0.0
2006-09-09,45.5,45.5,45.5,0.0,0.0
2006-09-10,45.5,45.5,45.5,0.0,0.0
2006-09-11,45.5,45.5,45.5,0.0,0.0
2006-09-12,45.5,45.5,45.5,0.0,0.0
2006-09-13,45.5,45.5,45.5,0.0,0.0
2006-09-14,45.5,45.5,45.5,0.0,0.0
2006-09-15,45.5,45.5,45.5,0.0,0.0
2006-09-16,45.5,45.5,45.5,0.0,0.0
2006-09-17,45.5,45.5,45.5,0.0,0.0
2006-09-18,45.5,45.5,45.5,0.0,0.0
2006-09-19,45.5,45.5,45.5,0.0,0.0
2006-09-20,45.5,45.5,45.5,0.0,0.0
2006-09-21,45.5,45.5,45.5,0.0,0.0
2006-09-22,45.5,45.5,45.5,0.0,0.0
2006-09-23,45.5,45.5,45.5,0.0,0.0
2006-09-24,45.5,45.5,45.5,0.0,0.0
2006-09-25,45.5,45.5,45.5,0.0,0.0
2006-09-26,45.5,45.5,45.5,0.0,0.0
2006-09-27,45.5,45.5,45.5,0.0,0.0
2006-09-28,45.5,45.5,45.5,0.0,0.0
2006-09-29,45.5,45.5,45.5,0.0,0.0
2006-09-30,45.5,45.5,45.5,0.0,0.0
2006-10-01,45.5,45.5,45.5,0.0,0.0
2006-10-02,45.5,45.5,45.5,0.0,0.0
2006-10-03,45.5,45.5,45.5,0.0,0.0
2006-10-04,45.5,45.5,45.5,0.0,0.0
2006-10-05,45.5,45.5,45.5,0.0,0.0
2006-10-06,45.5,45.5,45.5,0.0,0.0
2006-10-07,45.5,45.5,45.5,0.0,0.0
2006-10-08,45.5,45.5,45.5,0.0,0.0
2006-10-09,45.5,45.5,45.5,0.0,0.0
2006-10-10,45.5,45.5,45.5,0.0,0.0
2006-10-11,45.5,45.5,45.5,0.0,0.0
2006-10-12,45.5,45.5,45.5,0.0,0.0
2006-10-13,45.5,45.5,45.5,0.0,0.0
2006-10-14,45.5,45.5,45.5,0.0,0.0
2006-10-15,45.5,45.5,45.5,0.0,0.0
2006-10-16,45.5,45.5,45.5,0.0,0.0
2006-10-17,45.5,45.5,45.5,0.0,0.0
2006-10-18,45.5,45.5,45.5,0.0,0.0
2006-10-19,45.5,45.5,45.5,0.0,0.0
2006-10-20,45.5,45.5,45.5,0.0,0.0
2006-10-21,45.5,45.5,45.5,0.0,0.0
2006-10-22,45.5,45.5,45.5,0.0,0.0
2006-10-23,45.5,45.5,45.5,0.0,0.0
2006-10-24,45.5,45.5,45.5,0.0,0.0
2006-10-25,45.5,45.5,45.5,0.0,0.0
2006-10-26,45.5,45.5,45.5,0.0,0.0
2006-10-27,45.5,45.5,45.5,0.0,0.0
2006-10-28,45.5,45.5,45.5,0.0,0.0
2006-10-29,45.5,45.5,45.5,0.0,0.0
2006-10-30,45.5,45.5,45.5,0.0,0.0
2006-10-31,45.5,45.5,45.5,0.0,0.0
2006-11-01,45.5,45.5,45.5,0.0,0.0
2006-11-02,45.5,45.5,45.5,0.0,0.0
2006-11-03,45.5,45.5,45.5,0.0,0.0
2006-11-04,45.5,45.5,45.5,0.0,0.0
2006-11-05,45.5,45.5,45.5,0.0,0.0
2006-11-06,45.5,45.5,45.5,0.0,0.0
2006-11-07,45.5,45.5,45.5,0.0,0.0
2006-11-08,45.5,45.5,45.5,0.0,0.0
2006-11-09,45.5,45.5,45.5,0.0,0.0
2006-11-10,45.5,45.5,45.5,0.0,0.0
2006-11-11,45.5,45.5,45.5,0.0,0.0
2006-11-12,45.5,45.5,45.5,0.0,0.0
2006-11-13,45.5,45.5,45.5,0.0,0.0
2006-11-14,45.5,45.5,45.5,0.0,0.0
2006-11-15,45.5,45.5,45.5,0.0,0.0
2006-11-16,45.5,45.5,45.5,0.0,0.0
2006-11-17,45.5,45.5,45.5,0.0,0.0
2006-11-18,45.5,45.5,45.5,0.0,0.0
2006-11-19,45.5,45.5,45.5,0.0,0.0
2006-11-20,45.5,45.5,45.5,0.0,0.0
2006-11-21,45.5,45.5,45.5,0.0,0.0
2006-11-22,45.5,45.5,45.5,0.0,0.0
2006-11-23,45.5,45.5,45.5,0.0,0.0
2006-11-24,45.5,45.5,45.5,0.0,0.0
2006-11-25,45.5,45.5,45.5,0.0,0.0
2006-11-26,45.5,45.5,45.5,0.0,0.0
2006-11-27,45.5,45.5,45.5,0.0,0.0
2006-11-28,45.5,45.5,45.5,0.0,0.0
2006-11-29,45.5,45.5,45.5,0.0,0.0
2006-11-30,45.5,45.5,45.5,0.0,0.0
2006-12-01,45.5,45.5,45.5,0.0,0.0
2006-12-02,45.5,45.5,45.5,0.0,0.0
2006-12-03,45.5,45.5,45.5,0.0,0.0
2006-12-04,45.5,45.5,45.5,0.0,0.0
2006-12-05,45.5,45.5,45.5,0.0,0.0
2006-12-06,45.5,45.5,45.5,0.0,0.0
2006-12-07,45.5,45.5,45.5,0.0,0.0
2006-12-08,45.5,45.5,45.5,0.0,0.0
2006-12-09,45.5,45.5,45.5,0.0,0.0
2006-12-10,45.5,45.5,45.5,0.0,0.0
2006-12-11,45.5,45.5,45.5,0.0,0.0
2006-12-12,45.5,45.5,45.5,0.0,0.0
2006-12-13,45.5,45.5,45.5,0.0,0.0
2006-12-14,45.5,45.5,45.5,0.0,0.0
2006-12-15,45.5,45.5,45.5,0.0,0.0
2006-12-16,45.5,45.5,45.5,0.0,0.0
2006-12-17,45.5,45.5,45.5,0.0,0.0
2006-12-18,45.5,45.5,45.5,0.0,0.0
2006-12-19,45.5,45.5,45.5,0.0,0.0
2006-12-20,45.5,45.5,45.5,0.0,0.0
2006-12-21,45.5,45.5,45.5,0.0,0.0
2006-12-22,45.5,45.5,45.5,0.0,0.0
2006-12-23,45.5,45.5,45.5,0.0,0.0
2006-12-24,45.5,45.5,45.5,0.0,0.0
2006-12-25,45.5,45.5,45.5,0.0,0.0
2006-12-26,45.5,45.5,45.5,0.0,0.0
2006-12-27,45.5,45.5,45.5,0.0,0.0
2006-12-28,45.5,45.5,45.5,0.0,0.0
2006-12-29,45.5,45.5,45.5,0.0,0.0
2006-12-30,45.5,45.5,45.5,0.0,0.0
2006-12-31,45.5,45.5,45.5,0.0,0.0
2007-01-01,48.0,45.5,45.5,2.5,5.494505494505497
2007-01-02,48.0,48.0,45.5,0.0,0.0
2007-01-03,48.0,48.0,48.0,0.0,0.0
2007-01-04,48.0,48.0,48.0,0.0,0.0
2007-01-05,48.0,48.0,48.0,0.0,0.0
2007-01-06,48.0,48.0,48.0,0.0,0.0
2007-01-07,48.0,48.0,48.0,0.0,0.0
2007-01-08,48.0,48.0,48.0,0.0,0.0
2007-01-09,48.0,48.0,48.0,0.0,0.0
2007-01-10,48.0,48.0,48.0,0.0,0.0
2007-01-11,48.0,48.0,48.0,0.0,0.0
2007-01-12,48.0,48.0,48.0,0.0,0.0
2007-01-13,48.0,48.0,48.0,0.0,0.0
2007-01-14,48.0,48.0,48.0,0.0,0.0
2007-01-15,48.0,48.0,48.0,0.0,0.0
2007-01-16,48.0,48.0,48.0,0.0,0.0
2007-01-17,48.0,48.0,48.0,0.0,0.0
2007-01-18,48.0,48.0,48.0,0.0,0.0
2007-01-19,48.0,48.0,48.0,0.0,0.0
2007-01-20,48.0,48.0,48.0,0.0,0.0
2007-01-21,48.0,48.0,48.0,0.0,0.0
2007-01-22,48.0,48.0,48.0,0.0,0.0
2007-01-23,48.0,48.0,48.0,0.0,0.0
2007-01-24,48.0,48.0,48.0,0.0,0.0
2007-01-25,48.0,48.0,48.0,0.0,0.0
2007-01-26,48.0,48.0,48.0,0.0,0.0
2007-01-27,48.0,48.0,48.0,0.0,0.0
2007-01-28,48.0,48.0,48.0,0.0,0.0
2007-01-29,48.0,48.0,48.0,0.0,0.0
2007-01-30,48.0,48.0,48.0,0.0,0.0
2007-01-31,48.0,48.0,48.0,0.0,0.0
2007-02-01,48.0,48.0,48.0,0.0,0.0
2007-02-02,48.0,48.0,48.0,0.0,0.0
2007-02-03,48.0,48.0,48.0,0.0,0.0
2007-02-04,48.0,48.0,48.0,0.0,0.0
2007-02-05,48.0,48.0,48.0,0.0,0.0
2007-02-06,48.0,48.0,48.0,0.0,0.0
2007-02-07,48.0,48.0,48.0,0.0,0.0
2007-02-08,48.0,48.0,48.0,0.0,0.0
2007-02-09,48.0,48.0,48.0,0.0,0.0
2007-02-10,48.0,48.0,48.0,0.0,0.0
2007-02-11,48.0,48.0,48.0,0.0,0.0
2007-02-12,48.0,48.0,48.0,0.0,0.0
2007-02-13,48.0,48.0,48.0,0.0,0.0
2007-02-14,48.0,48.0,48.0,0.0,0.0
2007-02-15,48.0,48.0,48.0,0.0,0.0
2007-02-16,48.0,48.0,48.0,0.0,0.0
2007-02-17,48.0,48.0,48.0,0.0,0.0
2007-02-18,48.0,48.0,48.0,0.0,0.0
2007-02-19,48.0,48.0,48.0,0.0,0.0
2007-02-20,48.0,48.0,48.0,0.0,0.0
2007-02-21,48.0,48.0,48.0,0.0,0.0
2007-02-22,48.0,48.0,48.0,0.0,0.0
2007-02-23,48.0,48.0,48.0,0.0,0.0
2007-02-24,48.0,48.0,48.0,0.0,0.0
2007-02-25,48.0,48.0,48.0,0.0,0.0
2007-02-26,48.0,48.0,48.0,0.0,0.0
2007-02-27,48.0,48.0,48.0,0.0,0.0
2007-02-28,48.0,48.0,48.0,0.0,0.0
2007-03-01,48.0,48.0,48.0,0.0,0.0
2007-03-02,48.0,48.0,48.0,0.0,0.0
2007-03-03,48.0,48.0,48.0,0.0,0.0
2007-03-04,48.0,48.0,48.0,0.0,0.0
2007-03-05,48.0,48.0,48.0,0.0,0.0
2007-03-06,48.0,48.0,48.0,0.0,0.0
2007-03-07,48.0,48.0,48.0,0.0,0.0
2007-03-08,48.0,48.0,48.0,0.0,0.0
2007-03-09,48.0,48.0,48.0,0.0,0.0
2007-03-10,48.0,48.0,48.0,0.0,0.0
2007-03-11,48.0,48.0,48.0,0.0,0.0
2007-03-12,48.0,48.0,48.0,0.0,0.0
2007-03-13,48.0,48.0,48.0,0.0,0.0
2007-03-14,48.0,48.0,48.0,0.0,0.0
2007-03-15,48.0,48.0,48.0,0.0,0.0
2007-03-16,48.0,48.0,48.0,0.0,0.0
2007-03-17,48.0,48.0,48.0,0.0,0.0
2007-03-18,48.0,48.0,48.0,0.0,0.0
2007-03-19,48.0,48.0,48.0,0.0,0.0
2007-03-20,48.0,48.0,48.0,0.0,0.0
2007-03-21,48.0,48.0,48.0,0.0,0.0
2007-03-22,48.0,48.0,48.0,0.0,0.0
2007-03-23,48.0,48.0,48.0,0.0,0.0
2007-03-24,48.0,48.0,48.0,0.0,0.0
2007-03-25,48.0,48.0,48.0,0.0,0.0
2007-03-26,48.0,48.0,48.0,0.0,0.0
2007-03-27,48.0,48.0,48.0,0.0,0.0
2007-03-28,48.0,48.0,48.0,0.0,0.0
2007-03-29,48.0,48.0,48.0,0.0,0.0
2007-03-30,48.0,48.0,48.0,0.0,0.0
2007-03-31,48.0,48.0,48.0,0.0,0.0
2007-04-01,48.0,48.0,48.0,0.0,0.0
2007-04-02,48.0,48.0,48.0,0.0,0.0
2007-04-03,48.0,48.0,48.0,0.0,0.0
2007-04-04,48.0,48.0,48.0,0.0,0.0
2007-04-05,48.0,48.0,48.0,0.0,0.0
2007-04-06,48.0,48.0,48.0,0.0,0.0
2007-04-07,48.0,48.0,48.0,0.0,0.0
2007-04-08,48.0,48.0,48.0,0.0,0.0
2007-04-09,48.0,48.0,48.0,0.0,0.0
2007-04-10,48.0,48.0,48.0,0.0,0.0
2007-04-11,48.0,48.0,48.0,0.0,0.0
2007-04-12,48.0,48.0,48.0,0.0,0.0
2007-04-13,48.0,48.0,48.0,0.0,0.0
2007-04-14,48.0,48.0,48.0,0.0,0.0
2007-04-15,48.0,48.0,48.0,0.0,0.0
2007-04-16,48.0,48.0,48.0,0.0,0.0
2007-04-17,48.0,48.0,48.0,0.0,0.0
2007-04-18,48.0,48.0,48.0,0.0,0.0
2007-04-19,48.0,48.0,48.0,0.0,0.0
2007-04-20,48.0,48.0,48.0,0.0,0.0
2007-04-21,48.0,48.0,48.0,0.0,0.0
2007-04-22,48.0,48.0,48.0,0.0,0.0
2007-04-23,48.0,48.0,48.0,0.0,0.0
2007-04-24,48.0,48.0,48.0,0.0,0.0
2007-04-25,48.0,48.0,48.0,0.0,0.0
2007-04-26,48.0,48.0,48.0,0.0,0.0
2007-04-27,48.0,48.0,48.0,0.0,0.0
2007-04-28,48.0,48.0,48.0,0.0,0.0
2007-04-29,48.0,48.0,48.0,0.0,0.0
2007-04-30,48.0,48.0,48.0,0.0,0.0
2007-05-01,48.0,48.0,48.0,0.0,0.0
2007-05-02,48.0,48.0,48.0,0.0,0.0
2007-05-03,48.0,48.0,48.0,0.0,0.0
2007-05-04,48.0,48.0,48.0,0.0,0.0
2007-05-05,48.0,48.0,48.0,0.0,0.0
2007-05-06,48.0,48.0,48.0,0.0,0.0
2007-05-07,48.0,48.0,48.0,0.0,0.0
2007-05-08,48.0,48.0,48.0,0.0,0.0
2007-05-09,48.0,48.0,48.0,0.0,0.0
2007-05-10,48.0,48.0,48.0,0.0,0.0
2007-05-11,48.0,48.0,48.0,0.0,0.0
2007-05-12,51.0,48.0,48.0,3.0,6.25
2007-05-13,51.0,51.0,48.0,0.0,0.0
2007-05-14,51.0,51.0,51.0,0.0,0.0
2007-05-15,51.0,51.0,51.0,0.0,0.0
2007-05-16,51.0,51.0,51.0,0.0,0.0
2007-05-17,51.0,51.0,51.0,0.0,0.0
2007-05-18,51.0,51.0,51.0,0.0,0.0
2007-05-19,51.0,51.0,51.0,0.0,0.0
2007-05-20,51.0,51.0,51.0,0.0,0.0
2007-05-21,51.0,51.0,51.0,0.0,0.0
2007-05-22,51.0,51.0,51.0,0.0,0.0
2007-05-23,51.0,51.0,51.0,0.0,0.0
2007-05-24,51.0,51.0,51.0,0.0,0.0
2007-05-25,51.0,51.0,51.0,0.0,0.0
2007-05-26,51.0,51.0,51.0,0.0,0.0
2007-05-27,51.0,51.0,51.0,0.0,0.0
2007-05-28,51.0,51.0,51.0,0.0,0.0
2007-05-29,51.0,51.0,51.0,0.0,0.0
2007-05-30,51.0,51.0,51.0,0.0,0.0
2007-05-31,51.0,51.0,51.0,0.0,0.0
2007-06-01,51.0,51.0,51.0,0.0,0.0
2007-06-02,51.0,51.0,51.0,0.0,0.0
2007-06-03,51.0,51.0,51.0,0.0,0.0
2007-06-04,51.0,51.0,51.0,0.0,0.0
2007-06-05,51.0,51.0,51.0,0.0,0.0
2007-06-06,51.0,51.0,51.0,0.0,0.0
2007-06-07,51.0,51.0,51.0,0.0,0.0
2007-06-08,51.0,51.0,51.0,0.0,0.0
2007-06-09,51.0,51.0,51.0,0.0,0.0
2007-06-10,51.0,51.0,51.0,0.0,0.0
2007-06-11,51.0,51.0,51.0,0.0,0.0
2007-06-12,51.0,51.0,51.0,0.0,0.0
2007-06-13,51.0,51.0,51.0,0.0,0.0
2007-06-14,51.0,51.0,51.0,0.0,0.0
2007-06-15,51.0,51.0,51.0,0.0,0.0
2007-06-16,51.0,51.0,51.0,0.0,0.0
2007-06-17,51.0,51.0,51.0,0.0,0.0
2007-06-18,51.0,51.0,51.0,0.0,0.0
2007-06-19,51.0,51.0,51.0,0.0,0.0
2007-06-20,51.0,51.0,51.0,0.0,0.0
2007-06-21,51.0,51.0,51.0,0.0,0.0
2007-06-22,51.0,51.0,51.0,0.0,0.0
2007-06-23,51.0,51.0,51.0,0.0,0.0
2007-06-24,51.0,51.0,51.0,0.0,0.0
2007-06-25,51.0,51.0,51.0,0.0,0.0
2007-06-26,51.0,51.0,51.0,0.0,0.0
2007-06-27,51.0,51.0,51.0,0.0,0.0
2007-06-28,51.0,51.0,51.0,0.0,0.0
2007-06-29,51.0,51.0,51.0,0.0,0.0
2007-06-30,51.0,51.0,51.0,0.0,0.0
2007-07-01,51.0,51.0,51.0,0.0,0.0
2007-07-02,51.0,51.0,51.0,0.0,0.0
2007-07-03,51.0,51.0,51.0,0.0,0.0
2007-07-04,51.0,51.0,51.0,0.0,0.0
2007-07-05,51.0,51.0,51.0,0.0,0.0
2007-07-06,51.0,51.0,51.0,0.0,0.0
2007-07-07,51.0,51.0,51.0,0.0,0.0
2007-07-08,51.0,51.0,51.0,0.0,0.0
2007-07-09,51.0,51.0,51.0,0.0,0.0
2007-07-10,51.0,51.0,51.0,0.0,0.0
2007-07-11,51.0,51.0,51.0,0.0,0.0
2007-07-12,51.0,51.0,51.0,0.0,0.0
2007-07-13,51.0,51.0,51.0,0.0,0.0
2007-07-14,51.0,51.0,51.0,0.0,0.0
2007-07-15,51.0,51.0,51.0,0.0,0.0
2007-07-16,51.0,51.0,51.0,0.0,0.0
2007-07-17,51.0,51.0,51.0,0.0,0.0
2007-07-18,51.0,51.0,51.0,0.0,0.0
2007-07-19,51.0,51.0,51.0,0.0,0.0
2007-07-20,51.0,51.0,51.0,0.0,0.0
2007-07-21,51.0,51.0,51.0,0.0,0.0
2007-07-22,51.0,51.0,51.0,0.0,0.0
2007-07-23,51.0,51.0,51.0,0.0,0.0
2007-07-24,51.0,51.0,51.0,0.0,0.0
2007-07-25,51.0,51.0,51.0,0.0,0.0
2007-07-26,51.0,51.0,51.0,0.0,0.0
2007-07-27,51.0,51.0,51.0,0.0,0.0
2007-07-28,51.0,51.0,51.0,0.0,0.0
2007-07-29,51.0,51.0,51.0,0.0,0.0
2007-07-30,51.0,51.0,51.0,0.0,0.0
2007-07-31,51.0,51.0,51.0,0.0,0.0
2007-08-01,51.0,51.0,51.0,0.0,0.0
2007-08-02,51.0,51.0,51.0,0.0,0.0
2007-08-03,51.0,51.0,51.0,0.0,0.0
2007-08-04,51.0,51.0,51.0,0.0,0.0
2007-08-05,51.0,51.0,51.0,0.0,0.0
2007-08-06,51.0,51.0,51.0,0.0,0.0
2007-08-07,51.0,51.0,51.0,0.0,0.0
2007-08-08,51.0,51.0,51.0,0.0,0.0
2007-08-09,51.0,51.0,51.0,0.0,0.0
2007-08-10,51.0,51.0,51.0,0.0,0.0
2007-08-11,51.0,51.0,51.0,0.0,0.0
2007-08-12,51.0,51.0,51.0,0.0,0.0
2007-08-13,51.0,51.0,51.0,0.0,0.0
2007-08-14,51.0,51.0,51.0,0.0,0.0
2007-08-15,51.0,51.0,51.0,0.0,0.0
2007-08-16,51.0,51.0,51.0,0.0,0.0
2007-08-17,51.0,51.0,51.0,0.0,0.0
2007-08-18,51.0,51.0,51.0,0.0,0.0
2007-08-19,51.0,51.0,51.0,0.0,0.0
2007-08-20,51.0,51.0,51.0,0.0,0.0
2007-08-21,51.0,51.0,51.0,0.0,0.0
2007-08-22,51.0,51.0,51.0,0.0,0.0
2007-08-23,51.0,51.0,51.0,0.0,0.0
2007-08-24,51.0,51.0,51.0,0.0,0.0
2007-08-25,51.0,51.0,51.0,0.0,0.0
2007-08-26,51.0,51.0,51.0,0.0,0.0
2007-08-27,51.0,51.0,51.0,0.0,0.0
2007-08-28,51.0,51.0,51.0,0.0,0.0
2007-08-29,51.0,51.0,51.0,0.0,0.0
2007-08-30,51.0,51.0,51.0,0.0,0.0
2007-08-31,51.0,51.0,51.0,0.0,0.0
2007-09-01,51.0,51.0,51.0,0.0,0.0
2007-09-02,51.0,51.0,51.0,0.0,0.0
2007-09-03,51.0,51.0,51.0,0.0,0.0
2007-09-04,51.0,51.0,51.0,0.0,0.0
2007-09-05,51.0,51.0,51.0,0.0,0.0
2007-09-06,51.0,51.0,51.0,0.0,0.0
2007-09-07,51.0,51.0,51.0,0.0,0.0
2007-09-08,51.0,51.0,51.0,0.0,0.0
2007-09-09,51.0,51.0,51.0,0.0,0.0
2007-09-10,51.0,51.0,51.0,0.0,0.0
2007-09-11,51.0,51.0,51.0,0.0,0.0
2007-09-12,51.0,51.0,51.0,0.0,0.0
2007-09-13,51.0,51.0,51.0,0.0,0.0
2007-09-14,51.0,51.0,51.0,0.0,0.0
2007-09-15,51.0,51.0,51.0,0.0,0.0
2007-09-16,51.0,51.0,51.0,0.0,0.0
2007-09-17,51.0,51.0,51.0,0.0,0.0
2007-09-18,51.0,51.0,51.0,0.0,0.0
2007-09-19,51.0,51.0,51.0,0.0,0.0
2007-09-20,51.0,51.0,51.0,0.0,0.0
2007-09-21,51.0,51.0,51.0,0.0,0.0
2007-09-22,51.0,51.0,51.0,0.0,0.0
2007-09-23,51.0,51.0,51.0,0.0,0.0
2007-09-24,51.0,51.0,51.0,0.0,0.0
2007-09-25,51.0,51.0,51.0,0.0,0.0
2007-09-26,51.0,51.0,51.0,0.0,0.0
2007-09-27,51.0,51.0,51.0,0.0,0.0
2007-09-28,51.0,51.0,51.0,0.0,0.0
2007-09-29,51.0,51.0,51.0,0.0,0.0
2007-09-30,51.0,51.0,51.0,0.0,0.0
2007-10-01,51.0,51.0,51.0,0.0,0.0
2007-10-02,51.0,51.0,51.0,0.0,0.0
2007-10-03,51.0,51.0,51.0,0.0,0.0
2007-10-04,51.0,51.0,51.0,0.0,0.0
2007-10-05,51.0,51.0,51.0,0.0,0.0
2007-10-06,51.0,51.0,51.0,0.0,0.0
2007-10-07,51.0,51.0,51.0,0.0,0.0
2007-10-08,51.0,51.0,51.0,0.0,0.0
2007-10-09,51.0,51.0,51.0,0.0,0.0
2007-10-10,51.0,51.0,51.0,0.0,0.0
2007-10-11,51.0,51.0,51.0,0.0,0.0
2007-10-12,51.0,51.0,51.0,0.0,0.0
2007-10-13,51.0,51.0,51.0,0.0,0.0
2007-10-14,51.0,51.0,51.0,0.0,0.0
2007-10-15,51.0,51.0,51.0,0.0,0.0
2007-10-16,51.0,51.0,51.0,0.0,0.0
2007-10-17,51.0,51.0,51.0,0.0,0.0
2007-10-18,51.0,51.0,51.0,0.0,0.0
2007-10-19,51.0,51.0,51.0,0.0,0.0
2007-10-20,51.0,51.0,51.0,0.0,0.0
2007-10-21,51.0,51.0,51.0,0.0,0.0
2007-10-22,51.0,51.0,51.0,0.0,0.0
2007-10-23,51.0,51.0,51.0,0.0,0.0
2007-10-24,51.0,51.0,51.0,0.0,0.0
2007-10-25,51.0,51.0,51.0,0.0,0.0
2007-10-26,51.0,51.0,51.0,0.0,0.0
2007-10-27,51.0,51.0,51.0,0.0,0.0
2007-10-28,51.0,51.0,51.0,0.0,0.0
2007-10-29,51.0,51.0,51.0,0.0,0.0
2007-10-30,51.0,51.0,51.0,0.0,0.0
2007-10-31,51.0,51.0,51.0,0.0,0.0
2007-11-01,51.0,51.0,51.0,0.0,0.0
2007-11-02,51.0,51.0,51.0,0.0,0.0
2007-11-03,51.0,51.0,51.0,0.0,0.0
2007-11-04,51.0,51.0,51.0,0.0,0.0
2007-11-05,51.0,51.0,51.0,0.0,0.0
2007-11-06,51.0,51.0,51.0,0.0,0.0
2007-11-07,51.0,51.0,51.0,0.0,0.0
2007-11-08,51.0,51.0,51.0,0.0,0.0
2007-11-09,51.0,51.0,51.0,0.0,0.0
2007-11-10,51.0,51.0,51.0,0.0,0.0
2007-11-11,51.0,51.0,51.0,0.0,0.0
2007-11-12,51.0,51.0,51.0,0.0,0.0
2007-11-13,51.0,51.0,51.0,0.0,0.0
2007-11-14,51.0,51.0,51.0,0.0,0.0
2007-11-15,51.0,51.0,51.0,0.0,0.0
2007-11-16,51.0,51.0,51.0,0.0,0.0
2007-11-17,51.0,51.0,51.0,0.0,0.0
2007-11-18,51.0,51.0,51.0,0.0,0.0
2007-11-19,51.0,51.0,51.0,0.0,0.0
2007-11-20,51.0,51.0,51.0,0.0,0.0
2007-11-21,51.0,51.0,51.0,0.0,0.0
2007-11-22,51.0,51.0,51.0,0.0,0.0
2007-11-23,51.0,51.0,51.0,0.0,0.0
2007-11-24,51.0,51.0,51.0,0.0,0.0
2007-11-25,51.0,51.0,51.0,0.0,0.0
2007-11-26,51.0,51.0,51.0,0.0,0.0
2007-11-27,51.0,51.0,51.0,0.0,0.0
2007-11-28,51.0,51.0,51.0,0.0,0.0
2007-11-29,51.0,51.0,51.0,0.0,0.0
2007-11-30,51.0,51.0,51.0,0.0,0.0
2007-12-01,51.0,51.0,51.0,0.0,0.0
2007-12-02,51.0,51.0,51.0,0.0,0.0
2007-12-03,51.0,51.0,51.0,0.0,0.0
2007-12-04,51.0,51.0,51.0,0.0,0.0
2007-12-05,51.0,51.0,51.0,0.0,0.0
2007-12-06,51.0,51.0,51.0,0.0,0.0
2007-12-07,51.0,51.0,51.0,0.0,0.0
2007-12-08,51.0,51.0,51.0,0.0,0.0
2007-12-09,51.0,51.0,51.0,0.0,0.0
2007-12-10,51.0,51.0,51.0,0.0,0.0
2007-12-11,51.0,51.0,51.0,0.0,0.0
2007-12-12,51.0,51.0,51.0,0.0,0.0
2007-12-13,51.0,51.0,51.0,0.0,0.0
2007-12-14,51.0,51.0,51.0,0.0,0.0
2007-12-15,51.0,51.0,51.0,0.0,0.0
2007-12-16,51.0,51.0,51.0,0.0,0.0
2007-12-17,51.0,51.0,51.0,0.0,0.0
2007-12-18,51.0,51.0,51.0,0.0,0.0
2007-12-19,51.0,51.0,51.0,0.0,0.0
2007-12-20,51.0,51.0,51.0,0.0,0.0
2007-12-21,51.0,51.0,51.0,0.0,0.0
2007-12-22,51.0,51.0,51.0,0.0,0.0
2007-12-23,51.0,51.0,51.0,0.0,0.0
2007-12-24,51.0,51.0,51.0,0.0,0.0
2007-12-25,51.0,51.0,51.0,0.0,0.0
2007-12-26,51.0,51.0,51.0,0.0,0.0
2007-12-27,51.0,51.0,51.0,0.0,0.0
2007-12-28,51.0,51.0,51.0,0.0,0.0
2007-12-29,51.0,51.0,51.0,0.0,0.0
2007-12-30,51.0,51.0,51.0,0.0,0.0
2007-12-31,51.0,51.0,51.0,0.0,0.0
2008-01-01,51.0,51.0,51.0,0.0,0.0
2008-01-02,51.0,51.0,51.0,0.0,0.0
2008-01-03,51.0,51.0,51.0,0.0,0.0
2008-01-04,51.0,51.0,51.0,0.0,0.0
2008-01-05,51.0,51.0,51.0,0.0,0.0
2008-01-06,51.0,51.0,51.0,0.0,0.0
2008-01-07,51.0,51.0,51.0,0.0,0.0
2008-01-08,51.0,51.0,51.0,0.0,0.0
2008-01-09,51.0,51.0,51.0,0.0,0.0
2008-01-10,51.0,51.0,51.0,0.0,0.0
2008-01-11,51.0,51.0,51.0,0.0,0.0
2008-01-12,51.0,51.0,51.0,0.0,0.0
2008-01-13,51.0,51.0,51.0,0.0,0.0
2008-01-14,51.0,51.0,51.0,0.0,0.0
2008-01-15,51.0,51.0,51.0,0.0,0.0
2008-01-16,51.0,51.0,51.0,0.0,0.0
2008-01-17,51.0,51.0,51.0,0.0,0.0
2008-01-18,51.0,51.0,51.0,0.0,0.0
2008-01-19,51.0,51.0,51.0,0.0,0.0
2008-01-20,51.0,51.0,51.0,0.0,0.0
2008-01-21,51.0,51.0,51.0,0.0,0.0
2008-01-22,51.0,51.0,51.0,0.0,0.0
2008-01-23,51.0,51.0,51.0,0.0,0.0
2008-01-24,51.0,51.0,51.0,0.0,0.0
2008-01-25,51.0,51.0,51.0,0.0,0.0
2008-01-26,51.0,51.0,51.0,0.0,0.0
2008-01-27,51.0,51.0,51.0,0.0,0.0
2008-01-28,51.0,51.0,51.0,0.0,0.0
2008-01-29,51.0,51.0,51.0,0.0,0.0
2008-01-30,51.0,51.0,51.0,0.0,0.0
2008-01-31,51.0,51.0,51.0,0.0,0.0
2008-02-01,51.0,51.0,51.0,0.0,0.0
2008-02-02,51.0,51.0,51.0,0.0,0.0
2008-02-03,51.0,51.0,51.0,0.0,0.0
2008-02-04,51.0,51.0,51.0,0.0,0.0
2008-02-05,51.0,51.0,51.0,0.0,0.0
2008-02-06,51.0,51.0,51.0,0.0,0.0
2008-02-07,51.0,51.0,51.0,0.0,0.0
2008-02-08,51.0,51.0,51.0,0.0,0.0
2008-02-09,51.0,51.0,51.0,0.0,0.0
2008-02-10,51.0,51.0,51.0,0.0,0.0
2008-02-11,51.0,51.0,51.0,0.0,0.0
2008-02-12,51.0,51.0,51.0,0.0,0.0
2008-02-13,51.0,51.0,51.0,0.0,0.0
2008-02-14,51.0,51.0,51.0,0.0,0.0
2008-02-15,51.0,51.0,51.0,0.0,0.0
2008-02-16,51.0,51.0,51.0,0.0,0.0
2008-02-17,51.0,51.0,51.0,0.0,0.0
2008-02-18,51.0,51.0,51.0,0.0,0.0
2008-02-19,51.0,51.0,51.0,0.0,0.0
2008-02-20,51.0,51.0,51.0,0.0,0.0
2008-02-21,51.0,51.0,51.0,0.0,0.0
2008-02-22,51.0,51.0,51.0,0.0,0.0
2008-02-23,51.0,51.0,51.0,0.0,0.0
2008-02-24,51.0,51.0,51.0,0.0,0.0
2008-02-25,51.0,51.0,51.0,0.0,0.0
2008-02-26,51.0,51.0,51.0,0.0,0.0
2008-02-27,51.0,51.0,51.0,0.0,0.0
2008-02-28,51.0,51.0,51.0,0.0,0.0
2008-02-29,51.0,51.0,51.0,0.0,0.0
2008-03-01,51.0,51.0,51.0,0.0,0.0
2008-03-02,51.0,51.0,51.0,0.0,0.0
2008-03-03,51.0,51.0,51.0,0.0,0.0
2008-03-04,51.0,51.0,51.0,0.0,0.0
2008-03-05,51.0,51.0,51.0,0.0,0.0
2008-03-06,51.0,51.0,51.0,0.0,0.0
2008-03-07,51.0,51.0,51.0,0.0,0.0
2008-03-08,51.0,51.0,51.0,0.0,0.0
2008-03-09,51.0,51.0,51.0,0.0,0.0
2008-03-10,51.0,51.0,51.0,0.0,0.0
2008-03-11,51.0,51.0,51.0,0.0,0.0
2008-03-12,51.0,51.0,51.0,0.0,0.0
2008-03-13,51.0,51.0,51.0,0.0,0.0
2008-03-14,51.0,51.0,51.0,0.0,0.0
2008-03-15,51.0,51.0,51.0,0.0,0.0
2008-03-16,51.0,51.0,51.0,0.0,0.0
2008-03-17,51.0,51.0,51.0,0.0,0.0
2008-03-18,51.0,51.0,51.0,0.0,0.0
2008-03-19,51.0,51.0,51.0,0.0,0.0
2008-03-20,51.0,51.0,51.0,0.0,0.0
2008-03-21,51.0,51.0,51.0,0.0,0.0
2008-03-22,51.0,51.0,51.0,0.0,0.0
2008-03-23,51.0,51.0,51.0,0.0,0.0
2008-03-24,51.0,51.0,51.0,0.0,0.0
2008-03-25,51.0,51.0,51.0,0.0,0.0
2008-03-26,51.0,51.0,51.0,0.0,0.0
2008-03-27,51.0,51.0,51.0,0.0,0.0
2008-03-28,51.0,51.0,51.0,0.0,0.0
2008-03-29,51.0,51.0,51.0,0.0,0.0
2008-03-30,51.0,51.0,51.0,0.0,0.0
2008-03-31,51.0,51.0,51.0,0.0,0.0
2008-04-01,51.0,51.0,51.0,0.0,0.0
2008-04-02,51.0,51.0,51.0,0.0,0.0
2008-04-03,51.0,51.0,51.0,0.0,0.0
2008-04-04,51.0,51.0,51.0,0.0,0.0
2008-04-05,51.0,51.0,51.0,0.0,0.0
2008-04-06,51.0,51.0,51.0,0.0,0.0
2008-04-07,51.0,51.0,51.0,0.0,0.0
2008-04-08,51.0,51.0,51.0,0.0,0.0
2008-04-09,51.0,51.0,51.0,0.0,0.0
2008-04-10,51.0,51.0,51.0,0.0,0.0
2008-04-11,51.0,51.0,51.0,0.0,0.0
2008-04-12,51.0,51.0,51.0,0.0,0.0
2008-04-13,51.0,51.0,51.0,0.0,0.0
2008-04-14,51.0,51.0,51.0,0.0,0.0
2008-04-15,51.0,51.0,51.0,0.0,0.0
2008-04-16,51.0,51.0,51.0,0.0,0.0
2008-04-17,51.0,51.0,51.0,0.0,0.0
2008-04-18,51.0,51.0,51.0,0.0,0.0
2008-04-19,51.0,51.0,51.0,0.0,0.0
2008-04-20,51.0,51.0,51.0,0.0,0.0
2008-04-21,51.0,51.0,51.0,0.0,0.0
2008-04-22,51.0,51.0,51.0,0.0,0.0
2008-04-23,51.0,51.0,51.0,0.0,0.0
2008-04-24,51.0,51.0,51.0,0.0,0.0
2008-04-25,51.0,51.0,51.0,0.0,0.0
2008-04-26,51.0,51.0,51.0,0.0,0.0
2008-04-27,51.0,51.0,51.0,0.0,0.0
2008-04-28,51.0,51.0,51.0,0.0,0.0
2008-04-29,51.0,51.0,51.0,0.0,0.0
2008-04-30,51.0,51.0,51.0,0.0,0.0
2008-05-01,51.0,51.0,51.0,0.0,0.0
2008-05-02,51.0,51.0,51.0,0.0,0.0
2008-05-03,51.0,51.0,51.0,0.0,0.0
2008-05-04,51.0,51.0,51.0,0.0,0.0
2008-05-05,51.0,51.0,51.0,0.0,0.0
2008-05-06,51.0,51.0,51.0,0.0,0.0
2008-05-07,51.0,51.0,51.0,0.0,0.0
2008-05-08,51.0,51.0,51.0,0.0,0.0
2008-05-09,51.0,51.0,51.0,0.0,0.0
2008-05-10,51.0,51.0,51.0,0.0,0.0
2008-05-11,51.0,51.0,51.0,0.0,0.0
2008-05-12,51.0,51.0,51.0,0.0,0.0
2008-05-13,51.0,51.0,51.0,0.0,0.0
2008-05-14,51.0,51.0,51.0,0.0,0.0
2008-05-15,51.0,51.0,51.0,0.0,0.0
2008-05-16,51.0,51.0,51.0,0.0,0.0
2008-05-17,51.0,51.0,51.0,0.0,0.0
2008-05-18,51.0,51.0,51.0,0.0,0.0
2008-05-19,51.0,51.0,51.0,0.0,0.0
2008-05-20,51.0,51.0,51.0,0.0,0.0
2008-05-21,51.0,51.0,51.0,0.0,0.0
2008-05-22,51.0,51.0,51.0,0.0,0.0
2008-05-23,51.0,51.0,51.0,0.0,0.0
2008-05-24,51.0,51.0,51.0,0.0,0.0
2008-05-25,51.0,51.0,51.0,0.0,0.0
2008-05-26,51.0,51.0,51.0,0.0,0.0
2008-05-27,51.0,51.0,51.0,0.0,0.0
2008-05-28,51.0,51.0,51.0,0.0,0.0
2008-05-29,51.0,51.0,51.0,0.0,0.0
2008-05-30,51.0,51.0,51.0,0.0,0.0
2008-05-31,51.0,51.0,51.0,0.0,0.0
2008-06-01,51.0,51.0,51.0,0.0,0.0
2008-06-02,51.0,51.0,51.0,0.0,0.0
2008-06-03,51.0,51.0,51.0,0.0,0.0
2008-06-04,51.0,51.0,51.0,0.0,0.0
2008-06-05,51.0,51.0,51.0,0.0,0.0
2008-06-06,51.0,51.0,51.0,0.0,0.0
2008-06-07,51.0,51.0,51.0,0.0,0.0
2008-06-08,51.0,51.0,51.0,0.0,0.0
2008-06-09,51.0,51.0,51.0,0.0,0.0
2008-06-10,51.0,51.0,51.0,0.0,0.0
2008-06-11,51.0,51.0,51.0,0.0,0.0
2008-06-12,51.0,51.0,51.0,0.0,0.0
2008-06-13,51.0,51.0,51.0,0.0,0.0
2008-06-14,51.0,51.0,51.0,0.0,0.0
2008-06-15,51.0,51.0,51.0,0.0,0.0
2008-06-16,51.0,51.0,51.0,0.0,0.0
2008-06-17,51.0,51.0,51.0,0.0,0.0
2008-06-18,51.0,51.0,51.0,0.0,0.0
2008-06-19,51.0,51.0,51.0,0.0,0.0
2008-06-20,51.0,51.0,51.0,0.0,0.0
2008-06-21,51.0,51.0,51.0,0.0,0.0
2008-06-22,51.0,51.0,51.0,0.0,0.0
2008-06-23,51.0,51.0,51.0,0.0,0.0
2008-06-24,51.0,51.0,51.0,0.0,0.0
2008-06-25,51.0,51.0,51.0,0.0,0.0
2008-06-26,51.0,51.0,51.0,0.0,0.0
2008-06-27,51.0,51.0,51.0,0.0,0.0
2008-06-28,51.0,51.0,51.0,0.0,0.0
2008-06-29,51.0,51.0,51.0,0.0,0.0
2008-06-30,51.0,51.0,51.0,0.0,0.0
2008-07-01,51.0,51.0,51.0,0.0,0.0
2008-07-02,51.0,51.0,51.0,0.0,0.0
2008-07-03,51.0,51.0,51.0,0.0,0.0
2008-07-04,51.0,51.0,51.0,0.0,0.0
2008-07-05,51.0,51.0,51.0,0.0,0.0
2008-07-06,51.0,51.0,51.0,0.0,0.0
2008-07-07,51.0,51.0,51.0,0.0,0.0
2008-07-08,51.0,51.0,51.0,0.0,0.0
2008-07-09,51.0,51.0,51.0,0.0,0.0
2008-07-10,51.0,51.0,51.0,0.0,0.0
2008-07-11,51.0,51.0,51.0,0.0,0.0
2008-07-12,51.0,51.0,51.0,0.0,0.0
2008-07-13,51.0,51.0,51.0,0.0,0.0
2008-07-14,51.0,51.0,51.0,0.0,0.0
2008-07-15,51.0,51.0,51.0,0.0,0.0
2008-07-16,51.0,51.0,51.0,0.0,0.0
2008-07-17,51.0,51.0,51.0,0.0,0.0
2008-07-18,51.0,51.0,51.0,0.0,0.0
2008-07-19,51.0,51.0,51.0,0.0,0.0
2008-07-20,51.0,51.0,51.0,0.0,0.0
2008-07-21,51.0,51.0,51.0,0.0,0.0
2008-07-22,51.0,51.0,51.0,0.0,0.0
2008-07-23,51.0,51.0,51.0,0.0,0.0
2008-07-24,51.0,51.0,51.0,0.0,0.0
2008-07-25,51.0,51.0,51.0,0.0,0.0
2008-07-26,51.0,51.0,51.0,0.0,0.0
2008-07-27,51.0,51.0,51.0,0.0,0.0
2008-07-28,51.0,51.0,51.0,0.0,0.0
2008-07-29,51.0,51.0,51.0,0.0,0.0
2008-07-30,51.0,51.0,51.0,0.0,0.0
2008-07-31,51.0,51.0,51.0,0.0,0.0
2008-08-01,51.0,51.0,51.0,0.0,0.0
2008-08-02,51.0,51.0,51.0,0.0,0.0
2008-08-03,51.0,51.0,51.0,0.0,0.0
2008-08-04,51.0,51.0,51.0,0.0,0.0
2008-08-05,51.0,51.0,51.0,0.0,0.0
2008-08-06,51.0,51.0,51.0,0.0,0.0
2008-08-07,51.0,51.0,51.0,0.0,0.0
2008-08-08,51.0,51.0,51.0,0.0,0.0
2008-08-09,51.0,51.0,51.0,0.0,0.0
2008-08-10,51.0,51.0,51.0,0.0,0.0
2008-08-11,51.0,51.0,51.0,0.0,0.0
2008-08-12,51.0,51.0,51.0,0.0,0.0
2008-08-13,51.0,51.0,51.0,0.0,0.0
2008-08-14,51.0,51.0,51.0,0.0,0.0
2008-08-15,51.0,51.0,51.0,0.0,0.0
2008-08-16,51.0,51.0,51.0,0.0,0.0
2008-08-17,51.0,51.0,51.0,0.0,0.0
2008-08-18,51.0,51.0,51.0,0.0,0.0
2008-08-19,51.0,51.0,51.0,0.0,0.0
2008-08-20,51.0,51.0,51.0,0.0,0.0
2008-08-21,51.0,51.0,51.0,0.0,0.0
2008-08-22,51.0,51.0,51.0,0.0,0.0
2008-08-23,51.0,51.0,51.0,0.0,0.0
2008-08-24,51.0,51.0,51.0,0.0,0.0
2008-08-25,51.0,51.0,51.0,0.0,0.0
2008-08-26,51.0,51.0,51.0,0.0,0.0
2008-08-27,51.0,51.0,51.0,0.0,0.0
2008-08-28,51.0,51.0,51.0,0.0,0.0
2008-08-29,51.0,51.0,51.0,0.0,0.0
2008-08-30,51.0,51.0,51.0,0.0,0.0
2008-08-31,51.0,51.0,51.0,0.0,0.0
2008-09-01,51.0,51.0,51.0,0.0,0.0
2008-09-02,51.0,51.0,51.0,0.0,0.0
2008-09-03,51.0,51.0,51.0,0.0,0.0
2008-09-04,51.0,51.0,51.0,0.0,0.0
2008-09-05,51.0,51.0,51.0,0.0,0.0
2008-09-06,51.0,51.0,51.0,0.0,0.0
2008-09-07,51.0,51.0,51.0,0.0,0.0
2008-09-08,51.0,51.0,51.0,0.0,0.0
2008-09-09,51.0,51.0,51.0,0.0,0.0
2008-09-10,51.0,51.0,51.0,0.0,0.0
2008-09-11,51.0,51.0,51.0,0.0,0.0
2008-09-12,51.0,51.0,51.0,0.0,0.0
2008-09-13,51.0,51.0,51.0,0.0,0.0
2008-09-14,51.0,51.0,51.0,0.0,0.0
2008-09-15,51.0,51.0,51.0,0.0,0.0
2008-09-16,51.0,51.0,51.0,0.0,0.0
2008-09-17,51.0,51.0,51.0,0.0,0.0
2008-09-18,51.0,51.0,51.0,0.0,0.0
2008-09-19,51.0,51.0,51.0,0.0,0.0
2008-09-20,51.0,51.0,51.0,0.0,0.0
2008-09-21,51.0,51.0,51.0,0.0,0.0
2008-09-22,51.0,51.0,51.0,0.0,0.0
2008-09-23,51.0,51.0,51.0,0.0,0.0
2008-09-24,51.0,51.0,51.0,0.0,0.0
2008-09-25,51.0,51.0,51.0,0.0,0.0
2008-09-26,51.0,51.0,51.0,0.0,0.0
2008-09-27,51.0,51.0,51.0,0.0,0.0
2008-09-28,51.0,51.0,51.0,0.0,0.0
2008-09-29,51.0,51.0,51.0,0.0,0.0
2008-09-30,51.0,51.0,51.0,0.0,0.0
2008-10-01,51.0,51.0,51.0,0.0,0.0
2008-10-02,51.0,51.0,51.0,0.0,0.0
2008-10-03,51.0,51.0,51.0,0.0,0.0
2008-10-04,51.0,51.0,51.0,0.0,0.0
2008-10-05,51.0,51.0,51.0,0.0,0.0
2008-10-06,51.0,51.0,51.0,0.0,0.0
2008-10-07,51.0,51.0,51.0,0.0,0.0
2008-10-08,51.0,51.0,51.0,0.0,0.0
2008-10-09,51.0,51.0,51.0,0.0,0.0
2008-10-10,51.0,51.0,51.0,0.0,0.0
2008-10-11,51.0,51.0,51.0,0.0,0.0
2008-10-12,51.0,51.0,51.0,0.0,0.0
2008-10-13,51.0,51.0,51.0,0.0,0.0
2008-10-14,51.0,51.0,51.0,0.0,0.0
2008-10-15,51.0,51.0,51.0,0.0,0.0
2008-10-16,51.0,51.0,51.0,0.0,0.0
2008-10-17,51.0,51.0,51.0,0.0,0.0
2008-10-18,51.0,51.0,51.0,0.0,0.0
2008-10-19,51.0,51.0,51.0,0.0,0.0
2008-10-20,51.0,51.0,51.0,0.0,0.0
2008-10-21,51.0,51.0,51.0,0.0,0.0
2008-10-22,51.0,51.0,51.0,0.0,0.0
2008-10-23,51.0,51.0,51.0,0.0,0.0
2008-10-24,51.0,51.0,51.0,0.0,0.0
2008-10-25,51.0,51.0,51.0,0.0,0.0
2008-10-26,51.0,51.0,51.0,0.0,0.0
2008-10-27,51.0,51.0,51.0,0.0,0.0
2008-10-28,51.0,51.0,51.0,0.0,0.0
2008-10-29,51.0,51.0,51.0,0.0,0.0
2008-10-30,51.0,51.0,51.0,0.0,0.0
2008-10-31,51.0,51.0,51.0,0.0,0.0
2008-11-01,51.0,51.0,51.0,0.0,0.0
2008-11-02,51.0,51.0,51.0,0.0,0.0
2008-11-03,51.0,51.0,51.0,0.0,0.0
2008-11-04,51.0,51.0,51.0,0.0,0.0
2008-11-05,51.0,51.0,51.0,0.0,0.0
2008-11-06,51.0,51.0,51.0,0.0,0.0
2008-11-07,60.0,51.0,51.0,9.0,17.647058823529417
2008-11-08,60.0,60.0,51.0,0.0,0.0
2008-11-09,60.0,60.0,60.0,0.0,0.0
2008-11-10,60.0,60.0,60.0,0.0,0.0
2008-11-11,60.0,60.0,60.0,0.0,0.0
2008-11-12,60.0,60.0,60.0,0.0,0.0
2008-11-13,60.0,60.0,60.0,0.0,0.0
2008-11-14,60.0,60.0,60.0,0.0,0.0
2008-11-15,60.0,60.0,60.0,0.0,0.0
2008-11-16,60.0,60.0,60.0,0.0,0.0
2008-11-17,60.0,60.0,60.0,0.0,0.0
2008-11-18,60.0,60.0,60.0,0.0,0.0
2008-11-19,60.0,60.0,60.0,0.0,0.0
2008-11-20,60.0,60.0,60.0,0.0,0.0
2008-11-21,60.0,60.0,60.0,0.0,0.0
2008-11-22,60.0,60.0,60.0,0.0,0.0
2008-11-23,60.0,60.0,60.0,0.0,0.0
2008-11-24,60.0,60.0,60.0,0.0,0.0
2008-11-25,60.0,60.0,60.0,0.0,0.0
2008-11-26,60.0,60.0,60.0,0.0,0.0
2008-11-27,60.0,60.0,60.0,0.0,0.0
2008-11-28,60.0,60.0,60.0,0.0,0.0
2008-11-29,60.0,60.0,60.0,0.0,0.0
2008-11-30,60.0,60.0,60.0,0.0,0.0
2008-12-01,60.0,60.0,60.0,0.0,0.0
2008-12-02,60.0,60.0,60.0,0.0,0.0
2008-12-03,60.0,60.0,60.0,0.0,0.0
2008-12-04,60.0,60.0,60.0,0.0,0.0
2008-12-05,60.0,60.0,60.0,0.0,0.0
2008-12-06,60.0,60.0,60.0,0.0,0.0
2008-12-07,60.0,60.0,60.0,0.0,0.0
2008-12-08,60.0,60.0,60.0,0.0,0.0
2008-12-09,60.0,60.0,60.0,0.0,0.0
2008-12-10,60.0,60.0,60.0,0.0,0.0
2008-12-11,60.0,60.0,60.0,0.0,0.0
2008-12-12,60.0,60.0,60.0,0.0,0.0
2008-12-13,60.0,60.0,60.0,0.0,0.0
2008-12-14,60.0,60.0,60.0,0.0,0.0
2008-12-15,60.0,60.0,60.0,0.0,0.0
2008-12-16,60.0,60.0,60.0,0.0,0.0
2008-12-17,60.0,60.0,60.0,0.0,0.0
2008-12-18,60.0,60.0,60.0,0.0,0.0
2008-12-19,60.0,60.0,60.0,0.0,0.0
2008-12-20,60.0,60.0,60.0,0.0,0.0
2008-12-21,60.0,60.0,60.0,0.0,0.0
2008-12-22,60.0,60.0,60.0,0.0,0.0
2008-12-23,60.0,60.0,60.0,0.0,0.0
2008-12-24,60.0,60.0,60.0,0.0,0.0
2008-12-25,60.0,60.0,60.0,0.0,0.0
2008-12-26,60.0,60.0,60.0,0.0,0.0
2008-12-27,60.0,60.0,60.0,0.0,0.0
2008-12-28,60.0,60.0,60.0,0.0,0.0
2008-12-29,60.0,60.0,60.0,0.0,0.0
2008-12-30,60.0,60.0,60.0,0.0,0.0
2008-12-31,60.0,60.0,60.0,0.0,0.0
2009-01-01,60.0,60.0,60.0,0.0,0.0
2009-01-02,60.0,60.0,60.0,0.0,0.0
2009-01-03,60.0,60.0,60.0,0.0,0.0
2009-01-04,60.0,60.0,60.0,0.0,0.0
2009-01-05,60.0,60.0,60.0,0.0,0.0
2009-01-06,60.0,60.0,60.0,0.0,0.0
2009-01-07,60.0,60.0,60.0,0.0,0.0
2009-01-08,60.0,60.0,60.0,0.0,0.0
2009-01-09,60.0,60.0,60.0,0.0,0.0
2009-01-10,60.0,60.0,60.0,0.0,0.0
2009-01-11,60.0,60.0,60.0,0.0,0.0
2009-01-12,60.0,60.0,60.0,0.0,0.0
2009-01-13,60.0,60.0,60.0,0.0,0.0
2009-01-14,60.0,60.0,60.0,0.0,0.0
2009-01-15,60.0,60.0,60.0,0.0,0.0
2009-01-16,60.0,60.0,60.0,0.0,0.0
2009-01-17,60.0,60.0,60.0,0.0,0.0
2009-01-18,60.0,60.0,60.0,0.0,0.0
2009-01-19,60.0,60.0,60.0,0.0,0.0
2009-01-20,60.0,60.0,60.0,0.0,0.0
2009-01-21,60.0,60.0,60.0,0.0,0.0
2009-01-22,60.0,60.0,60.0,0.0,0.0
2009-01-23,60.0,60.0,60.0,0.0,0.0
2009-01-24,60.0,60.0,60.0,0.0,0.0
2009-01-25,60.0,60.0,60.0,0.0,0.0
2009-01-26,60.0,60.0,60.0,0.0,0.0
2009-01-27,60.0,60.0,60.0,0.0,0.0
2009-01-28,60.0,60.0,60.0,0.0,0.0
2009-01-29,60.0,60.0,60.0,0.0,0.0
2009-01-30,60.0,60.0,60.0,0.0,0.0
2009-01-31,60.0,60.0,60.0,0.0,0.0
2009-02-01,60.0,60.0,60.0,0.0,0.0
2009-02-02,60.0,60.0,60.0,0.0,0.0
2009-02-03,60.0,60.0,60.0,0.0,0.0
2009-02-04,60.0,60.0,60.0,0.0,0.0
2009-02-05,60.0,60.0,60.0,0.0,0.0
2009-02-06,60.0,60.0,60.0,0.0,0.0
2009-02-07,60.0,60.0,60.0,0.0,0.0
2009-02-08,60.0,60.0,60.0,0.0,0.0
2009-02-09,60.0,60.0,60.0,0.0,0.0
2009-02-10,60.0,60.0,60.0,0.0,0.0
2009-02-11,60.0,60.0,60.0,0.0,0.0
2009-02-12,60.0,60.0,60.0,0.0,0.0
2009-02-13,60.0,60.0,60.0,0.0,0.0
2009-02-14,60.0,60.0,60.0,0.0,0.0
2009-02-15,60.0,60.0,60.0,0.0,0.0
2009-02-16,60.0,60.0,60.0,0.0,0.0
2009-02-17,60.0,60.0,60.0,0.0,0.0
2009-02-18,60.0,60.0,60.0,0.0,0.0
2009-02-19,60.0,60.0,60.0,0.0,0.0
2009-02-20,60.0,60.0,60.0,0.0,0.0
2009-02-21,60.0,60.0,60.0,0.0,0.0
2009-02-22,60.0,60.0,60.0,0.0,0.0
2009-02-23,60.0,60.0,60.0,0.0,0.0
2009-02-24,60.0,60.0,60.0,0.0,0.0
2009-02-25,60.0,60.0,60.0,0.0,0.0
2009-02-26,60.0,60.0,60.0,0.0,0.0
2009-02-27,60.0,60.0,60.0,0.0,0.0
2009-02-28,60.0,60.0,60.0,0.0,0.0
2009-03-01,60.0,60.0,60.0,0.0,0.0
2009-03-02,60.0,60.0,60.0,0.0,0.0
2009-03-03,60.0,60.0,60.0,0.0,0.0
2009-03-04,60.0,60.0,60.0,0.0,0.0
2009-03-05,60.0,60.0,60.0,0.0,0.0
2009-03-06,60.0,60.0,60.0,0.0,0.0
2009-03-07,60.0,60.0,60.0,0.0,0.0
2009-03-08,60.0,60.0,60.0,0.0,0.0
2009-03-09,60.0,60.0,60.0,0.0,0.0
2009-03-10,60.0,60.0,60.0,0.0,0.0
2009-03-11,60.0,60.0,60.0,0.0,0.0
2009-03-12,60.0,60.0,60.0,0.0,0.0
2009-03-13,60.0,60.0,60.0,0.0,0.0
2009-03-14,60.0,60.0,60.0,0.0,0.0
2009-03-15,60.0,60.0,60.0,0.0,0.0
2009-03-16,60.0,60.0,60.0,0.0,0.0
2009-03-17,60.0,60.0,60.0,0.0,0.0
2009-03-18,60.0,60.0,60.0,0.0,0.0
2009-03-19,60.0,60.0,60.0,0.0,0.0
2009-03-20,60.0,60.0,60.0,0.0,0.0
2009-03-21,60.0,60.0,60.0,0.0,0.0
2009-03-22,60.0,60.0,60.0,0.0,0.0
2009-03-23,60.0,60.0,60.0,0.0,0.0
2009-03-24,60.0,60.0,60.0,0.0,0.0
2009-03-25,60.0,60.0,60.0,0.0,0.0
2009-03-26,60.0,60.0,60.0,0.0,0.0
2009-03-27,60.0,60.0,60.0,0.0,0.0
2009-03-28,60.0,60.0,60.0,0.0,0.0
2009-03-29,60.0,60.0,60.0,0.0,0.0
2009-03-30,60.0,60.0,60.0,0.0,0.0
2009-03-31,60.0,60.0,60.0,0.0,0.0
2009-04-01,60.0,60.0,60.0,0.0,0.0
2009-04-02,60.0,60.0,60.0,0.0,0.0
2009-04-03,60.0,60.0,60.0,0.0,0.0
2009-04-04,60.0,60.0,60.0,0.0,0.0
2009-04-05,60.0,60.0,60.0,0.0,0.0
2009-04-06,60.0,60.0,60.0,0.0,0.0
2009-04-07,60.0,60.0,60.0,0.0,0.0
2009-04-08,60.0,60.0,60.0,0.0,0.0
2009-04-09,60.0,60.0,60.0,0.0,0.0
2009-04-10,60.0,60.0,60.0,0.0,0.0
2009-04-11,60.0,60.0,60.0,0.0,0.0
2009-04-12,60.0,60.0,60.0,0.0,0.0
2009-04-13,60.0,60.0,60.0,0.0,0.0
2009-04-14,60.0,60.0,60.0,0.0,0.0
2009-04-15,60.0,60.0,60.0,0.0,0.0
2009-04-16,60.0,60.0,60.0,0.0,0.0
2009-04-17,60.0,60.0,60.0,0.0,0.0
2009-04-18,60.0,60.0,60.0,0.0,0.0
2009-04-19,60.0,60.0,60.0,0.0,0.0
2009-04-20,60.0,60.0,60.0,0.0,0.0
2009-04-21,60.0,60.0,60.0,0.0,0.0
2009-04-22,60.0,60.0,60.0,0.0,0.0
2009-04-23,60.0,60.0,60.0,0.0,0.0
2009-04-24,60.0,60.0,60.0,0.0,0.0
2009-04-25,60.0,60.0,60.0,0.0,0.0
2009-04-26,60.0,60.0,60.0,0.0,0.0
2009-04-27,60.0,60.0,60.0,0.0,0.0
2009-04-28,60.0,60.0,60.0,0.0,0.0
2009-04-29,60.0,60.0,60.0,0.0,0.0
2009-04-30,60.0,60.0,60.0,0.0,0.0
2009-05-01,60.0,60.0,60.0,0.0,0.0
2009-05-02,60.0,60.0,60.0,0.0,0.0
2009-05-03,60.0,60.0,60.0,0.0,0.0
2009-05-04,60.0,60.0,60.0,0.0,0.0
2009-05-05,60.0,60.0,60.0,0.0,0.0
2009-05-06,60.0,60.0,60.0,0.0,0.0
2009-05-07,60.0,60.0,60.0,0.0,0.0
2009-05-08,60.0,60.0,60.0,0.0,0.0
2009-05-09,60.0,60.0,60.0,0.0,0.0
2009-05-10,60.0,60.0,60.0,0.0,0.0
2009-05-11,60.0,60.0,60.0,0.0,0.0
2009-05-12,60.0,60.0,60.0,0.0,0.0
2009-05-13,60.0,60.0,60.0,0.0,0.0
2009-05-14,60.0,60.0,60.0,0.0,0.0
2009-05-15,60.0,60.0,60.0,0.0,0.0
2009-05-16,60.0,60.0,60.0,0.0,0.0
2009-05-17,60.0,60.0,60.0,0.0,0.0
2009-05-18,60.0,60.0,60.0,0.0,0.0
2009-05-19,60.0,60.0,60.0,0.0,0.0
2009-05-20,60.0,60.0,60.0,0.0,0.0
2009-05-21,60.0,60.0,60.0,0.0,0.0
2009-05-22,60.0,60.0,60.0,0.0,0.0
2009-05-23,60.0,60.0,60.0,0.0,0.0
2009-05-24,60.0,60.0,60.0,0.0,0.0
2009-05-25,60.0,60.0,60.0,0.0,0.0
2009-05-26,60.0,60.0,60.0,0.0,0.0
2009-05-27,60.0,60.0,60.0,0.0,0.0
2009-05-28,60.0,60.0,60.0,0.0,0.0
2009-05-29,60.0,60.0,60.0,0.0,0.0
2009-05-30,60.0,60.0,60.0,0.0,0.0
2009-05-31,60.0,60.0,60.0,0.0,0.0
2009-06-01,60.0,60.0,60.0,0.0,0.0
2009-06-02,60.0,60.0,60.0,0.0,0.0
2009-06-03,60.0,60.0,60.0,0.0,0.0
2009-06-04,60.0,60.0,60.0,0.0,0.0
2009-06-05,60.0,60.0,60.0,0.0,0.0
2009-06-06,60.0,60.0,60.0,0.0,0.0
2009-06-07,60.0,60.0,60.0,0.0,0.0
2009-06-08,60.0,60.0,60.0,0.0,0.0
2009-06-09,60.0,60.0,60.0,0.0,0.0
2009-06-10,60.0,60.0,60.0,0.0,0.0
2009-06-11,60.0,60.0,60.0,0.0,0.0
2009-06-12,60.0,60.0,60.0,0.0,0.0
2009-06-13,60.0,60.0,60.0,0.0,0.0
2009-06-14,60.0,60.0,60.0,0.0,0.0
2009-06-15,60.0,60.0,60.0,0.0,0.0
2009-06-16,60.0,60.0,60.0,0.0,0.0
2009-06-17,60.0,60.0,60.0,0.0,0.0
2009-06-18,60.0,60.0,60.0,0.0,0.0
2009-06-19,60.0,60.0,60.0,0.0,0.0
2009-06-20,60.0,60.0,60.0,0.0,0.0
2009-06-21,60.0,60.0,60.0,0.0,0.0
2009-06-22,60.0,60.0,60.0,0.0,0.0
2009-06-23,60.0,60.0,60.0,0.0,0.0
2009-06-24,60.0,60.0,60.0,0.0,0.0
2009-06-25,60.0,60.0,60.0,0.0,0.0
2009-06-26,60.0,60.0,60.0,0.0,0.0
2009-06-27,60.0,60.0,60.0,0.0,0.0
2009-06-28,60.0,60.0,60.0,0.0,0.0
2009-06-29,60.0,60.0,60.0,0.0,0.0
2009-06-30,60.0,60.0,60.0,0.0,0.0
2009-07-01,60.0,60.0,60.0,0.0,0.0
2009-07-02,51.0,60.0,60.0,-9.0,-15.000000000000002
2009-07-03,51.0,51.0,60.0,0.0,0.0
2009-07-04,51.0,51.0,51.0,0.0,0.0
2009-07-05,51.0,51.0,51.0,0.0,0.0
2009-07-06,51.0,51.0,51.0,0.0,0.0
2009-07-07,51.0,51.0,51.0,0.0,0.0
2009-07-08,51.0,51.0,51.0,0.0,0.0
2009-07-09,51.0,51.0,51.0,0.0,0.0
2009-07-10,51.0,51.0,51.0,0.0,0.0
2009-07-11,51.0,51.0,51.0,0.0,0.0
2009-07-12,51.0,51.0,51.0,0.0,0.0
2009-07-13,51.0,51.0,51.0,0.0,0.0
2009-07-14,51.0,51.0,51.0,0.0,0.0
2009-07-15,51.0,51.0,51.0,0.0,0.0
2009-07-16,51.0,51.0,51.0,0.0,0.0
2009-07-17,51.0,51.0,51.0,0.0,0.0
2009-07-18,51.0,51.0,51.0,0.0,0.0
2009-07-19,51.0,51.0,51.0,0.0,0.0
2009-07-20,51.0,51.0,51.0,0.0,0.0
2009-07-21,51.0,51.0,51.0,0.0,0.0
2009-07-22,51.0,51.0,51.0,0.0,0.0
2009-07-23,51.0,51.0,51.0,0.0,0.0
2009-07-24,51.0,51.0,51.0,0.0,0.0
2009-07-25,51.0,51.0,51.0,0.0,0.0
2009-07-26,51.0,51.0,51.0,0.0,0.0
2009-07-27,51.0,51.0,51.0,0.0,0.0
2009-07-28,51.0,51.0,51.0,0.0,0.0
2009-07-29,51.0,51.0,51.0,0.0,0.0
2009-07-30,51.0,51.0,51.0,0.0,0.0
2009-07-31,51.0,51.0,51.0,0.0,0.0
2009-08-01,51.0,51.0,51.0,0.0,0.0
2009-08-02,51.0,51.0,51.0,0.0,0.0
2009-08-03,51.0,51.0,51.0,0.0,0.0
2009-08-04,51.0,51.0,51.0,0.0,0.0
2009-08-05,51.0,51.0,51.0,0.0,0.0
2009-08-06,51.0,51.0,51.0,0.0,0.0
2009-08-07,51.0,51.0,51.0,0.0,0.0
2009-08-08,51.0,51.0,51.0,0.0,0.0
2009-08-09,51.0,51.0,51.0,0.0,0.0
2009-08-10,51.0,51.0,51.0,0.0,0.0
2009-08-11,51.0,51.0,51.0,0.0,0.0
2009-08-12,51.0,51.0,51.0,0.0,0.0
2009-08-13,51.0,51.0,51.0,0.0,0.0
2009-08-14,51.0,51.0,51.0,0.0,0.0
2009-08-15,51.0,51.0,51.0,0.0,0.0
2009-08-16,51.0,51.0,51.0,0.0,0.0
2009-08-17,51.0,51.0,51.0,0.0,0.0
2009-08-18,51.0,51.0,51.0,0.0,0.0
2009-08-19,51.0,51.0,51.0,0.0,0.0
2009-08-20,51.0,51.0,51.0,0.0,0.0
2009-08-21,51.0,51.0,51.0,0.0,0.0
2009-08-22,51.0,51.0,51.0,0.0,0.0
2009-08-23,51.0,51.0,51.0,0.0,0.0
2009-08-24,51.0,51.0,51.0,0.0,0.0
2009-08-25,51.0,51.0,51.0,0.0,0.0
2009-08-26,51.0,51.0,51.0,0.0,0.0
2009-08-27,51.0,51.0,51.0,0.0,0.0
2009-08-28,51.0,51.0,51.0,0.0,0.0
2009-08-29,51.0,51.0,51.0,0.0,0.0
2009-08-30,51.0,51.0,51.0,0.0,0.0
2009-08-31,51.0,51.0,51.0,0.0,0.0
2009-09-01,51.0,51.0,51.0,0.0,0.0
2009-09-02,51.0,51.0,51.0,0.0,0.0
2009-09-03,51.0,51.0,51.0,0.0,0.0
2009-09-04,51.0,51.0,51.0,0.0,0.0
2009-09-05,51.0,51.0,51.0,0.0,0.0
2009-09-06,51.0,51.0,51.0,0.0,0.0
2009-09-07,51.0,51.0,51.0,0.0,0.0
2009-09-08,51.0,51.0,51.0,0.0,0.0
2009-09-09,51.0,51.0,51.0,0.0,0.0
2009-09-10,51.0,51.0,51.0,0.0,0.0
2009-09-11,51.0,51.0,51.0,0.0,0.0
2009-09-12,51.0,51.0,51.0,0.0,0.0
2009-09-13,51.0,51.0,51.0,0.0,0.0
2009-09-14,51.0,51.0,51.0,0.0,0.0
2009-09-15,51.0,51.0,51.0,0.0,0.0
2009-09-16,51.0,51.0,51.0,0.0,0.0
2009-09-17,51.0,51.0,51.0,0.0,0.0
2009-09-18,51.0,51.0,51.0,0.0,0.0
2009-09-19,51.0,51.0,51.0,0.0,0.0
2009-09-20,51.0,51.0,51.0,0.0,0.0
2009-09-21,51.0,51.0,51.0,0.0,0.0
2009-09-22,51.0,51.0,51.0,0.0,0.0
2009-09-23,51.0,51.0,51.0,0.0,0.0
2009-09-24,51.0,51.0,51.0,0.0,0.0
2009-09-25,51.0,51.0,51.0,0.0,0.0
2009-09-26,51.0,51.0,51.0,0.0,0.0
2009-09-27,51.0,51.0,51.0,0.0,0.0
2009-09-28,51.0,51.0,51.0,0.0,0.0
2009-09-29,51.0,51.0,51.0,0.0,0.0
2009-09-30,51.0,51.0,51.0,0.0,0.0
2009-10-01,51.0,51.0,51.0,0.0,0.0
2009-10-02,51.0,51.0,51.0,0.0,0.0
2009-10-03,51.0,51.0,51.0,0.0,0.0
2009-10-04,51.0,51.0,51.0,0.0,0.0
2009-10-05,51.0,51.0,51.0,0.0,0.0
2009-10-06,51.0,51.0,51.0,0.0,0.0
2009-10-07,51.0,51.0,51.0,0.0,0.0
2009-10-08,51.0,51.0,51.0,0.0,0.0
2009-10-09,51.0,51.0,51.0,0.0,0.0
2009-10-10,51.0,51.0,51.0,0.0,0.0
2009-10-11,51.0,51.0,51.0,0.0,0.0
2009-10-12,51.0,51.0,51.0,0.0,0.0
2009-10-13,51.0,51.0,51.0,0.0,0.0
2009-10-14,51.0,51.0,51.0,0.0,0.0
2009-10-15,51.0,51.0,51.0,0.0,0.0
2009-10-16,51.0,51.0,51.0,0.0,0.0
2009-10-17,51.0,51.0,51.0,0.0,0.0
2009-10-18,51.0,51.0,51.0,0.0,0.0
2009-10-19,51.0,51.0,51.0,0.0,0.0
2009-10-20,51.0,51.0,51.0,0.0,0.0
2009-10-21,51.0,51.0,51.0,0.0,0.0
2009-10-22,51.0,51.0,51.0,0.0,0.0
2009-10-23,51.0,51.0,51.0,0.0,0.0
2009-10-24,51.0,51.0,51.0,0.0,0.0
2009-10-25,51.0,51.0,51.0,0.0,0.0
2009-10-26,51.0,51.0,51.0,0.0,0.0
2009-10-27,51.0,51.0,51.0,0.0,0.0
2009-10-28,51.0,51.0,51.0,0.0,0.0
2009-10-29,51.0,51.0,51.0,0.0,0.0
2009-10-30,51.0,51.0,51.0,0.0,0.0
2009-10-31,51.0,51.0,51.0,0.0,0.0
2009-11-01,51.0,51.0,51.0,0.0,0.0
2009-11-02,51.0,51.0,51.0,0.0,0.0
2009-11-03,51.0,51.0,51.0,0.0,0.0
2009-11-04,51.0,51.0,51.0,0.0,0.0
2009-11-05,51.0,51.0,51.0,0.0,0.0
2009-11-06,51.0,51.0,51.0,0.0,0.0
2009-11-07,51.0,51.0,51.0,0.0,0.0
2009-11-08,51.0,51.0,51.0,0.0,0.0
2009-11-09,51.0,51.0,51.0,0.0,0.0
2009-11-10,51.0,51.0,51.0,0.0,0.0
2009-11-11,51.0,51.0,51.0,0.0,0.0
2009-11-12,51.0,51.0,51.0,0.0,0.0
2009-11-13,51.0,51.0,51.0,0.0,0.0
2009-11-14,51.0,51.0,51.0,0.0,0.0
2009-11-15,51.0,51.0,51.0,0.0,0.0
2009-11-16,51.0,51.0,51.0,0.0,0.0
2009-11-17,51.0,51.0,51.0,0.0,0.0
2009-11-18,51.0,51.0,51.0,0.0,0.0
2009-11-19,51.0,51.0,51.0,0.0,0.0
2009-11-20,51.0,51.0,51.0,0.0,0.0
2009-11-21,51.0,51.0,51.0,0.0,0.0
2009-11-22,51.0,51.0,51.0,0.0,0.0
2009-11-23,51.0,51.0,51.0,0.0,0.0
2009-11-24,51.0,51.0,51.0,0.0,0.0
2009-11-25,51.0,51.0,51.0,0.0,0.0
2009-11-26,51.0,51.0,51.0,0.0,0.0
2009-11-27,51.0,51.0,51.0,0.0,0.0
2009-11-28,51.0,51.0,51.0,0.0,0.0
2009-11-29,51.0,51.0,51.0,0.0,0.0
2009-11-30,51.0,51.0,51.0,0.0,0.0
2009-12-01,51.0,51.0,51.0,0.0,0.0
2009-12-02,51.0,51.0,51.0,0.0,0.0
2009-12-03,51.0,51.0,51.0,0.0,0.0
2009-12-04,51.0,51.0,51.0,0.0,0.0
2009-12-05,51.0,51.0,51.0,0.0,0.0
2009-12-06,51.0,51.0,51.0,0.0,0.0
2009-12-07,51.0,51.0,51.0,0.0,0.0
2009-12-08,51.0,51.0,51.0,0.0,0.0
2009-12-09,51.0,51.0,51.0,0.0,0.0
2009-12-10,51.0,51.0,51.0,0.0,0.0
2009-12-11,51.0,51.0,51.0,0.0,0.0
2009-12-12,51.0,51.0,51.0,0.0,0.0
2009-12-13,51.0,51.0,51.0,0.0,0.0
2009-12-14,51.0,51.0,51.0,0.0,0.0
2009-12-15,51.0,51.0,51.0,0.0,0.0
2009-12-16,51.0,51.0,51.0,0.0,0.0
2009-12-17,51.0,51.0,51.0,0.0,0.0
2009-12-18,51.0,51.0,51.0,0.0,0.0
2009-12-19,51.0,51.0,51.0,0.0,0.0
2009-12-20,51.0,51.0,51.0,0.0,0.0
2009-12-21,51.0,51.0,51.0,0.0,0.0
2009-12-22,51.0,51.0,51.0,0.0,0.0
2009-12-23,51.0,51.0,51.0,0.0,0.0
2009-12-24,51.0,51.0,51.0,0.0,0.0
2009-12-25,51.0,51.0,51.0,0.0,0.0
2009-12-26,51.0,51.0,51.0,0.0,0.0
2009-12-27,51.0,51.0,51.0,0.0,0.0
2009-12-28,51.0,51.0,51.0,0.0,0.0
2009-12-29,51.0,51.0,51.0,0.0,0.0
2009-12-30,51.0,51.0,51.0,0.0,0.0
2009-12-31,51.0,51.0,51.0,0.0,0.0
2010-01-01,51.0,51.0,51.0,0.0,0.0
2010-01-02,51.0,51.0,51.0,0.0,0.0
2010-01-03,51.0,51.0,51.0,0.0,0.0
2010-01-04,51.0,51.0,51.0,0.0,0.0
2010-01-05,51.0,51.0,51.0,0.0,0.0
2010-01-06,51.0,51.0,51.0,0.0,0.0
2010-01-07,51.0,51.0,51.0,0.0,0.0
2010-01-08,51.0,51.0,51.0,0.0,0.0
2010-01-09,51.0,51.0,51.0,0.0,0.0
2010-01-10,51.0,51.0,51.0,0.0,0.0
2010-01-11,51.0,51.0,51.0,0.0,0.0
2010-01-12,51.0,51.0,51.0,0.0,0.0
2010-01-13,51.0,51.0,51.0,0.0,0.0
2010-01-14,51.0,51.0,51.0,0.0,0.0
2010-01-15,51.0,51.0,51.0,0.0,0.0
2010-01-16,51.0,51.0,51.0,0.0,0.0
2010-01-17,51.0,51.0,51.0,0.0,0.0
2010-01-18,51.0,51.0,51.0,0.0,0.0
2010-01-19,51.0,51.0,51.0,0.0,0.0
2010-01-20,51.0,51.0,51.0,0.0,0.0
2010-01-21,51.0,51.0,51.0,0.0,0.0
2010-01-22,51.0,51.0,51.0,0.0,0.0
2010-01-23,51.0,51.0,51.0,0.0,0.0
2010-01-24,51.0,51.0,51.0,0.0,0.0
2010-01-25,51.0,51.0,51.0,0.0,0.0
2010-01-26,51.0,51.0,51.0,0.0,0.0
2010-01-27,51.0,51.0,51.0,0.0,0.0
2010-01-28,51.0,51.0,51.0,0.0,0.0
2010-01-29,51.0,51.0,51.0,0.0,0.0
2010-01-30,51.0,51.0,51.0,0.0,0.0
2010-01-31,51.0,51.0,51.0,0.0,0.0
2010-02-01,51.0,51.0,51.0,0.0,0.0
2010-02-02,51.0,51.0,51.0,0.0,0.0
2010-02-03,51.0,51.0,51.0,0.0,0.0
2010-02-04,51.0,51.0,51.0,0.0,0.0
2010-02-05,51.0,51.0,51.0,0.0,0.0
2010-02-06,51.0,51.0,51.0,0.0,0.0
2010-02-07,51.0,51.0,51.0,0.0,0.0
2010-02-08,51.0,51.0,51.0,0.0,0.0
2010-02-09,51.0,51.0,51.0,0.0,0.0
2010-02-10,51.0,51.0,51.0,0.0,0.0
2010-02-11,51.0,51.0,51.0,0.0,0.0
2010-02-12,51.0,51.0,51.0,0.0,0.0
2010-02-13,51.0,51.0,51.0,0.0,0.0
2010-02-14,51.0,51.0,51.0,0.0,0.0
2010-02-15,51.0,51.0,51.0,0.0,0.0
2010-02-16,51.0,51.0,51.0,0.0,0.0
2010-02-17,51.0,51.0,51.0,0.0,0.0
2010-02-18,51.0,51.0,51.0,0.0,0.0
2010-02-19,51.0,51.0,51.0,0.0,0.0
2010-02-20,51.0,51.0,51.0,0.0,0.0
2010-02-21,51.0,51.0,51.0,0.0,0.0
2010-02-22,51.0,51.0,51.0,0.0,0.0
2010-02-23,51.0,51.0,51.0,0.0,0.0
2010-02-24,51.0,51.0,51.0,0.0,0.0
2010-02-25,51.0,51.0,51.0,0.0,0.0
2010-02-26,51.0,51.0,51.0,0.0,0.0
2010-02-27,51.0,51.0,51.0,0.0,0.0
2010-02-28,51.0,51.0,51.0,0.0,0.0
2010-03-01,51.0,51.0,51.0,0.0,0.0
2010-03-02,51.0,51.0,51.0,0.0,0.0
2010-03-03,51.0,51.0,51.0,0.0,0.0
2010-03-04,51.0,51.0,51.0,0.0,0.0
2010-03-05,51.0,51.0,51.0,0.0,0.0
2010-03-06,51.0,51.0,51.0,0.0,0.0
2010-03-07,51.0,51.0,51.0,0.0,0.0
2010-03-08,51.0,51.0,51.0,0.0,0.0
2010-03-09,51.0,51.0,51.0,0.0,0.0
2010-03-10,51.0,51.0,51.0,0.0,0.0
2010-03-11,51.0,51.0,51.0,0.0,0.0
2010-03-12,51.0,51.0,51.0,0.0,0.0
2010-03-13,51.0,51.0,51.0,0.0,0.0
2010-03-14,51.0,51.0,51.0,0.0,0.0
2010-03-15,51.0,51.0,51.0,0.0,0.0
2010-03-16,51.0,51.0,51.0,0.0,0.0
2010-03-17,51.0,51.0,51.0,0.0,0.0
2010-03-18,51.0,51.0,51.0,0.0,0.0
2010-03-19,51.0,51.0,51.0,0.0,0.0
2010-03-20,51.0,51.0,51.0,0.0,0.0
2010-03-21,51.0,51.0,51.0,0.0,0.0
2010-03-22,51.0,51.0,51.0,0.0,0.0
2010-03-23,51.0,51.0,51.0,0.0,0.0
2010-03-24,51.0,51.0,51.0,0.0,0.0
2010-03-25,51.0,51.0,51.0,0.0,0.0
2010-03-26,51.0,51.0,51.0,0.0,0.0
2010-03-27,51.0,51.0,51.0,0.0,0.0
2010-03-28,51.0,51.0,51.0,0.0,0.0
2010-03-29,51.0,51.0,51.0,0.0,0.0
2010-03-30,51.0,51.0,51.0,0.0,0.0
2010-03-31,51.0,51.0,51.0,0.0,0.0
2010-04-01,51.0,51.0,51.0,0.0,0.0
2010-04-02,51.0,51.0,51.0,0.0,0.0
2010-04-03,51.0,51.0,51.0,0.0,0.0
2010-04-04,51.0,51.0,51.0,0.0,0.0
2010-04-05,51.0,51.0,51.0,0.0,0.0
2010-04-06,51.0,51.0,51.0,0.0,0.0
2010-04-07,51.0,51.0,51.0,0.0,0.0
2010-04-08,51.0,51.0,51.0,0.0,0.0
2010-04-09,51.0,51.0,51.0,0.0,0.0
2010-04-10,51.0,51.0,51.0,0.0,0.0
2010-04-11,51.0,51.0,51.0,0.0,0.0
2010-04-12,51.0,51.0,51.0,0.0,0.0
2010-04-13,51.0,51.0,51.0,0.0,0.0
2010-04-14,51.0,51.0,51.0,0.0,0.0
2010-04-15,51.0,51.0,51.0,0.0,0.0
2010-04-16,51.0,51.0,51.0,0.0,0.0
2010-04-17,51.0,51.0,51.0,0.0,0.0
2010-04-18,51.0,51.0,51.0,0.0,0.0
2010-04-19,51.0,51.0,51.0,0.0,0.0
2010-04-20,51.0,51.0,51.0,0.0,0.0
2010-04-21,51.0,51.0,51.0,0.0,0.0
2010-04-22,51.0,51.0,51.0,0.0,0.0
2010-04-23,51.0,51.0,51.0,0.0,0.0
2010-04-24,51.0,51.0,51.0,0.0,0.0
2010-04-25,51.0,51.0,51.0,0.0,0.0
2010-04-26,51.0,51.0,51.0,0.0,0.0
2010-04-27,51.0,51.0,51.0,0.0,0.0
2010-04-28,51.0,51.0,51.0,0.0,0.0
2010-04-29,51.0,51.0,51.0,0.0,0.0
2010-04-30,51.0,51.0,51.0,0.0,0.0
2010-05-01,51.0,51.0,51.0,0.0,0.0
2010-05-02,51.0,51.0,51.0,0.0,0.0
2010-05-03,51.0,51.0,51.0,0.0,0.0
2010-05-04,51.0,51.0,51.0,0.0,0.0
2010-05-05,51.0,51.0,51.0,0.0,0.0
2010-05-06,51.0,51.0,51.0,0.0,0.0
2010-05-07,51.0,51.0,51.0,0.0,0.0
2010-05-08,51.0,51.0,51.0,0.0,0.0
2010-05-09,51.0,51.0,51.0,0.0,0.0
2010-05-10,51.0,51.0,51.0,0.0,0.0
2010-05-11,51.0,51.0,51.0,0.0,0.0
2010-05-12,51.0,51.0,51.0,0.0,0.0
2010-05-13,51.0,51.0,51.0,0.0,0.0
2010-05-14,51.0,51.0,51.0,0.0,0.0
2010-05-15,51.0,51.0,51.0,0.0,0.0
2010-05-16,51.0,51.0,51.0,0.0,0.0
2010-05-17,51.0,51.0,51.0,0.0,0.0
2010-05-18,51.0,51.0,51.0,0.0,0.0
2010-05-19,51.0,51.0,51.0,0.0,0.0
2010-05-20,51.0,51.0,51.0,0.0,0.0
2010-05-21,51.0,51.0,51.0,0.0,0.0
2010-05-22,51.0,51.0,51.0,0.0,0.0
2010-05-23,51.0,51.0,51.0,0.0,0.0
2010-05-24,51.0,51.0,51.0,0.0,0.0
2010-05-25,51.0,51.0,51.0,0.0,0.0
2010-05-26,51.0,51.0,51.0,0.0,0.0
2010-05-27,51.0,51.0,51.0,0.0,0.0
2010-05-28,51.0,51.0,51.0,0.0,0.0
2010-05-29,51.0,51.0,51.0,0.0,0.0
2010-05-30,51.0,51.0,51.0,0.0,0.0
2010-05-31,51.0,51.0,51.0,0.0,0.0
2010-06-01,51.0,51.0,51.0,0.0,0.0
2010-06-02,51.0,51.0,51.0,0.0,0.0
2010-06-03,51.0,51.0,51.0,0.0,0.0
2010-06-04,51.0,51.0,51.0,0.0,0.0
2010-06-05,51.0,51.0,51.0,0.0,0.0
2010-06-06,51.0,51.0,51.0,0.0,0.0
2010-06-07,51.0,51.0,51.0,0.0,0.0
2010-06-08,51.0,51.0,51.0,0.0,0.0
2010-06-09,51.0,51.0,51.0,0.0,0.0
2010-06-10,51.0,51.0,51.0,0.0,0.0
2010-06-11,51.0,51.0,51.0,0.0,0.0
2010-06-12,51.0,51.0,51.0,0.0,0.0
2010-06-13,51.0,51.0,51.0,0.0,0.0
2010-06-14,51.0,51.0,51.0,0.0,0.0
2010-06-15,51.0,51.0,51.0,0.0,0.0
2010-06-16,51.0,51.0,51.0,0.0,0.0
2010-06-17,51.0,51.0,51.0,0.0,0.0
2010-06-18,51.0,51.0,51.0,0.0,0.0
2010-06-19,51.0,51.0,51.0,0.0,0.0
2010-06-20,51.0,51.0,51.0,0.0,0.0
2010-06-21,51.0,51.0,51.0,0.0,0.0
2010-06-22,51.0,51.0,51.0,0.0,0.0
2010-06-23,51.0,51.0,51.0,0.0,0.0
2010-06-24,51.0,51.0,51.0,0.0,0.0
2010-06-25,51.0,51.0,51.0,0.0,0.0
2010-06-26,51.0,51.0,51.0,0.0,0.0
2010-06-27,51.0,51.0,51.0,0.0,0.0
2010-06-28,51.0,51.0,51.0,0.0,0.0
2010-06-29,51.0,51.0,51.0,0.0,0.0
2010-06-30,51.0,51.0,51.0,0.0,0.0
2010-07-01,51.0,51.0,51.0,0.0,0.0
2010-07-02,51.0,51.0,51.0,0.0,0.0
2010-07-03,51.0,51.0,51.0,0.0,0.0
2010-07-04,51.0,51.0,51.0,0.0,0.0
2010-07-05,51.0,51.0,51.0,0.0,0.0
2010-07-06,51.0,51.0,51.0,0.0,0.0
2010-07-07,51.0,51.0,51.0,0.0,0.0
2010-07-08,51.0,51.0,51.0,0.0,0.0
2010-07-09,51.0,51.0,51.0,0.0,0.0
2010-07-10,51.0,51.0,51.0,0.0,0.0
2010-07-11,51.0,51.0,51.0,0.0,0.0
2010-07-12,51.0,51.0,51.0,0.0,0.0
2010-07-13,51.0,51.0,51.0,0.0,0.0
2010-07-14,51.0,51.0,51.0,0.0,0.0
2010-07-15,51.0,51.0,51.0,0.0,0.0
2010-07-16,51.0,51.0,51.0,0.0,0.0
2010-07-17,51.0,51.0,51.0,0.0,0.0
2010-07-18,51.0,51.0,51.0,0.0,0.0
2010-07-19,51.0,51.0,51.0,0.0,0.0
2010-07-20,51.0,51.0,51.0,0.0,0.0
2010-07-21,51.0,51.0,51.0,0.0,0.0
2010-07-22,51.0,51.0,51.0,0.0,0.0
2010-07-23,51.0,51.0,51.0,0.0,0.0
2010-07-24,51.0,51.0,51.0,0.0,0.0
2010-07-25,51.0,51.0,51.0,0.0,0.0
2010-07-26,51.0,51.0,51.0,0.0,0.0
2010-07-27,51.0,51.0,51.0,0.0,0.0
2010-07-28,51.0,51.0,51.0,0.0,0.0
2010-07-29,51.0,51.0,51.0,0.0,0.0
2010-07-30,51.0,51.0,51.0,0.0,0.0
2010-07-31,51.0,51.0,51.0,0.0,0.0
2010-08-01,51.0,51.0,51.0,0.0,0.0
2010-08-02,51.0,51.0,51.0,0.0,0.0
2010-08-03,51.0,51.0,51.0,0.0,0.0
2010-08-04,51.0,51.0,51.0,0.0,0.0
2010-08-05,51.0,51.0,51.0,0.0,0.0
2010-08-06,51.0,51.0,51.0,0.0,0.0
2010-08-07,51.0,51.0,51.0,0.0,0.0
2010-08-08,51.0,51.0,51.0,0.0,0.0
2010-08-09,51.0,51.0,51.0,0.0,0.0
2010-08-10,51.0,51.0,51.0,0.0,0.0
2010-08-11,51.0,51.0,51.0,0.0,0.0
2010-08-12,51.0,51.0,51.0,0.0,0.0
2010-08-13,51.0,51.0,51.0,0.0,0.0
2010-08-14,51.0,51.0,51.0,0.0,0.0
2010-08-15,51.0,51.0,51.0,0.0,0.0
2010-08-16,51.0,51.0,51.0,0.0,0.0
2010-08-17,51.0,51.0,51.0,0.0,0.0
2010-08-18,51.0,51.0,51.0,0.0,0.0
2010-08-19,51.0,51.0,51.0,0.0,0.0
2010-08-20,51.0,51.0,51.0,0.0,0.0
2010-08-21,51.0,51.0,51.0,0.0,0.0
2010-08-22,51.0,51.0,51.0,0.0,0.0
2010-08-23,51.0,51.0,51.0,0.0,0.0
2010-08-24,51.0,51.0,51.0,0.0,0.0
2010-08-25,51.0,51.0,51.0,0.0,0.0
2010-08-26,51.0,51.0,51.0,0.0,0.0
2010-08-27,51.0,51.0,51.0,0.0,0.0
2010-08-28,51.0,51.0,51.0,0.0,0.0
2010-08-29,51.0,51.0,51.0,0.0,0.0
2010-08-30,51.0,51.0,51.0,0.0,0.0
2010-08-31,51.0,51.0,51.0,0.0,0.0
2010-09-01,51.0,51.0,51.0,0.0,0.0
2010-09-02,51.0,51.0,51.0,0.0,0.0
2010-09-03,51.0,51.0,51.0,0.0,0.0
2010-09-04,51.0,51.0,51.0,0.0,0.0
2010-09-05,51.0,51.0,51.0,0.0,0.0
2010-09-06,51.0,51.0,51.0,0.0,0.0
2010-09-07,51.0,51.0,51.0,0.0,0.0
2010-09-08,51.0,51.0,51.0,0.0,0.0
2010-09-09,51.0,51.0,51.0,0.0,0.0
2010-09-10,51.0,51.0,51.0,0.0,0.0
2010-09-11,51.0,51.0,51.0,0.0,0.0
2010-09-12,51.0,51.0,51.0,0.0,0.0
2010-09-13,51.0,51.0,51.0,0.0,0.0
2010-09-14,51.0,51.0,51.0,0.0,0.0
2010-09-15,51.0,51.0,51.0,0.0,0.0
2010-09-16,51.0,51.0,51.0,0.0,0.0
2010-09-17,51.0,51.0,51.0,0.0,0.0
2010-09-18,51.0,51.0,51.0,0.0,0.0
2010-09-19,51.0,51.0,51.0,0.0,0.0
2010-09-20,51.0,51.0,51.0,0.0,0.0
2010-09-21,51.0,51.0,51.0,0.0,0.0
2010-09-22,51.0,51.0,51.0,0.0,0.0
2010-09-23,51.0,51.0,51.0,0.0,0.0
2010-09-24,51.0,51.0,51.0,0.0,0.0
2010-09-25,51.0,51.0,51.0,0.0,0.0
2010-09-26,51.0,51.0,51.0,0.0,0.0
2010-09-27,51.0,51.0,51.0,0.0,0.0
2010-09-28,51.0,51.0,51.0,0.0,0.0
2010-09-29,51.0,51.0,51.0,0.0,0.0
2010-09-30,51.0,51.0,51.0,0.0,0.0
2010-10-01,51.0,51.0,51.0,0.0,0.0
2010-10-02,51.0,51.0,51.0,0.0,0.0
2010-10-03,51.0,51.0,51.0,0.0,0.0
2010-10-04,51.0,51.0,51.0,0.0,0.0
2010-10-05,51.0,51.0,51.0,0.0,0.0
2010-10-06,51.0,51.0,51.0,0.0,0.0
2010-10-07,51.0,51.0,51.0,0.0,0.0
2010-10-08,51.0,51.0,51.0,0.0,0.0
2010-10-09,51.0,51.0,51.0,0.0,0.0
2010-10-10,51.0,51.0,51.0,0.0,0.0
2010-10-11,51.0,51.0,51.0,0.0,0.0
2010-10-12,51.0,51.0,51.0,0.0,0.0
2010-10-13,51.0,51.0,51.0,0.0,0.0
2010-10-14,51.0,51.0,51.0,0.0,0.0
2010-10-15,51.0,51.0,51.0,0.0,0.0
2010-10-16,51.0,51.0,51.0,0.0,0.0
2010-10-17,51.0,51.0,51.0,0.0,0.0
2010-10-18,51.0,51.0,51.0,0.0,0.0
2010-10-19,51.0,51.0,51.0,0.0,0.0
2010-10-20,51.0,51.0,51.0,0.0,0.0
2010-10-21,51.0,51.0,51.0,0.0,0.0
2010-10-22,51.0,51.0,51.0,0.0,0.0
2010-10-23,51.0,51.0,51.0,0.0,0.0
2010-10-24,51.0,51.0,51.0,0.0,0.0
2010-10-25,51.0,51.0,51.0,0.0,0.0
2010-10-26,51.0,51.0,51.0,0.0,0.0
2010-10-27,51.0,51.0,51.0,0.0,0.0
2010-10-28,51.0,51.0,51.0,0.0,0.0
2010-10-29,51.0,51.0,51.0,0.0,0.0
2010-10-30,51.0,51.0,51.0,0.0,0.0
2010-10-31,51.0,51.0,51.0,0.0,0.0
2010-11-01,51.0,51.0,51.0,0.0,0.0
2010-11-02,51.0,51.0,51.0,0.0,0.0
2010-11-03,51.0,51.0,51.0,0.0,0.0
2010-11-04,51.0,51.0,51.0,0.0,0.0
2010-11-05,51.0,51.0,51.0,0.0,0.0
2010-11-06,51.0,51.0,51.0,0.0,0.0
2010-11-07,51.0,51.0,51.0,0.0,0.0
2010-11-08,51.0,51.0,51.0,0.0,0.0
2010-11-09,51.0,51.0,51.0,0.0,0.0
2010-11-10,51.0,51.0,51.0,0.0,0.0
2010-11-11,51.0,51.0,51.0,0.0,0.0
2010-11-12,51.0,51.0,51.0,0.0,0.0
2010-11-13,51.0,51.0,51.0,0.0,0.0
2010-11-14,51.0,51.0,51.0,0.0,0.0
2010-11-15,51.0,51.0,51.0,0.0,0.0
2010-11-16,51.0,51.0,51.0,0.0,0.0
2010-11-17,51.0,51.0,51.0,0.0,0.0
2010-11-18,51.0,51.0,51.0,0.0,0.0
2010-11-19,51.0,51.0,51.0,0.0,0.0
2010-11-20,51.0,51.0,51.0,0.0,0.0
2010-11-21,51.0,51.0,51.0,0.0,0.0
2010-11-22,51.0,51.0,51.0,0.0,0.0
2010-11-23,51.0,51.0,51.0,0.0,0.0
2010-11-24,51.0,51.0,51.0,0.0,0.0
2010-11-25,51.0,51.0,51.0,0.0,0.0
2010-11-26,51.0,51.0,51.0,0.0,0.0
2010-11-27,51.0,51.0,51.0,0.0,0.0
2010-11-28,51.0,51.0,51.0,0.0,0.0
2010-11-29,51.0,51.0,51.0,0.0,0.0
2010-11-30,51.0,51.0,51.0,0.0,0.0
2010-12-01,51.0,51.0,51.0,0.0,0.0
2010-12-02,51.0,51.0,51.0,0.0,0.0
2010-12-03,51.0,51.0,51.0,0.0,0.0
2010-12-04,51.0,51.0,51.0,0.0,0.0
2010-12-05,51.0,51.0,51.0,0.0,0.0
2010-12-06,51.0,51.0,51.0,0.0,0.0
2010-12-07,51.0,51.0,51.0,0.0,0.0
2010-12-08,51.0,51.0,51.0,0.0,0.0
2010-12-09,51.0,51.0,51.0,0.0,0.0
2010-12-10,51.0,51.0,51.0,0.0,0.0
2010-12-11,51.0,51.0,51.0,0.0,0.0
2010-12-12,51.0,51.0,51.0,0.0,0.0
2010-12-13,51.0,51.0,51.0,0.0,0.0
2010-12-14,51.0,51.0,51.0,0.0,0.0
2010-12-15,51.0,51.0,51.0,0.0,0.0
2010-12-16,51.0,51.0,51.0,0.0,0.0
2010-12-17,51.0,51.0,51.0,0.0,0.0
2010-12-18,51.0,51.0,51.0,0.0,0.0
2010-12-19,51.0,51.0,51.0,0.0,0.0
2010-12-20,51.0,51.0,51.0,0.0,0.0
2010-12-21,51.0,51.0,51.0,0.0,0.0
2010-12-22,51.0,51.0,51.0,0.0,0.0
2010-12-23,51.0,51.0,51.0,0.0,0.0
2010-12-24,51.0,51.0,51.0,0.0,0.0
2010-12-25,51.0,51.0,51.0,0.0,0.0
2010-12-26,51.0,51.0,51.0,0.0,0.0
2010-12-27,51.0,51.0,51.0,0.0,0.0
2010-12-28,51.0,51.0,51.0,0.0,0.0
2010-12-29,51.0,51.0,51.0,0.0,0.0
2010-12-30,51.0,51.0,51.0,0.0,0.0
2010-12-31,51.0,51.0,51.0,0.0,0.0
2011-01-01,51.0,51.0,51.0,0.0,0.0
2011-01-02,51.0,51.0,51.0,0.0,0.0
2011-01-03,51.0,51.0,51.0,0.0,0.0
2011-01-04,51.0,51.0,51.0,0.0,0.0
2011-01-05,51.0,51.0,51.0,0.0,0.0
2011-01-06,51.0,51.0,51.0,0.0,0.0
2011-01-07,51.0,51.0,51.0,0.0,0.0
2011-01-08,51.0,51.0,51.0,0.0,0.0
2011-01-09,51.0,51.0,51.0,0.0,0.0
2011-01-10,51.0,51.0,51.0,0.0,0.0
2011-01-11,51.0,51.0,51.0,0.0,0.0
2011-01-12,51.0,51.0,51.0,0.0,0.0
2011-01-13,51.0,51.0,51.0,0.0,0.0
2011-01-14,51.0,51.0,51.0,0.0,0.0
2011-01-15,51.0,51.0,51.0,0.0,0.0
2011-01-16,51.0,51.0,51.0,0.0,0.0
2011-01-17,51.0,51.0,51.0,0.0,0.0
2011-01-18,51.0,51.0,51.0,0.0,0.0
2011-01-19,51.0,51.0,51.0,0.0,0.0
2011-01-20,51.0,51.0,51.0,0.0,0.0
2011-01-21,51.0,51.0,51.0,0.0,0.0
2011-01-22,51.0,51.0,51.0,0.0,0.0
2011-01-23,51.0,51.0,51.0,0.0,0.0
2011-01-24,51.0,51.0,51.0,0.0,0.0
2011-01-25,51.0,51.0,51.0,0.0,0.0
2011-01-26,51.0,51.0,51.0,0.0,0.0
2011-01-27,51.0,51.0,51.0,0.0,0.0
2011-01-28,51.0,51.0,51.0,0.0,0.0
2011-01-29,51.0,51.0,51.0,0.0,0.0
2011-01-30,51.0,51.0,51.0,0.0,0.0
2011-01-31,51.0,51.0,51.0,0.0,0.0
2011-02-01,51.0,51.0,51.0,0.0,0.0
2011-02-02,51.0,51.0,51.0,0.0,0.0
2011-02-03,51.0,51.0,51.0,0.0,0.0
2011-02-04,51.0,51.0,51.0,0.0,0.0
2011-02-05,51.0,51.0,51.0,0.0,0.0
2011-02-06,51.0,51.0,51.0,0.0,0.0
2011-02-07,51.0,51.0,51.0,0.0,0.0
2011-02-08,51.0,51.0,51.0,0.0,0.0
2011-02-09,51.0,51.0,51.0,0.0,0.0
2011-02-10,51.0,51.0,51.0,0.0,0.0
2011-02-11,51.0,51.0,51.0,0.0,0.0
2011-02-12,51.0,51.0,51.0,0.0,0.0
2011-02-13,51.0,51.0,51.0,0.0,0.0
2011-02-14,51.0,51.0,51.0,0.0,0.0
2011-02-15,51.0,51.0,51.0,0.0,0.0
2011-02-16,51.0,51.0,51.0,0.0,0.0
2011-02-17,51.0,51.0,51.0,0.0,0.0
2011-02-18,51.0,51.0,51.0,0.0,0.0
2011-02-19,51.0,51.0,51.0,0.0,0.0
2011-02-20,51.0,51.0,51.0,0.0,0.0
2011-02-21,51.0,51.0,51.0,0.0,0.0
2011-02-22,51.0,51.0,51.0,0.0,0.0
2011-02-23,51.0,51.0,51.0,0.0,0.0
2011-02-24,51.0,51.0,51.0,0.0,0.0
2011-02-25,51.0,51.0,51.0,0.0,0.0
2011-02-26,51.0,51.0,51.0,0.0,0.0
2011-02-27,51.0,51.0,51.0,0.0,0.0
2011-02-28,51.0,51.0,51.0,0.0,0.0
2011-03-01,51.0,51.0,51.0,0.0,0.0
2011-03-02,51.0,51.0,51.0,0.0,0.0
2011-03-03,51.0,51.0,51.0,0.0,0.0
2011-03-04,51.0,51.0,51.0,0.0,0.0
2011-03-05,51.0,51.0,51.0,0.0,0.0
2011-03-06,51.0,51.0,51.0,0.0,0.0
2011-03-07,51.0,51.0,51.0,0.0,0.0
2011-03-08,51.0,51.0,51.0,0.0,0.0
2011-03-09,51.0,51.0,51.0,0.0,0.0
2011-03-10,51.0,51.0,51.0,0.0,0.0
2011-03-11,51.0,51.0,51.0,0.0,0.0
2011-03-12,51.0,51.0,51.0,0.0,0.0
2011-03-13,51.0,51.0,51.0,0.0,0.0
2011-03-14,51.0,51.0,51.0,0.0,0.0
2011-03-15,51.0,51.0,51.0,0.0,0.0
2011-03-16,51.0,51.0,51.0,0.0,0.0
2011-03-17,51.0,51.0,51.0,0.0,0.0
2011-03-18,51.0,51.0,51.0,0.0,0.0
2011-03-19,51.0,51.0,51.0,0.0,0.0
2011-03-20,51.0,51.0,51.0,0.0,0.0
2011-03-21,51.0,51.0,51.0,0.0,0.0
2011-03-22,51.0,51.0,51.0,0.0,0.0
2011-03-23,51.0,51.0,51.0,0.0,0.0
2011-03-24,51.0,51.0,51.0,0.0,0.0
2011-03-25,51.0,51.0,51.0,0.0,0.0
2011-03-26,51.0,51.0,51.0,0.0,0.0
2011-03-27,51.0,51.0,51.0,0.0,0.0
2011-03-28,51.0,51.0,51.0,0.0,0.0
2011-03-29,51.0,51.0,51.0,0.0,0.0
2011-03-30,51.0,51.0,51.0,0.0,0.0
2011-03-31,51.0,51.0,51.0,0.0,0.0
2011-04-01,61.0,51.0,51.0,10.0,19.6078431372549
2011-04-02,61.0,61.0,51.0,0.0,0.0
2011-04-03,61.0,61.0,61.0,0.0,0.0
2011-04-04,61.0,61.0,61.0,0.0,0.0
2011-04-05,61.0,61.0,61.0,0.0,0.0
2011-04-06,61.0,61.0,61.0,0.0,0.0
2011-04-07,61.0,61.0,61.0,0.0,0.0
2011-04-08,61.0,61.0,61.0,0.0,0.0
2011-04-09,61.0,61.0,61.0,0.0,0.0
2011-04-10,61.0,61.0,61.0,0.0,0.0
2011-04-11,61.0,61.0,61.0,0.0,0.0
2011-04-12,61.0,61.0,61.0,0.0,0.0
2011-04-13,61.0,61.0,61.0,0.0,0.0
2011-04-14,61.0,61.0,61.0,0.0,0.0
2011-04-15,61.0,61.0,61.0,0.0,0.0
2011-04-16,61.0,61.0,61.0,0.0,0.0
2011-04-17,61.0,61.0,61.0,0.0,0.0
2011-04-18,61.0,61.0,61.0,0.0,0.0
2011-04-19,61.0,61.0,61.0,0.0,0.0
2011-04-20,61.0,61.0,61.0,0.0,0.0
2011-04-21,61.0,61.0,61.0,0.0,0.0
2011-04-22,61.0,61.0,61.0,0.0,0.0
2011-04-23,61.0,61.0,61.0,0.0,0.0
2011-04-24,61.0,61.0,61.0,0.0,0.0
2011-04-25,61.0,61.0,61.0,0.0,0.0
2011-04-26,61.0,61.0,61.0,0.0,0.0
2011-04-27,61.0,61.0,61.0,0.0,0.0
2011-04-28,61.0,61.0,61.0,0.0,0.0
2011-04-29,61.0,61.0,61.0,0.0,0.0
2011-04-30,61.0,61.0,61.0,0.0,0.0
2011-05-01,61.0,61.0,61.0,0.0,0.0
2011-05-02,61.0,61.0,61.0,0.0,0.0
2011-05-03,61.0,61.0,61.0,0.0,0.0
2011-05-04,61.0,61.0,61.0,0.0,0.0
2011-05-05,61.0,61.0,61.0,0.0,0.0
2011-05-06,61.0,61.0,61.0,0.0,0.0
2011-05-07,61.0,61.0,61.0,0.0,0.0
2011-05-08,61.0,61.0,61.0,0.0,0.0
2011-05-09,61.0,61.0,61.0,0.0,0.0
2011-05-10,61.0,61.0,61.0,0.0,0.0
2011-05-11,61.0,61.0,61.0,0.0,0.0
2011-05-12,61.0,61.0,61.0,0.0,0.0
2011-05-13,61.0,61.0,61.0,0.0,0.0
2011-05-14,61.0,61.0,61.0,0.0,0.0
2011-05-15,61.0,61.0,61.0,0.0,0.0
2011-05-16,61.0,61.0,61.0,0.0,0.0
2011-05-17,61.0,61.0,61.0,0.0,0.0
2011-05-18,61.0,61.0,61.0,0.0,0.0
2011-05-19,61.0,61.0,61.0,0.0,0.0
2011-05-20,61.0,61.0,61.0,0.0,0.0
2011-05-21,61.0,61.0,61.0,0.0,0.0
2011-05-22,61.0,61.0,61.0,0.0,0.0
2011-05-23,61.0,61.0,61.0,0.0,0.0
2011-05-24,61.0,61.0,61.0,0.0,0.0
2011-05-25,61.0,61.0,61.0,0.0,0.0
2011-05-26,61.0,61.0,61.0,0.0,0.0
2011-05-27,61.0,61.0,61.0,0.0,0.0
2011-05-28,61.0,61.0,61.0,0.0,0.0
2011-05-29,61.0,61.0,61.0,0.0,0.0
2011-05-30,61.0,61.0,61.0,0.0,0.0
2011-05-31,61.0,61.0,61.0,0.0,0.0
2011-06-01,61.0,61.0,61.0,0.0,0.0
2011-06-02,61.0,61.0,61.0,0.0,0.0
2011-06-03,61.0,61.0,61.0,0.0,0.0
2011-06-04,61.0,61.0,61.0,0.0,0.0
2011-06-05,61.0,61.0,61.0,0.0,0.0
2011-06-06,61.0,61.0,61.0,0.0,0.0
2011-06-07,61.0,61.0,61.0,0.0,0.0
2011-06-08,61.0,61.0,61.0,0.0,0.0
2011-06-09,61.0,61.0,61.0,0.0,0.0
2011-06-10,61.0,61.0,61.0,0.0,0.0
2011-06-11,61.0,61.0,61.0,0.0,0.0
2011-06-12,61.0,61.0,61.0,0.0,0.0
2011-06-13,61.0,61.0,61.0,0.0,0.0
2011-06-14,61.0,61.0,61.0,0.0,0.0
2011-06-15,61.0,61.0,61.0,0.0,0.0
2011-06-16,61.0,61.0,61.0,0.0,0.0
2011-06-17,61.0,61.0,61.0,0.0,0.0
2011-06-18,61.0,61.0,61.0,0.0,0.0
2011-06-19,61.0,61.0,61.0,0.0,0.0
2011-06-20,61.0,61.0,61.0,0.0,0.0
2011-06-21,61.0,61.0,61.0,0.0,0.0
2011-06-22,61.0,61.0,61.0,0.0,0.0
2011-06-23,61.0,61.0,61.0,0.0,0.0
2011-06-24,61.0,61.0,61.0,0.0,0.0
2011-06-25,61.0,61.0,61.0,0.0,0.0
2011-06-26,61.0,61.0,61.0,0.0,0.0
2011-06-27,61.0,61.0,61.0,0.0,0.0
2011-06-28,61.0,61.0,61.0,0.0,0.0
2011-06-29,61.0,61.0,61.0,0.0,0.0
2011-06-30,61.0,61.0,61.0,0.0,0.0
2011-07-01,61.0,61.0,61.0,0.0,0.0
2011-07-02,61.0,61.0,61.0,0.0,0.0
2011-07-03,61.0,61.0,61.0,0.0,0.0
2011-07-04,61.0,61.0,61.0,0.0,0.0
2011-07-05,61.0,61.0,61.0,0.0,0.0
2011-07-06,61.0,61.0,61.0,0.0,0.0
2011-07-07,61.0,61.0,61.0,0.0,0.0
2011-07-08,61.0,61.0,61.0,0.0,0.0
2011-07-09,61.0,61.0,61.0,0.0,0.0
2011-07-10,61.0,61.0,61.0,0.0,0.0
2011-07-11,61.0,61.0,61.0,0.0,0.0
2011-07-12,61.0,61.0,61.0,0.0,0.0
2011-07-13,61.0,61.0,61.0,0.0,0.0
2011-07-14,61.0,61.0,61.0,0.0,0.0
2011-07-15,61.0,61.0,61.0,0.0,0.0
2011-07-16,61.0,61.0,61.0,0.0,0.0
2011-07-17,61.0,61.0,61.0,0.0,0.0
2011-07-18,61.0,61.0,61.0,0.0,0.0
2011-07-19,61.0,61.0,61.0,0.0,0.0
2011-07-20,61.0,61.0,61.0,0.0,0.0
2011-07-21,61.0,61.0,61.0,0.0,0.0
2011-07-22,61.0,61.0,61.0,0.0,0.0
2011-07-23,61.0,61.0,61.0,0.0,0.0
2011-07-24,61.0,61.0,61.0,0.0,0.0
2011-07-25,61.0,61.0,61.0,0.0,0.0
2011-07-26,61.0,61.0,61.0,0.0,0.0
2011-07-27,61.0,61.0,61.0,0.0,0.0
2011-07-28,61.0,61.0,61.0,0.0,0.0
2011-07-29,61.0,61.0,61.0,0.0,0.0
2011-07-30,61.0,61.0,61.0,0.0,0.0
2011-07-31,61.0,61.0,61.0,0.0,0.0
2011-08-01,61.0,61.0,61.0,0.0,0.0
2011-08-02,61.0,61.0,61.0,0.0,0.0
2011-08-03,61.0,61.0,61.0,0.0,0.0
2011-08-04,61.0,61.0,61.0,0.0,0.0
2011-08-05,61.0,61.0,61.0,0.0,0.0
2011-08-06,61.0,61.0,61.0,0.0,0.0
2011-08-07,61.0,61.0,61.0,0.0,0.0
2011-08-08,61.0,61.0,61.0,0.0,0.0
2011-08-09,61.0,61.0,61.0,0.0,0.0
2011-08-10,61.0,61.0,61.0,0.0,0.0
2011-08-11,61.0,61.0,61.0,0.0,0.0
2011-08-12,61.0,61.0,61.0,0.0,0.0
2011-08-13,61.0,61.0,61.0,0.0,0.0
2011-08-14,61.0,61.0,61.0,0.0,0.0
2011-08-15,61.0,61.0,61.0,0.0,0.0
2011-08-16,61.0,61.0,61.0,0.0,0.0
2011-08-17,61.0,61.0,61.0,0.0,0.0
2011-08-18,61.0,61.0,61.0,0.0,0.0
2011-08-19,61.0,61.0,61.0,0.0,0.0
2011-08-20,61.0,61.0,61.0,0.0,0.0
2011-08-21,61.0,61.0,61.0,0.0,0.0
2011-08-22,61.0,61.0,61.0,0.0,0.0
2011-08-23,61.0,61.0,61.0,0.0,0.0
2011-08-24,61.0,61.0,61.0,0.0,0.0
2011-08-25,61.0,61.0,61.0,0.0,0.0
2011-08-26,61.0,61.0,61.0,0.0,0.0
2011-08-27,61.0,61.0,61.0,0.0,0.0
2011-08-28,61.0,61.0,61.0,0.0,0.0
2011-08-29,61.0,61.0,61.0,0.0,0.0
2011-08-30,61.0,61.0,61.0,0.0,0.0
2011-08-31,61.0,61.0,61.0,0.0,0.0
2011-09-01,61.0,61.0,61.0,0.0,0.0
2011-09-02,61.0,61.0,61.0,0.0,0.0
2011-09-03,61.0,61.0,61.0,0.0,0.0
2011-09-04,61.0,61.0,61.0,0.0,0.0
2011-09-05,61.0,61.0,61.0,0.0,0.0
2011-09-06,61.0,61.0,61.0,0.0,0.0
2011-09-07,61.0,61.0,61.0,0.0,0.0
2011-09-08,61.0,61.0,61.0,0.0,0.0
2011-09-09,61.0,61.0,61.0,0.0,0.0
2011-09-10,61.0,61.0,61.0,0.0,0.0
2011-09-11,61.0,61.0,61.0,0.0,0.0
2011-09-12,61.0,61.0,61.0,0.0,0.0
2011-09-13,61.0,61.0,61.0,0.0,0.0
2011-09-14,61.0,61.0,61.0,0.0,0.0
2011-09-15,61.0,61.0,61.0,0.0,0.0
2011-09-16,61.0,61.0,61.0,0.0,0.0
2011-09-17,61.0,61.0,61.0,0.0,0.0
2011-09-18,61.0,61.0,61.0,0.0,0.0
2011-09-19,61.0,61.0,61.0,0.0,0.0
2011-09-20,61.0,61.0,61.0,0.0,0.0
2011-09-21,61.0,61.0,61.0,0.0,0.0
2011-09-22,61.0,61.0,61.0,0.0,0.0
2011-09-23,61.0,61.0,61.0,0.0,0.0
2011-09-24,61.0,61.0,61.0,0.0,0.0
2011-09-25,61.0,61.0,61.0,0.0,0.0
2011-09-26,61.0,61.0,61.0,0.0,0.0
2011-09-27,61.0,61.0,61.0,0.0,0.0
2011-09-28,61.0,61.0,61.0,0.0,0.0
2011-09-29,61.0,61.0,61.0,0.0,0.0
2011-09-30,61.0,61.0,61.0,0.0,0.0
2011-10-01,61.0,61.0,61.0,0.0,0.0
2011-10-02,61.0,61.0,61.0,0.0,0.0
2011-10-03,61.0,61.0,61.0,0.0,0.0
2011-10-04,61.0,61.0,61.0,0.0,0.0
2011-10-05,61.0,61.0,61.0,0.0,0.0
2011-10-06,61.0,61.0,61.0,0.0,0.0
2011-10-07,61.0,61.0,61.0,0.0,0.0
2011-10-08,61.0,61.0,61.0,0.0,0.0
2011-10-09,61.0,61.0,61.0,0.0,0.0
2011-10-10,61.0,61.0,61.0,0.0,0.0
2011-10-11,61.0,61.0,61.0,0.0,0.0
2011-10-12,61.0,61.0,61.0,0.0,0.0
2011-10-13,61.0,61.0,61.0,0.0,0.0
2011-10-14,61.0,61.0,61.0,0.0,0.0
2011-10-15,61.0,61.0,61.0,0.0,0.0
2011-10-16,61.0,61.0,61.0,0.0,0.0
2011-10-17,61.0,61.0,61.0,0.0,0.0
2011-10-18,61.0,61.0,61.0,0.0,0.0
2011-10-19,61.0,61.0,61.0,0.0,0.0
2011-10-20,61.0,61.0,61.0,0.0,0.0
2011-10-21,61.0,61.0,61.0,0.0,0.0
2011-10-22,61.0,61.0,61.0,0.0,0.0
2011-10-23,61.0,61.0,61.0,0.0,0.0
2011-10-24,61.0,61.0,61.0,0.0,0.0
2011-10-25,61.0,61.0,61.0,0.0,0.0
2011-10-26,61.0,61.0,61.0,0.0,0.0
2011-10-27,61.0,61.0,61.0,0.0,0.0
2011-10-28,61.0,61.0,61.0,0.0,0.0
2011-10-29,61.0,61.0,61.0,0.0,0.0
2011-10-30,61.0,61.0,61.0,0.0,0.0
2011-10-31,61.0,61.0,61.0,0.0,0.0
2011-11-01,61.0,61.0,61.0,0.0,0.0
2011-11-02,61.0,61.0,61.0,0.0,0.0
2011-11-03,61.0,61.0,61.0,0.0,0.0
2011-11-04,61.0,61.0,61.0,0.0,0.0
2011-11-05,61.0,61.0,61.0,0.0,0.0
2011-11-06,61.0,61.0,61.0,0.0,0.0
2011-11-07,61.0,61.0,61.0,0.0,0.0
2011-11-08,61.0,61.0,61.0,0.0,0.0
2011-11-09,61.0,61.0,61.0,0.0,0.0
2011-11-10,61.0,61.0,61.0,0.0,0.0
2011-11-11,61.0,61.0,61.0,0.0,0.0
2011-11-12,61.0,61.0,61.0,0.0,0.0
2011-11-13,61.0,61.0,61.0,0.0,0.0
2011-11-14,61.0,61.0,61.0,0.0,0.0
2011-11-15,61.0,61.0,61.0,0.0,0.0
2011-11-16,61.0,61.0,61.0,0.0,0.0
2011-11-17,61.0,61.0,61.0,0.0,0.0
2011-11-18,61.0,61.0,61.0,0.0,0.0
2011-11-19,61.0,61.0,61.0,0.0,0.0
2011-11-20,61.0,61.0,61.0,0.0,0.0
2011-11-21,61.0,61.0,61.0,0.0,0.0
2011-11-22,61.0,61.0,61.0,0.0,0.0
2011-11-23,61.0,61.0,61.0,0.0,0.0
2011-11-24,61.0,61.0,61.0,0.0,0.0
2011-11-25,61.0,61.0,61.0,0.0,0.0
2011-11-26,61.0,61.0,61.0,0.0,0.0
2011-11-27,61.0,61.0,61.0,0.0,0.0
2011-11-28,61.0,61.0,61.0,0.0,0.0
2011-11-29,61.0,61.0,61.0,0.0,0.0
2011-11-30,61.0,61.0,61.0,0.0,0.0
2011-12-01,61.0,61.0,61.0,0.0,0.0
2011-12-02,61.0,61.0,61.0,0.0,0.0
2011-12-03,61.0,61.0,61.0,0.0,0.0
2011-12-04,61.0,61.0,61.0,0.0,0.0
2011-12-05,61.0,61.0,61.0,0.0,0.0
2011-12-06,61.0,61.0,61.0,0.0,0.0
2011-12-07,61.0,61.0,61.0,0.0,0.0
2011-12-08,61.0,61.0,61.0,0.0,0.0
2011-12-09,61.0,61.0,61.0,0.0,0.0
2011-12-10,61.0,61.0,61.0,0.0,0.0
2011-12-11,61.0,61.0,61.0,0.0,0.0
2011-12-12,61.0,61.0,61.0,0.0,0.0
2011-12-13,61.0,61.0,61.0,0.0,0.0
2011-12-14,61.0,61.0,61.0,0.0,0.0
2011-12-15,61.0,61.0,61.0,0.0,0.0
2011-12-16,61.0,61.0,61.0,0.0,0.0
2011-12-17,61.0,61.0,61.0,0.0,0.0
2011-12-18,61.0,61.0,61.0,0.0,0.0
2011-12-19,61.0,61.0,61.0,0.0,0.0
2011-12-20,61.0,61.0,61.0,0.0,0.0
2011-12-21,61.0,61.0,61.0,0.0,0.0
2011-12-22,61.0,61.0,61.0,0.0,0.0
2011-12-23,61.0,61.0,61.0,0.0,0.0
2011-12-24,61.0,61.0,61.0,0.0,0.0
2011-12-25,61.0,61.0,61.0,0.0,0.0
2011-12-26,61.0,61.0,61.0,0.0,0.0
2011-12-27,61.0,61.0,61.0,0.0,0.0
2011-12-28,61.0,61.0,61.0,0.0,0.0
2011-12-29,61.0,61.0,61.0,0.0,0.0
2011-12-30,61.0,61.0,61.0,0.0,0.0
2011-12-31,61.0,61.0,61.0,0.0,0.0
2012-01-01,61.0,61.0,61.0,0.0,0.0
2012-01-02,61.0,61.0,61.0,0.0,0.0
2012-01-03,61.0,61.0,61.0,0.0,0.0
2012-01-04,61.0,61.0,61.0,0.0,0.0
2012-01-05,61.0,61.0,61.0,0.0,0.0
2012-01-06,61.0,61.0,61.0,0.0,0.0
2012-01-07,61.0,61.0,61.0,0.0,0.0
2012-01-08,61.0,61.0,61.0,0.0,0.0
2012-01-09,61.0,61.0,61.0,0.0,0.0
2012-01-10,61.0,61.0,61.0,0.0,0.0
2012-01-11,61.0,61.0,61.0,0.0,0.0
2012-01-12,61.0,61.0,61.0,0.0,0.0
2012-01-13,61.0,61.0,61.0,0.0,0.0
2012-01-14,61.0,61.0,61.0,0.0,0.0
2012-01-15,61.0,61.0,61.0,0.0,0.0
2012-01-16,61.0,61.0,61.0,0.0,0.0
2012-01-17,61.0,61.0,61.0,0.0,0.0
2012-01-18,61.0,61.0,61.0,0.0,0.0
2012-01-19,61.0,61.0,61.0,0.0,0.0
2012-01-20,61.0,61.0,61.0,0.0,0.0
2012-01-21,61.0,61.0,61.0,0.0,0.0
2012-01-22,61.0,61.0,61.0,0.0,0.0
2012-01-23,61.0,61.0,61.0,0.0,0.0
2012-01-24,61.0,61.0,61.0,0.0,0.0
2012-01-25,61.0,61.0,61.0,0.0,0.0
2012-01-26,61.0,61.0,61.0,0.0,0.0
2012-01-27,61.0,61.0,61.0,0.0,0.0
2012-01-28,61.0,61.0,61.0,0.0,0.0
2012-01-29,61.0,61.0,61.0,0.0,0.0
2012-01-30,61.0,61.0,61.0,0.0,0.0
2012-01-31,61.0,61.0,61.0,0.0,0.0
2012-02-01,61.0,61.0,61.0,0.0,0.0
2012-02-02,61.0,61.0,61.0,0.0,0.0
2012-02-03,61.0,61.0,61.0,0.0,0.0
2012-02-04,61.0,61.0,61.0,0.0,0.0
2012-02-05,61.0,61.0,61.0,0.0,0.0
2012-02-06,61.0,61.0,61.0,0.0,0.0
2012-02-07,61.0,61.0,61.0,0.0,0.0
2012-02-08,61.0,61.0,61.0,0.0,0.0
2012-02-09,61.0,61.0,61.0,0.0,0.0
2012-02-10,61.0,61.0,61.0,0.0,0.0
2012-02-11,61.0,61.0,61.0,0.0,0.0
2012-02-12,106.0,61.0,61.0,45.0,73.77049180327869
2012-02-13,106.0,106.0,61.0,0.0,0.0
2012-02-14,106.0,106.0,106.0,0.0,0.0
2012-02-15,106.0,106.0,106.0,0.0,0.0
2012-02-16,106.0,106.0,106.0,0.0,0.0
2012-02-17,106.0,106.0,106.0,0.0,0.0
2012-02-18,106.0,106.0,106.0,0.0,0.0
2012-02-19,106.0,106.0,106.0,0.0,0.0
2012-02-20,106.0,106.0,106.0,0.0,0.0
2012-02-21,106.0,106.0,106.0,0.0,0.0
2012-02-22,106.0,106.0,106.0,0.0,0.0
2012-02-23,106.0,106.0,106.0,0.0,0.0
2012-02-24,106.0,106.0,106.0,0.0,0.0
2012-02-25,106.0,106.0,106.0,0.0,0.0
2012-02-26,106.0,106.0,106.0,0.0,0.0
2012-02-27,106.0,106.0,106.0,0.0,0.0
2012-02-28,106.0,106.0,106.0,0.0,0.0
2012-02-29,106.0,106.0,106.0,0.0,0.0
2012-03-01,106.0,106.0,106.0,0.0,0.0
2012-03-02,106.0,106.0,106.0,0.0,0.0
2012-03-03,106.0,106.0,106.0,0.0,0.0
2012-03-04,106.0,106.0,106.0,0.0,0.0
2012-03-05,106.0,106.0,106.0,0.0,0.0
2012-03-06,106.0,106.0,106.0,0.0,0.0
2012-03-07,106.0,106.0,106.0,0.0,0.0
2012-03-08,106.0,106.0,106.0,0.0,0.0
2012-03-09,106.0,106.0,106.0,0.0,0.0
2012-03-10,106.0,106.0,106.0,0.0,0.0
2012-03-11,106.0,106.0,106.0,0.0,0.0
2012-03-12,106.0,106.0,106.0,0.0,0.0
2012-03-13,106.0,106.0,106.0,0.0,0.0
2012-03-14,106.0,106.0,106.0,0.0,0.0
2012-03-15,106.0,106.0,106.0,0.0,0.0
2012-03-16,106.0,106.0,106.0,0.0,0.0
2012-03-17,106.0,106.0,106.0,0.0,0.0
2012-03-18,106.0,106.0,106.0,0.0,0.0
2012-03-19,106.0,106.0,106.0,0.0,0.0
2012-03-20,106.0,106.0,106.0,0.0,0.0
2012-03-21,106.0,106.0,106.0,0.0,0.0
2012-03-22,106.0,106.0,106.0,0.0,0.0
2012-03-23,106.0,106.0,106.0,0.0,0.0
2012-03-24,106.0,106.0,106.0,0.0,0.0
2012-03-25,106.0,106.0,106.0,0.0,0.0
2012-03-26,106.0,106.0,106.0,0.0,0.0
2012-03-27,106.0,106.0,106.0,0.0,0.0
2012-03-28,106.0,106.0,106.0,0.0,0.0
2012-03-29,106.0,106.0,106.0,0.0,0.0
2012-03-30,106.0,106.0,106.0,0.0,0.0
2012-03-31,106.0,106.0,106.0,0.0,0.0
2012-04-01,106.0,106.0,106.0,0.0,0.0
2012-04-02,106.0,106.0,106.0,0.0,0.0
2012-04-03,106.0,106.0,106.0,0.0,0.0
2012-04-04,106.0,106.0,106.0,0.0,0.0
2012-04-05,106.0,106.0,106.0,0.0,0.0
2012-04-06,106.0,106.0,106.0,0.0,0.0
2012-04-07,106.0,106.0,106.0,0.0,0.0
2012-04-08,106.0,106.0,106.0,0.0,0.0
2012-04-09,106.0,106.0,106.0,0.0,0.0
2012-04-10,106.0,106.0,106.0,0.0,0.0
2012-04-11,106.0,106.0,106.0,0.0,0.0
2012-04-12,106.0,106.0,106.0,0.0,0.0
2012-04-13,106.0,106.0,106.0,0.0,0.0
2012-04-14,106.0,106.0,106.0,0.0,0.0
2012-04-15,106.0,106.0,106.0,0.0,0.0
2012-04-16,106.0,106.0,106.0,0.0,0.0
2012-04-17,106.0,106.0,106.0,0.0,0.0
2012-04-18,106.0,106.0,106.0,0.0,0.0
2012-04-19,106.0,106.0,106.0,0.0,0.0
2012-04-20,106.0,106.0,106.0,0.0,0.0
2012-04-21,106.0,106.0,106.0,0.0,0.0
2012-04-22,106.0,106.0,106.0,0.0,0.0
2012-04-23,106.0,106.0,106.0,0.0,0.0
2012-04-24,106.0,106.0,106.0,0.0,0.0
2012-04-25,106.0,106.0,106.0,0.0,0.0
2012-04-26,106.0,106.0,106.0,0.0,0.0
2012-04-27,106.0,106.0,106.0,0.0,0.0
2012-04-28,106.0,106.0,106.0,0.0,0.0
2012-04-29,106.0,106.0,106.0,0.0,0.0
2012-04-30,106.0,106.0,106.0,0.0,0.0
2012-05-01,106.0,106.0,106.0,0.0,0.0
2012-05-02,106.0,106.0,106.0,0.0,0.0
2012-05-03,106.0,106.0,106.0,0.0,0.0
2012-05-04,106.0,106.0,106.0,0.0,0.0
2012-05-05,106.0,106.0,106.0,0.0,0.0
2012-05-06,106.0,106.0,106.0,0.0,0.0
2012-05-07,106.0,106.0,106.0,0.0,0.0
2012-05-08,106.0,106.0,106.0,0.0,0.0
2012-05-09,106.0,106.0,106.0,0.0,0.0
2012-05-10,106.0,106.0,106.0,0.0,0.0
2012-05-11,106.0,106.0,106.0,0.0,0.0
2012-05-12,106.0,106.0,106.0,0.0,0.0
2012-05-13,106.0,106.0,106.0,0.0,0.0
2012-05-14,106.0,106.0,106.0,0.0,0.0
2012-05-15,106.0,106.0,106.0,0.0,0.0
2012-05-16,106.0,106.0,106.0,0.0,0.0
2012-05-17,106.0,106.0,106.0,0.0,0.0
2012-05-18,106.0,106.0,106.0,0.0,0.0
2012-05-19,106.0,106.0,106.0,0.0,0.0
2012-05-20,106.0,106.0,106.0,0.0,0.0
2012-05-21,106.0,106.0,106.0,0.0,0.0
2012-05-22,106.0,106.0,106.0,0.0,0.0
2012-05-23,106.0,106.0,106.0,0.0,0.0
2012-05-24,106.0,106.0,106.0,0.0,0.0
2012-05-25,106.0,106.0,106.0,0.0,0.0
2012-05-26,106.0,106.0,106.0,0.0,0.0
2012-05-27,106.0,106.0,106.0,0.0,0.0
2012-05-28,106.0,106.0,106.0,0.0,0.0
2012-05-29,106.0,106.0,106.0,0.0,0.0
2012-05-30,106.0,106.0,106.0,0.0,0.0
2012-05-31,106.0,106.0,106.0,0.0,0.0
2012-06-01,106.0,106.0,106.0,0.0,0.0
2012-06-02,106.0,106.0,106.0,0.0,0.0
2012-06-03,106.0,106.0,106.0,0.0,0.0
2012-06-04,106.0,106.0,106.0,0.0,0.0
2012-06-05,106.0,106.0,106.0,0.0,0.0
2012-06-06,106.0,106.0,106.0,0.0,0.0
2012-06-07,106.0,106.0,106.0,0.0,0.0
2012-06-08,106.0,106.0,106.0,0.0,0.0
2012-06-09,106.0,106.0,106.0,0.0,0.0
2012-06-10,106.0,106.0,106.0,0.0,0.0
2012-06-11,106.0,106.0,106.0,0.0,0.0
2012-06-12,106.0,106.0,106.0,0.0,0.0
2012-06-13,106.0,106.0,106.0,0.0,0.0
2012-06-14,106.0,106.0,106.0,0.0,0.0
2012-06-15,106.0,106.0,106.0,0.0,0.0
2012-06-16,106.0,106.0,106.0,0.0,0.0
2012-06-17,106.0,106.0,106.0,0.0,0.0
2012-06-18,106.0,106.0,106.0,0.0,0.0
2012-06-19,106.0,106.0,106.0,0.0,0.0
2012-06-20,106.0,106.0,106.0,0.0,0.0
2012-06-21,106.0,106.0,106.0,0.0,0.0
2012-06-22,106.0,106.0,106.0,0.0,0.0
2012-06-23,106.0,106.0,106.0,0.0,0.0
2012-06-24,106.0,106.0,106.0,0.0,0.0
2012-06-25,106.0,106.0,106.0,0.0,0.0
2012-06-26,106.0,106.0,106.0,0.0,0.0
2012-06-27,106.0,106.0,106.0,0.0,0.0
2012-06-28,106.0,106.0,106.0,0.0,0.0
2012-06-29,106.0,106.0,106.0,0.0,0.0
2012-06-30,106.0,106.0,106.0,0.0,0.0
2012-07-01,106.0,106.0,106.0,0.0,0.0
2012-07-02,106.0,106.0,106.0,0.0,0.0
2012-07-03,106.0,106.0,106.0,0.0,0.0
2012-07-04,106.0,106.0,106.0,0.0,0.0
2012-07-05,106.0,106.0,106.0,0.0,0.0
2012-07-06,106.0,106.0,106.0,0.0,0.0
2012-07-07,106.0,106.0,106.0,0.0,0.0
2012-07-08,106.0,106.0,106.0,0.0,0.0
2012-07-09,106.0,106.0,106.0,0.0,0.0
2012-07-10,106.0,106.0,106.0,0.0,0.0
2012-07-11,106.0,106.0,106.0,0.0,0.0
2012-07-12,106.0,106.0,106.0,0.0,0.0
2012-07-13,106.0,106.0,106.0,0.0,0.0
2012-07-14,106.0,106.0,106.0,0.0,0.0
2012-07-15,106.0,106.0,106.0,0.0,0.0
2012-07-16,106.0,106.0,106.0,0.0,0.0
2012-07-17,106.0,106.0,106.0,0.0,0.0
2012-07-18,106.0,106.0,106.0,0.0,0.0
2012-07-19,106.0,106.0,106.0,0.0,0.0
2012-07-20,106.0,106.0,106.0,0.0,0.0
2012-07-21,106.0,106.0,106.0,0.0,0.0
2012-07-22,106.0,106.0,106.0,0.0,0.0
2012-07-23,106.0,106.0,106.0,0.0,0.0
2012-07-24,106.0,106.0,106.0,0.0,0.0
2012-07-25,106.0,106.0,106.0,0.0,0.0
2012-07-26,106.0,106.0,106.0,0.0,0.0
2012-07-27,106.0,106.0,106.0,0.0,0.0
2012-07-28,106.0,106.0,106.0,0.0,0.0
2012-07-29,106.0,106.0,106.0,0.0,0.0
2012-07-30,106.0,106.0,106.0,0.0,0.0
2012-07-31,106.0,106.0,106.0,0.0,0.0
2012-08-01,106.0,106.0,106.0,0.0,0.0
2012-08-02,106.0,106.0,106.0,0.0,0.0
2012-08-03,106.0,106.0,106.0,0.0,0.0
2012-08-04,106.0,106.0,106.0,0.0,0.0
2012-08-05,106.0,106.0,106.0,0.0,0.0
2012-08-06,106.0,106.0,106.0,0.0,0.0
2012-08-07,106.0,106.0,106.0,0.0,0.0
2012-08-08,106.0,106.0,106.0,0.0,0.0
2012-08-09,106.0,106.0,106.0,0.0,0.0
2012-08-10,106.0,106.0,106.0,0.0,0.0
2012-08-11,106.0,106.0,106.0,0.0,0.0
2012-08-12,106.0,106.0,106.0,0.0,0.0
2012-08-13,106.0,106.0,106.0,0.0,0.0
2012-08-14,106.0,106.0,106.0,0.0,0.0
2012-08-15,106.0,106.0,106.0,0.0,0.0
2012-08-16,106.0,106.0,106.0,0.0,0.0
2012-08-17,106.0,106.0,106.0,0.0,0.0
2012-08-18,106.0,106.0,106.0,0.0,0.0
2012-08-19,106.0,106.0,106.0,0.0,0.0
2012-08-20,106.0,106.0,106.0,0.0,0.0
2012-08-21,106.0,106.0,106.0,0.0,0.0
2012-08-22,106.0,106.0,106.0,0.0,0.0
2012-08-23,106.0,106.0,106.0,0.0,0.0
2012-08-24,106.0,106.0,106.0,0.0,0.0
2012-08-25,106.0,106.0,106.0,0.0,0.0
2012-08-26,106.0,106.0,106.0,0.0,0.0
2012-08-27,106.0,106.0,106.0,0.0,0.0
2012-08-28,106.0,106.0,106.0,0.0,0.0
2012-08-29,106.0,106.0,106.0,0.0,0.0
2012-08-30,106.0,106.0,106.0,0.0,0.0
2012-08-31,106.0,106.0,106.0,0.0,0.0
2012-09-01,106.0,106.0,106.0,0.0,0.0
2012-09-02,106.0,106.0,106.0,0.0,0.0
2012-09-03,106.0,106.0,106.0,0.0,0.0
2012-09-04,106.0,106.0,106.0,0.0,0.0
2012-09-05,106.0,106.0,106.0,0.0,0.0
2012-09-06,106.0,106.0,106.0,0.0,0.0
2012-09-07,106.0,106.0,106.0,0.0,0.0
2012-09-08,106.0,106.0,106.0,0.0,0.0
2012-09-09,106.0,106.0,106.0,0.0,0.0
2012-09-10,106.0,106.0,106.0,0.0,0.0
2012-09-11,106.0,106.0,106.0,0.0,0.0
2012-09-12,106.0,106.0,106.0,0.0,0.0
2012-09-13,106.0,106.0,106.0,0.0,0.0
2012-09-14,106.0,106.0,106.0,0.0,0.0
2012-09-15,106.0,106.0,106.0,0.0,0.0
2012-09-16,106.0,106.0,106.0,0.0,0.0
2012-09-17,106.0,106.0,106.0,0.0,0.0
2012-09-18,106.0,106.0,106.0,0.0,0.0
2012-09-19,106.0,106.0,106.0,0.0,0.0
2012-09-20,106.0,106.0,106.0,0.0,0.0
2012-09-21,106.0,106.0,106.0,0.0,0.0
2012-09-22,106.0,106.0,106.0,0.0,0.0
2012-09-23,106.0,106.0,106.0,0.0,0.0
2012-09-24,106.0,106.0,106.0,0.0,0.0
2012-09-25,106.0,106.0,106.0,0.0,0.0
2012-09-26,106.0,106.0,106.0,0.0,0.0
2012-09-27,106.0,106.0,106.0,0.0,0.0
2012-09-28,106.0,106.0,106.0,0.0,0.0
2012-09-29,106.0,106.0,106.0,0.0,0.0
2012-09-30,106.0,106.0,106.0,0.0,0.0
2012-10-01,106.0,106.0,106.0,0.0,0.0
2012-10-02,106.0,106.0,106.0,0.0,0.0
2012-10-03,106.0,106.0,106.0,0.0,0.0
2012-10-04,106.0,106.0,106.0,0.0,0.0
2012-10-05,106.0,106.0,106.0,0.0,0.0
2012-10-06,106.0,106.0,106.0,0.0,0.0
2012-10-07,106.0,106.0,106.0,0.0,0.0
2012-10-08,106.0,106.0,106.0,0.0,0.0
2012-10-09,106.0,106.0,106.0,0.0,0.0
2012-10-10,106.0,106.0,106.0,0.0,0.0
2012-10-11,106.0,106.0,106.0,0.0,0.0
2012-10-12,106.0,106.0,106.0,0.0,0.0
2012-10-13,106.0,106.0,106.0,0.0,0.0
2012-10-14,106.0,106.0,106.0,0.0,0.0
2012-10-15,106.0,106.0,106.0,0.0,0.0
2012-10-16,106.0,106.0,106.0,0.0,0.0
2012-10-17,106.0,106.0,106.0,0.0,0.0
2012-10-18,106.0,106.0,106.0,0.0,0.0
2012-10-19,106.0,106.0,106.0,0.0,0.0
2012-10-20,106.0,106.0,106.0,0.0,0.0
2012-10-21,106.0,106.0,106.0,0.0,0.0
2012-10-22,106.0,106.0,106.0,0.0,0.0
2012-10-23,106.0,106.0,106.0,0.0,0.0
2012-10-24,106.0,106.0,106.0,0.0,0.0
2012-10-25,106.0,106.0,106.0,0.0,0.0
2012-10-26,106.0,106.0,106.0,0.0,0.0
2012-10-27,106.0,106.0,106.0,0.0,0.0
2012-10-28,106.0,106.0,106.0,0.0,0.0
2012-10-29,106.0,106.0,106.0,0.0,0.0
2012-10-30,106.0,106.0,106.0,0.0,0.0
2012-10-31,106.0,106.0,106.0,0.0,0.0
2012-11-01,106.0,106.0,106.0,0.0,0.0
2012-11-02,106.0,106.0,106.0,0.0,0.0
2012-11-03,106.0,106.0,106.0,0.0,0.0
2012-11-04,106.0,106.0,106.0,0.0,0.0
2012-11-05,106.0,106.0,106.0,0.0,0.0
2012-11-06,106.0,106.0,106.0,0.0,0.0
2012-11-07,106.0,106.0,106.0,0.0,0.0
2012-11-08,106.0,106.0,106.0,0.0,0.0
2012-11-09,106.0,106.0,106.0,0.0,0.0
2012-11-10,106.0,106.0,106.0,0.0,0.0
2012-11-11,106.0,106.0,106.0,0.0,0.0
2012-11-12,106.0,106.0,106.0,0.0,0.0
2012-11-13,106.0,106.0,106.0,0.0,0.0
2012-11-14,106.0,106.0,106.0,0.0,0.0
2012-11-15,106.0,106.0,106.0,0.0,0.0
2012-11-16,106.0,106.0,106.0,0.0,0.0
2012-11-17,106.0,106.0,106.0,0.0,0.0
2012-11-18,106.0,106.0,106.0,0.0,0.0
2012-11-19,106.0,106.0,106.0,0.0,0.0
2012-11-20,106.0,106.0,106.0,0.0,0.0
2012-11-21,106.0,106.0,106.0,0.0,0.0
2012-11-22,106.0,106.0,106.0,0.0,0.0
2012-11-23,106.0,106.0,106.0,0.0,0.0
2012-11-24,106.0,106.0,106.0,0.0,0.0
2012-11-25,106.0,106.0,106.0,0.0,0.0
2012-11-26,106.0,106.0,106.0,0.0,0.0
2012-11-27,106.0,106.0,106.0,0.0,0.0
2012-11-28,106.0,106.0,106.0,0.0,0.0
2012-11-29,106.0,106.0,106.0,0.0,0.0
2012-11-30,106.0,106.0,106.0,0.0,0.0
2012-12-01,106.0,106.0,106.0,0.0,0.0
2012-12-02,106.0,106.0,106.0,0.0,0.0
2012-12-03,106.0,106.0,106.0,0.0,0.0
2012-12-04,106.0,106.0,106.0,0.0,0.0
2012-12-05,106.0,106.0,106.0,0.0,0.0
2012-12-06,106.0,106.0,106.0,0.0,0.0
2012-12-07,106.0,106.0,106.0,0.0,0.0
2012-12-08,106.0,106.0,106.0,0.0,0.0
2012-12-09,106.0,106.0,106.0,0.0,0.0
2012-12-10,106.0,106.0,106.0,0.0,0.0
2012-12-11,106.0,106.0,106.0,0.0,0.0
2012-12-12,106.0,106.0,106.0,0.0,0.0
2012-12-13,106.0,106.0,106.0,0.0,0.0
2012-12-14,106.0,106.0,106.0,0.0,0.0
2012-12-15,106.0,106.0,106.0,0.0,0.0
2012-12-16,106.0,106.0,106.0,0.0,0.0
2012-12-17,106.0,106.0,106.0,0.0,0.0
2012-12-18,106.0,106.0,106.0,0.0,0.0
2012-12-19,106.0,106.0,106.0,0.0,0.0
2012-12-20,106.0,106.0,106.0,0.0,0.0
2012-12-21,106.0,106.0,106.0,0.0,0.0
2012-12-22,106.0,106.0,106.0,0.0,0.0
2012-12-23,106.0,106.0,106.0,0.0,0.0
2012-12-24,106.0,106.0,106.0,0.0,0.0
2012-12-25,106.0,106.0,106.0,0.0,0.0
2012-12-26,106.0,106.0,106.0,0.0,0.0
2012-12-27,106.0,106.0,106.0,0.0,0.0
2012-12-28,106.0,106.0,106.0,0.0,0.0
2012-12-29,106.0,106.0,106.0,0.0,0.0
2012-12-30,106.0,106.0,106.0,0.0,0.0
2012-12-31,106.0,106.0,106.0,0.0,0.0
2013-01-01,106.0,106.0,106.0,0.0,0.0
2013-01-02,106.0,106.0,106.0,0.0,0.0
2013-01-03,106.0,106.0,106.0,0.0,0.0
2013-01-04,106.0,106.0,106.0,0.0,0.0
2013-01-05,106.0,106.0,106.0,0.0,0.0
2013-01-06,106.0,106.0,106.0,0.0,0.0
2013-01-07,106.0,106.0,106.0,0.0,0.0
2013-01-08,106.0,106.0,106.0,0.0,0.0
2013-01-09,106.0,106.0,106.0,0.0,0.0
2013-01-10,106.0,106.0,106.0,0.0,0.0
2013-01-11,106.0,106.0,106.0,0.0,0.0
2013-01-12,106.0,106.0,106.0,0.0,0.0
2013-01-13,106.0,106.0,106.0,0.0,0.0
2013-01-14,106.0,106.0,106.0,0.0,0.0
2013-01-15,106.0,106.0,106.0,0.0,0.0
2013-01-16,106.0,106.0,106.0,0.0,0.0
2013-01-17,106.0,106.0,106.0,0.0,0.0
2013-01-18,106.0,106.0,106.0,0.0,0.0
2013-01-19,106.0,106.0,106.0,0.0,0.0
2013-01-20,106.0,106.0,106.0,0.0,0.0
2013-01-21,106.0,106.0,106.0,0.0,0.0
2013-01-22,106.0,106.0,106.0,0.0,0.0
2013-01-23,106.0,106.0,106.0,0.0,0.0
2013-01-24,106.0,106.0,106.0,0.0,0.0
2013-01-25,106.0,106.0,106.0,0.0,0.0
2013-01-26,106.0,106.0,106.0,0.0,0.0
2013-01-27,106.0,106.0,106.0,0.0,0.0
2013-01-28,106.0,106.0,106.0,0.0,0.0
2013-01-29,106.0,106.0,106.0,0.0,0.0
2013-01-30,106.0,106.0,106.0,0.0,0.0
2013-01-31,106.0,106.0,106.0,0.0,0.0
2013-02-01,106.0,106.0,106.0,0.0,0.0
2013-02-02,106.0,106.0,106.0,0.0,0.0
2013-02-03,106.0,106.0,106.0,0.0,0.0
2013-02-04,106.0,106.0,106.0,0.0,0.0
2013-02-05,106.0,106.0,106.0,0.0,0.0
2013-02-06,106.0,106.0,106.0,0.0,0.0
2013-02-07,106.0,106.0,106.0,0.0,0.0
2013-02-08,106.0,106.0,106.0,0.0,0.0
2013-02-09,106.0,106.0,106.0,0.0,0.0
2013-02-10,106.0,106.0,106.0,0.0,0.0
2013-02-11,106.0,106.0,106.0,0.0,0.0
2013-02-12,106.0,106.0,106.0,0.0,0.0
2013-02-13,106.0,106.0,106.0,0.0,0.0
2013-02-14,106.0,106.0,106.0,0.0,0.0
2013-02-15,106.0,106.0,106.0,0.0,0.0
2013-02-16,106.0,106.0,106.0,0.0,0.0
2013-02-17,106.0,106.0,106.0,0.0,0.0
2013-02-18,106.0,106.0,106.0,0.0,0.0
2013-02-19,106.0,106.0,106.0,0.0,0.0
2013-02-20,106.0,106.0,106.0,0.0,0.0
2013-02-21,106.0,106.0,106.0,0.0,0.0
2013-02-22,106.0,106.0,106.0,0.0,0.0
2013-02-23,106.0,106.0,106.0,0.0,0.0
2013-02-24,106.0,106.0,106.0,0.0,0.0
2013-02-25,106.0,106.0,106.0,0.0,0.0
2013-02-26,106.0,106.0,106.0,0.0,0.0
2013-02-27,106.0,106.0,106.0,0.0,0.0
2013-02-28,106.0,106.0,106.0,0.0,0.0
2013-03-01,106.0,106.0,106.0,0.0,0.0
2013-03-02,106.0,106.0,106.0,0.0,0.0
2013-03-03,106.0,106.0,106.0,0.0,0.0
2013-03-04,106.0,106.0,106.0,0.0,0.0
2013-03-05,106.0,106.0,106.0,0.0,0.0
2013-03-06,106.0,106.0,106.0,0.0,0.0
2013-03-07,106.0,106.0,106.0,0.0,0.0
2013-03-08,106.0,106.0,106.0,0.0,0.0
2013-03-09,106.0,106.0,106.0,0.0,0.0
2013-03-10,106.0,106.0,106.0,0.0,0.0
2013-03-11,106.0,106.0,106.0,0.0,0.0
2013-03-12,106.0,106.0,106.0,0.0,0.0
2013-03-13,106.0,106.0,106.0,0.0,0.0
2013-03-14,106.0,106.0,106.0,0.0,0.0
2013-03-15,106.0,106.0,106.0,0.0,0.0
2013-03-16,106.0,106.0,106.0,0.0,0.0
2013-03-17,106.0,106.0,106.0,0.0,0.0
2013-03-18,106.0,106.0,106.0,0.0,0.0
2013-03-19,106.0,106.0,106.0,0.0,0.0
2013-03-20,106.0,106.0,106.0,0.0,0.0
2013-03-21,106.0,106.0,106.0,0.0,0.0
2013-03-22,106.0,106.0,106.0,0.0,0.0
2013-03-23,106.0,106.0,106.0,0.0,0.0
2013-03-24,106.0,106.0,106.0,0.0,0.0
2013-03-25,106.0,106.0,106.0,0.0,0.0
2013-03-26,106.0,106.0,106.0,0.0,0.0
2013-03-27,106.0,106.0,106.0,0.0,0.0
2013-03-28,106.0,106.0,106.0,0.0,0.0
2013-03-29,106.0,106.0,106.0,0.0,0.0
2013-03-30,106.0,106.0,106.0,0.0,0.0
2013-03-31,106.0,106.0,106.0,0.0,0.0
2013-04-01,106.0,106.0,106.0,0.0,0.0
2013-04-02,106.0,106.0,106.0,0.0,0.0
2013-04-03,106.0,106.0,106.0,0.0,0.0
2013-04-04,106.0,106.0,106.0,0.0,0.0
2013-04-05,106.0,106.0,106.0,0.0,0.0
2013-04-06,106.0,106.0,106.0,0.0,0.0
2013-04-07,106.0,106.0,106.0,0.0,0.0
2013-04-08,106.0,106.0,106.0,0.0,0.0
2013-04-09,106.0,106.0,106.0,0.0,0.0
2013-04-10,106.0,106.0,106.0,0.0,0.0
2013-04-11,106.0,106.0,106.0,0.0,0.0
2013-04-12,106.0,106.0,106.0,0.0,0.0
2013-04-13,106.0,106.0,106.0,0.0,0.0
2013-04-14,106.0,106.0,106.0,0.0,0.0
2013-04-15,106.0,106.0,106.0,0.0,0.0
2013-04-16,106.0,106.0,106.0,0.0,0.0
2013-04-17,106.0,106.0,106.0,0.0,0.0
2013-04-18,106.0,106.0,106.0,0.0,0.0
2013-04-19,106.0,106.0,106.0,0.0,0.0
2013-04-20,106.0,106.0,106.0,0.0,0.0
2013-04-21,106.0,106.0,106.0,0.0,0.0
2013-04-22,106.0,106.0,106.0,0.0,0.0
2013-04-23,106.0,106.0,106.0,0.0,0.0
2013-04-24,106.0,106.0,106.0,0.0,0.0
2013-04-25,106.0,106.0,106.0,0.0,0.0
2013-04-26,106.0,106.0,106.0,0.0,0.0
2013-04-27,106.0,106.0,106.0,0.0,0.0
2013-04-28,106.0,106.0,106.0,0.0,0.0
2013-04-29,106.0,106.0,106.0,0.0,0.0
2013-04-30,106.0,106.0,106.0,0.0,0.0
2013-05-01,106.0,106.0,106.0,0.0,0.0
2013-05-02,106.0,106.0,106.0,0.0,0.0
2013-05-03,106.0,106.0,106.0,0.0,0.0
2013-05-04,106.0,106.0,106.0,0.0,0.0
2013-05-05,106.0,106.0,106.0,0.0,0.0
2013-05-06,106.0,106.0,106.0,0.0,0.0
2013-05-07,106.0,106.0,106.0,0.0,0.0
2013-05-08,106.0,106.0,106.0,0.0,0.0
2013-05-09,106.0,106.0,106.0,0.0,0.0
2013-05-10,106.0,106.0,106.0,0.0,0.0
2013-05-11,106.0,106.0,106.0,0.0,0.0
2013-05-12,106.0,106.0,106.0,0.0,0.0
2013-05-13,106.0,106.0,106.0,0.0,0.0
2013-05-14,106.0,106.0,106.0,0.0,0.0
2013-05-15,106.0,106.0,106.0,0.0,0.0
2013-05-16,106.0,106.0,106.0,0.0,0.0
2013-05-17,106.0,106.0,106.0,0.0,0.0
2013-05-18,106.0,106.0,106.0,0.0,0.0
2013-05-19,106.0,106.0,106.0,0.0,0.0
2013-05-20,106.0,106.0,106.0,0.0,0.0
2013-05-21,106.0,106.0,106.0,0.0,0.0
2013-05-22,106.0,106.0,106.0,0.0,0.0
2013-05-23,106.0,106.0,106.0,0.0,0.0
2013-05-24,106.0,106.0,106.0,0.0,0.0
2013-05-25,106.0,106.0,106.0,0.0,0.0
2013-05-26,106.0,106.0,106.0,0.0,0.0
2013-05-27,106.0,106.0,106.0,0.0,0.0
2013-05-28,106.0,106.0,106.0,0.0,0.0
2013-05-29,106.0,106.0,106.0,0.0,0.0
2013-05-30,106.0,106.0,106.0,0.0,0.0
2013-05-31,106.0,106.0,106.0,0.0,0.0
2013-06-01,106.0,106.0,106.0,0.0,0.0
2013-06-02,106.0,106.0,106.0,0.0,0.0
2013-06-03,106.0,106.0,106.0,0.0,0.0
2013-06-04,106.0,106.0,106.0,0.0,0.0
2013-06-05,106.0,106.0,106.0,0.0,0.0
2013-06-06,106.0,106.0,106.0,0.0,0.0
2013-06-07,106.0,106.0,106.0,0.0,0.0
2013-06-08,106.0,106.0,106.0,0.0,0.0
2013-06-09,106.0,106.0,106.0,0.0,0.0
2013-06-10,106.0,106.0,106.0,0.0,0.0
2013-06-11,106.0,106.0,106.0,0.0,0.0
2013-06-12,106.0,106.0,106.0,0.0,0.0
2013-06-13,106.0,106.0,106.0,0.0,0.0
2013-06-14,106.0,106.0,106.0,0.0,0.0
2013-06-15,106.0,106.0,106.0,0.0,0.0
2013-06-16,106.0,106.0,106.0,0.0,0.0
2013-06-17,106.0,106.0,106.0,0.0,0.0
2013-06-18,106.0,106.0,106.0,0.0,0.0
2013-06-19,106.0,106.0,106.0,0.0,0.0
2013-06-20,106.0,106.0,106.0,0.0,0.0
2013-06-21,106.0,106.0,106.0,0.0,0.0
2013-06-22,106.0,106.0,106.0,0.0,0.0
2013-06-23,106.0,106.0,106.0,0.0,0.0
2013-06-24,106.0,106.0,106.0,0.0,0.0
2013-06-25,106.0,106.0,106.0,0.0,0.0
2013-06-26,106.0,106.0,106.0,0.0,0.0
2013-06-27,106.0,106.0,106.0,0.0,0.0
2013-06-28,106.0,106.0,106.0,0.0,0.0
2013-06-29,106.0,106.0,106.0,0.0,0.0
2013-06-30,106.0,106.0,106.0,0.0,0.0
2013-07-01,106.0,106.0,106.0,0.0,0.0
2013-07-02,106.0,106.0,106.0,0.0,0.0
2013-07-03,106.0,106.0,106.0,0.0,0.0
2013-07-04,106.0,106.0,106.0,0.0,0.0
2013-07-05,106.0,106.0,106.0,0.0,0.0
2013-07-06,106.0,106.0,106.0,0.0,0.0
2013-07-07,106.0,106.0,106.0,0.0,0.0
2013-07-08,106.0,106.0,106.0,0.0,0.0
2013-07-09,106.0,106.0,106.0,0.0,0.0
2013-07-10,106.0,106.0,106.0,0.0,0.0
2013-07-11,106.0,106.0,106.0,0.0,0.0
2013-07-12,106.0,106.0,106.0,0.0,0.0
2013-07-13,106.0,106.0,106.0,0.0,0.0
2013-07-14,106.0,106.0,106.0,0.0,0.0
2013-07-15,106.0,106.0,106.0,0.0,0.0
2013-07-16,106.0,106.0,106.0,0.0,0.0
2013-07-17,106.0,106.0,106.0,0.0,0.0
2013-07-18,106.0,106.0,106.0,0.0,0.0
2013-07-19,106.0,106.0,106.0,0.0,0.0
2013-07-20,106.0,106.0,106.0,0.0,0.0
2013-07-21,106.0,106.0,106.0,0.0,0.0
2013-07-22,106.0,106.0,106.0,0.0,0.0
2013-07-23,106.0,106.0,106.0,0.0,0.0
2013-07-24,106.0,106.0,106.0,0.0,0.0
2013-07-25,106.0,106.0,106.0,0.0,0.0
2013-07-26,106.0,106.0,106.0,0.0,0.0
2013-07-27,106.0,106.0,106.0,0.0,0.0
2013-07-28,106.0,106.0,106.0,0.0,0.0
2013-07-29,106.0,106.0,106.0,0.0,0.0
2013-07-30,106.0,106.0,106.0,0.0,0.0
2013-07-31,106.0,106.0,106.0,0.0,0.0
2013-08-01,106.0,106.0,106.0,0.0,0.0
2013-08-02,106.0,106.0,106.0,0.0,0.0
2013-08-03,106.0,106.0,106.0,0.0,0.0
2013-08-04,106.0,106.0,106.0,0.0,0.0
2013-08-05,106.0,106.0,106.0,0.0,0.0
2013-08-06,106.0,106.0,106.0,0.0,0.0
2013-08-07,106.0,106.0,106.0,0.0,0.0
2013-08-08,106.0,106.0,106.0,0.0,0.0
2013-08-09,106.0,106.0,106.0,0.0,0.0
2013-08-10,106.0,106.0,106.0,0.0,0.0
2013-08-11,106.0,106.0,106.0,0.0,0.0
2013-08-12,106.0,106.0,106.0,0.0,0.0
2013-08-13,106.0,106.0,106.0,0.0,0.0
2013-08-14,106.0,106.0,106.0,0.0,0.0
2013-08-15,106.0,106.0,106.0,0.0,0.0
2013-08-16,106.0,106.0,106.0,0.0,0.0
2013-08-17,106.0,106.0,106.0,0.0,0.0
2013-08-18,106.0,106.0,106.0,0.0,0.0
2013-08-19,106.0,106.0,106.0,0.0,0.0
2013-08-20,106.0,106.0,106.0,0.0,0.0
2013-08-21,106.0,106.0,106.0,0.0,0.0
2013-08-22,106.0,106.0,106.0,0.0,0.0
2013-08-23,106.0,106.0,106.0,0.0,0.0
2013-08-24,106.0,106.0,106.0,0.0,0.0
2013-08-25,106.0,106.0,106.0,0.0,0.0
2013-08-26,106.0,106.0,106.0,0.0,0.0
2013-08-27,106.0,106.0,106.0,0.0,0.0
2013-08-28,106.0,106.0,106.0,0.0,0.0
2013-08-29,106.0,106.0,106.0,0.0,0.0
2013-08-30,106.0,106.0,106.0,0.0,0.0
2013-08-31,106.0,106.0,106.0,0.0,0.0
2013-09-01,106.0,106.0,106.0,0.0,0.0
2013-09-02,106.0,106.0,106.0,0.0,0.0
2013-09-03,106.0,106.0,106.0,0.0,0.0
2013-09-04,106.0,106.0,106.0,0.0,0.0
2013-09-05,106.0,106.0,106.0,0.0,0.0
2013-09-06,106.0,106.0,106.0,0.0,0.0
2013-09-07,106.0,106.0,106.0,0.0,0.0
2013-09-08,106.0,106.0,106.0,0.0,0.0
2013-09-09,106.0,106.0,106.0,0.0,0.0
2013-09-10,106.0,106.0,106.0,0.0,0.0
2013-09-11,106.0,106.0,106.0,0.0,0.0
2013-09-12,106.0,106.0,106.0,0.0,0.0
2013-09-13,106.0,106.0,106.0,0.0,0.0
2013-09-14,106.0,106.0,106.0,0.0,0.0
2013-09-15,106.0,106.0,106.0,0.0,0.0
2013-09-16,106.0,106.0,106.0,0.0,0.0
2013-09-17,106.0,106.0,106.0,0.0,0.0
2013-09-18,106.0,106.0,106.0,0.0,0.0
2013-09-19,106.0,106.0,106.0,0.0,0.0
2013-09-20,106.0,106.0,106.0,0.0,0.0
2013-09-21,106.0,106.0,106.0,0.0,0.0
2013-09-22,106.0,106.0,106.0,0.0,0.0
2013-09-23,106.0,106.0,106.0,0.0,0.0
2013-09-24,106.0,106.0,106.0,0.0,0.0
2013-09-25,106.0,106.0,106.0,0.0,0.0
2013-09-26,106.0,106.0,106.0,0.0,0.0
2013-09-27,106.0,106.0,106.0,0.0,0.0
2013-09-28,106.0,106.0,106.0,0.0,0.0
2013-09-29,106.0,106.0,106.0,0.0,0.0
2013-09-30,106.0,106.0,106.0,0.0,0.0
2013-10-01,106.0,106.0,106.0,0.0,0.0
2013-10-02,106.0,106.0,106.0,0.0,0.0
2013-10-03,106.0,106.0,106.0,0.0,0.0
2013-10-04,106.0,106.0,106.0,0.0,0.0
2013-10-05,106.0,106.0,106.0,0.0,0.0
2013-10-06,106.0,106.0,106.0,0.0,0.0
2013-10-07,106.0,106.0,106.0,0.0,0.0
2013-10-08,106.0,106.0,106.0,0.0,0.0
2013-10-09,106.0,106.0,106.0,0.0,0.0
2013-10-10,106.0,106.0,106.0,0.0,0.0
2013-10-11,106.0,106.0,106.0,0.0,0.0
2013-10-12,106.0,106.0,106.0,0.0,0.0
2013-10-13,106.0,106.0,106.0,0.0,0.0
2013-10-14,106.0,106.0,106.0,0.0,0.0
2013-10-15,106.0,106.0,106.0,0.0,0.0
2013-10-16,106.0,106.0,106.0,0.0,0.0
2013-10-17,106.0,106.0,106.0,0.0,0.0
2013-10-18,106.0,106.0,106.0,0.0,0.0
2013-10-19,106.0,106.0,106.0,0.0,0.0
2013-10-20,106.0,106.0,106.0,0.0,0.0
2013-10-21,106.0,106.0,106.0,0.0,0.0
2013-10-22,106.0,106.0,106.0,0.0,0.0
2013-10-23,106.0,106.0,106.0,0.0,0.0
2013-10-24,106.0,106.0,106.0,0.0,0.0
2013-10-25,106.0,106.0,106.0,0.0,0.0
2013-10-26,106.0,106.0,106.0,0.0,0.0
2013-10-27,106.0,106.0,106.0,0.0,0.0
2013-10-28,106.0,106.0,106.0,0.0,0.0
2013-10-29,106.0,106.0,106.0,0.0,0.0
2013-10-30,106.0,106.0,106.0,0.0,0.0
2013-10-31,106.0,106.0,106.0,0.0,0.0
2013-11-01,106.0,106.0,106.0,0.0,0.0
2013-11-02,106.0,106.0,106.0,0.0,0.0
2013-11-03,106.0,106.0,106.0,0.0,0.0
2013-11-04,106.0,106.0,106.0,0.0,0.0
2013-11-05,106.0,106.0,106.0,0.0,0.0
2013-11-06,106.0,106.0,106.0,0.0,0.0
2013-11-07,106.0,106.0,106.0,0.0,0.0
2013-11-08,106.0,106.0,106.0,0.0,0.0
2013-11-09,106.0,106.0,106.0,0.0,0.0
2013-11-10,106.0,106.0,106.0,0.0,0.0
2013-11-11,106.0,106.0,106.0,0.0,0.0
2013-11-12,106.0,106.0,106.0,0.0,0.0
2013-11-13,106.0,106.0,106.0,0.0,0.0
2013-11-14,106.0,106.0,106.0,0.0,0.0
2013-11-15,106.0,106.0,106.0,0.0,0.0
2013-11-16,106.0,106.0,106.0,0.0,0.0
2013-11-17,106.0,106.0,106.0,0.0,0.0
2013-11-18,106.0,106.0,106.0,0.0,0.0
2013-11-19,106.0,106.0,106.0,0.0,0.0
2013-11-20,106.0,106.0,106.0,0.0,0.0
2013-11-21,106.0,106.0,106.0,0.0,0.0
2013-11-22,106.0,106.0,106.0,0.0,0.0
2013-11-23,106.0,106.0,106.0,0.0,0.0
2013-11-24,106.0,106.0,106.0,0.0,0.0
2013-11-25,106.0,106.0,106.0,0.0,0.0
2013-11-26,106.0,106.0,106.0,0.0,0.0
2013-11-27,106.0,106.0,106.0,0.0,0.0
2013-11-28,106.0,106.0,106.0,0.0,0.0
2013-11-29,106.0,106.0,106.0,0.0,0.0
2013-11-30,106.0,106.0,106.0,0.0,0.0
2013-12-01,106.0,106.0,106.0,0.0,0.0
2013-12-02,106.0,106.0,106.0,0.0,0.0
2013-12-03,106.0,106.0,106.0,0.0,0.0
2013-12-04,106.0,106.0,106.0,0.0,0.0
2013-12-05,106.0,106.0,106.0,0.0,0.0
2013-12-06,106.0,106.0,106.0,0.0,0.0
2013-12-07,106.0,106.0,106.0,0.0,0.0
2013-12-08,106.0,106.0,106.0,0.0,0.0
2013-12-09,106.0,106.0,106.0,0.0,0.0
2013-12-10,106.0,106.0,106.0,0.0,0.0
2013-12-11,106.0,106.0,106.0,0.0,0.0
2013-12-12,106.0,106.0,106.0,0.0,0.0
2013-12-13,106.0,106.0,106.0,0.0,0.0
2013-12-14,106.0,106.0,106.0,0.0,0.0
2013-12-15,106.0,106.0,106.0,0.0,0.0
2013-12-16,106.0,106.0,106.0,0.0,0.0
2013-12-17,106.0,106.0,106.0,0.0,0.0
2013-12-18,106.0,106.0,106.0,0.0,0.0
2013-12-19,106.0,106.0,106.0,0.0,0.0
2013-12-20,106.0,106.0,106.0,0.0,0.0
2013-12-21,106.0,106.0,106.0,0.0,0.0
2013-12-22,106.0,106.0,106.0,0.0,0.0
2013-12-23,106.0,106.0,106.0,0.0,0.0
2013-12-24,106.0,106.0,106.0,0.0,0.0
2013-12-25,106.0,106.0,106.0,0.0,0.0
2013-12-26,106.0,106.0,106.0,0.0,0.0
2013-12-27,106.0,106.0,106.0,0.0,0.0
2013-12-28,106.0,106.0,106.0,0.0,0.0
2013-12-29,106.0,106.0,106.0,0.0,0.0
2013-12-30,106.0,106.0,106.0,0.0,0.0
2013-12-31,106.0,106.0,106.0,0.0,0.0
2014-01-01,106.0,106.0,106.0,0.0,0.0
2014-01-02,106.0,106.0,106.0,0.0,0.0
2014-01-03,106.0,106.0,106.0,0.0,0.0
2014-01-04,106.0,106.0,106.0,0.0,0.0
2014-01-05,106.0,106.0,106.0,0.0,0.0
2014-01-06,106.0,106.0,106.0,0.0,0.0
2014-01-07,106.0,106.0,106.0,0.0,0.0
2014-01-08,106.0,106.0,106.0,0.0,0.0
2014-01-09,106.0,106.0,106.0,0.0,0.0
2014-01-10,106.0,106.0,106.0,0.0,0.0
2014-01-11,106.0,106.0,106.0,0.0,0.0
2014-01-12,106.0,106.0,106.0,0.0,0.0
2014-01-13,106.0,106.0,106.0,0.0,0.0
2014-01-14,106.0,106.0,106.0,0.0,0.0
2014-01-15,106.0,106.0,106.0,0.0,0.0
2014-01-16,106.0,106.0,106.0,0.0,0.0
2014-01-17,106.0,106.0,106.0,0.0,0.0
2014-01-18,106.0,106.0,106.0,0.0,0.0
2014-01-19,106.0,106.0,106.0,0.0,0.0
2014-01-20,106.0,106.0,106.0,0.0,0.0
2014-01-21,106.0,106.0,106.0,0.0,0.0
2014-01-22,106.0,106.0,106.0,0.0,0.0
2014-01-23,106.0,106.0,106.0,0.0,0.0
2014-01-24,106.0,106.0,106.0,0.0,0.0
2014-01-25,106.0,106.0,106.0,0.0,0.0
2014-01-26,106.0,106.0,106.0,0.0,0.0
2014-01-27,106.0,106.0,106.0,0.0,0.0
2014-01-28,106.0,106.0,106.0,0.0,0.0
2014-01-29,106.0,106.0,106.0,0.0,0.0
2014-01-30,106.0,106.0,106.0,0.0,0.0
2014-01-31,106.0,106.0,106.0,0.0,0.0
2014-02-01,106.0,106.0,106.0,0.0,0.0
2014-02-02,106.0,106.0,106.0,0.0,0.0
2014-02-03,106.0,106.0,106.0,0.0,0.0
2014-02-04,106.0,106.0,106.0,0.0,0.0
2014-02-05,106.0,106.0,106.0,0.0,0.0
2014-02-06,106.0,106.0,106.0,0.0,0.0
2014-02-07,106.0,106.0,106.0,0.0,0.0
2014-02-08,106.0,106.0,106.0,0.0,0.0
2014-02-09,106.0,106.0,106.0,0.0,0.0
2014-02-10,106.0,106.0,106.0,0.0,0.0
2014-02-11,106.0,106.0,106.0,0.0,0.0
2014-02-12,106.0,106.0,106.0,0.0,0.0
2014-02-13,106.0,106.0,106.0,0.0,0.0
2014-02-14,106.0,106.0,106.0,0.0,0.0
2014-02-15,106.0,106.0,106.0,0.0,0.0
2014-02-16,106.0,106.0,106.0,0.0,0.0
2014-02-17,106.0,106.0,106.0,0.0,0.0
2014-02-18,106.0,106.0,106.0,0.0,0.0
2014-02-19,106.0,106.0,106.0,0.0,0.0
2014-02-20,106.0,106.0,106.0,0.0,0.0
2014-02-21,106.0,106.0,106.0,0.0,0.0
2014-02-22,106.0,106.0,106.0,0.0,0.0
2014-02-23,106.0,106.0,106.0,0.0,0.0
2014-02-24,106.0,106.0,106.0,0.0,0.0
2014-02-25,106.0,106.0,106.0,0.0,0.0
2014-02-26,106.0,106.0,106.0,0.0,0.0
2014-02-27,106.0,106.0,106.0,0.0,0.0
2014-02-28,106.0,106.0,106.0,0.0,0.0
2014-03-01,106.0,106.0,106.0,0.0,0.0
2014-03-02,106.0,106.0,106.0,0.0,0.0
2014-03-03,106.0,106.0,106.0,0.0,0.0
2014-03-04,106.0,106.0,106.0,0.0,0.0
2014-03-05,106.0,106.0,106.0,0.0,0.0
2014-03-06,106.0,106.0,106.0,0.0,0.0
2014-03-07,106.0,106.0,106.0,0.0,0.0
2014-03-08,106.0,106.0,106.0,0.0,0.0
2014-03-09,106.0,106.0,106.0,0.0,0.0
2014-03-10,106.0,106.0,106.0,0.0,0.0
2014-03-11,106.0,106.0,106.0,0.0,0.0
2014-03-12,106.0,106.0,106.0,0.0,0.0
2014-03-13,106.0,106.0,106.0,0.0,0.0
2014-03-14,106.0,106.0,106.0,0.0,0.0
2014-03-15,106.0,106.0,106.0,0.0,0.0
2014-03-16,106.0,106.0,106.0,0.0,0.0
2014-03-17,106.0,106.0,106.0,0.0,0.0
2014-03-18,106.0,106.0,106.0,0.0,0.0
2014-03-19,106.0,106.0,106.0,0.0,0.0
2014-03-20,106.0,106.0,106.0,0.0,0.0
2014-03-21,106.0,106.0,106.0,0.0,0.0
2014-03-22,106.0,106.0,106.0,0.0,0.0
2014-03-23,106.0,106.0,106.0,0.0,0.0
2014-03-24,106.0,106.0,106.0,0.0,0.0
2014-03-25,106.0,106.0,106.0,0.0,0.0
2014-03-26,106.0,106.0,106.0,0.0,0.0
2014-03-27,106.0,106.0,106.0,0.0,0.0
2014-03-28,106.0,106.0,106.0,0.0,0.0
2014-03-29,106.0,106.0,106.0,0.0,0.0
2014-03-30,106.0,106.0,106.0,0.0,0.0
2014-03-31,106.0,106.0,106.0,0.0,0.0
2014-04-01,106.0,106.0,106.0,0.0,0.0
2014-04-02,106.0,106.0,106.0,0.0,0.0
2014-04-03,106.0,106.0,106.0,0.0,0.0
2014-04-04,106.0,106.0,106.0,0.0,0.0
2014-04-05,106.0,106.0,106.0,0.0,0.0
2014-04-06,106.0,106.0,106.0,0.0,0.0
2014-04-07,106.0,106.0,106.0,0.0,0.0
2014-04-08,106.0,106.0,106.0,0.0,0.0
2014-04-09,106.0,106.0,106.0,0.0,0.0
2014-04-10,106.0,106.0,106.0,0.0,0.0
2014-04-11,106.0,106.0,106.0,0.0,0.0
2014-04-12,106.0,106.0,106.0,0.0,0.0
2014-04-13,106.0,106.0,106.0,0.0,0.0
2014-04-14,106.0,106.0,106.0,0.0,0.0
2014-04-15,106.0,106.0,106.0,0.0,0.0
2014-04-16,106.0,106.0,106.0,0.0,0.0
2014-04-17,106.0,106.0,106.0,0.0,0.0
2014-04-18,106.0,106.0,106.0,0.0,0.0
2014-04-19,106.0,106.0,106.0,0.0,0.0
2014-04-20,106.0,106.0,106.0,0.0,0.0
2014-04-21,106.0,106.0,106.0,0.0,0.0
2014-04-22,106.0,106.0,106.0,0.0,0.0
2014-04-23,106.0,106.0,106.0,0.0,0.0
2014-04-24,106.0,106.0,106.0,0.0,0.0
2014-04-25,106.0,106.0,106.0,0.0,0.0
2014-04-26,106.0,106.0,106.0,0.0,0.0
2014-04-27,106.0,106.0,106.0,0.0,0.0
2014-04-28,106.0,106.0,106.0,0.0,0.0
2014-04-29,106.0,106.0,106.0,0.0,0.0
2014-04-30,106.0,106.0,106.0,0.0,0.0
2014-05-01,106.0,106.0,106.0,0.0,0.0
2014-05-02,106.0,106.0,106.0,0.0,0.0
2014-05-03,106.0,106.0,106.0,0.0,0.0
2014-05-04,106.0,106.0,106.0,0.0,0.0
2014-05-05,106.0,106.0,106.0,0.0,0.0
2014-05-06,106.0,106.0,106.0,0.0,0.0
2014-05-07,106.0,106.0,106.0,0.0,0.0
2014-05-08,106.0,106.0,106.0,0.0,0.0
2014-05-09,106.0,106.0,106.0,0.0,0.0
2014-05-10,106.0,106.0,106.0,0.0,0.0
2014-05-11,106.0,106.0,106.0,0.0,0.0
2014-05-12,106.0,106.0,106.0,0.0,0.0
2014-05-13,106.0,106.0,106.0,0.0,0.0
2014-05-14,106.0,106.0,106.0,0.0,0.0
2014-05-15,106.0,106.0,106.0,0.0,0.0
2014-05-16,106.0,106.0,106.0,0.0,0.0
2014-05-17,106.0,106.0,106.0,0.0,0.0
2014-05-18,106.0,106.0,106.0,0.0,0.0
2014-05-19,106.0,106.0,106.0,0.0,0.0
2014-05-20,106.0,106.0,106.0,0.0,0.0
2014-05-21,106.0,106.0,106.0,0.0,0.0
2014-05-22,106.0,106.0,106.0,0.0,0.0
2014-05-23,106.0,106.0,106.0,0.0,0.0
2014-05-24,106.0,106.0,106.0,0.0,0.0
2014-05-25,106.0,106.0,106.0,0.0,0.0
2014-05-26,106.0,106.0,106.0,0.0,0.0
2014-05-27,106.0,106.0,106.0,0.0,0.0
2014-05-28,106.0,106.0,106.0,0.0,0.0
2014-05-29,106.0,106.0,106.0,0.0,0.0
2014-05-30,106.0,106.0,106.0,0.0,0.0
2014-05-31,106.0,106.0,106.0,0.0,0.0
2014-06-01,106.0,106.0,106.0,0.0,0.0
2014-06-02,106.0,106.0,106.0,0.0,0.0
2014-06-03,106.0,106.0,106.0,0.0,0.0
2014-06-04,106.0,106.0,106.0,0.0,0.0
2014-06-05,106.0,106.0,106.0,0.0,0.0
2014-06-06,106.0,106.0,106.0,0.0,0.0
2014-06-07,106.0,106.0,106.0,0.0,0.0
2014-06-08,106.0,106.0,106.0,0.0,0.0
2014-06-09,106.0,106.0,106.0,0.0,0.0
2014-06-10,106.0,106.0,106.0,0.0,0.0
2014-06-11,106.0,106.0,106.0,0.0,0.0
2014-06-12,106.0,106.0,106.0,0.0,0.0
2014-06-13,106.0,106.0,106.0,0.0,0.0
2014-06-14,106.0,106.0,106.0,0.0,0.0
2014-06-15,106.0,106.0,106.0,0.0,0.0
2014-06-16,106.0,106.0,106.0,0.0,0.0
2014-06-17,106.0,106.0,106.0,0.0,0.0
2014-06-18,106.0,106.0,106.0,0.0,0.0
2014-06-19,106.0,106.0,106.0,0.0,0.0
2014-06-20,106.0,106.0,106.0,0.0,0.0
2014-06-21,106.0,106.0,106.0,0.0,0.0
2014-06-22,106.0,106.0,106.0,0.0,0.0
2014-06-23,106.0,106.0,106.0,0.0,0.0
2014-06-24,106.0,106.0,106.0,0.0,0.0
2014-06-25,106.0,106.0,106.0,0.0,0.0
2014-06-26,106.0,106.0,106.0,0.0,0.0
2014-06-27,106.0,106.0,106.0,0.0,0.0
2014-06-28,106.0,106.0,106.0,0.0,0.0
2014-06-29,106.0,106.0,106.0,0.0,0.0
2014-06-30,106.0,106.0,106.0,0.0,0.0
2014-07-01,106.0,106.0,106.0,0.0,0.0
2014-07-02,106.0,106.0,106.0,0.0,0.0
2014-07-03,106.0,106.0,106.0,0.0,0.0
2014-07-04,106.0,106.0,106.0,0.0,0.0
2014-07-05,106.0,106.0,106.0,0.0,0.0
2014-07-06,106.0,106.0,106.0,0.0,0.0
2014-07-07,106.0,106.0,106.0,0.0,0.0
2014-07-08,106.0,106.0,106.0,0.0,0.0
2014-07-09,106.0,106.0,106.0,0.0,0.0
2014-07-10,106.0,106.0,106.0,0.0,0.0
2014-07-11,106.0,106.0,106.0,0.0,0.0
2014-07-12,106.0,106.0,106.0,0.0,0.0
2014-07-13,106.0,106.0,106.0,0.0,0.0
2014-07-14,106.0,106.0,106.0,0.0,0.0
2014-07-15,106.0,106.0,106.0,0.0,0.0
2014-07-16,106.0,106.0,106.0,0.0,0.0
2014-07-17,106.0,106.0,106.0,0.0,0.0
2014-07-18,106.0,106.0,106.0,0.0,0.0
2014-07-19,106.0,106.0,106.0,0.0,0.0
2014-07-20,106.0,106.0,106.0,0.0,0.0
2014-07-21,106.0,106.0,106.0,0.0,0.0
2014-07-22,106.0,106.0,106.0,0.0,0.0
2014-07-23,106.0,106.0,106.0,0.0,0.0
2014-07-24,106.0,106.0,106.0,0.0,0.0
2014-07-25,106.0,106.0,106.0,0.0,0.0
2014-07-26,106.0,106.0,106.0,0.0,0.0
2014-07-27,106.0,106.0,106.0,0.0,0.0
2014-07-28,106.0,106.0,106.0,0.0,0.0
2014-07-29,106.0,106.0,106.0,0.0,0.0
2014-07-30,106.0,106.0,106.0,0.0,0.0
2014-07-31,106.0,106.0,106.0,0.0,0.0
2014-08-01,106.0,106.0,106.0,0.0,0.0
2014-08-02,106.0,106.0,106.0,0.0,0.0
2014-08-03,106.0,106.0,106.0,0.0,0.0
2014-08-04,106.0,106.0,106.0,0.0,0.0
2014-08-05,106.0,106.0,106.0,0.0,0.0
2014-08-06,106.0,106.0,106.0,0.0,0.0
2014-08-07,106.0,106.0,106.0,0.0,0.0
2014-08-08,106.0,106.0,106.0,0.0,0.0
2014-08-09,106.0,106.0,106.0,0.0,0.0
2014-08-10,106.0,106.0,106.0,0.0,0.0
2014-08-11,106.0,106.0,106.0,0.0,0.0
2014-08-12,106.0,106.0,106.0,0.0,0.0
2014-08-13,106.0,106.0,106.0,0.0,0.0
2014-08-14,106.0,106.0,106.0,0.0,0.0
2014-08-15,106.0,106.0,106.0,0.0,0.0
2014-08-16,106.0,106.0,106.0,0.0,0.0
2014-08-17,106.0,106.0,106.0,0.0,0.0
2014-08-18,106.0,106.0,106.0,0.0,0.0
2014-08-19,106.0,106.0,106.0,0.0,0.0
2014-08-20,106.0,106.0,106.0,0.0,0.0
2014-08-21,106.0,106.0,106.0,0.0,0.0
2014-08-22,106.0,106.0,106.0,0.0,0.0
2014-08-23,106.0,106.0,106.0,0.0,0.0
2014-08-24,106.0,106.0,106.0,0.0,0.0
2014-08-25,106.0,106.0,106.0,0.0,0.0
2014-08-26,106.0,106.0,106.0,0.0,0.0
2014-08-27,106.0,106.0,106.0,0.0,0.0
2014-08-28,106.0,106.0,106.0,0.0,0.0
2014-08-29,106.0,106.0,106.0,0.0,0.0
2014-08-30,106.0,106.0,106.0,0.0,0.0
2014-08-31,106.0,106.0,106.0,0.0,0.0
2014-09-01,106.0,106.0,106.0,0.0,0.0
2014-09-02,106.0,106.0,106.0,0.0,0.0
2014-09-03,106.0,106.0,106.0,0.0,0.0
2014-09-04,106.0,106.0,106.0,0.0,0.0
2014-09-05,106.0,106.0,106.0,0.0,0.0
2014-09-06,106.0,106.0,106.0,0.0,0.0
2014-09-07,106.0,106.0,106.0,0.0,0.0
2014-09-08,106.0,106.0,106.0,0.0,0.0
2014-09-09,106.0,106.0,106.0,0.0,0.0
2014-09-10,106.0,106.0,106.0,0.0,0.0
2014-09-11,106.0,106.0,106.0,0.0,0.0
2014-09-12,106.0,106.0,106.0,0.0,0.0
2014-09-13,106.0,106.0,106.0,0.0,0.0
2014-09-14,106.0,106.0,106.0,0.0,0.0
2014-09-15,106.0,106.0,106.0,0.0,0.0
2014-09-16,106.0,106.0,106.0,0.0,0.0
2014-09-17,106.0,106.0,106.0,0.0,0.0
2014-09-18,106.0,106.0,106.0,0.0,0.0
2014-09-19,106.0,106.0,106.0,0.0,0.0
2014-09-20,106.0,106.0,106.0,0.0,0.0
2014-09-21,106.0,106.0,106.0,0.0,0.0
2014-09-22,106.0,106.0,106.0,0.0,0.0
2014-09-23,106.0,106.0,106.0,0.0,0.0
2014-09-24,106.0,106.0,106.0,0.0,0.0
2014-09-25,106.0,106.0,106.0,0.0,0.0
2014-09-26,106.0,106.0,106.0,0.0,0.0
2014-09-27,106.0,106.0,106.0,0.0,0.0
2014-09-28,106.0,106.0,106.0,0.0,0.0
2014-09-29,106.0,106.0,106.0,0.0,0.0
2014-09-30,106.0,106.0,106.0,0.0,0.0
2014-10-01,106.0,106.0,106.0,0.0,0.0
2014-10-02,106.0,106.0,106.0,0.0,0.0
2014-10-03,106.0,106.0,106.0,0.0,0.0
2014-10-04,106.0,106.0,106.0,0.0,0.0
2014-10-05,106.0,106.0,106.0,0.0,0.0
2014-10-06,106.0,106.0,106.0,0.0,0.0
2014-10-07,106.0,106.0,106.0,0.0,0.0
2014-10-08,106.0,106.0,106.0,0.0,0.0
2014-10-09,106.0,106.0,106.0,0.0,0.0
2014-10-10,106.0,106.0,106.0,0.0,0.0
2014-10-11,106.0,106.0,106.0,0.0,0.0
2014-10-12,106.0,106.0,106.0,0.0,0.0
2014-10-13,106.0,106.0,106.0,0.0,0.0
2014-10-14,106.0,106.0,106.0,0.0,0.0
2014-10-15,106.0,106.0,106.0,0.0,0.0
2014-10-16,106.0,106.0,106.0,0.0,0.0
2014-10-17,106.0,106.0,106.0,0.0,0.0
2014-10-18,106.0,106.0,106.0,0.0,0.0
2014-10-19,106.0,106.0,106.0,0.0,0.0
2014-10-20,106.0,106.0,106.0,0.0,0.0
2014-10-21,106.0,106.0,106.0,0.0,0.0
2014-10-22,106.0,106.0,106.0,0.0,0.0
2014-10-23,106.0,106.0,106.0,0.0,0.0
2014-10-24,106.0,106.0,106.0,0.0,0.0
2014-10-25,106.0,106.0,106.0,0.0,0.0
2014-10-26,106.0,106.0,106.0,0.0,0.0
2014-10-27,106.0,106.0,106.0,0.0,0.0
2014-10-28,106.0,106.0,106.0,0.0,0.0
2014-10-29,106.0,106.0,106.0,0.0,0.0
2014-10-30,106.0,106.0,106.0,0.0,0.0
2014-10-31,106.0,106.0,106.0,0.0,0.0
2014-11-01,106.0,106.0,106.0,0.0,0.0
2014-11-02,106.0,106.0,106.0,0.0,0.0
2014-11-03,106.0,106.0,106.0,0.0,0.0
2014-11-04,106.0,106.0,106.0,0.0,0.0
2014-11-05,106.0,106.0,106.0,0.0,0.0
2014-11-06,106.0,106.0,106.0,0.0,0.0
2014-11-07,106.0,106.0,106.0,0.0,0.0
2014-11-08,106.0,106.0,106.0,0.0,0.0
2014-11-09,106.0,106.0,106.0,0.0,0.0
2014-11-10,106.0,106.0,106.0,0.0,0.0
2014-11-11,106.0,106.0,106.0,0.0,0.0
2014-11-12,106.0,106.0,106.0,0.0,0.0
2014-11-13,106.0,106.0,106.0,0.0,0.0
2014-11-14,106.0,106.0,106.0,0.0,0.0
2014-11-15,106.0,106.0,106.0,0.0,0.0
2014-11-16,106.0,106.0,106.0,0.0,0.0
2014-11-17,106.0,106.0,106.0,0.0,0.0
2014-11-18,106.0,106.0,106.0,0.0,0.0
2014-11-19,106.0,106.0,106.0,0.0,0.0
2014-11-20,106.0,106.0,106.0,0.0,0.0
2014-11-21,106.0,106.0,106.0,0.0,0.0
2014-11-22,106.0,106.0,106.0,0.0,0.0
2014-11-23,106.0,106.0,106.0,0.0,0.0
2014-11-24,106.0,106.0,106.0,0.0,0.0
2014-11-25,106.0,106.0,106.0,0.0,0.0
2014-11-26,106.0,106.0,106.0,0.0,0.0
2014-11-27,106.0,106.0,106.0,0.0,0.0
2014-11-28,106.0,106.0,106.0,0.0,0.0
2014-11-29,106.0,106.0,106.0,0.0,0.0
2014-11-30,106.0,106.0,106.0,0.0,0.0
2014-12-01,106.0,106.0,106.0,0.0,0.0
2014-12-02,106.0,106.0,106.0,0.0,0.0
2014-12-03,106.0,106.0,106.0,0.0,0.0
2014-12-04,106.0,106.0,106.0,0.0,0.0
2014-12-05,81.0,106.0,106.0,-25.0,-23.584905660377352
2014-12-06,81.0,81.0,106.0,0.0,0.0
2014-12-07,81.0,81.0,81.0,0.0,0.0
2014-12-08,81.0,81.0,81.0,0.0,0.0
2014-12-09,81.0,81.0,81.0,0.0,0.0
2014-12-10,81.0,81.0,81.0,0.0,0.0
2014-12-11,81.0,81.0,81.0,0.0,0.0
2014-12-12,81.0,81.0,81.0,0.0,0.0
2014-12-13,81.0,81.0,81.0,0.0,0.0
2014-12-14,81.0,81.0,81.0,0.0,0.0
2014-12-15,81.0,81.0,81.0,0.0,0.0
2014-12-16,81.0,81.0,81.0,0.0,0.0
2014-12-17,81.0,81.0,81.0,0.0,0.0
2014-12-18,81.0,81.0,81.0,0.0,0.0
2014-12-19,81.0,81.0,81.0,0.0,0.0
2014-12-20,81.0,81.0,81.0,0.0,0.0
2014-12-21,81.0,81.0,81.0,0.0,0.0
2014-12-22,81.0,81.0,81.0,0.0,0.0
2014-12-23,81.0,81.0,81.0,0.0,0.0
2014-12-24,81.0,81.0,81.0,0.0,0.0
2014-12-25,81.0,81.0,81.0,0.0,0.0
2014-12-26,81.0,81.0,81.0,0.0,0.0
2014-12-27,81.0,81.0,81.0,0.0,0.0
2014-12-28,81.0,81.0,81.0,0.0,0.0
2014-12-29,81.0,81.0,81.0,0.0,0.0
2014-12-30,81.0,81.0,81.0,0.0,0.0
2014-12-31,81.0,81.0,81.0,0.0,0.0
2015-01-01,81.0,81.0,81.0,0.0,0.0
2015-01-02,81.0,81.0,81.0,0.0,0.0
2015-01-03,81.0,81.0,81.0,0.0,0.0
2015-01-04,81.0,81.0,81.0,0.0,0.0
2015-01-05,81.0,81.0,81.0,0.0,0.0
2015-01-06,81.0,81.0,81.0,0.0,0.0
2015-01-07,81.0,81.0,81.0,0.0,0.0
2015-01-08,81.0,81.0,81.0,0.0,0.0
2015-01-09,81.0,81.0,81.0,0.0,0.0
2015-01-10,81.0,81.0,81.0,0.0,0.0
2015-01-11,81.0,81.0,81.0,0.0,0.0
2015-01-12,81.0,81.0,81.0,0.0,0.0
2015-01-13,81.0,81.0,81.0,0.0,0.0
2015-01-14,81.0,81.0,81.0,0.0,0.0
2015-01-15,81.0,81.0,81.0,0.0,0.0
2015-01-16,81.0,81.0,81.0,0.0,0.0
2015-01-17,81.0,81.0,81.0,0.0,0.0
2015-01-18,81.0,81.0,81.0,0.0,0.0
2015-01-19,81.0,81.0,81.0,0.0,0.0
2015-01-20,81.0,81.0,81.0,0.0,0.0
2015-01-21,81.0,81.0,81.0,0.0,0.0
2015-01-22,81.0,81.0,81.0,0.0,0.0
2015-01-23,81.0,81.0,81.0,0.0,0.0
2015-01-24,81.0,81.0,81.0,0.0,0.0
2015-01-25,81.0,81.0,81.0,0.0,0.0
2015-01-26,81.0,81.0,81.0,0.0,0.0
2015-01-27,81.0,81.0,81.0,0.0,0.0
2015-01-28,81.0,81.0,81.0,0.0,0.0
2015-01-29,81.0,81.0,81.0,0.0,0.0
2015-01-30,81.0,81.0,81.0,0.0,0.0
2015-01-31,81.0,81.0,81.0,0.0,0.0
2015-02-01,81.0,81.0,81.0,0.0,0.0
2015-02-02,81.0,81.0,81.0,0.0,0.0
2015-02-03,81.0,81.0,81.0,0.0,0.0
2015-02-04,81.0,81.0,81.0,0.0,0.0
2015-02-05,81.0,81.0,81.0,0.0,0.0
2015-02-06,81.0,81.0,81.0,0.0,0.0
2015-02-07,81.0,81.0,81.0,0.0,0.0
2015-02-08,81.0,81.0,81.0,0.0,0.0
2015-02-09,81.0,81.0,81.0,0.0,0.0
2015-02-10,81.0,81.0,81.0,0.0,0.0
2015-02-11,81.0,81.0,81.0,0.0,0.0
2015-02-12,81.0,81.0,81.0,0.0,0.0
2015-02-13,81.0,81.0,81.0,0.0,0.0
2015-02-14,81.0,81.0,81.0,0.0,0.0
2015-02-15,81.0,81.0,81.0,0.0,0.0
2015-02-16,81.0,81.0,81.0,0.0,0.0
2015-02-17,81.0,81.0,81.0,0.0,0.0
2015-02-18,81.0,81.0,81.0,0.0,0.0
2015-02-19,81.0,81.0,81.0,0.0,0.0
2015-02-20,81.0,81.0,81.0,0.0,0.0
2015-02-21,81.0,81.0,81.0,0.0,0.0
2015-02-22,81.0,81.0,81.0,0.0,0.0
2015-02-23,81.0,81.0,81.0,0.0,0.0
2015-02-24,81.0,81.0,81.0,0.0,0.0
2015-02-25,81.0,81.0,81.0,0.0,0.0
2015-02-26,81.0,81.0,81.0,0.0,0.0
2015-02-27,81.0,81.0,81.0,0.0,0.0
2015-02-28,81.0,81.0,81.0,0.0,0.0
2015-03-01,81.0,81.0,81.0,0.0,0.0
2015-03-02,81.0,81.0,81.0,0.0,0.0
2015-03-03,81.0,81.0,81.0,0.0,0.0
2015-03-04,81.0,81.0,81.0,0.0,0.0
2015-03-05,81.0,81.0,81.0,0.0,0.0
2015-03-06,81.0,81.0,81.0,0.0,0.0
2015-03-07,81.0,81.0,81.0,0.0,0.0
2015-03-08,81.0,81.0,81.0,0.0,0.0
2015-03-09,81.0,81.0,81.0,0.0,0.0
2015-03-10,81.0,81.0,81.0,0.0,0.0
2015-03-11,81.0,81.0,81.0,0.0,0.0
2015-03-12,81.0,81.0,81.0,0.0,0.0
2015-03-13,81.0,81.0,81.0,0.0,0.0
2015-03-14,81.0,81.0,81.0,0.0,0.0
2015-03-15,81.0,81.0,81.0,0.0,0.0
2015-03-16,81.0,81.0,81.0,0.0,0.0
2015-03-17,81.0,81.0,81.0,0.0,0.0
2015-03-18,81.0,81.0,81.0,0.0,0.0
2015-03-19,81.0,81.0,81.0,0.0,0.0
2015-03-20,81.0,81.0,81.0,0.0,0.0
2015-03-21,81.0,81.0,81.0,0.0,0.0
2015-03-22,81.0,81.0,81.0,0.0,0.0
2015-03-23,81.0,81.0,81.0,0.0,0.0
2015-03-24,81.0,81.0,81.0,0.0,0.0
2015-03-25,81.0,81.0,81.0,0.0,0.0
2015-03-26,81.0,81.0,81.0,0.0,0.0
2015-03-27,81.0,81.0,81.0,0.0,0.0
2015-03-28,81.0,81.0,81.0,0.0,0.0
2015-03-29,81.0,81.0,81.0,0.0,0.0
2015-03-30,81.0,81.0,81.0,0.0,0.0
2015-03-31,81.0,81.0,81.0,0.0,0.0
2015-04-01,81.0,81.0,81.0,0.0,0.0
2015-04-02,81.0,81.0,81.0,0.0,0.0
2015-04-03,81.0,81.0,81.0,0.0,0.0
2015-04-04,81.0,81.0,81.0,0.0,0.0
2015-04-05,81.0,81.0,81.0,0.0,0.0
2015-04-06,81.0,81.0,81.0,0.0,0.0
2015-04-07,81.0,81.0,81.0,0.0,0.0
2015-04-08,81.0,81.0,81.0,0.0,0.0
2015-04-09,81.0,81.0,81.0,0.0,0.0
2015-04-10,81.0,81.0,81.0,0.0,0.0
2015-04-11,81.0,81.0,81.0,0.0,0.0
2015-04-12,81.0,81.0,81.0,0.0,0.0
2015-04-13,81.0,81.0,81.0,0.0,0.0
2015-04-14,81.0,81.0,81.0,0.0,0.0
2015-04-15,81.0,81.0,81.0,0.0,0.0
2015-04-16,81.0,81.0,81.0,0.0,0.0
2015-04-17,81.0,81.0,81.0,0.0,0.0
2015-04-18,81.0,81.0,81.0,0.0,0.0
2015-04-19,81.0,81.0,81.0,0.0,0.0
2015-04-20,81.0,81.0,81.0,0.0,0.0
2015-04-21,81.0,81.0,81.0,0.0,0.0
2015-04-22,81.0,81.0,81.0,0.0,0.0
2015-04-23,81.0,81.0,81.0,0.0,0.0
2015-04-24,81.0,81.0,81.0,0.0,0.0
2015-04-25,81.0,81.0,81.0,0.0,0.0
2015-04-26,81.0,81.0,81.0,0.0,0.0
2015-04-27,81.0,81.0,81.0,0.0,0.0
2015-04-28,81.0,81.0,81.0,0.0,0.0
2015-04-29,81.0,81.0,81.0,0.0,0.0
2015-04-30,81.0,81.0,81.0,0.0,0.0
2015-05-01,81.0,81.0,81.0,0.0,0.0
2015-05-02,81.0,81.0,81.0,0.0,0.0
2015-05-03,81.0,81.0,81.0,0.0,0.0
2015-05-04,81.0,81.0,81.0,0.0,0.0
2015-05-05,81.0,81.0,81.0,0.0,0.0
2015-05-06,81.0,81.0,81.0,0.0,0.0
2015-05-07,81.0,81.0,81.0,0.0,0.0
2015-05-08,81.0,81.0,81.0,0.0,0.0
2015-05-09,81.0,81.0,81.0,0.0,0.0
2015-05-10,81.0,81.0,81.0,0.0,0.0
2015-05-11,81.0,81.0,81.0,0.0,0.0
2015-05-12,81.0,81.0,81.0,0.0,0.0
2015-05-13,81.0,81.0,81.0,0.0,0.0
2015-05-14,81.0,81.0,81.0,0.0,0.0
2015-05-15,81.0,81.0,81.0,0.0,0.0
2015-05-16,81.0,81.0,81.0,0.0,0.0
2015-05-17,81.0,81.0,81.0,0.0,0.0
2015-05-18,81.0,81.0,81.0,0.0,0.0
2015-05-19,81.0,81.0,81.0,0.0,0.0
2015-05-20,81.0,81.0,81.0,0.0,0.0
2015-05-21,81.0,81.0,81.0,0.0,0.0
2015-05-22,81.0,81.0,81.0,0.0,0.0
2015-05-23,81.0,81.0,81.0,0.0,0.0
2015-05-24,81.0,81.0,81.0,0.0,0.0
2015-05-25,81.0,81.0,81.0,0.0,0.0
2015-05-26,81.0,81.0,81.0,0.0,0.0
2015-05-27,81.0,81.0,81.0,0.0,0.0
2015-05-28,81.0,81.0,81.0,0.0,0.0
2015-05-29,81.0,81.0,81.0,0.0,0.0
2015-05-30,81.0,81.0,81.0,0.0,0.0
2015-05-31,81.0,81.0,81.0,0.0,0.0
2015-06-01,81.0,81.0,81.0,0.0,0.0
2015-06-02,81.0,81.0,81.0,0.0,0.0
2015-06-03,81.0,81.0,81.0,0.0,0.0
2015-06-04,81.0,81.0,81.0,0.0,0.0
2015-06-05,81.0,81.0,81.0,0.0,0.0
2015-06-06,81.0,81.0,81.0,0.0,0.0
2015-06-07,81.0,81.0,81.0,0.0,0.0
2015-06-08,81.0,81.0,81.0,0.0,0.0
2015-06-09,81.0,81.0,81.0,0.0,0.0
2015-06-10,81.0,81.0,81.0,0.0,0.0
2015-06-11,81.0,81.0,81.0,0.0,0.0
2015-06-12,81.0,81.0,81.0,0.0,0.0
2015-06-13,81.0,81.0,81.0,0.0,0.0
2015-06-14,81.0,81.0,81.0,0.0,0.0
2015-06-15,81.0,81.0,81.0,0.0,0.0
2015-06-16,81.0,81.0,81.0,0.0,0.0
2015-06-17,81.0,81.0,81.0,0.0,0.0
2015-06-18,81.0,81.0,81.0,0.0,0.0
2015-06-19,81.0,81.0,81.0,0.0,0.0
2015-06-20,81.0,81.0,81.0,0.0,0.0
2015-06-21,81.0,81.0,81.0,0.0,0.0
2015-06-22,81.0,81.0,81.0,0.0,0.0
2015-06-23,81.0,81.0,81.0,0.0,0.0
2015-06-24,81.0,81.0,81.0,0.0,0.0
2015-06-25,81.0,81.0,81.0,0.0,0.0
2015-06-26,81.0,81.0,81.0,0.0,0.0
2015-06-27,81.0,81.0,81.0,0.0,0.0
2015-06-28,81.0,81.0,81.0,0.0,0.0
2015-06-29,81.0,81.0,81.0,0.0,0.0
2015-06-30,81.0,81.0,81.0,0.0,0.0
2015-07-01,81.0,81.0,81.0,0.0,0.0
2015-07-02,81.0,81.0,81.0,0.0,0.0
2015-07-03,81.0,81.0,81.0,0.0,0.0
2015-07-04,81.0,81.0,81.0,0.0,0.0
2015-07-05,81.0,81.0,81.0,0.0,0.0
2015-07-06,81.0,81.0,81.0,0.0,0.0
2015-07-07,81.0,81.0,81.0,0.0,0.0
2015-07-08,81.0,81.0,81.0,0.0,0.0
2015-07-09,81.0,81.0,81.0,0.0,0.0
2015-07-10,81.0,81.0,81.0,0.0,0.0
2015-07-11,81.0,81.0,81.0,0.0,0.0
2015-07-12,81.0,81.0,81.0,0.0,0.0
2015-07-13,81.0,81.0,81.0,0.0,0.0
2015-07-14,81.0,81.0,81.0,0.0,0.0
2015-07-15,81.0,81.0,81.0,0.0,0.0
2015-07-16,81.0,81.0,81.0,0.0,0.0
2015-07-17,81.0,81.0,81.0,0.0,0.0
2015-07-18,81.0,81.0,81.0,0.0,0.0
2015-07-19,81.0,81.0,81.0,0.0,0.0
2015-07-20,81.0,81.0,81.0,0.0,0.0
2015-07-21,81.0,81.0,81.0,0.0,0.0
2015-07-22,81.0,81.0,81.0,0.0,0.0
2015-07-23,81.0,81.0,81.0,0.0,0.0
2015-07-24,81.0,81.0,81.0,0.0,0.0
2015-07-25,81.0,81.0,81.0,0.0,0.0
2015-07-26,81.0,81.0,81.0,0.0,0.0
2015-07-27,81.0,81.0,81.0,0.0,0.0
2015-07-28,81.0,81.0,81.0,0.0,0.0
2015-07-29,81.0,81.0,81.0,0.0,0.0
2015-07-30,81.0,81.0,81.0,0.0,0.0
2015-07-31,81.0,81.0,81.0,0.0,0.0
2015-08-01,81.0,81.0,81.0,0.0,0.0
2015-08-02,81.0,81.0,81.0,0.0,0.0
2015-08-03,81.0,81.0,81.0,0.0,0.0
2015-08-04,81.0,81.0,81.0,0.0,0.0
2015-08-05,81.0,81.0,81.0,0.0,0.0
2015-08-06,81.0,81.0,81.0,0.0,0.0
2015-08-07,81.0,81.0,81.0,0.0,0.0
2015-08-08,81.0,81.0,81.0,0.0,0.0
2015-08-09,81.0,81.0,81.0,0.0,0.0
2015-08-10,81.0,81.0,81.0,0.0,0.0
2015-08-11,81.0,81.0,81.0,0.0,0.0
2015-08-12,81.0,81.0,81.0,0.0,0.0
2015-08-13,81.0,81.0,81.0,0.0,0.0
2015-08-14,81.0,81.0,81.0,0.0,0.0
2015-08-15,81.0,81.0,81.0,0.0,0.0
2015-08-16,81.0,81.0,81.0,0.0,0.0
2015-08-17,81.0,81.0,81.0,0.0,0.0
2015-08-18,81.0,81.0,81.0,0.0,0.0
2015-08-19,81.0,81.0,81.0,0.0,0.0
2015-08-20,81.0,81.0,81.0,0.0,0.0
2015-08-21,81.0,81.0,81.0,0.0,0.0
2015-08-22,81.0,81.0,81.0,0.0,0.0
2015-08-23,81.0,81.0,81.0,0.0,0.0
2015-08-24,81.0,81.0,81.0,0.0,0.0
2015-08-25,81.0,81.0,81.0,0.0,0.0
2015-08-26,81.0,81.0,81.0,0.0,0.0
2015-08-27,81.0,81.0,81.0,0.0,0.0
2015-08-28,81.0,81.0,81.0,0.0,0.0
2015-08-29,81.0,81.0,81.0,0.0,0.0
2015-08-30,81.0,81.0,81.0,0.0,0.0
2015-08-31,81.0,81.0,81.0,0.0,0.0
2015-09-01,81.0,81.0,81.0,0.0,0.0
2015-09-02,81.0,81.0,81.0,0.0,0.0
2015-09-03,81.0,81.0,81.0,0.0,0.0
2015-09-04,81.0,81.0,81.0,0.0,0.0
2015-09-05,81.0,81.0,81.0,0.0,0.0
2015-09-06,81.0,81.0,81.0,0.0,0.0
2015-09-07,81.0,81.0,81.0,0.0,0.0
2015-09-08,81.0,81.0,81.0,0.0,0.0
2015-09-09,81.0,81.0,81.0,0.0,0.0
2015-09-10,81.0,81.0,81.0,0.0,0.0
2015-09-11,81.0,81.0,81.0,0.0,0.0
2015-09-12,81.0,81.0,81.0,0.0,0.0
2015-09-13,81.0,81.0,81.0,0.0,0.0
2015-09-14,81.0,81.0,81.0,0.0,0.0
2015-09-15,81.0,81.0,81.0,0.0,0.0
2015-09-16,81.0,81.0,81.0,0.0,0.0
2015-09-17,81.0,81.0,81.0,0.0,0.0
2015-09-18,81.0,81.0,81.0,0.0,0.0
2015-09-19,81.0,81.0,81.0,0.0,0.0
2015-09-20,81.0,81.0,81.0,0.0,0.0
2015-09-21,81.0,81.0,81.0,0.0,0.0
2015-09-22,81.0,81.0,81.0,0.0,0.0
2015-09-23,81.0,81.0,81.0,0.0,0.0
2015-09-24,81.0,81.0,81.0,0.0,0.0
2015-09-25,81.0,81.0,81.0,0.0,0.0
2015-09-26,81.0,81.0,81.0,0.0,0.0
2015-09-27,81.0,81.0,81.0,0.0,0.0
2015-09-28,81.0,81.0,81.0,0.0,0.0
2015-09-29,81.0,81.0,81.0,0.0,0.0
2015-09-30,81.0,81.0,81.0,0.0,0.0
2015-10-01,81.0,81.0,81.0,0.0,0.0
2015-10-02,81.0,81.0,81.0,0.0,0.0
2015-10-03,81.0,81.0,81.0,0.0,0.0
2015-10-04,81.0,81.0,81.0,0.0,0.0
2015-10-05,81.0,81.0,81.0,0.0,0.0
2015-10-06,81.0,81.0,81.0,0.0,0.0
2015-10-07,81.0,81.0,81.0,0.0,0.0
2015-10-08,81.0,81.0,81.0,0.0,0.0
2015-10-09,81.0,81.0,81.0,0.0,0.0
2015-10-10,81.0,81.0,81.0,0.0,0.0
2015-10-11,81.0,81.0,81.0,0.0,0.0
2015-10-12,81.0,81.0,81.0,0.0,0.0
2015-10-13,81.0,81.0,81.0,0.0,0.0
2015-10-14,81.0,81.0,81.0,0.0,0.0
2015-10-15,81.0,81.0,81.0,0.0,0.0
2015-10-16,81.0,81.0,81.0,0.0,0.0
2015-10-17,81.0,81.0,81.0,0.0,0.0
2015-10-18,81.0,81.0,81.0,0.0,0.0
2015-10-19,81.0,81.0,81.0,0.0,0.0
2015-10-20,81.0,81.0,81.0,0.0,0.0
2015-10-21,81.0,81.0,81.0,0.0,0.0
2015-10-22,81.0,81.0,81.0,0.0,0.0
2015-10-23,81.0,81.0,81.0,0.0,0.0
2015-10-24,81.0,81.0,81.0,0.0,0.0
2015-10-25,81.0,81.0,81.0,0.0,0.0
2015-10-26,81.0,81.0,81.0,0.0,0.0
2015-10-27,81.0,81.0,81.0,0.0,0.0
2015-10-28,81.0,81.0,81.0,0.0,0.0
2015-10-29,81.0,81.0,81.0,0.0,0.0
2015-10-30,81.0,81.0,81.0,0.0,0.0
2015-10-31,81.0,81.0,81.0,0.0,0.0
2015-11-01,81.0,81.0,81.0,0.0,0.0
2015-11-02,81.0,81.0,81.0,0.0,0.0
2015-11-03,81.0,81.0,81.0,0.0,0.0
2015-11-04,81.0,81.0,81.0,0.0,0.0
2015-11-05,81.0,81.0,81.0,0.0,0.0
2015-11-06,81.0,81.0,81.0,0.0,0.0
2015-11-07,81.0,81.0,81.0,0.0,0.0
2015-11-08,81.0,81.0,81.0,0.0,0.0
2015-11-09,81.0,81.0,81.0,0.0,0.0
2015-11-10,81.0,81.0,81.0,0.0,0.0
2015-11-11,81.0,81.0,81.0,0.0,0.0
2015-11-12,81.0,81.0,81.0,0.0,0.0
2015-11-13,81.0,81.0,81.0,0.0,0.0
2015-11-14,81.0,81.0,81.0,0.0,0.0
2015-11-15,81.0,81.0,81.0,0.0,0.0
2015-11-16,81.0,81.0,81.0,0.0,0.0
2015-11-17,81.0,81.0,81.0,0.0,0.0
2015-11-18,81.0,81.0,81.0,0.0,0.0
2015-11-19,81.0,81.0,81.0,0.0,0.0
2015-11-20,81.0,81.0,81.0,0.0,0.0
2015-11-21,81.0,81.0,81.0,0.0,0.0
2015-11-22,81.0,81.0,81.0,0.0,0.0
2015-11-23,81.0,81.0,81.0,0.0,0.0
2015-11-24,81.0,81.0,81.0,0.0,0.0
2015-11-25,81.0,81.0,81.0,0.0,0.0
2015-11-26,81.0,81.0,81.0,0.0,0.0
2015-11-27,81.0,81.0,81.0,0.0,0.0
2015-11-28,81.0,81.0,81.0,0.0,0.0
2015-11-29,81.0,81.0,81.0,0.0,0.0
2015-11-30,81.0,81.0,81.0,0.0,0.0
2015-12-01,81.0,81.0,81.0,0.0,0.0
2015-12-02,81.0,81.0,81.0,0.0,0.0
2015-12-03,81.0,81.0,81.0,0.0,0.0
2015-12-04,81.0,81.0,81.0,0.0,0.0
2015-12-05,81.0,81.0,81.0,0.0,0.0
2015-12-06,81.0,81.0,81.0,0.0,0.0
2015-12-07,81.0,81.0,81.0,0.0,0.0
2015-12-08,81.0,81.0,81.0,0.0,0.0
2015-12-09,81.0,81.0,81.0,0.0,0.0
2015-12-10,81.0,81.0,81.0,0.0,0.0
2015-12-11,81.0,81.0,81.0,0.0,0.0
2015-12-12,81.0,81.0,81.0,0.0,0.0
2015-12-13,81.0,81.0,81.0,0.0,0.0
2015-12-14,81.0,81.0,81.0,0.0,0.0
2015-12-15,81.0,81.0,81.0,0.0,0.0
2015-12-16,81.0,81.0,81.0,0.0,0.0
2015-12-17,81.0,81.0,81.0,0.0,0.0
2015-12-18,81.0,81.0,81.0,0.0,0.0
2015-12-19,81.0,81.0,81.0,0.0,0.0
2015-12-20,81.0,81.0,81.0,0.0,0.0
2015-12-21,81.0,81.0,81.0,0.0,0.0
2015-12-22,81.0,81.0,81.0,0.0,0.0
2015-12-23,81.0,81.0,81.0,0.0,0.0
2015-12-24,81.0,81.0,81.0,0.0,0.0
2015-12-25,81.0,81.0,81.0,0.0,0.0
2015-12-26,81.0,81.0,81.0,0.0,0.0
2015-12-27,81.0,81.0,81.0,0.0,0.0
2015-12-28,81.0,81.0,81.0,0.0,0.0
2015-12-29,81.0,81.0,81.0,0.0,0.0
2015-12-30,81.0,81.0,81.0,0.0,0.0
2015-12-31,81.0,81.0,81.0,0.0,0.0
2016-01-01,81.0,81.0,81.0,0.0,0.0
2016-01-02,81.0,81.0,81.0,0.0,0.0
2016-01-03,81.0,81.0,81.0,0.0,0.0
2016-01-04,81.0,81.0,81.0,0.0,0.0
2016-01-05,81.0,81.0,81.0,0.0,0.0
2016-01-06,81.0,81.0,81.0,0.0,0.0
2016-01-07,81.0,81.0,81.0,0.0,0.0
2016-01-08,81.0,81.0,81.0,0.0,0.0
2016-01-09,81.0,81.0,81.0,0.0,0.0
2016-01-10,81.0,81.0,81.0,0.0,0.0
2016-01-11,81.0,81.0,81.0,0.0,0.0
2016-01-12,81.0,81.0,81.0,0.0,0.0
2016-01-13,81.0,81.0,81.0,0.0,0.0
2016-01-14,81.0,81.0,81.0,0.0,0.0
2016-01-15,81.0,81.0,81.0,0.0,0.0
2016-01-16,81.0,81.0,81.0,0.0,0.0
2016-01-17,81.0,81.0,81.0,0.0,0.0
2016-01-18,81.0,81.0,81.0,0.0,0.0
2016-01-19,81.0,81.0,81.0,0.0,0.0
2016-01-20,81.0,81.0,81.0,0.0,0.0
2016-01-21,81.0,81.0,81.0,0.0,0.0
2016-01-22,81.0,81.0,81.0,0.0,0.0
2016-01-23,81.0,81.0,81.0,0.0,0.0
2016-01-24,81.0,81.0,81.0,0.0,0.0
2016-01-25,81.0,81.0,81.0,0.0,0.0
2016-01-26,81.0,81.0,81.0,0.0,0.0
2016-01-27,81.0,81.0,81.0,0.0,0.0
2016-01-28,81.0,81.0,81.0,0.0,0.0
2016-01-29,81.0,81.0,81.0,0.0,0.0
2016-01-30,81.0,81.0,81.0,0.0,0.0
2016-01-31,81.0,81.0,81.0,0.0,0.0
2016-02-01,81.0,81.0,81.0,0.0,0.0
2016-02-02,81.0,81.0,81.0,0.0,0.0
2016-02-03,81.0,81.0,81.0,0.0,0.0
2016-02-04,81.0,81.0,81.0,0.0,0.0
2016-02-05,81.0,81.0,81.0,0.0,0.0
2016-02-06,81.0,81.0,81.0,0.0,0.0
2016-02-07,81.0,81.0,81.0,0.0,0.0
2016-02-08,81.0,81.0,81.0,0.0,0.0
2016-02-09,81.0,81.0,81.0,0.0,0.0
2016-02-10,81.0,81.0,81.0,0.0,0.0
2016-02-11,81.0,81.0,81.0,0.0,0.0
2016-02-12,81.0,81.0,81.0,0.0,0.0
2016-02-13,81.0,81.0,81.0,0.0,0.0
2016-02-14,81.0,81.0,81.0,0.0,0.0
2016-02-15,81.0,81.0,81.0,0.0,0.0
2016-02-16,81.0,81.0,81.0,0.0,0.0
2016-02-17,81.0,81.0,81.0,0.0,0.0
2016-02-18,81.0,81.0,81.0,0.0,0.0
2016-02-19,81.0,81.0,81.0,0.0,0.0
2016-02-20,81.0,81.0,81.0,0.0,0.0
2016-02-21,81.0,81.0,81.0,0.0,0.0
2016-02-22,81.0,81.0,81.0,0.0,0.0
2016-02-23,81.0,81.0,81.0,0.0,0.0
2016-02-24,81.0,81.0,81.0,0.0,0.0
2016-02-25,81.0,81.0,81.0,0.0,0.0
2016-02-26,81.0,81.0,81.0,0.0,0.0
2016-02-27,81.0,81.0,81.0,0.0,0.0
2016-02-28,81.0,81.0,81.0,0.0,0.0
2016-02-29,81.0,81.0,81.0,0.0,0.0
2016-03-01,81.0,81.0,81.0,0.0,0.0
2016-03-02,81.0,81.0,81.0,0.0,0.0
2016-03-03,81.0,81.0,81.0,0.0,0.0
2016-03-04,81.0,81.0,81.0,0.0,0.0
2016-03-05,81.0,81.0,81.0,0.0,0.0
2016-03-06,81.0,81.0,81.0,0.0,0.0
2016-03-07,81.0,81.0,81.0,0.0,0.0
2016-03-08,81.0,81.0,81.0,0.0,0.0
2016-03-09,81.0,81.0,81.0,0.0,0.0
2016-03-10,81.0,81.0,81.0,0.0,0.0
2016-03-11,81.0,81.0,81.0,0.0,0.0
2016-03-12,81.0,81.0,81.0,0.0,0.0
2016-03-13,81.0,81.0,81.0,0.0,0.0
2016-03-14,81.0,81.0,81.0,0.0,0.0
2016-03-15,81.0,81.0,81.0,0.0,0.0
2016-03-16,81.0,81.0,81.0,0.0,0.0
2016-03-17,81.0,81.0,81.0,0.0,0.0
2016-03-18,81.0,81.0,81.0,0.0,0.0
2016-03-19,81.0,81.0,81.0,0.0,0.0
2016-03-20,81.0,81.0,81.0,0.0,0.0
2016-03-21,81.0,81.0,81.0,0.0,0.0
2016-03-22,81.0,81.0,81.0,0.0,0.0
2016-03-23,81.0,81.0,81.0,0.0,0.0
2016-03-24,81.0,81.0,81.0,0.0,0.0
2016-03-25,81.0,81.0,81.0,0.0,0.0
2016-03-26,81.0,81.0,81.0,0.0,0.0
2016-03-27,81.0,81.0,81.0,0.0,0.0
2016-03-28,81.0,81.0,81.0,0.0,0.0
2016-03-29,81.0,81.0,81.0,0.0,0.0
2016-03-30,81.0,81.0,81.0,0.0,0.0
2016-03-31,81.0,81.0,81.0,0.0,0.0
2016-04-01,81.0,81.0,81.0,0.0,0.0
2016-04-02,81.0,81.0,81.0,0.0,0.0
2016-04-03,81.0,81.0,81.0,0.0,0.0
2016-04-04,81.0,81.0,81.0,0.0,0.0
2016-04-05,81.0,81.0,81.0,0.0,0.0
2016-04-06,81.0,81.0,81.0,0.0,0.0
2016-04-07,81.0,81.0,81.0,0.0,0.0
2016-04-08,81.0,81.0,81.0,0.0,0.0
2016-04-09,81.0,81.0,81.0,0.0,0.0
2016-04-10,81.0,81.0,81.0,0.0,0.0
2016-04-11,81.0,81.0,81.0,0.0,0.0
2016-04-12,81.0,81.0,81.0,0.0,0.0
2016-04-13,81.0,81.0,81.0,0.0,0.0
2016-04-14,81.0,81.0,81.0,0.0,0.0
2016-04-15,81.0,81.0,81.0,0.0,0.0
2016-04-16,81.0,81.0,81.0,0.0,0.0
2016-04-17,81.0,81.0,81.0,0.0,0.0
2016-04-18,81.0,81.0,81.0,0.0,0.0
2016-04-19,81.0,81.0,81.0,0.0,0.0
2016-04-20,81.0,81.0,81.0,0.0,0.0
2016-04-21,81.0,81.0,81.0,0.0,0.0
2016-04-22,81.0,81.0,81.0,0.0,0.0
2016-04-23,81.0,81.0,81.0,0.0,0.0
2016-04-24,81.0,81.0,81.0,0.0,0.0
2016-04-25,81.0,81.0,81.0,0.0,0.0
2016-04-26,81.0,81.0,81.0,0.0,0.0
2016-04-27,81.0,81.0,81.0,0.0,0.0
2016-04-28,81.0,81.0,81.0,0.0,0.0
2016-04-29,81.0,81.0,81.0,0.0,0.0
2016-04-30,81.0,81.0,81.0,0.0,0.0
2016-05-01,81.0,81.0,81.0,0.0,0.0
2016-05-02,81.0,81.0,81.0,0.0,0.0
2016-05-03,81.0,81.0,81.0,0.0,0.0
2016-05-04,81.0,81.0,81.0,0.0,0.0
2016-05-05,81.0,81.0,81.0,0.0,0.0
2016-05-06,81.0,81.0,81.0,0.0,0.0
2016-05-07,81.0,81.0,81.0,0.0,0.0
2016-05-08,81.0,81.0,81.0,0.0,0.0
2016-05-09,81.0,81.0,81.0,0.0,0.0
2016-05-10,81.0,81.0,81.0,0.0,0.0
2016-05-11,81.0,81.0,81.0,0.0,0.0
2016-05-12,81.0,81.0,81.0,0.0,0.0
2016-05-13,81.0,81.0,81.0,0.0,0.0
2016-05-14,81.0,81.0,81.0,0.0,0.0
2016-05-15,81.0,81.0,81.0,0.0,0.0
2016-05-16,81.0,81.0,81.0,0.0,0.0
2016-05-17,81.0,81.0,81.0,0.0,0.0
2016-05-18,81.0,81.0,81.0,0.0,0.0
2016-05-19,81.0,81.0,81.0,0.0,0.0
2016-05-20,81.0,81.0,81.0,0.0,0.0
2016-05-21,81.0,81.0,81.0,0.0,0.0
2016-05-22,81.0,81.0,81.0,0.0,0.0
2016-05-23,81.0,81.0,81.0,0.0,0.0
2016-05-24,81.0,81.0,81.0,0.0,0.0
2016-05-25,81.0,81.0,81.0,0.0,0.0
2016-05-26,81.0,81.0,81.0,0.0,0.0
2016-05-27,81.0,81.0,81.0,0.0,0.0
2016-05-28,81.0,81.0,81.0,0.0,0.0
2016-05-29,81.0,81.0,81.0,0.0,0.0
2016-05-30,81.0,81.0,81.0,0.0,0.0
2016-05-31,81.0,81.0,81.0,0.0,0.0
2016-06-01,81.0,81.0,81.0,0.0,0.0
2016-06-02,81.0,81.0,81.0,0.0,0.0
2016-06-03,81.0,81.0,81.0,0.0,0.0
2016-06-04,81.0,81.0,81.0,0.0,0.0
2016-06-05,81.0,81.0,81.0,0.0,0.0
2016-06-06,81.0,81.0,81.0,0.0,0.0
2016-06-07,81.0,81.0,81.0,0.0,0.0
2016-06-08,81.0,81.0,81.0,0.0,0.0
2016-06-09,81.0,81.0,81.0,0.0,0.0
2016-06-10,81.0,81.0,81.0,0.0,0.0
2016-06-11,81.0,81.0,81.0,0.0,0.0
2016-06-12,81.0,81.0,81.0,0.0,0.0
2016-06-13,81.0,81.0,81.0,0.0,0.0
2016-06-14,81.0,81.0,81.0,0.0,0.0
2016-06-15,81.0,81.0,81.0,0.0,0.0
2016-06-16,81.0,81.0,81.0,0.0,0.0
2016-06-17,81.0,81.0,81.0,0.0,0.0
2016-06-18,81.0,81.0,81.0,0.0,0.0
2016-06-19,81.0,81.0,81.0,0.0,0.0
2016-06-20,81.0,81.0,81.0,0.0,0.0
2016-06-21,81.0,81.0,81.0,0.0,0.0
2016-06-22,81.0,81.0,81.0,0.0,0.0
2016-06-23,81.0,81.0,81.0,0.0,0.0
2016-06-24,81.0,81.0,81.0,0.0,0.0
2016-06-25,81.0,81.0,81.0,0.0,0.0
2016-06-26,81.0,81.0,81.0,0.0,0.0
2016-06-27,81.0,81.0,81.0,0.0,0.0
2016-06-28,81.0,81.0,81.0,0.0,0.0
2016-06-29,81.0,81.0,81.0,0.0,0.0
2016-06-30,81.0,81.0,81.0,0.0,0.0
2016-07-01,81.0,81.0,81.0,0.0,0.0
2016-07-02,81.0,81.0,81.0,0.0,0.0
2016-07-03,81.0,81.0,81.0,0.0,0.0
2016-07-04,81.0,81.0,81.0,0.0,0.0
2016-07-05,81.0,81.0,81.0,0.0,0.0
2016-07-06,81.0,81.0,81.0,0.0,0.0
2016-07-07,81.0,81.0,81.0,0.0,0.0
2016-07-08,81.0,81.0,81.0,0.0,0.0
2016-07-09,81.0,81.0,81.0,0.0,0.0
2016-07-10,81.0,81.0,81.0,0.0,0.0
2016-07-11,81.0,81.0,81.0,0.0,0.0
2016-07-12,81.0,81.0,81.0,0.0,0.0
2016-07-13,81.0,81.0,81.0,0.0,0.0
2016-07-14,81.0,81.0,81.0,0.0,0.0
2016-07-15,81.0,81.0,81.0,0.0,0.0
2016-07-16,81.0,81.0,81.0,0.0,0.0
2016-07-17,81.0,81.0,81.0,0.0,0.0
2016-07-18,81.0,81.0,81.0,0.0,0.0
2016-07-19,81.0,81.0,81.0,0.0,0.0
2016-07-20,81.0,81.0,81.0,0.0,0.0
2016-07-21,81.0,81.0,81.0,0.0,0.0
2016-07-22,81.0,81.0,81.0,0.0,0.0
2016-07-23,81.0,81.0,81.0,0.0,0.0
2016-07-24,81.0,81.0,81.0,0.0,0.0
2016-07-25,81.0,81.0,81.0,0.0,0.0
2016-07-26,81.0,81.0,81.0,0.0,0.0
2016-07-27,81.0,81.0,81.0,0.0,0.0
2016-07-28,81.0,81.0,81.0,0.0,0.0
2016-07-29,81.0,81.0,81.0,0.0,0.0
2016-07-30,81.0,81.0,81.0,0.0,0.0
2016-07-31,81.0,81.0,81.0,0.0,0.0
2016-08-01,81.0,81.0,81.0,0.0,0.0
2016-08-02,81.0,81.0,81.0,0.0,0.0
2016-08-03,81.0,81.0,81.0,0.0,0.0
2016-08-04,81.0,81.0,81.0,0.0,0.0
2016-08-05,81.0,81.0,81.0,0.0,0.0
2016-08-06,81.0,81.0,81.0,0.0,0.0
2016-08-07,81.0,81.0,81.0,0.0,0.0
2016-08-08,81.0,81.0,81.0,0.0,0.0
2016-08-09,81.0,81.0,81.0,0.0,0.0
2016-08-10,81.0,81.0,81.0,0.0,0.0
2016-08-11,81.0,81.0,81.0,0.0,0.0
2016-08-12,81.0,81.0,81.0,0.0,0.0
2016-08-13,81.0,81.0,81.0,0.0,0.0
2016-08-14,81.0,81.0,81.0,0.0,0.0
2016-08-15,81.0,81.0,81.0,0.0,0.0
2016-08-16,81.0,81.0,81.0,0.0,0.0
2016-08-17,81.0,81.0,81.0,0.0,0.0
2016-08-18,81.0,81.0,81.0,0.0,0.0
2016-08-19,81.0,81.0,81.0,0.0,0.0
2016-08-20,81.0,81.0,81.0,0.0,0.0
2016-08-21,81.0,81.0,81.0,0.0,0.0
2016-08-22,81.0,81.0,81.0,0.0,0.0
2016-08-23,81.0,81.0,81.0,0.0,0.0
2016-08-24,81.0,81.0,81.0,0.0,0.0
2016-08-25,81.0,81.0,81.0,0.0,0.0
2016-08-26,81.0,81.0,81.0,0.0,0.0
2016-08-27,81.0,81.0,81.0,0.0,0.0
2016-08-28,81.0,81.0,81.0,0.0,0.0
2016-08-29,81.0,81.0,81.0,0.0,0.0
2016-08-30,81.0,81.0,81.0,0.0,0.0
2016-08-31,81.0,81.0,81.0,0.0,0.0
2016-09-01,81.0,81.0,81.0,0.0,0.0
2016-09-02,81.0,81.0,81.0,0.0,0.0
2016-09-03,81.0,81.0,81.0,0.0,0.0
2016-09-04,81.0,81.0,81.0,0.0,0.0
2016-09-05,81.0,81.0,81.0,0.0,0.0
2016-09-06,81.0,81.0,81.0,0.0,0.0
2016-09-07,81.0,81.0,81.0,0.0,0.0
2016-09-08,81.0,81.0,81.0,0.0,0.0
2016-09-09,81.0,81.0,81.0,0.0,0.0
2016-09-10,81.0,81.0,81.0,0.0,0.0
2016-09-11,81.0,81.0,81.0,0.0,0.0
2016-09-12,81.0,81.0,81.0,0.0,0.0
2016-09-13,81.0,81.0,81.0,0.0,0.0
2016-09-14,81.0,81.0,81.0,0.0,0.0
2016-09-15,81.0,81.0,81.0,0.0,0.0
2016-09-16,81.0,81.0,81.0,0.0,0.0
2016-09-17,81.0,81.0,81.0,0.0,0.0
2016-09-18,81.0,81.0,81.0,0.0,0.0
2016-09-19,81.0,81.0,81.0,0.0,0.0
2016-09-20,81.0,81.0,81.0,0.0,0.0
2016-09-21,81.0,81.0,81.0,0.0,0.0
2016-09-22,81.0,81.0,81.0,0.0,0.0
2016-09-23,81.0,81.0,81.0,0.0,0.0
2016-09-24,81.0,81.0,81.0,0.0,0.0
2016-09-25,81.0,81.0,81.0,0.0,0.0
2016-09-26,81.0,81.0,81.0,0.0,0.0
2016-09-27,81.0,81.0,81.0,0.0,0.0
2016-09-28,81.0,81.0,81.0,0.0,0.0
2016-09-29,81.0,81.0,81.0,0.0,0.0
2016-09-30,81.0,81.0,81.0,0.0,0.0
2016-10-01,81.0,81.0,81.0,0.0,0.0
2016-10-02,81.0,81.0,81.0,0.0,0.0
2016-10-03,81.0,81.0,81.0,0.0,0.0
2016-10-04,81.0,81.0,81.0,0.0,0.0
2016-10-05,81.0,81.0,81.0,0.0,0.0
2016-10-06,81.0,81.0,81.0,0.0,0.0
2016-10-07,81.0,81.0,81.0,0.0,0.0
2016-10-08,81.0,81.0,81.0,0.0,0.0
2016-10-09,81.0,81.0,81.0,0.0,0.0
2016-10-10,81.0,81.0,81.0,0.0,0.0
2016-10-11,81.0,81.0,81.0,0.0,0.0
2016-10-12,81.0,81.0,81.0,0.0,0.0
2016-10-13,81.0,81.0,81.0,0.0,0.0
2016-10-14,81.0,81.0,81.0,0.0,0.0
2016-10-15,81.0,81.0,81.0,0.0,0.0
2016-10-16,81.0,81.0,81.0,0.0,0.0
2016-10-17,81.0,81.0,81.0,0.0,0.0
2016-10-18,81.0,81.0,81.0,0.0,0.0
2016-10-19,81.0,81.0,81.0,0.0,0.0
2016-10-20,81.0,81.0,81.0,0.0,0.0
2016-10-21,81.0,81.0,81.0,0.0,0.0
2016-10-22,81.0,81.0,81.0,0.0,0.0
2016-10-23,81.0,81.0,81.0,0.0,0.0
2016-10-24,81.0,81.0,81.0,0.0,0.0
2016-10-25,81.0,81.0,81.0,0.0,0.0
2016-10-26,81.0,81.0,81.0,0.0,0.0
2016-10-27,81.0,81.0,81.0,0.0,0.0
2016-10-28,81.0,81.0,81.0,0.0,0.0
2016-10-29,81.0,81.0,81.0,0.0,0.0
2016-10-30,81.0,81.0,81.0,0.0,0.0
2016-10-31,81.0,81.0,81.0,0.0,0.0
2016-11-01,81.0,81.0,81.0,0.0,0.0
2016-11-02,81.0,81.0,81.0,0.0,0.0
2016-11-03,81.0,81.0,81.0,0.0,0.0
2016-11-04,81.0,81.0,81.0,0.0,0.0
2016-11-05,81.0,81.0,81.0,0.0,0.0
2016-11-06,81.0,81.0,81.0,0.0,0.0
2016-11-07,81.0,81.0,81.0,0.0,0.0
2016-11-08,81.0,81.0,81.0,0.0,0.0
2016-11-09,81.0,81.0,81.0,0.0,0.0
2016-11-10,81.0,81.0,81.0,0.0,0.0
2016-11-11,81.0,81.0,81.0,0.0,0.0
2016-11-12,81.0,81.0,81.0,0.0,0.0
2016-11-13,81.0,81.0,81.0,0.0,0.0
2016-11-14,81.0,81.0,81.0,0.0,0.0
2016-11-15,81.0,81.0,81.0,0.0,0.0
2016-11-16,81.0,81.0,81.0,0.0,0.0
2016-11-17,81.0,81.0,81.0,0.0,0.0
2016-11-18,81.0,81.0,81.0,0.0,0.0
2016-11-19,81.0,81.0,81.0,0.0,0.0
2016-11-20,81.0,81.0,81.0,0.0,0.0
2016-11-21,81.0,81.0,81.0,0.0,0.0
2016-11-22,81.0,81.0,81.0,0.0,0.0
2016-11-23,81.0,81.0,81.0,0.0,0.0
2016-11-24,81.0,81.0,81.0,0.0,0.0
2016-11-25,81.0,81.0,81.0,0.0,0.0
2016-11-26,81.0,81.0,81.0,0.0,0.0
2016-11-27,81.0,81.0,81.0,0.0,0.0
2016-11-28,81.0,81.0,81.0,0.0,0.0
2016-11-29,81.0,81.0,81.0,0.0,0.0
2016-11-30,81.0,81.0,81.0,0.0,0.0
2016-12-01,81.0,81.0,81.0,0.0,0.0
2016-12-02,81.0,81.0,81.0,0.0,0.0
2016-12-03,81.0,81.0,81.0,0.0,0.0
2016-12-04,81.0,81.0,81.0,0.0,0.0
2016-12-05,81.0,81.0,81.0,0.0,0.0
2016-12-06,81.0,81.0,81.0,0.0,0.0
2016-12-07,81.0,81.0,81.0,0.0,0.0
2016-12-08,81.0,81.0,81.0,0.0,0.0
2016-12-09,81.0,81.0,81.0,0.0,0.0
2016-12-10,81.0,81.0,81.0,0.0,0.0
2016-12-11,81.0,81.0,81.0,0.0,0.0
2016-12-12,81.0,81.0,81.0,0.0,0.0
2016-12-13,81.0,81.0,81.0,0.0,0.0
2016-12-14,81.0,81.0,81.0,0.0,0.0
2016-12-15,81.0,81.0,81.0,0.0,0.0
2016-12-16,81.0,81.0,81.0,0.0,0.0
2016-12-17,81.0,81.0,81.0,0.0,0.0
2016-12-18,81.0,81.0,81.0,0.0,0.0
2016-12-19,81.0,81.0,81.0,0.0,0.0
2016-12-20,81.0,81.0,81.0,0.0,0.0
2016-12-21,81.0,81.0,81.0,0.0,0.0
2016-12-22,81.0,81.0,81.0,0.0,0.0
2016-12-23,81.0,81.0,81.0,0.0,0.0
2016-12-24,81.0,81.0,81.0,0.0,0.0
2016-12-25,81.0,81.0,81.0,0.0,0.0
2016-12-26,81.0,81.0,81.0,0.0,0.0
2016-12-27,81.0,81.0,81.0,0.0,0.0
2016-12-28,81.0,81.0,81.0,0.0,0.0
2016-12-29,81.0,81.0,81.0,0.0,0.0
2016-12-30,81.0,81.0,81.0,0.0,0.0
2016-12-31,81.0,81.0,81.0,0.0,0.0
2017-01-01,81.0,81.0,81.0,0.0,0.0
2017-01-02,81.0,81.0,81.0,0.0,0.0
2017-01-03,81.0,81.0,81.0,0.0,0.0
2017-01-04,81.0,81.0,81.0,0.0,0.0
2017-01-05,81.0,81.0,81.0,0.0,0.0
2017-01-06,81.0,81.0,81.0,0.0,0.0
2017-01-07,81.0,81.0,81.0,0.0,0.0
2017-01-08,81.0,81.0,81.0,0.0,0.0
2017-01-09,81.0,81.0,81.0,0.0,0.0
2017-01-10,81.0,81.0,81.0,0.0,0.0
2017-01-11,81.0,81.0,81.0,0.0,0.0
2017-01-12,81.0,81.0,81.0,0.0,0.0
2017-01-13,81.0,81.0,81.0,0.0,0.0
2017-01-14,81.0,81.0,81.0,0.0,0.0
2017-01-15,81.0,81.0,81.0,0.0,0.0
2017-01-16,81.0,81.0,81.0,0.0,0.0
2017-01-17,81.0,81.0,81.0,0.0,0.0
2017-01-18,81.0,81.0,81.0,0.0,0.0
2017-01-19,81.0,81.0,81.0,0.0,0.0
2017-01-20,81.0,81.0,81.0,0.0,0.0
2017-01-21,81.0,81.0,81.0,0.0,0.0
2017-01-22,81.0,81.0,81.0,0.0,0.0
2017-01-23,81.0,81.0,81.0,0.0,0.0
2017-01-24,81.0,81.0,81.0,0.0,0.0
2017-01-25,81.0,81.0,81.0,0.0,0.0
2017-01-26,81.0,81.0,81.0,0.0,0.0
2017-01-27,81.0,81.0,81.0,0.0,0.0
2017-01-28,81.0,81.0,81.0,0.0,0.0
2017-01-29,81.0,81.0,81.0,0.0,0.0
2017-01-30,81.0,81.0,81.0,0.0,0.0
2017-01-31,81.0,81.0,81.0,0.0,0.0
2017-02-01,81.0,81.0,81.0,0.0,0.0
2017-02-02,81.0,81.0,81.0,0.0,0.0
2017-02-03,81.0,81.0,81.0,0.0,0.0
2017-02-04,81.0,81.0,81.0,0.0,0.0
2017-02-05,81.0,81.0,81.0,0.0,0.0
2017-02-06,81.0,81.0,81.0,0.0,0.0
2017-02-07,81.0,81.0,81.0,0.0,0.0
2017-02-08,81.0,81.0,81.0,0.0,0.0
2017-02-09,81.0,81.0,81.0,0.0,0.0
2017-02-10,81.0,81.0,81.0,0.0,0.0
2017-02-11,81.0,81.0,81.0,0.0,0.0
2017-02-12,81.0,81.0,81.0,0.0,0.0
2017-02-13,81.0,81.0,81.0,0.0,0.0
2017-02-14,81.0,81.0,81.0,0.0,0.0
2017-02-15,81.0,81.0,81.0,0.0,0.0
2017-02-16,81.0,81.0,81.0,0.0,0.0
2017-02-17,81.0,81.0,81.0,0.0,0.0
2017-02-18,81.0,81.0,81.0,0.0,0.0
2017-02-19,81.0,81.0,81.0,0.0,0.0
2017-02-20,81.0,81.0,81.0,0.0,0.0
2017-02-21,81.0,81.0,81.0,0.0,0.0
2017-02-22,81.0,81.0,81.0,0.0,0.0
2017-02-23,81.0,81.0,81.0,0.0,0.0
2017-02-24,81.0,81.0,81.0,0.0,0.0
2017-02-25,81.0,81.0,81.0,0.0,0.0
2017-02-26,81.0,81.0,81.0,0.0,0.0
2017-02-27,81.0,81.0,81.0,0.0,0.0
2017-02-28,81.0,81.0,81.0,0.0,0.0
2017-03-01,81.0,81.0,81.0,0.0,0.0
2017-03-02,81.0,81.0,81.0,0.0,0.0
2017-03-03,81.0,81.0,81.0,0.0,0.0
2017-03-04,81.0,81.0,81.0,0.0,0.0
2017-03-05,81.0,81.0,81.0,0.0,0.0
2017-03-06,81.0,81.0,81.0,0.0,0.0
2017-03-07,81.0,81.0,81.0,0.0,0.0
2017-03-08,81.0,81.0,81.0,0.0,0.0
2017-03-09,81.0,81.0,81.0,0.0,0.0
2017-03-10,81.0,81.0,81.0,0.0,0.0
2017-03-11,81.0,81.0,81.0,0.0,0.0
2017-03-12,81.0,81.0,81.0,0.0,0.0
2017-03-13,81.0,81.0,81.0,0.0,0.0
2017-03-14,81.0,81.0,81.0,0.0,0.0
2017-03-15,81.0,81.0,81.0,0.0,0.0
2017-03-16,81.0,81.0,81.0,0.0,0.0
2017-03-17,81.0,81.0,81.0,0.0,0.0
2017-03-18,81.0,81.0,81.0,0.0,0.0
2017-03-19,81.0,81.0,81.0,0.0,0.0
2017-03-20,81.0,81.0,81.0,0.0,0.0
2017-03-21,81.0,81.0,81.0,0.0,0.0
2017-03-22,81.0,81.0,81.0,0.0,0.0
2017-03-23,81.0,81.0,81.0,0.0,0.0
2017-03-24,81.0,81.0,81.0,0.0,0.0
2017-03-25,81.0,81.0,81.0,0.0,0.0
2017-03-26,81.0,81.0,81.0,0.0,0.0
2017-03-27,81.0,81.0,81.0,0.0,0.0
2017-03-28,81.0,81.0,81.0,0.0,0.0
2017-03-29,81.0,81.0,81.0,0.0,0.0
2017-03-30,81.0,81.0,81.0,0.0,0.0
2017-03-31,81.0,81.0,81.0,0.0,0.0
2017-04-01,81.0,81.0,81.0,0.0,0.0
2017-04-02,81.0,81.0,81.0,0.0,0.0
2017-04-03,81.0,81.0,81.0,0.0,0.0
2017-04-04,81.0,81.0,81.0,0.0,0.0
2017-04-05,81.0,81.0,81.0,0.0,0.0
2017-04-06,81.0,81.0,81.0,0.0,0.0
2017-04-07,81.0,81.0,81.0,0.0,0.0
2017-04-08,81.0,81.0,81.0,0.0,0.0
2017-04-09,81.0,81.0,81.0,0.0,0.0
2017-04-10,81.0,81.0,81.0,0.0,0.0
2017-04-11,81.0,81.0,81.0,0.0,0.0
2017-04-12,81.0,81.0,81.0,0.0,0.0
2017-04-13,81.0,81.0,81.0,0.0,0.0
2017-04-14,81.0,81.0,81.0,0.0,0.0
2017-04-15,81.0,81.0,81.0,0.0,0.0
2017-04-16,81.0,81.0,81.0,0.0,0.0
2017-04-17,81.0,81.0,81.0,0.0,0.0
2017-04-18,81.0,81.0,81.0,0.0,0.0
2017-04-19,81.0,81.0,81.0,0.0,0.0
2017-04-20,81.0,81.0,81.0,0.0,0.0
2017-04-21,81.0,81.0,81.0,0.0,0.0
2017-04-22,81.0,81.0,81.0,0.0,0.0
2017-04-23,81.0,81.0,81.0,0.0,0.0
2017-04-24,81.0,81.0,81.0,0.0,0.0
2017-04-25,81.0,81.0,81.0,0.0,0.0
2017-04-26,81.0,81.0,81.0,0.0,0.0
2017-04-27,81.0,81.0,81.0,0.0,0.0
2017-04-28,81.0,81.0,81.0,0.0,0.0
2017-04-29,81.0,81.0,81.0,0.0,0.0
2017-04-30,81.0,81.0,81.0,0.0,0.0
2017-05-01,81.0,81.0,81.0,0.0,0.0
2017-05-02,81.0,81.0,81.0,0.0,0.0
2017-05-03,81.0,81.0,81.0,0.0,0.0
2017-05-04,81.0,81.0,81.0,0.0,0.0
2017-05-05,81.0,81.0,81.0,0.0,0.0
2017-05-06,81.0,81.0,81.0,0.0,0.0
2017-05-07,81.0,81.0,81.0,0.0,0.0
2017-05-08,81.0,81.0,81.0,0.0,0.0
2017-05-09,81.0,81.0,81.0,0.0,0.0
2017-05-10,81.0,81.0,81.0,0.0,0.0
2017-05-11,81.0,81.0,81.0,0.0,0.0
2017-05-12,81.0,81.0,81.0,0.0,0.0
2017-05-13,81.0,81.0,81.0,0.0,0.0
2017-05-14,81.0,81.0,81.0,0.0,0.0
2017-05-15,81.0,81.0,81.0,0.0,0.0
2017-05-16,81.0,81.0,81.0,0.0,0.0
2017-05-17,81.0,81.0,81.0,0.0,0.0
2017-05-18,81.0,81.0,81.0,0.0,0.0
2017-05-19,81.0,81.0,81.0,0.0,0.0
2017-05-20,81.0,81.0,81.0,0.0,0.0
2017-05-21,81.0,81.0,81.0,0.0,0.0
2017-05-22,81.0,81.0,81.0,0.0,0.0
2017-05-23,81.0,81.0,81.0,0.0,0.0
2017-05-24,81.0,81.0,81.0,0.0,0.0
2017-05-25,81.0,81.0,81.0,0.0,0.0
2017-05-26,81.0,81.0,81.0,0.0,0.0
2017-05-27,81.0,81.0,81.0,0.0,0.0
2017-05-28,81.0,81.0,81.0,0.0,0.0
2017-05-29,81.0,81.0,81.0,0.0,0.0
2017-05-30,81.0,81.0,81.0,0.0,0.0
2017-05-31,81.0,81.0,81.0,0.0,0.0
2017-06-01,81.0,81.0,81.0,0.0,0.0
2017-06-02,81.0,81.0,81.0,0.0,0.0
2017-06-03,81.0,81.0,81.0,0.0,0.0
2017-06-04,81.0,81.0,81.0,0.0,0.0
2017-06-05,81.0,81.0,81.0,0.0,0.0
2017-06-06,81.0,81.0,81.0,0.0,0.0
2017-06-07,81.0,81.0,81.0,0.0,0.0
2017-06-08,81.0,81.0,81.0,0.0,0.0
2017-06-09,81.0,81.0,81.0,0.0,0.0
2017-06-10,81.0,81.0,81.0,0.0,0.0
2017-06-11,81.0,81.0,81.0,0.0,0.0
2017-06-12,81.0,81.0,81.0,0.0,0.0
2017-06-13,81.0,81.0,81.0,0.0,0.0
2017-06-14,81.0,81.0,81.0,0.0,0.0
2017-06-15,81.0,81.0,81.0,0.0,0.0
2017-06-16,81.0,81.0,81.0,0.0,0.0
2017-06-17,81.0,81.0,81.0,0.0,0.0
2017-06-18,81.0,81.0,81.0,0.0,0.0
2017-06-19,81.0,81.0,81.0,0.0,0.0
2017-06-20,81.0,81.0,81.0,0.0,0.0
2017-06-21,81.0,81.0,81.0,0.0,0.0
2017-06-22,81.0,81.0,81.0,0.0,0.0
2017-06-23,81.0,81.0,81.0,0.0,0.0
2017-06-24,81.0,81.0,81.0,0.0,0.0
2017-06-25,81.0,81.0,81.0,0.0,0.0
2017-06-26,81.0,81.0,81.0,0.0,0.0
2017-06-27,81.0,81.0,81.0,0.0,0.0
2017-06-28,81.0,81.0,81.0,0.0,0.0
2017-06-29,81.0,81.0,81.0,0.0,0.0
2017-06-30,81.0,81.0,81.0,0.0,0.0
2017-07-01,81.0,81.0,81.0,0.0,0.0
2017-07-02,81.0,81.0,81.0,0.0,0.0
2017-07-03,81.0,81.0,81.0,0.0,0.0
2017-07-04,81.0,81.0,81.0,0.0,0.0
2017-07-05,81.0,81.0,81.0,0.0,0.0
2017-07-06,81.0,81.0,81.0,0.0,0.0
2017-07-07,81.0,81.0,81.0,0.0,0.0
2017-07-08,81.0,81.0,81.0,0.0,0.0
2017-07-09,81.0,81.0,81.0,0.0,0.0
2017-07-10,81.0,81.0,81.0,0.0,0.0
2017-07-11,81.0,81.0,81.0,0.0,0.0
2017-07-12,81.0,81.0,81.0,0.0,0.0
2017-07-13,81.0,81.0,81.0,0.0,0.0
2017-07-14,81.0,81.0,81.0,0.0,0.0
2017-07-15,81.0,81.0,81.0,0.0,0.0
2017-07-16,81.0,81.0,81.0,0.0,0.0
2017-07-17,81.0,81.0,81.0,0.0,0.0
2017-07-18,81.0,81.0,81.0,0.0,0.0
2017-07-19,81.0,81.0,81.0,0.0,0.0
2017-07-20,81.0,81.0,81.0,0.0,0.0
2017-07-21,81.0,81.0,81.0,0.0,0.0
2017-07-22,81.0,81.0,81.0,0.0,0.0
2017-07-23,81.0,81.0,81.0,0.0,0.0
2017-07-24,81.0,81.0,81.0,0.0,0.0
2017-07-25,81.0,81.0,81.0,0.0,0.0
2017-07-26,81.0,81.0,81.0,0.0,0.0
2017-07-27,81.0,81.0,81.0,0.0,0.0
2017-07-28,81.0,81.0,81.0,0.0,0.0
2017-07-29,81.0,81.0,81.0,0.0,0.0
2017-07-30,81.0,81.0,81.0,0.0,0.0
2017-07-31,81.0,81.0,81.0,0.0,0.0
2017-08-01,81.0,81.0,81.0,0.0,0.0
2017-08-02,81.0,81.0,81.0,0.0,0.0
2017-08-03,81.0,81.0,81.0,0.0,0.0
2017-08-04,81.0,81.0,81.0,0.0,0.0
2017-08-05,81.0,81.0,81.0,0.0,0.0
2017-08-06,81.0,81.0,81.0,0.0,0.0
2017-08-07,81.0,81.0,81.0,0.0,0.0
2017-08-08,81.0,81.0,81.0,0.0,0.0
2017-08-09,81.0,81.0,81.0,0.0,0.0
2017-08-10,81.0,81.0,81.0,0.0,0.0
2017-08-11,81.0,81.0,81.0,0.0,0.0
2017-08-12,81.0,81.0,81.0,0.0,0.0
2017-08-13,81.0,81.0,81.0,0.0,0.0
2017-08-14,81.0,81.0,81.0,0.0,0.0
2017-08-15,81.0,81.0,81.0,0.0,0.0
2017-08-16,81.0,81.0,81.0,0.0,0.0
2017-08-17,81.0,81.0,81.0,0.0,0.0
2017-08-18,81.0,81.0,81.0,0.0,0.0
2017-08-19,81.0,81.0,81.0,0.0,0.0
2017-08-20,81.0,81.0,81.0,0.0,0.0
2017-08-21,81.0,81.0,81.0,0.0,0.0
2017-08-22,81.0,81.0,81.0,0.0,0.0
2017-08-23,81.0,81.0,81.0,0.0,0.0
2017-08-24,81.0,81.0,81.0,0.0,0.0
2017-08-25,81.0,81.0,81.0,0.0,0.0
2017-08-26,81.0,81.0,81.0,0.0,0.0
2017-08-27,81.0,81.0,81.0,0.0,0.0
2017-08-28,81.0,81.0,81.0,0.0,0.0
2017-08-29,81.0,81.0,81.0,0.0,0.0
2017-08-30,81.0,81.0,81.0,0.0,0.0
2017-08-31,81.0,81.0,81.0,0.0,0.0
2017-09-01,81.0,81.0,81.0,0.0,0.0
2017-09-02,81.0,81.0,81.0,0.0,0.0
2017-09-03,81.0,81.0,81.0,0.0,0.0
2017-09-04,81.0,81.0,81.0,0.0,0.0
2017-09-05,81.0,81.0,81.0,0.0,0.0
2017-09-06,81.0,81.0,81.0,0.0,0.0
2017-09-07,81.0,81.0,81.0,0.0,0.0
2017-09-08,81.0,81.0,81.0,0.0,0.0
2017-09-09,81.0,81.0,81.0,0.0,0.0
2017-09-10,81.0,81.0,81.0,0.0,0.0
2017-09-11,81.0,81.0,81.0,0.0,0.0
2017-09-12,81.0,81.0,81.0,0.0,0.0
2017-09-13,81.0,81.0,81.0,0.0,0.0
2017-09-14,81.0,81.0,81.0,0.0,0.0
2017-09-15,81.0,81.0,81.0,0.0,0.0
2017-09-16,81.0,81.0,81.0,0.0,0.0
2017-09-17,81.0,81.0,81.0,0.0,0.0
2017-09-18,81.0,81.0,81.0,0.0,0.0
2017-09-19,81.0,81.0,81.0,0.0,0.0
2017-09-20,81.0,81.0,81.0,0.0,0.0
2017-09-21,81.0,81.0,81.0,0.0,0.0
2017-09-22,81.0,81.0,81.0,0.0,0.0
2017-09-23,81.0,81.0,81.0,0.0,0.0
2017-09-24,81.0,81.0,81.0,0.0,0.0
2017-09-25,81.0,81.0,81.0,0.0,0.0
2017-09-26,81.0,81.0,81.0,0.0,0.0
2017-09-27,81.0,81.0,81.0,0.0,0.0
2017-09-28,81.0,81.0,81.0,0.0,0.0
2017-09-29,81.0,81.0,81.0,0.0,0.0
2017-09-30,81.0,81.0,81.0,0.0,0.0
2017-10-01,81.0,81.0,81.0,0.0,0.0
2017-10-02,81.0,81.0,81.0,0.0,0.0
2017-10-03,81.0,81.0,81.0,0.0,0.0
2017-10-04,81.0,81.0,81.0,0.0,0.0
2017-10-05,81.0,81.0,81.0,0.0,0.0
2017-10-06,81.0,81.0,81.0,0.0,0.0
2017-10-07,81.0,81.0,81.0,0.0,0.0
2017-10-08,81.0,81.0,81.0,0.0,0.0
2017-10-09,81.0,81.0,81.0,0.0,0.0
2017-10-10,81.0,81.0,81.0,0.0,0.0
2017-10-11,81.0,81.0,81.0,0.0,0.0
2017-10-12,81.0,81.0,81.0,0.0,0.0
2017-10-13,81.0,81.0,81.0,0.0,0.0
2017-10-14,81.0,81.0,81.0,0.0,0.0
2017-10-15,81.0,81.0,81.0,0.0,0.0
2017-10-16,81.0,81.0,81.0,0.0,0.0
2017-10-17,81.0,81.0,81.0,0.0,0.0
2017-10-18,81.0,81.0,81.0,0.0,0.0
2017-10-19,81.0,81.0,81.0,0.0,0.0
2017-10-20,81.0,81.0,81.0,0.0,0.0
2017-10-21,81.0,81.0,81.0,0.0,0.0
2017-10-22,81.0,81.0,81.0,0.0,0.0
2017-10-23,81.0,81.0,81.0,0.0,0.0
2017-10-24,81.0,81.0,81.0,0.0,0.0
2017-10-25,81.0,81.0,81.0,0.0,0.0
2017-10-26,81.0,81.0,81.0,0.0,0.0
2017-10-27,81.0,81.0,81.0,0.0,0.0
2017-10-28,81.0,81.0,81.0,0.0,0.0
2017-10-29,81.0,81.0,81.0,0.0,0.0
2017-10-30,81.0,81.0,81.0,0.0,0.0
2017-10-31,81.0,81.0,81.0,0.0,0.0
2017-11-01,81.0,81.0,81.0,0.0,0.0
2017-11-02,81.0,81.0,81.0,0.0,0.0
2017-11-03,81.0,81.0,81.0,0.0,0.0
2017-11-04,81.0,81.0,81.0,0.0,0.0
2017-11-05,81.0,81.0,81.0,0.0,0.0
2017-11-06,81.0,81.0,81.0,0.0,0.0
2017-11-07,81.0,81.0,81.0,0.0,0.0
2017-11-08,81.0,81.0,81.0,0.0,0.0
2017-11-09,81.0,81.0,81.0,0.0,0.0
2017-11-10,81.0,81.0,81.0,0.0,0.0
2017-11-11,81.0,81.0,81.0,0.0,0.0
2017-11-12,81.0,81.0,81.0,0.0,0.0
2017-11-13,81.0,81.0,81.0,0.0,0.0
2017-11-14,81.0,81.0,81.0,0.0,0.0
2017-11-15,81.0,81.0,81.0,0.0,0.0
2017-11-16,81.0,81.0,81.0,0.0,0.0
2017-11-17,81.0,81.0,81.0,0.0,0.0
2017-11-18,81.0,81.0,81.0,0.0,0.0
2017-11-19,81.0,81.0,81.0,0.0,0.0
2017-11-20,81.0,81.0,81.0,0.0,0.0
2017-11-21,81.0,81.0,81.0,0.0,0.0
2017-11-22,81.0,81.0,81.0,0.0,0.0
2017-11-23,81.0,81.0,81.0,0.0,0.0
2017-11-24,81.0,81.0,81.0,0.0,0.0
2017-11-25,81.0,81.0,81.0,0.0,0.0
2017-11-26,81.0,81.0,81.0,0.0,0.0
2017-11-27,81.0,81.0,81.0,0.0,0.0
2017-11-28,81.0,81.0,81.0,0.0,0.0
2017-11-29,81.0,81.0,81.0,0.0,0.0
2017-11-30,81.0,81.0,81.0,0.0,0.0
2017-12-01,81.0,81.0,81.0,0.0,0.0
2017-12-02,81.0,81.0,81.0,0.0,0.0
2017-12-03,81.0,81.0,81.0,0.0,0.0
2017-12-04,81.0,81.0,81.0,0.0,0.0
2017-12-05,81.0,81.0,81.0,0.0,0.0
2017-12-06,81.0,81.0,81.0,0.0,0.0
2017-12-07,81.0,81.0,81.0,0.0,0.0
2017-12-08,81.0,81.0,81.0,0.0,0.0
2017-12-09,81.0,81.0,81.0,0.0,0.0
2017-12-10,81.0,81.0,81.0,0.0,0.0
2017-12-11,81.0,81.0,81.0,0.0,0.0
2017-12-12,81.0,81.0,81.0,0.0,0.0
2017-12-13,81.0,81.0,81.0,0.0,0.0
2017-12-14,81.0,81.0,81.0,0.0,0.0
2017-12-15,81.0,81.0,81.0,0.0,0.0
2017-12-16,81.0,81.0,81.0,0.0,0.0
2017-12-17,81.0,81.0,81.0,0.0,0.0
2017-12-18,81.0,81.0,81.0,0.0,0.0
2017-12-19,81.0,81.0,81.0,0.0,0.0
2017-12-20,81.0,81.0,81.0,0.0,0.0
2017-12-21,81.0,81.0,81.0,0.0,0.0
2017-12-22,81.0,81.0,81.0,0.0,0.0
2017-12-23,81.0,81.0,81.0,0.0,0.0
2017-12-24,81.0,81.0,81.0,0.0,0.0
2017-12-25,81.0,81.0,81.0,0.0,0.0
2017-12-26,81.0,81.0,81.0,0.0,0.0
2017-12-27,81.0,81.0,81.0,0.0,0.0
2017-12-28,81.0,81.0,81.0,0.0,0.0
2017-12-29,81.0,81.0,81.0,0.0,0.0
2017-12-30,81.0,81.0,81.0,0.0,0.0
2017-12-31,81.0,81.0,81.0,0.0,0.0
2018-01-01,81.0,81.0,81.0,0.0,0.0
2018-01-02,81.0,81.0,81.0,0.0,0.0
2018-01-03,81.0,81.0,81.0,0.0,0.0
2018-01-04,81.0,81.0,81.0,0.0,0.0
2018-01-05,81.0,81.0,81.0,0.0,0.0
2018-01-06,81.0,81.0,81.0,0.0,0.0
2018-01-07,81.0,81.0,81.0,0.0,0.0
2018-01-08,81.0,81.0,81.0,0.0,0.0
2018-01-09,81.0,81.0,81.0,0.0,0.0
2018-01-10,81.0,81.0,81.0,0.0,0.0
2018-01-11,81.0,81.0,81.0,0.0,0.0
2018-01-12,81.0,81.0,81.0,0.0,0.0
2018-01-13,81.0,81.0,81.0,0.0,0.0
2018-01-14,81.0,81.0,81.0,0.0,0.0
2018-01-15,81.0,81.0,81.0,0.0,0.0
2018-01-16,81.0,81.0,81.0,0.0,0.0
2018-01-17,81.0,81.0,81.0,0.0,0.0
2018-01-18,81.0,81.0,81.0,0.0,0.0
2018-01-19,81.0,81.0,81.0,0.0,0.0
2018-01-20,81.0,81.0,81.0,0.0,0.0
2018-01-21,81.0,81.0,81.0,0.0,0.0
2018-01-22,81.0,81.0,81.0,0.0,0.0
2018-01-23,81.0,81.0,81.0,0.0,0.0
2018-01-24,81.0,81.0,81.0,0.0,0.0
2018-01-25,81.0,81.0,81.0,0.0,0.0
2018-01-26,81.0,81.0,81.0,0.0,0.0
2018-01-27,81.0,81.0,81.0,0.0,0.0
2018-01-28,81.0,81.0,81.0,0.0,0.0
2018-01-29,81.0,81.0,81.0,0.0,0.0
2018-01-30,81.0,81.0,81.0,0.0,0.0
2018-01-31,81.0,81.0,81.0,0.0,0.0
2018-02-01,81.0,81.0,81.0,0.0,0.0
2018-02-02,81.0,81.0,81.0,0.0,0.0
2018-02-03,81.0,81.0,81.0,0.0,0.0
2018-02-04,81.0,81.0,81.0,0.0,0.0
2018-02-05,81.0,81.0,81.0,0.0,0.0
2018-02-06,81.0,81.0,81.0,0.0,0.0
2018-02-07,81.0,81.0,81.0,0.0,0.0
2018-02-08,81.0,81.0,81.0,0.0,0.0
2018-02-09,81.0,81.0,81.0,0.0,0.0
2018-02-10,81.0,81.0,81.0,0.0,0.0
2018-02-11,81.0,81.0,81.0,0.0,0.0
2018-02-12,81.0,81.0,81.0,0.0,0.0
2018-02-13,81.0,81.0,81.0,0.0,0.0
2018-02-14,81.0,81.0,81.0,0.0,0.0
2018-02-15,81.0,81.0,81.0,0.0,0.0
2018-02-16,81.0,81.0,81.0,0.0,0.0
2018-02-17,81.0,81.0,81.0,0.0,0.0
2018-02-18,81.0,81.0,81.0,0.0,0.0
2018-02-19,81.0,81.0,81.0,0.0,0.0
2018-02-20,81.0,81.0,81.0,0.0,0.0
2018-02-21,81.0,81.0,81.0,0.0,0.0
2018-02-22,81.0,81.0,81.0,0.0,0.0
2018-02-23,81.0,81.0,81.0,0.0,0.0
2018-02-24,81.0,81.0,81.0,0.0,0.0
2018-02-25,81.0,81.0,81.0,0.0,0.0
2018-02-26,81.0,81.0,81.0,0.0,0.0
2018-02-27,81.0,81.0,81.0,0.0,0.0
2018-02-28,81.0,81.0,81.0,0.0,0.0
2018-03-01,81.0,81.0,81.0,0.0,0.0
2018-03-02,81.0,81.0,81.0,0.0,0.0
2018-03-03,81.0,81.0,81.0,0.0,0.0
2018-03-04,81.0,81.0,81.0,0.0,0.0
2018-03-05,81.0,81.0,81.0,0.0,0.0
2018-03-06,81.0,81.0,81.0,0.0,0.0
2018-03-07,81.0,81.0,81.0,0.0,0.0
2018-03-08,81.0,81.0,81.0,0.0,0.0
2018-03-09,81.0,81.0,81.0,0.0,0.0
2018-03-10,81.0,81.0,81.0,0.0,0.0
2018-03-11,81.0,81.0,81.0,0.0,0.0
2018-03-12,81.0,81.0,81.0,0.0,0.0
2018-03-13,81.0,81.0,81.0,0.0,0.0
2018-03-14,81.0,81.0,81.0,0.0,0.0
2018-03-15,81.0,81.0,81.0,0.0,0.0
2018-03-16,81.0,81.0,81.0,0.0,0.0
2018-03-17,81.0,81.0,81.0,0.0,0.0
2018-03-18,81.0,81.0,81.0,0.0,0.0
2018-03-19,81.0,81.0,81.0,0.0,0.0
2018-03-20,81.0,81.0,81.0,0.0,0.0
2018-03-21,81.0,81.0,81.0,0.0,0.0
2018-03-22,81.0,81.0,81.0,0.0,0.0
2018-03-23,81.0,81.0,81.0,0.0,0.0
2018-03-24,81.0,81.0,81.0,0.0,0.0
2018-03-25,81.0,81.0,81.0,0.0,0.0
2018-03-26,81.0,81.0,81.0,0.0,0.0
2018-03-27,81.0,81.0,81.0,0.0,0.0
2018-03-28,81.0,81.0,81.0,0.0,0.0
2018-03-29,81.0,81.0,81.0,0.0,0.0
2018-03-30,81.0,81.0,81.0,0.0,0.0
2018-03-31,81.0,81.0,81.0,0.0,0.0
2018-04-01,81.0,81.0,81.0,0.0,0.0
2018-04-02,81.0,81.0,81.0,0.0,0.0
2018-04-03,81.0,81.0,81.0,0.0,0.0
2018-04-04,81.0,81.0,81.0,0.0,0.0
2018-04-05,81.0,81.0,81.0,0.0,0.0
2018-04-06,81.0,81.0,81.0,0.0,0.0
2018-04-07,81.0,81.0,81.0,0.0,0.0
2018-04-08,81.0,81.0,81.0,0.0,0.0
2018-04-09,81.0,81.0,81.0,0.0,0.0
2018-04-10,81.0,81.0,81.0,0.0,0.0
2018-04-11,81.0,81.0,81.0,0.0,0.0
2018-04-12,81.0,81.0,81.0,0.0,0.0
2018-04-13,81.0,81.0,81.0,0.0,0.0
2018-04-14,81.0,81.0,81.0,0.0,0.0
2018-04-15,81.0,81.0,81.0,0.0,0.0
2018-04-16,81.0,81.0,81.0,0.0,0.0
2018-04-17,81.0,81.0,81.0,0.0,0.0
2018-04-18,81.0,81.0,81.0,0.0,0.0
2018-04-19,81.0,81.0,81.0,0.0,0.0
2018-04-20,81.0,81.0,81.0,0.0,0.0
2018-04-21,81.0,81.0,81.0,0.0,0.0
2018-04-22,81.0,81.0,81.0,0.0,0.0
2018-04-23,81.0,81.0,81.0,0.0,0.0
2018-04-24,81.0,81.0,81.0,0.0,0.0
2018-04-25,81.0,81.0,81.0,0.0,0.0
2018-04-26,81.0,81.0,81.0,0.0,0.0
2018-04-27,81.0,81.0,81.0,0.0,0.0
2018-04-28,81.0,81.0,81.0,0.0,0.0
2018-04-29,81.0,81.0,81.0,0.0,0.0
2018-04-30,81.0,81.0,81.0,0.0,0.0
2018-05-01,81.0,81.0,81.0,0.0,0.0
2018-05-02,81.0,81.0,81.0,0.0,0.0
2018-05-03,81.0,81.0,81.0,0.0,0.0
2018-05-04,81.0,81.0,81.0,0.0,0.0
2018-05-05,81.0,81.0,81.0,0.0,0.0
2018-05-06,81.0,81.0,81.0,0.0,0.0
2018-05-07,81.0,81.0,81.0,0.0,0.0
2018-05-08,81.0,81.0,81.0,0.0,0.0
2018-05-09,81.0,81.0,81.0,0.0,0.0
2018-05-10,81.0,81.0,81.0,0.0,0.0
2018-05-11,101.0,81.0,81.0,20.0,24.691358024691358
2018-05-12,101.0,101.0,81.0,0.0,0.0
2018-05-13,101.0,101.0,101.0,0.0,0.0
2018-05-14,101.0,101.0,101.0,0.0,0.0
2018-05-15,101.0,101.0,101.0,0.0,0.0
2018-05-16,101.0,101.0,101.0,0.0,0.0
2018-05-17,101.0,101.0,101.0,0.0,0.0
2018-05-18,101.0,101.0,101.0,0.0,0.0
2018-05-19,101.0,101.0,101.0,0.0,0.0
2018-05-20,101.0,101.0,101.0,0.0,0.0
2018-05-21,101.0,101.0,101.0,0.0,0.0
2018-05-22,101.0,101.0,101.0,0.0,0.0
2018-05-23,101.0,101.0,101.0,0.0,0.0
2018-05-24,101.0,101.0,101.0,0.0,0.0
2018-05-25,101.0,101.0,101.0,0.0,0.0
2018-05-26,101.0,101.0,101.0,0.0,0.0
2018-05-27,101.0,101.0,101.0,0.0,0.0
2018-05-28,101.0,101.0,101.0,0.0,0.0
2018-05-29,101.0,101.0,101.0,0.0,0.0
2018-05-30,101.0,101.0,101.0,0.0,0.0
2018-05-31,101.0,101.0,101.0,0.0,0.0
2018-06-01,101.0,101.0,101.0,0.0,0.0
2018-06-02,101.0,101.0,101.0,0.0,0.0
2018-06-03,101.0,101.0,101.0,0.0,0.0
2018-06-04,101.0,101.0,101.0,0.0,0.0
2018-06-05,101.0,101.0,101.0,0.0,0.0
2018-06-06,101.0,101.0,101.0,0.0,0.0
2018-06-07,101.0,101.0,101.0,0.0,0.0
2018-06-08,101.0,101.0,101.0,0.0,0.0
2018-06-09,101.0,101.0,101.0,0.0,0.0
2018-06-10,101.0,101.0,101.0,0.0,0.0
2018-06-11,101.0,101.0,101.0,0.0,0.0
2018-06-12,101.0,101.0,101.0,0.0,0.0
2018-06-13,101.0,101.0,101.0,0.0,0.0
2018-06-14,101.0,101.0,101.0,0.0,0.0
2018-06-15,101.0,101.0,101.0,0.0,0.0
2018-06-16,101.0,101.0,101.0,0.0,0.0
2018-06-17,101.0,101.0,101.0,0.0,0.0
2018-06-18,101.0,101.0,101.0,0.0,0.0
2018-06-19,101.0,101.0,101.0,0.0,0.0
2018-06-20,101.0,101.0,101.0,0.0,0.0
2018-06-21,101.0,101.0,101.0,0.0,0.0
2018-06-22,101.0,101.0,101.0,0.0,0.0
2018-06-23,101.0,101.0,101.0,0.0,0.0
2018-06-24,101.0,101.0,101.0,0.0,0.0
2018-06-25,101.0,101.0,101.0,0.0,0.0
2018-06-26,101.0,101.0,101.0,0.0,0.0
2018-06-27,101.0,101.0,101.0,0.0,0.0
2018-06-28,101.0,101.0,101.0,0.0,0.0
2018-06-29,101.0,101.0,101.0,0.0,0.0
2018-06-30,101.0,101.0,101.0,0.0,0.0
2018-07-01,101.0,101.0,101.0,0.0,0.0
2018-07-02,101.0,101.0,101.0,0.0,0.0
2018-07-03,101.0,101.0,101.0,0.0,0.0
2018-07-04,101.0,101.0,101.0,0.0,0.0
2018-07-05,101.0,101.0,101.0,0.0,0.0
2018-07-06,101.0,101.0,101.0,0.0,0.0
2018-07-07,101.0,101.0,101.0,0.0,0.0
2018-07-08,101.0,101.0,101.0,0.0,0.0
2018-07-09,101.0,101.0,101.0,0.0,0.0
2018-07-10,101.0,101.0,101.0,0.0,0.0
2018-07-11,101.0,101.0,101.0,0.0,0.0
2018-07-12,101.0,101.0,101.0,0.0,0.0
2018-07-13,101.0,101.0,101.0,0.0,0.0
2018-07-14,101.0,101.0,101.0,0.0,0.0
2018-07-15,101.0,101.0,101.0,0.0,0.0
2018-07-16,101.0,101.0,101.0,0.0,0.0
2018-07-17,101.0,101.0,101.0,0.0,0.0
2018-07-18,101.0,101.0,101.0,0.0,0.0
2018-07-19,101.0,101.0,101.0,0.0,0.0
2018-07-20,101.0,101.0,101.0,0.0,0.0
2018-07-21,101.0,101.0,101.0,0.0,0.0
2018-07-22,101.0,101.0,101.0,0.0,0.0
2018-07-23,101.0,101.0,101.0,0.0,0.0
2018-07-24,101.0,101.0,101.0,0.0,0.0
2018-07-25,101.0,101.0,101.0,0.0,0.0
2018-07-26,101.0,101.0,101.0,0.0,0.0
2018-07-27,101.0,101.0,101.0,0.0,0.0
2018-07-28,101.0,101.0,101.0,0.0,0.0
2018-07-29,101.0,101.0,101.0,0.0,0.0
2018-07-30,101.0,101.0,101.0,0.0,0.0
2018-07-31,101.0,101.0,101.0,0.0,0.0
2018-08-01,101.0,101.0,101.0,0.0,0.0
2018-08-02,101.0,101.0,101.0,0.0,0.0
2018-08-03,101.0,101.0,101.0,0.0,0.0
2018-08-04,101.0,101.0,101.0,0.0,0.0
2018-08-05,101.0,101.0,101.0,0.0,0.0
2018-08-06,101.0,101.0,101.0,0.0,0.0
2018-08-07,101.0,101.0,101.0,0.0,0.0
2018-08-08,101.0,101.0,101.0,0.0,0.0
2018-08-09,101.0,101.0,101.0,0.0,0.0
2018-08-10,101.0,101.0,101.0,0.0,0.0
2018-08-11,101.0,101.0,101.0,0.0,0.0
2018-08-12,101.0,101.0,101.0,0.0,0.0
2018-08-13,101.0,101.0,101.0,0.0,0.0
2018-08-14,101.0,101.0,101.0,0.0,0.0
2018-08-15,101.0,101.0,101.0,0.0,0.0
2018-08-16,101.0,101.0,101.0,0.0,0.0
2018-08-17,101.0,101.0,101.0,0.0,0.0
2018-08-18,101.0,101.0,101.0,0.0,0.0
2018-08-19,101.0,101.0,101.0,0.0,0.0
2018-08-20,101.0,101.0,101.0,0.0,0.0
2018-08-21,101.0,101.0,101.0,0.0,0.0
2018-08-22,101.0,101.0,101.0,0.0,0.0
2018-08-23,101.0,101.0,101.0,0.0,0.0
2018-08-24,101.0,101.0,101.0,0.0,0.0
2018-08-25,101.0,101.0,101.0,0.0,0.0
2018-08-26,101.0,101.0,101.0,0.0,0.0
2018-08-27,101.0,101.0,101.0,0.0,0.0
2018-08-28,101.0,101.0,101.0,0.0,0.0
2018-08-29,101.0,101.0,101.0,0.0,0.0
2018-08-30,101.0,101.0,101.0,0.0,0.0
2018-08-31,101.0,101.0,101.0,0.0,0.0
2018-09-01,101.0,101.0,101.0,0.0,0.0
2018-09-02,101.0,101.0,101.0,0.0,0.0
2018-09-03,101.0,101.0,101.0,0.0,0.0
2018-09-04,70.0,101.0,101.0,-31.0,-30.6930693069307
2018-09-05,70.0,70.0,101.0,0.0,0.0
2018-09-06,70.0,70.0,70.0,0.0,0.0
2018-09-07,70.0,70.0,70.0,0.0,0.0
2018-09-08,70.0,70.0,70.0,0.0,0.0
2018-09-09,70.0,70.0,70.0,0.0,0.0
2018-09-10,70.0,70.0,70.0,0.0,0.0
2018-09-11,70.0,70.0,70.0,0.0,0.0
2018-09-12,70.0,70.0,70.0,0.0,0.0
2018-09-13,70.0,70.0,70.0,0.0,0.0
2018-09-14,70.0,70.0,70.0,0.0,0.0
2018-09-15,70.0,70.0,70.0,0.0,0.0
2018-09-16,70.0,70.0,70.0,0.0,0.0
2018-09-17,70.0,70.0,70.0,0.0,0.0
2018-09-18,70.0,70.0,70.0,0.0,0.0
2018-09-19,70.0,70.0,70.0,0.0,0.0
2018-09-20,70.0,70.0,70.0,0.0,0.0
2018-09-21,70.0,70.0,70.0,0.0,0.0
2018-09-22,70.0,70.0,70.0,0.0,0.0
2018-09-23,70.0,70.0,70.0,0.0,0.0
2018-09-24,70.0,70.0,70.0,0.0,0.0
2018-09-25,70.0,70.0,70.0,0.0,0.0
2018-09-26,70.0,70.0,70.0,0.0,0.0
2018-09-27,70.0,70.0,70.0,0.0,0.0
2018-09-28,70.0,70.0,70.0,0.0,0.0
2018-09-29,70.0,70.0,70.0,0.0,0.0
2018-09-30,70.0,70.0,70.0,0.0,0.0
2018-10-01,70.0,70.0,70.0,0.0,0.0
2018-10-02,70.0,70.0,70.0,0.0,0.0
2018-10-03,70.0,70.0,70.0,0.0,0.0
2018-10-04,70.0,70.0,70.0,0.0,0.0
2018-10-05,70.0,70.0,70.0,0.0,0.0
2018-10-06,70.0,70.0,70.0,0.0,0.0
2018-10-07,70.0,70.0,70.0,0.0,0.0
2018-10-08,70.0,70.0,70.0,0.0,0.0
2018-10-09,70.0,70.0,70.0,0.0,0.0
2018-10-10,70.0,70.0,70.0,0.0,0.0
2018-10-11,70.0,70.0,70.0,0.0,0.0
2018-10-12,70.0,70.0,70.0,0.0,0.0
2018-10-13,70.0,70.0,70.0,0.0,0.0
2018-10-14,70.0,70.0,70.0,0.0,0.0
2018-10-15,70.0,70.0,70.0,0.0,0.0
2018-10-16,70.0,70.0,70.0,0.0,0.0
2018-10-17,70.0,70.0,70.0,0.0,0.0
2018-10-18,70.0,70.0,70.0,0.0,0.0
2018-10-19,70.0,70.0,70.0,0.0,0.0
2018-10-20,70.0,70.0,70.0,0.0,0.0
2018-10-21,70.0,70.0,70.0,0.0,0.0
2018-10-22,70.0,70.0,70.0,0.0,0.0
2018-10-23,70.0,70.0,70.0,0.0,0.0
2018-10-24,70.0,70.0,70.0,0.0,0.0
2018-10-25,70.0,70.0,70.0,0.0,0.0
2018-10-26,70.0,70.0,70.0,0.0,0.0
2018-10-27,70.0,70.0,70.0,0.0,0.0
2018-10-28,70.0,70.0,70.0,0.0,0.0
2018-10-29,70.0,70.0,70.0,0.0,0.0
2018-10-30,70.0,70.0,70.0,0.0,0.0
2018-10-31,70.0,70.0,70.0,0.0,0.0
2018-11-01,70.0,70.0,70.0,0.0,0.0
2018-11-02,70.0,70.0,70.0,0.0,0.0
2018-11-03,70.0,70.0,70.0,0.0,0.0
2018-11-04,70.0,70.0,70.0,0.0,0.0
2018-11-05,70.0,70.0,70.0,0.0,0.0
2018-11-06,70.0,70.0,70.0,0.0,0.0
2018-11-07,70.0,70.0,70.0,0.0,0.0
2018-11-08,70.0,70.0,70.0,0.0,0.0
2018-11-09,70.0,70.0,70.0,0.0,0.0
2018-11-10,70.0,70.0,70.0,0.0,0.0
2018-11-11,70.0,70.0,70.0,0.0,0.0
2018-11-12,70.0,70.0,70.0,0.0,0.0
2018-11-13,70.0,70.0,70.0,0.0,0.0
2018-11-14,70.0,70.0,70.0,0.0,0.0
2018-11-15,70.0,70.0,70.0,0.0,0.0
2018-11-16,70.0,70.0,70.0,0.0,0.0
2018-11-17,70.0,70.0,70.0,0.0,0.0
2018-11-18,70.0,70.0,70.0,0.0,0.0
2018-11-19,70.0,70.0,70.0,0.0,0.0
2018-11-20,70.0,70.0,70.0,0.0,0.0
2018-11-21,70.0,70.0,70.0,0.0,0.0
2018-11-22,70.0,70.0,70.0,0.0,0.0
2018-11-23,70.0,70.0,70.0,0.0,0.0
2018-11-24,70.0,70.0,70.0,0.0,0.0
2018-11-25,70.0,70.0,70.0,0.0,0.0
2018-11-26,70.0,70.0,70.0,0.0,0.0
2018-11-27,70.0,70.0,70.0,0.0,0.0
2018-11-28,70.0,70.0,70.0,0.0,0.0
2018-11-29,70.0,70.0,70.0,0.0,0.0
2018-11-30,70.0,70.0,70.0,0.0,0.0
2018-12-01,70.0,70.0,70.0,0.0,0.0
2018-12-02,70.0,70.0,70.0,0.0,0.0
2018-12-03,70.0,70.0,70.0,0.0,0.0
2018-12-04,70.0,70.0,70.0,0.0,0.0
2018-12-05,70.0,70.0,70.0,0.0,0.0
2018-12-06,70.0,70.0,70.0,0.0,0.0
2018-12-07,70.0,70.0,70.0,0.0,0.0
2018-12-08,70.0,70.0,70.0,0.0,0.0
2018-12-09,70.0,70.0,70.0,0.0,0.0
2018-12-10,70.0,70.0,70.0,0.0,0.0
2018-12-11,70.0,70.0,70.0,0.0,0.0
2018-12-12,70.0,70.0,70.0,0.0,0.0
2018-12-13,70.0,70.0,70.0,0.0,0.0
2018-12-14,70.0,70.0,70.0,0.0,0.0
2018-12-15,70.0,70.0,70.0,0.0,0.0
2018-12-16,70.0,70.0,70.0,0.0,0.0
2018-12-17,70.0,70.0,70.0,0.0,0.0
2018-12-18,70.0,70.0,70.0,0.0,0.0
2018-12-19,70.0,70.0,70.0,0.0,0.0
2018-12-20,70.0,70.0,70.0,0.0,0.0
2018-12-21,70.0,70.0,70.0,0.0,0.0
2018-12-22,70.0,70.0,70.0,0.0,0.0
2018-12-23,70.0,70.0,70.0,0.0,0.0
2018-12-24,70.0,70.0,70.0,0.0,0.0
2018-12-25,70.0,70.0,70.0,0.0,0.0
2018-12-26,70.0,70.0,70.0,0.0,0.0
2018-12-27,70.0,70.0,70.0,0.0,0.0
2018-12-28,70.0,70.0,70.0,0.0,0.0
2018-12-29,70.0,70.0,70.0,0.0,0.0
2018-12-30,70.0,70.0,70.0,0.0,0.0
2018-12-31,70.0,70.0,70.0,0.0,0.0
2019-01-01,70.0,70.0,70.0,0.0,0.0
2019-01-02,70.0,70.0,70.0,0.0,0.0
2019-01-03,70.0,70.0,70.0,0.0,0.0
2019-01-04,70.0,70.0,70.0,0.0,0.0
2019-01-05,70.0,70.0,70.0,0.0,0.0
2019-01-06,70.0,70.0,70.0,0.0,0.0
2019-01-07,70.0,70.0,70.0,0.0,0.0
2019-01-08,70.0,70.0,70.0,0.0,0.0
2019-01-09,70.0,70.0,70.0,0.0,0.0
2019-01-10,70.0,70.0,70.0,0.0,0.0
2019-01-11,70.0,70.0,70.0,0.0,0.0
2019-01-12,70.0,70.0,70.0,0.0,0.0
2019-01-13,70.0,70.0,70.0,0.0,0.0
2019-01-14,70.0,70.0,70.0,0.0,0.0
2019-01-15,70.0,70.0,70.0,0.0,0.0
2019-01-16,70.0,70.0,70.0,0.0,0.0
2019-01-17,70.0,70.0,70.0,0.0,0.0
2019-01-18,70.0,70.0,70.0,0.0,0.0
2019-01-19,70.0,70.0,70.0,0.0,0.0
2019-01-20,70.0,70.0,70.0,0.0,0.0
2019-01-21,70.0,70.0,70.0,0.0,0.0
2019-01-22,70.0,70.0,70.0,0.0,0.0
2019-01-23,70.0,70.0,70.0,0.0,0.0
2019-01-24,70.0,70.0,70.0,0.0,0.0
2019-01-25,70.0,70.0,70.0,0.0,0.0
2019-01-26,70.0,70.0,70.0,0.0,0.0
2019-01-27,70.0,70.0,70.0,0.0,0.0
2019-01-28,70.0,70.0,70.0,0.0,0.0
2019-01-29,70.0,70.0,70.0,0.0,0.0
2019-01-30,70.0,70.0,70.0,0.0,0.0
2019-01-31,70.0,70.0,70.0,0.0,0.0
2019-02-01,70.0,70.0,70.0,0.0,0.0
2019-02-02,70.0,70.0,70.0,0.0,0.0
2019-02-03,70.0,70.0,70.0,0.0,0.0
2019-02-04,70.0,70.0,70.0,0.0,0.0
2019-02-05,70.0,70.0,70.0,0.0,0.0
2019-02-06,70.0,70.0,70.0,0.0,0.0
2019-02-07,70.0,70.0,70.0,0.0,0.0
2019-02-08,70.0,70.0,70.0,0.0,0.0
2019-02-09,70.0,70.0,70.0,0.0,0.0
2019-02-10,70.0,70.0,70.0,0.0,0.0
2019-02-11,70.0,70.0,70.0,0.0,0.0
2019-02-12,70.0,70.0,70.0,0.0,0.0
2019-02-13,70.0,70.0,70.0,0.0,0.0
2019-02-14,70.0,70.0,70.0,0.0,0.0
2019-02-15,70.0,70.0,70.0,0.0,0.0
2019-02-16,70.0,70.0,70.0,0.0,0.0
2019-02-17,70.0,70.0,70.0,0.0,0.0
2019-02-18,70.0,70.0,70.0,0.0,0.0
2019-02-19,70.0,70.0,70.0,0.0,0.0
2019-02-20,70.0,70.0,70.0,0.0,0.0
2019-02-21,70.0,70.0,70.0,0.0,0.0
2019-02-22,70.0,70.0,70.0,0.0,0.0
2019-02-23,70.0,70.0,70.0,0.0,0.0
2019-02-24,70.0,70.0,70.0,0.0,0.0
2019-02-25,70.0,70.0,70.0,0.0,0.0
2019-02-26,70.0,70.0,70.0,0.0,0.0
2019-02-27,70.0,70.0,70.0,0.0,0.0
2019-02-28,70.0,70.0,70.0,0.0,0.0
2019-03-01,70.0,70.0,70.0,0.0,0.0
2019-03-02,70.0,70.0,70.0,0.0,0.0
2019-03-03,70.0,70.0,70.0,0.0,0.0
2019-03-04,70.0,70.0,70.0,0.0,0.0
2019-03-05,70.0,70.0,70.0,0.0,0.0
2019-03-06,70.0,70.0,70.0,0.0,0.0
2019-03-07,70.0,70.0,70.0,0.0,0.0
2019-03-08,70.0,70.0,70.0,0.0,0.0
2019-03-09,70.0,70.0,70.0,0.0,0.0
2019-03-10,70.0,70.0,70.0,0.0,0.0
2019-03-11,70.0,70.0,70.0,0.0,0.0
2019-03-12,70.0,70.0,70.0,0.0,0.0
2019-03-13,70.0,70.0,70.0,0.0,0.0
2019-03-14,70.0,70.0,70.0,0.0,0.0
2019-03-15,70.0,70.0,70.0,0.0,0.0
2019-03-16,70.0,70.0,70.0,0.0,0.0
2019-03-17,70.0,70.0,70.0,0.0,0.0
2019-03-18,70.0,70.0,70.0,0.0,0.0
2019-03-19,70.0,70.0,70.0,0.0,0.0
2019-03-20,70.0,70.0,70.0,0.0,0.0
2019-03-21,70.0,70.0,70.0,0.0,0.0
2019-03-22,70.0,70.0,70.0,0.0,0.0
2019-03-23,70.0,70.0,70.0,0.0,0.0
2019-03-24,70.0,70.0,70.0,0.0,0.0
2019-03-25,70.0,70.0,70.0,0.0,0.0
2019-03-26,70.0,70.0,70.0,0.0,0.0
2019-03-27,70.0,70.0,70.0,0.0,0.0
2019-03-28,70.0,70.0,70.0,0.0,0.0
2019-03-29,70.0,70.0,70.0,0.0,0.0
2019-03-30,70.0,70.0,70.0,0.0,0.0
2019-03-31,70.0,70.0,70.0,0.0,0.0
2019-04-01,70.0,70.0,70.0,0.0,0.0
2019-04-02,70.0,70.0,70.0,0.0,0.0
2019-04-03,70.0,70.0,70.0,0.0,0.0
2019-04-04,70.0,70.0,70.0,0.0,0.0
2019-04-05,70.0,70.0,70.0,0.0,0.0
2019-04-06,70.0,70.0,70.0,0.0,0.0
2019-04-07,70.0,70.0,70.0,0.0,0.0
2019-04-08,70.0,70.0,70.0,0.0,0.0
2019-04-09,70.0,70.0,70.0,0.0,0.0
2019-04-10,70.0,70.0,70.0,0.0,0.0
2019-04-11,70.0,70.0,70.0,0.0,0.0
2019-04-12,70.0,70.0,70.0,0.0,0.0
2019-04-13,70.0,70.0,70.0,0.0,0.0
2019-04-14,70.0,70.0,70.0,0.0,0.0
2019-04-15,70.0,70.0,70.0,0.0,0.0
2019-04-16,70.0,70.0,70.0,0.0,0.0
2019-04-17,70.0,70.0,70.0,0.0,0.0
2019-04-18,70.0,70.0,70.0,0.0,0.0
2019-04-19,70.0,70.0,70.0,0.0,0.0
2019-04-20,70.0,70.0,70.0,0.0,0.0
2019-04-21,70.0,70.0,70.0,0.0,0.0
2019-04-22,70.0,70.0,70.0,0.0,0.0
2019-04-23,70.0,70.0,70.0,0.0,0.0
2019-04-24,70.0,70.0,70.0,0.0,0.0
2019-04-25,70.0,70.0,70.0,0.0,0.0
2019-04-26,70.0,70.0,70.0,0.0,0.0
2019-04-27,70.0,70.0,70.0,0.0,0.0
2019-04-28,70.0,70.0,70.0,0.0,0.0
2019-04-29,70.0,70.0,70.0,0.0,0.0
2019-04-30,70.0,70.0,70.0,0.0,0.0
2019-05-01,70.0,70.0,70.0,0.0,0.0
2019-05-02,70.0,70.0,70.0,0.0,0.0
2019-05-03,70.0,70.0,70.0,0.0,0.0
2019-05-04,70.0,70.0,70.0,0.0,0.0
2019-05-05,70.0,70.0,70.0,0.0,0.0
2019-05-06,70.0,70.0,70.0,0.0,0.0
2019-05-07,70.0,70.0,70.0,0.0,0.0
2019-05-08,70.0,70.0,70.0,0.0,0.0
2019-05-09,70.0,70.0,70.0,0.0,0.0
2019-05-10,70.0,70.0,70.0,0.0,0.0
2019-05-11,70.0,70.0,70.0,0.0,0.0
2019-05-12,70.0,70.0,70.0,0.0,0.0
2019-05-13,70.0,70.0,70.0,0.0,0.0
2019-05-14,70.0,70.0,70.0,0.0,0.0
2019-05-15,70.0,70.0,70.0,0.0,0.0
2019-05-16,70.0,70.0,70.0,0.0,0.0
2019-05-17,70.0,70.0,70.0,0.0,0.0
2019-05-18,70.0,70.0,70.0,0.0,0.0
2019-05-19,70.0,70.0,70.0,0.0,0.0
2019-05-20,70.0,70.0,70.0,0.0,0.0
2019-05-21,70.0,70.0,70.0,0.0,0.0
2019-05-22,70.0,70.0,70.0,0.0,0.0
2019-05-23,70.0,70.0,70.0,0.0,0.0
2019-05-24,70.0,70.0,70.0,0.0,0.0
2019-05-25,70.0,70.0,70.0,0.0,0.0
2019-05-26,70.0,70.0,70.0,0.0,0.0
2019-05-27,70.0,70.0,70.0,0.0,0.0
2019-05-28,70.0,70.0,70.0,0.0,0.0
2019-05-29,70.0,70.0,70.0,0.0,0.0
2019-05-30,70.0,70.0,70.0,0.0,0.0
2019-05-31,70.0,70.0,70.0,0.0,0.0
2019-06-01,70.0,70.0,70.0,0.0,0.0
2019-06-02,70.0,70.0,70.0,0.0,0.0
2019-06-03,70.0,70.0,70.0,0.0,0.0
2019-06-04,70.0,70.0,70.0,0.0,0.0
2019-06-05,70.0,70.0,70.0,0.0,0.0
2019-06-06,70.0,70.0,70.0,0.0,0.0
2019-06-07,70.0,70.0,70.0,0.0,0.0
2019-06-08,70.0,70.0,70.0,0.0,0.0
2019-06-09,70.0,70.0,70.0,0.0,0.0
2019-06-10,70.0,70.0,70.0,0.0,0.0
2019-06-11,70.0,70.0,70.0,0.0,0.0
2019-06-12,70.0,70.0,70.0,0.0,0.0
2019-06-13,70.0,70.0,70.0,0.0,0.0
2019-06-14,70.0,70.0,70.0,0.0,0.0
2019-06-15,70.0,70.0,70.0,0.0,0.0
2019-06-16,70.0,70.0,70.0,0.0,0.0
2019-06-17,70.0,70.0,70.0,0.0,0.0
2019-06-18,70.0,70.0,70.0,0.0,0.0
2019-06-19,70.0,70.0,70.0,0.0,0.0
2019-06-20,70.0,70.0,70.0,0.0,0.0
2019-06-21,70.0,70.0,70.0,0.0,0.0
2019-06-22,70.0,70.0,70.0,0.0,0.0
2019-06-23,70.0,70.0,70.0,0.0,0.0
2019-06-24,70.0,70.0,70.0,0.0,0.0
2019-06-25,70.0,70.0,70.0,0.0,0.0
2019-06-26,70.0,70.0,70.0,0.0,0.0
2019-06-27,70.0,70.0,70.0,0.0,0.0
2019-06-28,70.0,70.0,70.0,0.0,0.0
2019-06-29,70.0,70.0,70.0,0.0,0.0
2019-06-30,70.0,70.0,70.0,0.0,0.0
2019-07-01,70.0,70.0,70.0,0.0,0.0
2019-07-02,70.0,70.0,70.0,0.0,0.0
2019-07-03,70.0,70.0,70.0,0.0,0.0
2019-07-04,70.0,70.0,70.0,0.0,0.0
2019-07-05,70.0,70.0,70.0,0.0,0.0
2019-07-06,70.0,70.0,70.0,0.0,0.0
2019-07-07,70.0,70.0,70.0,0.0,0.0
2019-07-08,70.0,70.0,70.0,0.0,0.0
2019-07-09,70.0,70.0,70.0,0.0,0.0
2019-07-10,70.0,70.0,70.0,0.0,0.0
2019-07-11,70.0,70.0,70.0,0.0,0.0
2019-07-12,70.0,70.0,70.0,0.0,0.0
2019-07-13,70.0,70.0,70.0,0.0,0.0
2019-07-14,70.0,70.0,70.0,0.0,0.0
2019-07-15,70.0,70.0,70.0,0.0,0.0
2019-07-16,70.0,70.0,70.0,0.0,0.0
2019-07-17,70.0,70.0,70.0,0.0,0.0
2019-07-18,70.0,70.0,70.0,0.0,0.0
2019-07-19,70.0,70.0,70.0,0.0,0.0
2019-07-20,70.0,70.0,70.0,0.0,0.0
2019-07-21,70.0,70.0,70.0,0.0,0.0
2019-07-22,70.0,70.0,70.0,0.0,0.0
2019-07-23,70.0,70.0,70.0,0.0,0.0
2019-07-24,70.0,70.0,70.0,0.0,0.0
2019-07-25,70.0,70.0,70.0,0.0,0.0
2019-07-26,70.0,70.0,70.0,0.0,0.0
2019-07-27,70.0,70.0,70.0,0.0,0.0
2019-07-28,70.0,70.0,70.0,0.0,0.0
2019-07-29,70.0,70.0,70.0,0.0,0.0
2019-07-30,70.0,70.0,70.0,0.0,0.0
2019-07-31,70.0,70.0,70.0,0.0,0.0
2019-08-01,70.0,70.0,70.0,0.0,0.0
2019-08-02,70.0,70.0,70.0,0.0,0.0
2019-08-03,70.0,70.0,70.0,0.0,0.0
2019-08-04,70.0,70.0,70.0,0.0,0.0
2019-08-05,70.0,70.0,70.0,0.0,0.0
2019-08-06,70.0,70.0,70.0,0.0,0.0
2019-08-07,70.0,70.0,70.0,0.0,0.0
2019-08-08,70.0,70.0,70.0,0.0,0.0
2019-08-09,70.0,70.0,70.0,0.0,0.0
2019-08-10,70.0,70.0,70.0,0.0,0.0
2019-08-11,70.0,70.0,70.0,0.0,0.0
2019-08-12,70.0,70.0,70.0,0.0,0.0
2019-08-13,70.0,70.0,70.0,0.0,0.0
2019-08-14,70.0,70.0,70.0,0.0,0.0
2019-08-15,70.0,70.0,70.0,0.0,0.0
2019-08-16,70.0,70.0,70.0,0.0,0.0
2019-08-17,70.0,70.0,70.0,0.0,0.0
2019-08-18,70.0,70.0,70.0,0.0,0.0
2019-08-19,70.0,70.0,70.0,0.0,0.0
2019-08-20,70.0,70.0,70.0,0.0,0.0
2019-08-21,70.0,70.0,70.0,0.0,0.0
2019-08-22,70.0,70.0,70.0,0.0,0.0
2019-08-23,70.0,70.0,70.0,0.0,0.0
2019-08-24,70.0,70.0,70.0,0.0,0.0
2019-08-25,70.0,70.0,70.0,0.0,0.0
2019-08-26,70.0,70.0,70.0,0.0,0.0
2019-08-27,70.0,70.0,70.0,0.0,0.0
2019-08-28,70.0,70.0,70.0,0.0,0.0
2019-08-29,70.0,70.0,70.0,0.0,0.0
2019-08-30,70.0,70.0,70.0,0.0,0.0
2019-08-31,70.0,70.0,70.0,0.0,0.0
2019-09-01,70.0,70.0,70.0,0.0,0.0
2019-09-02,70.0,70.0,70.0,0.0,0.0
2019-09-03,70.0,70.0,70.0,0.0,0.0
2019-09-04,70.0,70.0,70.0,0.0,0.0
2019-09-05,70.0,70.0,70.0,0.0,0.0
2019-09-06,70.0,70.0,70.0,0.0,0.0
2019-09-07,70.0,70.0,70.0,0.0,0.0
2019-09-08,70.0,70.0,70.0,0.0,0.0
2019-09-09,70.0,70.0,70.0,0.0,0.0
2019-09-10,70.0,70.0,70.0,0.0,0.0
2019-09-11,70.0,70.0,70.0,0.0,0.0
2019-09-12,70.0,70.0,70.0,0.0,0.0
2019-09-13,70.0,70.0,70.0,0.0,0.0
2019-09-14,70.0,70.0,70.0,0.0,0.0
2019-09-15,70.0,70.0,70.0,0.0,0.0
2019-09-16,70.0,70.0,70.0,0.0,0.0
2019-09-17,70.0,70.0,70.0,0.0,0.0
2019-09-18,70.0,70.0,70.0,0.0,0.0
2019-09-19,70.0,70.0,70.0,0.0,0.0
2019-09-20,70.0,70.0,70.0,0.0,0.0
2019-09-21,70.0,70.0,70.0,0.0,0.0
2019-09-22,70.0,70.0,70.0,0.0,0.0
2019-09-23,70.0,70.0,70.0,0.0,0.0
2019-09-24,70.0,70.0,70.0,0.0,0.0
2019-09-25,70.0,70.0,70.0,0.0,0.0
2019-09-26,70.0,70.0,70.0,0.0,0.0
2019-09-27,70.0,70.0,70.0,0.0,0.0
2019-09-28,70.0,70.0,70.0,0.0,0.0
2019-09-29,70.0,70.0,70.0,0.0,0.0
2019-09-30,70.0,70.0,70.0,0.0,0.0
2019-10-01,70.0,70.0,70.0,0.0,0.0
2019-10-02,70.0,70.0,70.0,0.0,0.0
2019-10-03,70.0,70.0,70.0,0.0,0.0
2019-10-04,70.0,70.0,70.0,0.0,0.0
2019-10-05,70.0,70.0,70.0,0.0,0.0
2019-10-06,70.0,70.0,70.0,0.0,0.0
2019-10-07,70.0,70.0,70.0,0.0,0.0
2019-10-08,70.0,70.0,70.0,0.0,0.0
2019-10-09,70.0,70.0,70.0,0.0,0.0
2019-10-10,70.0,70.0,70.0,0.0,0.0
2019-10-11,70.0,70.0,70.0,0.0,0.0
2019-10-12,70.0,70.0,70.0,0.0,0.0
2019-10-13,70.0,70.0,70.0,0.0,0.0
2019-10-14,70.0,70.0,70.0,0.0,0.0
2019-10-15,70.0,70.0,70.0,0.0,0.0
2019-10-16,70.0,70.0,70.0,0.0,0.0
2019-10-17,70.0,70.0,70.0,0.0,0.0
2019-10-18,70.0,70.0,70.0,0.0,0.0
2019-10-19,70.0,70.0,70.0,0.0,0.0
2019-10-20,70.0,70.0,70.0,0.0,0.0
2019-10-21,70.0,70.0,70.0,0.0,0.0
2019-10-22,70.0,70.0,70.0,0.0,0.0
2019-10-23,70.0,70.0,70.0,0.0,0.0
2019-10-24,70.0,70.0,70.0,0.0,0.0
2019-10-25,70.0,70.0,70.0,0.0,0.0
2019-10-26,70.0,70.0,70.0,0.0,0.0
2019-10-27,70.0,70.0,70.0,0.0,0.0
2019-10-28,70.0,70.0,70.0,0.0,0.0
2019-10-29,70.0,70.0,70.0,0.0,0.0
2019-10-30,70.0,70.0,70.0,0.0,0.0
2019-10-31,70.0,70.0,70.0,0.0,0.0
2019-11-01,70.0,70.0,70.0,0.0,0.0
2019-11-02,70.0,70.0,70.0,0.0,0.0
2019-11-03,70.0,70.0,70.0,0.0,0.0
2019-11-04,70.0,70.0,70.0,0.0,0.0
2019-11-05,70.0,70.0,70.0,0.0,0.0
2019-11-06,70.0,70.0,70.0,0.0,0.0
2019-11-07,70.0,70.0,70.0,0.0,0.0
2019-11-08,70.0,70.0,70.0,0.0,0.0
2019-11-09,70.0,70.0,70.0,0.0,0.0
2019-11-10,70.0,70.0,70.0,0.0,0.0
2019-11-11,70.0,70.0,70.0,0.0,0.0
2019-11-12,70.0,70.0,70.0,0.0,0.0
2019-11-13,70.0,70.0,70.0,0.0,0.0
2019-11-14,70.0,70.0,70.0,0.0,0.0
2019-11-15,70.0,70.0,70.0,0.0,0.0
2019-11-16,70.0,70.0,70.0,0.0,0.0
2019-11-17,70.0,70.0,70.0,0.0,0.0
2019-11-18,70.0,70.0,70.0,0.0,0.0
2019-11-19,70.0,70.0,70.0,0.0,0.0
2019-11-20,70.0,70.0,70.0,0.0,0.0
2019-11-21,70.0,70.0,70.0,0.0,0.0
2019-11-22,70.0,70.0,70.0,0.0,0.0
2019-11-23,70.0,70.0,70.0,0.0,0.0
2019-11-24,70.0,70.0,70.0,0.0,0.0
2019-11-25,70.0,70.0,70.0,0.0,0.0
2019-11-26,70.0,70.0,70.0,0.0,0.0
2019-11-27,70.0,70.0,70.0,0.0,0.0
2019-11-28,70.0,70.0,70.0,0.0,0.0
2019-11-29,70.0,70.0,70.0,0.0,0.0
2019-11-30,70.0,70.0,70.0,0.0,0.0
2019-12-01,70.0,70.0,70.0,0.0,0.0
2019-12-02,70.0,70.0,70.0,0.0,0.0
2019-12-03,70.0,70.0,70.0,0.0,0.0
2019-12-04,70.0,70.0,70.0,0.0,0.0
2019-12-05,70.0,70.0,70.0,0.0,0.0
2019-12-06,70.0,70.0,70.0,0.0,0.0
2019-12-07,70.0,70.0,70.0,0.0,0.0
2019-12-08,70.0,70.0,70.0,0.0,0.0
2019-12-09,70.0,70.0,70.0,0.0,0.0
2019-12-10,70.0,70.0,70.0,0.0,0.0
2019-12-11,70.0,70.0,70.0,0.0,0.0
2019-12-12,70.0,70.0,70.0,0.0,0.0
2019-12-13,70.0,70.0,70.0,0.0,0.0
2019-12-14,70.0,70.0,70.0,0.0,0.0
2019-12-15,70.0,70.0,70.0,0.0,0.0
2019-12-16,70.0,70.0,70.0,0.0,0.0
2019-12-17,70.0,70.0,70.0,0.0,0.0
2019-12-18,70.0,70.0,70.0,0.0,0.0
2019-12-19,70.0,70.0,70.0,0.0,0.0
2019-12-20,70.0,70.0,70.0,0.0,0.0
2019-12-21,70.0,70.0,70.0,0.0,0.0
2019-12-22,70.0,70.0,70.0,0.0,0.0
2019-12-23,70.0,70.0,70.0,0.0,0.0
2019-12-24,70.0,70.0,70.0,0.0,0.0
2019-12-25,70.0,70.0,70.0,0.0,0.0
2019-12-26,70.0,70.0,70.0,0.0,0.0
2019-12-27,70.0,70.0,70.0,0.0,0.0
2019-12-28,70.0,70.0,70.0,0.0,0.0
2019-12-29,70.0,70.0,70.0,0.0,0.0
2019-12-30,70.0,70.0,70.0,0.0,0.0
2019-12-31,70.0,70.0,70.0,0.0,0.0
2020-01-01,70.0,70.0,70.0,0.0,0.0
2020-01-02,70.0,70.0,70.0,0.0,0.0
2020-01-03,70.0,70.0,70.0,0.0,0.0
2020-01-04,70.0,70.0,70.0,0.0,0.0
2020-01-05,70.0,70.0,70.0,0.0,0.0
2020-01-06,70.0,70.0,70.0,0.0,0.0
2020-01-07,70.0,70.0,70.0,0.0,0.0
2020-01-08,70.0,70.0,70.0,0.0,0.0
2020-01-09,70.0,70.0,70.0,0.0,0.0
2020-01-10,70.0,70.0,70.0,0.0,0.0
2020-01-11,70.0,70.0,70.0,0.0,0.0
2020-01-12,70.0,70.0,70.0,0.0,0.0
2020-01-13,70.0,70.0,70.0,0.0,0.0
2020-01-14,70.0,70.0,70.0,0.0,0.0
2020-01-15,70.0,70.0,70.0,0.0,0.0
2020-01-16,70.0,70.0,70.0,0.0,0.0
2020-01-17,70.0,70.0,70.0,0.0,0.0
2020-01-18,70.0,70.0,70.0,0.0,0.0
2020-01-19,70.0,70.0,70.0,0.0,0.0
2020-01-20,70.0,70.0,70.0,0.0,0.0
2020-01-21,70.0,70.0,70.0,0.0,0.0
2020-01-22,70.0,70.0,70.0,0.0,0.0
2020-01-23,70.0,70.0,70.0,0.0,0.0
2020-01-24,70.0,70.0,70.0,0.0,0.0
2020-01-25,70.0,70.0,70.0,0.0,0.0
2020-01-26,70.0,70.0,70.0,0.0,0.0
2020-01-27,70.0,70.0,70.0,0.0,0.0
2020-01-28,70.0,70.0,70.0,0.0,0.0
2020-01-29,70.0,70.0,70.0,0.0,0.0
2020-01-30,70.0,70.0,70.0,0.0,0.0
2020-01-31,70.0,70.0,70.0,0.0,0.0
2020-02-01,70.0,70.0,70.0,0.0,0.0
2020-02-02,70.0,70.0,70.0,0.0,0.0
2020-02-03,70.0,70.0,70.0,0.0,0.0
2020-02-04,70.0,70.0,70.0,0.0,0.0
2020-02-05,70.0,70.0,70.0,0.0,0.0
2020-02-06,70.0,70.0,70.0,0.0,0.0
2020-02-07,70.0,70.0,70.0,0.0,0.0
2020-02-08,70.0,70.0,70.0,0.0,0.0
2020-02-09,70.0,70.0,70.0,0.0,0.0
2020-02-10,70.0,70.0,70.0,0.0,0.0
2020-02-11,70.0,70.0,70.0,0.0,0.0
2020-02-12,70.0,70.0,70.0,0.0,0.0
2020-02-13,70.0,70.0,70.0,0.0,0.0
2020-02-14,70.0,70.0,70.0,0.0,0.0
2020-02-15,70.0,70.0,70.0,0.0,0.0
2020-02-16,70.0,70.0,70.0,0.0,0.0
2020-02-17,70.0,70.0,70.0,0.0,0.0
2020-02-18,70.0,70.0,70.0,0.0,0.0
2020-02-19,70.0,70.0,70.0,0.0,0.0
2020-02-20,70.0,70.0,70.0,0.0,0.0
2020-02-21,70.0,70.0,70.0,0.0,0.0
2020-02-22,70.0,70.0,70.0,0.0,0.0
2020-02-23,70.0,70.0,70.0,0.0,0.0
2020-02-24,70.0,70.0,70.0,0.0,0.0
2020-02-25,70.0,70.0,70.0,0.0,0.0
2020-02-26,70.0,70.0,70.0,0.0,0.0
2020-02-27,70.0,70.0,70.0,0.0,0.0
2020-02-28,70.0,70.0,70.0,0.0,0.0
2020-02-29,70.0,70.0,70.0,0.0,0.0
2020-03-01,70.0,70.0,70.0,0.0,0.0
2020-03-02,70.0,70.0,70.0,0.0,0.0
2020-03-03,70.0,70.0,70.0,0.0,0.0
2020-03-04,70.0,70.0,70.0,0.0,0.0
2020-03-05,70.0,70.0,70.0,0.0,0.0
2020-03-06,70.0,70.0,70.0,0.0,0.0
2020-03-07,70.0,70.0,70.0,0.0,0.0
2020-03-08,70.0,70.0,70.0,0.0,0.0
2020-03-09,70.0,70.0,70.0,0.0,0.0
2020-03-10,70.0,70.0,70.0,0.0,0.0
2020-03-11,70.0,70.0,70.0,0.0,0.0
2020-03-12,70.0,70.0,70.0,0.0,0.0
2020-03-13,70.0,70.0,70.0,0.0,0.0
2020-03-14,70.0,70.0,70.0,0.0,0.0
2020-03-15,70.0,70.0,70.0,0.0,0.0
2020-03-16,70.0,70.0,70.0,0.0,0.0
2020-03-17,70.0,70.0,70.0,0.0,0.0
2020-03-18,70.0,70.0,70.0,0.0,0.0
2020-03-19,70.0,70.0,70.0,0.0,0.0
2020-03-20,70.0,70.0,70.0,0.0,0.0
2020-03-21,70.0,70.0,70.0,0.0,0.0
2020-03-22,70.0,70.0,70.0,0.0,0.0
2020-03-23,70.0,70.0,70.0,0.0,0.0
2020-03-24,70.0,70.0,70.0,0.0,0.0
2020-03-25,70.0,70.0,70.0,0.0,0.0
2020-03-26,70.0,70.0,70.0,0.0,0.0
2020-03-27,70.0,70.0,70.0,0.0,0.0
2020-03-28,70.0,70.0,70.0,0.0,0.0
2020-03-29,70.0,70.0,70.0,0.0,0.0
2020-03-30,70.0,70.0,70.0,0.0,0.0
2020-03-31,70.0,70.0,70.0,0.0,0.0
2020-04-01,70.0,70.0,70.0,0.0,0.0
2020-04-02,70.0,70.0,70.0,0.0,0.0
2020-04-03,70.0,70.0,70.0,0.0,0.0
2020-04-04,70.0,70.0,70.0,0.0,0.0
2020-04-05,70.0,70.0,70.0,0.0,0.0
2020-04-06,70.0,70.0,70.0,0.0,0.0
2020-04-07,70.0,70.0,70.0,0.0,0.0
2020-04-08,70.0,70.0,70.0,0.0,0.0
2020-04-09,70.0,70.0,70.0,0.0,0.0
2020-04-10,70.0,70.0,70.0,0.0,0.0
2020-04-11,70.0,70.0,70.0,0.0,0.0
2020-04-12,70.0,70.0,70.0,0.0,0.0
2020-04-13,70.0,70.0,70.0,0.0,0.0
2020-04-14,70.0,70.0,70.0,0.0,0.0
2020-04-15,70.0,70.0,70.0,0.0,0.0
2020-04-16,70.0,70.0,70.0,0.0,0.0
2020-04-17,70.0,70.0,70.0,0.0,0.0
2020-04-18,70.0,70.0,70.0,0.0,0.0
2020-04-19,70.0,70.0,70.0,0.0,0.0
2020-04-20,70.0,70.0,70.0,0.0,0.0
2020-04-21,70.0,70.0,70.0,0.0,0.0
2020-04-22,70.0,70.0,70.0,0.0,0.0
2020-04-23,70.0,70.0,70.0,0.0,0.0
2020-04-24,70.0,70.0,70.0,0.0,0.0
2020-04-25,70.0,70.0,70.0,0.0,0.0
2020-04-26,70.0,70.0,70.0,0.0,0.0
2020-04-27,70.0,70.0,70.0,0.0,0.0
2020-04-28,70.0,70.0,70.0,0.0,0.0
2020-04-29,70.0,70.0,70.0,0.0,0.0
2020-04-30,70.0,70.0,70.0,0.0,0.0
2020-05-01,70.0,70.0,70.0,0.0,0.0
2020-05-02,70.0,70.0,70.0,0.0,0.0
2020-05-03,70.0,70.0,70.0,0.0,0.0
2020-05-04,70.0,70.0,70.0,0.0,0.0
2020-05-05,70.0,70.0,70.0,0.0,0.0
2020-05-06,70.0,70.0,70.0,0.0,0.0
2020-05-07,70.0,70.0,70.0,0.0,0.0
2020-05-08,70.0,70.0,70.0,0.0,0.0
2020-05-09,70.0,70.0,70.0,0.0,0.0
2020-05-10,70.0,70.0,70.0,0.0,0.0
2020-05-11,70.0,70.0,70.0,0.0,0.0
2020-05-12,70.0,70.0,70.0,0.0,0.0
2020-05-13,70.0,70.0,70.0,0.0,0.0
2020-05-14,70.0,70.0,70.0,0.0,0.0
2020-05-15,70.0,70.0,70.0,0.0,0.0
2020-05-16,70.0,70.0,70.0,0.0,0.0
2020-05-17,70.0,70.0,70.0,0.0,0.0
2020-05-18,70.0,70.0,70.0,0.0,0.0
2020-05-19,70.0,70.0,70.0,0.0,0.0
2020-05-20,70.0,70.0,70.0,0.0,0.0
2020-05-21,70.0,70.0,70.0,0.0,0.0
2020-05-22,70.0,70.0,70.0,0.0,0.0
2020-05-23,70.0,70.0,70.0,0.0,0.0
2020-05-24,70.0,70.0,70.0,0.0,0.0
2020-05-25,70.0,70.0,70.0,0.0,0.0
2020-05-26,70.0,70.0,70.0,0.0,0.0
2020-05-27,70.0,70.0,70.0,0.0,0.0
2020-05-28,70.0,70.0,70.0,0.0,0.0
2020-05-29,70.0,70.0,70.0,0.0,0.0
2020-05-30,70.0,70.0,70.0,0.0,0.0
2020-05-31,70.0,70.0,70.0,0.0,0.0
2020-06-01,70.0,70.0,70.0,0.0,0.0
2020-06-02,70.0,70.0,70.0,0.0,0.0
2020-06-03,70.0,70.0,70.0,0.0,0.0
2020-06-04,70.0,70.0,70.0,0.0,0.0
2020-06-05,70.0,70.0,70.0,0.0,0.0
2020-06-06,70.0,70.0,70.0,0.0,0.0
2020-06-07,70.0,70.0,70.0,0.0,0.0
2020-06-08,70.0,70.0,70.0,0.0,0.0
2020-06-09,70.0,70.0,70.0,0.0,0.0
2020-06-10,70.0,70.0,70.0,0.0,0.0
2020-06-11,70.0,70.0,70.0,0.0,0.0
2020-06-12,70.0,70.0,70.0,0.0,0.0
2020-06-13,70.0,70.0,70.0,0.0,0.0
2020-06-14,70.0,70.0,70.0,0.0,0.0
2020-06-15,70.0,70.0,70.0,0.0,0.0
2020-06-16,70.0,70.0,70.0,0.0,0.0
2020-06-17,70.0,70.0,70.0,0.0,0.0
2020-06-18,70.0,70.0,70.0,0.0,0.0
2020-06-19,70.0,70.0,70.0,0.0,0.0
2020-06-20,70.0,70.0,70.0,0.0,0.0
2020-06-21,70.0,70.0,70.0,0.0,0.0
2020-06-22,70.0,70.0,70.0,0.0,0.0
2020-06-23,70.0,70.0,70.0,0.0,0.0
2020-06-24,70.0,70.0,70.0,0.0,0.0
2020-06-25,70.0,70.0,70.0,0.0,0.0
2020-06-26,70.0,70.0,70.0,0.0,0.0
2020-06-27,70.0,70.0,70.0,0.0,0.0
2020-06-28,70.0,70.0,70.0,0.0,0.0
2020-06-29,70.0,70.0,70.0,0.0,0.0
2020-06-30,70.0,70.0,70.0,0.0,0.0
2020-07-01,70.0,70.0,70.0,0.0,0.0
2020-07-02,70.0,70.0,70.0,0.0,0.0
2020-07-03,70.0,70.0,70.0,0.0,0.0
2020-07-04,70.0,70.0,70.0,0.0,0.0
2020-07-05,70.0,70.0,70.0,0.0,0.0
2020-07-06,70.0,70.0,70.0,0.0,0.0
2020-07-07,70.0,70.0,70.0,0.0,0.0
2020-07-08,70.0,70.0,70.0,0.0,0.0
2020-07-09,70.0,70.0,70.0,0.0,0.0
2020-07-10,70.0,70.0,70.0,0.0,0.0
2020-07-11,70.0,70.0,70.0,0.0,0.0
2020-07-12,70.0,70.0,70.0,0.0,0.0
2020-07-13,70.0,70.0,70.0,0.0,0.0
2020-07-14,70.0,70.0,70.0,0.0,0.0
2020-07-15,70.0,70.0,70.0,0.0,0.0
2020-07-16,70.0,70.0,70.0,0.0,0.0
2020-07-17,70.0,70.0,70.0,0.0,0.0
2020-07-18,70.0,70.0,70.0,0.0,0.0
2020-07-19,70.0,70.0,70.0,0.0,0.0
2020-07-20,70.0,70.0,70.0,0.0,0.0
2020-07-21,70.0,70.0,70.0,0.0,0.0
2020-07-22,70.0,70.0,70.0,0.0,0.0
2020-07-23,70.0,70.0,70.0,0.0,0.0
2020-07-24,70.0,70.0,70.0,0.0,0.0
2020-07-25,70.0,70.0,70.0,0.0,0.0
2020-07-26,70.0,70.0,70.0,0.0,0.0
2020-07-27,70.0,70.0,70.0,0.0,0.0
2020-07-28,70.0,70.0,70.0,0.0,0.0
2020-07-29,70.0,70.0,70.0,0.0,0.0
2020-07-30,70.0,70.0,70.0,0.0,0.0
2020-07-31,70.0,70.0,70.0,0.0,0.0
2020-08-01,70.0,70.0,70.0,0.0,0.0
2020-08-02,70.0,70.0,70.0,0.0,0.0
2020-08-03,70.0,70.0,70.0,0.0,0.0
2020-08-04,70.0,70.0,70.0,0.0,0.0
2020-08-05,70.0,70.0,70.0,0.0,0.0
2020-08-06,70.0,70.0,70.0,0.0,0.0
2020-08-07,70.0,70.0,70.0,0.0,0.0
2020-08-08,70.0,70.0,70.0,0.0,0.0
2020-08-09,70.0,70.0,70.0,0.0,0.0
2020-08-10,70.0,70.0,70.0,0.0,0.0
2020-08-11,70.0,70.0,70.0,0.0,0.0
2020-08-12,70.0,70.0,70.0,0.0,0.0
2020-08-13,70.0,70.0,70.0,0.0,0.0
2020-08-14,70.0,70.0,70.0,0.0,0.0
2020-08-15,70.0,70.0,70.0,0.0,0.0
2020-08-16,70.0,70.0,70.0,0.0,0.0
2020-08-17,70.0,70.0,70.0,0.0,0.0
2020-08-18,70.0,70.0,70.0,0.0,0.0
2020-08-19,70.0,70.0,70.0,0.0,0.0
2020-08-20,70.0,70.0,70.0,0.0,0.0
2020-08-21,70.0,70.0,70.0,0.0,0.0
2020-08-22,70.0,70.0,70.0,0.0,0.0
2020-08-23,70.0,70.0,70.0,0.0,0.0
2020-08-24,70.0,70.0,70.0,0.0,0.0
2020-08-25,70.0,70.0,70.0,0.0,0.0
2020-08-26,70.0,70.0,70.0,0.0,0.0
2020-08-27,70.0,70.0,70.0,0.0,0.0
2020-08-28,70.0,70.0,70.0,0.0,0.0
2020-08-29,70.0,70.0,70.0,0.0,0.0
2020-08-30,70.0,70.0,70.0,0.0,0.0
2020-08-31,70.0,70.0,70.0,0.0,0.0
2020-09-01,70.0,70.0,70.0,0.0,0.0
2020-09-02,70.0,70.0,70.0,0.0,0.0
2020-09-03,70.0,70.0,70.0,0.0,0.0
2020-09-04,70.0,70.0,70.0,0.0,0.0
2020-09-05,70.0,70.0,70.0,0.0,0.0
2020-09-06,70.0,70.0,70.0,0.0,0.0
2020-09-07,70.0,70.0,70.0,0.0,0.0
2020-09-08,70.0,70.0,70.0,0.0,0.0
2020-09-09,70.0,70.0,70.0,0.0,0.0
2020-09-10,70.0,70.0,70.0,0.0,0.0
2020-09-11,70.0,70.0,70.0,0.0,0.0
2020-09-12,70.0,70.0,70.0,0.0,0.0
2020-09-13,70.0,70.0,70.0,0.0,0.0
2020-09-14,70.0,70.0,70.0,0.0,0.0
2020-09-15,70.0,70.0,70.0,0.0,0.0
2020-09-16,70.0,70.0,70.0,0.0,0.0
2020-09-17,70.0,70.0,70.0,0.0,0.0
2020-09-18,70.0,70.0,70.0,0.0,0.0
2020-09-19,70.0,70.0,70.0,0.0,0.0
2020-09-20,70.0,70.0,70.0,0.0,0.0
2020-09-21,70.0,70.0,70.0,0.0,0.0
2020-09-22,70.0,70.0,70.0,0.0,0.0
2020-09-23,70.0,70.0,70.0,0.0,0.0
2020-09-24,70.0,70.0,70.0,0.0,0.0
2020-09-25,70.0,70.0,70.0,0.0,0.0
2020-09-26,70.0,70.0,70.0,0.0,0.0
2020-09-27,70.0,70.0,70.0,0.0,0.0
2020-09-28,70.0,70.0,70.0,0.0,0.0
2020-09-29,70.0,70.0,70.0,0.0,0.0
2020-09-30,70.0,70.0,70.0,0.0,0.0
2020-10-01,70.0,70.0,70.0,0.0,0.0
2020-10-02,70.0,70.0,70.0,0.0,0.0
2020-10-03,70.0,70.0,70.0,0.0,0.0
2020-10-04,70.0,70.0,70.0,0.0,0.0
2020-10-05,70.0,70.0,70.0,0.0,0.0
2020-10-06,70.0,70.0,70.0,0.0,0.0
2020-10-07,70.0,70.0,70.0,0.0,0.0
2020-10-08,70.0,70.0,70.0,0.0,0.0
2020-10-09,70.0,70.0,70.0,0.0,0.0
2020-10-10,70.0,70.0,70.0,0.0,0.0
2020-10-11,70.0,70.0,70.0,0.0,0.0
2020-10-12,70.0,70.0,70.0,0.0,0.0
2020-10-13,70.0,70.0,70.0,0.0,0.0
2020-10-14,70.0,70.0,70.0,0.0,0.0
2020-10-15,70.0,70.0,70.0,0.0,0.0
2020-10-16,70.0,70.0,70.0,0.0,0.0
2020-10-17,70.0,70.0,70.0,0.0,0.0
2020-10-18,70.0,70.0,70.0,0.0,0.0
2020-10-19,70.0,70.0,70.0,0.0,0.0
2020-10-20,70.0,70.0,70.0,0.0,0.0
2020-10-21,70.0,70.0,70.0,0.0,0.0
2020-10-22,70.0,70.0,70.0,0.0,0.0
2020-10-23,70.0,70.0,70.0,0.0,0.0
2020-10-24,70.0,70.0,70.0,0.0,0.0
2020-10-25,70.0,70.0,70.0,0.0,0.0
2020-10-26,70.0,70.0,70.0,0.0,0.0
2020-10-27,70.0,70.0,70.0,0.0,0.0
2020-10-28,70.0,70.0,70.0,0.0,0.0
2020-10-29,70.0,70.0,70.0,0.0,0.0
2020-10-30,70.0,70.0,70.0,0.0,0.0
2020-10-31,70.0,70.0,70.0,0.0,0.0
2020-11-01,70.0,70.0,70.0,0.0,0.0
2020-11-02,70.0,70.0,70.0,0.0,0.0
2020-11-03,70.0,70.0,70.0,0.0,0.0
2020-11-04,70.0,70.0,70.0,0.0,0.0
2020-11-05,70.0,70.0,70.0,0.0,0.0
2020-11-06,70.0,70.0,70.0,0.0,0.0
2020-11-07,70.0,70.0,70.0,0.0,0.0
2020-11-08,70.0,70.0,70.0,0.0,0.0
2020-11-09,70.0,70.0,70.0,0.0,0.0
2020-11-10,70.0,70.0,70.0,0.0,0.0
2020-11-11,70.0,70.0,70.0,0.0,0.0
2020-11-12,70.0,70.0,70.0,0.0,0.0
2020-11-13,70.0,70.0,70.0,0.0,0.0
2020-11-14,70.0,70.0,70.0,0.0,0.0
2020-11-15,70.0,70.0,70.0,0.0,0.0
2020-11-16,70.0,70.0,70.0,0.0,0.0
2020-11-17,70.0,70.0,70.0,0.0,0.0
2020-11-18,70.0,70.0,70.0,0.0,0.0
2020-11-19,70.0,70.0,70.0,0.0,0.0
2020-11-20,70.0,70.0,70.0,0.0,0.0
2020-11-21,70.0,70.0,70.0,0.0,0.0
2020-11-22,70.0,70.0,70.0,0.0,0.0
2020-11-23,70.0,70.0,70.0,0.0,0.0
2020-11-24,70.0,70.0,70.0,0.0,0.0
2020-11-25,70.0,70.0,70.0,0.0,0.0
2020-11-26,70.0,70.0,70.0,0.0,0.0
2020-11-27,70.0,70.0,70.0,0.0,0.0
2020-11-28,70.0,70.0,70.0,0.0,0.0
2020-11-29,70.0,70.0,70.0,0.0,0.0
2020-11-30,70.0,70.0,70.0,0.0,0.0
2020-12-01,70.0,70.0,70.0,0.0,0.0
2020-12-02,70.0,70.0,70.0,0.0,0.0
2020-12-03,70.0,70.0,70.0,0.0,0.0
2020-12-04,70.0,70.0,70.0,0.0,0.0
2020-12-05,70.0,70.0,70.0,0.0,0.0
2020-12-06,70.0,70.0,70.0,0.0,0.0
2020-12-07,70.0,70.0,70.0,0.0,0.0
2020-12-08,70.0,70.0,70.0,0.0,0.0
2020-12-09,70.0,70.0,70.0,0.0,0.0
2020-12-10,70.0,70.0,70.0,0.0,0.0
2020-12-11,70.0,70.0,70.0,0.0,0.0
2020-12-12,70.0,70.0,70.0,0.0,0.0
2020-12-13,70.0,70.0,70.0,0.0,0.0
2020-12-14,70.0,70.0,70.0,0.0,0.0
2020-12-15,70.0,70.0,70.0,0.0,0.0
2020-12-16,70.0,70.0,70.0,0.0,0.0
2020-12-17,70.0,70.0,70.0,0.0,0.0
2020-12-18,70.0,70.0,70.0,0.0,0.0
2020-12-19,70.0,70.0,70.0,0.0,0.0
2020-12-20,70.0,70.0,70.0,0.0,0.0
2020-12-21,70.0,70.0,70.0,0.0,0.0
2020-12-22,70.0,70.0,70.0,0.0,0.0
2020-12-23,70.0,70.0,70.0,0.0,0.0
2020-12-24,70.0,70.0,70.0,0.0,0.0
2020-12-25,70.0,70.0,70.0,0.0,0.0
2020-12-26,70.0,70.0,70.0,0.0,0.0
2020-12-27,70.0,70.0,70.0,0.0,0.0
2020-12-28,70.0,70.0,70.0,0.0,0.0
2020-12-29,70.0,70.0,70.0,0.0,0.0
2020-12-30,70.0,70.0,70.0,0.0,0.0
2020-12-31,70.0,70.0,70.0,0.0,0.0
2021-01-01,70.0,70.0,70.0,0.0,0.0
2021-01-02,70.0,70.0,70.0,0.0,0.0
2021-01-03,70.0,70.0,70.0,0.0,0.0
2021-01-04,70.0,70.0,70.0,0.0,0.0
2021-01-05,70.0,70.0,70.0,0.0,0.0
2021-01-06,70.0,70.0,70.0,0.0,0.0
2021-01-07,70.0,70.0,70.0,0.0,0.0
2021-01-08,70.0,70.0,70.0,0.0,0.0
2021-01-09,70.0,70.0,70.0,0.0,0.0
2021-01-10,70.0,70.0,70.0,0.0,0.0
2021-01-11,70.0,70.0,70.0,0.0,0.0
2021-01-12,70.0,70.0,70.0,0.0,0.0
2021-01-13,70.0,70.0,70.0,0.0,0.0
2021-01-14,70.0,70.0,70.0,0.0,0.0
2021-01-15,70.0,70.0,70.0,0.0,0.0
2021-01-16,70.0,70.0,70.0,0.0,0.0
2021-01-17,70.0,70.0,70.0,0.0,0.0
2021-01-18,70.0,70.0,70.0,0.0,0.0
2021-01-19,70.0,70.0,70.0,0.0,0.0
2021-01-20,70.0,70.0,70.0,0.0,0.0
2021-01-21,70.0,70.0,70.0,0.0,0.0
2021-01-22,70.0,70.0,70.0,0.0,0.0
2021-01-23,70.0,70.0,70.0,0.0,0.0
2021-01-24,70.0,70.0,70.0,0.0,0.0
2021-01-25,70.0,70.0,70.0,0.0,0.0
2021-01-26,70.0,70.0,70.0,0.0,0.0
2021-01-27,70.0,70.0,70.0,0.0,0.0
2021-01-28,70.0,70.0,70.0,0.0,0.0
2021-01-29,70.0,70.0,70.0,0.0,0.0
2021-01-30,70.0,70.0,70.0,0.0,0.0
2021-01-31,70.0,70.0,70.0,0.0,0.0
2021-02-01,70.0,70.0,70.0,0.0,0.0
2021-02-02,70.0,70.0,70.0,0.0,0.0
2021-02-03,70.0,70.0,70.0,0.0,0.0
2021-02-04,70.0,70.0,70.0,0.0,0.0
2021-02-05,70.0,70.0,70.0,0.0,0.0
2021-02-06,70.0,70.0,70.0,0.0,0.0
2021-02-07,70.0,70.0,70.0,0.0,0.0
2021-02-08,70.0,70.0,70.0,0.0,0.0
2021-02-09,70.0,70.0,70.0,0.0,0.0
2021-02-10,70.0,70.0,70.0,0.0,0.0
2021-02-11,70.0,70.0,70.0,0.0,0.0
2021-02-12,70.0,70.0,70.0,0.0,0.0
2021-02-13,70.0,70.0,70.0,0.0,0.0
2021-02-14,70.0,70.0,70.0,0.0,0.0
2021-02-15,70.0,70.0,70.0,0.0,0.0
2021-02-16,70.0,70.0,70.0,0.0,0.0
2021-02-17,70.0,70.0,70.0,0.0,0.0
2021-02-18,70.0,70.0,70.0,0.0,0.0
2021-02-19,70.0,70.0,70.0,0.0,0.0
2021-02-20,70.0,70.0,70.0,0.0,0.0
2021-02-21,70.0,70.0,70.0,0.0,0.0
2021-02-22,70.0,70.0,70.0,0.0,0.0
2021-02-23,70.0,70.0,70.0,0.0,0.0
2021-02-24,70.0,70.0,70.0,0.0,0.0
2021-02-25,70.0,70.0,70.0,0.0,0.0
2021-02-26,70.0,70.0,70.0,0.0,0.0
2021-02-27,70.0,70.0,70.0,0.0,0.0
2021-02-28,70.0,70.0,70.0,0.0,0.0
2021-03-01,70.0,70.0,70.0,0.0,0.0
2021-03-02,70.0,70.0,70.0,0.0,0.0
2021-03-03,70.0,70.0,70.0,0.0,0.0
2021-03-04,70.0,70.0,70.0,0.0,0.0
2021-03-05,70.0,70.0,70.0,0.0,0.0
2021-03-06,70.0,70.0,70.0,0.0,0.0
2021-03-07,70.0,70.0,70.0,0.0,0.0
2021-03-08,70.0,70.0,70.0,0.0,0.0
2021-03-09,70.0,70.0,70.0,0.0,0.0
2021-03-10,70.0,70.0,70.0,0.0,0.0
2021-03-11,70.0,70.0,70.0,0.0,0.0
2021-03-12,70.0,70.0,70.0,0.0,0.0
2021-03-13,70.0,70.0,70.0,0.0,0.0
2021-03-14,70.0,70.0,70.0,0.0,0.0
2021-03-15,70.0,70.0,70.0,0.0,0.0
2021-03-16,70.0,70.0,70.0,0.0,0.0
2021-03-17,70.0,70.0,70.0,0.0,0.0
2021-03-18,70.0,70.0,70.0,0.0,0.0
2021-03-19,70.0,70.0,70.0,0.0,0.0
2021-03-20,70.0,70.0,70.0,0.0,0.0
2021-03-21,70.0,70.0,70.0,0.0,0.0
2021-03-22,70.0,70.0,70.0,0.0,0.0
2021-03-23,70.0,70.0,70.0,0.0,0.0
2021-03-24,70.0,70.0,70.0,0.0,0.0
2021-03-25,70.0,70.0,70.0,0.0,0.0
2021-03-26,70.0,70.0,70.0,0.0,0.0
2021-03-27,70.0,70.0,70.0,0.0,0.0
2021-03-28,70.0,70.0,70.0,0.0,0.0
2021-03-29,70.0,70.0,70.0,0.0,0.0
2021-03-30,70.0,70.0,70.0,0.0,0.0
2021-03-31,70.0,70.0,70.0,0.0,0.0
2021-04-01,70.0,70.0,70.0,0.0,0.0
2021-04-02,70.0,70.0,70.0,0.0,0.0
2021-04-03,70.0,70.0,70.0,0.0,0.0
2021-04-04,70.0,70.0,70.0,0.0,0.0
2021-04-05,70.0,70.0,70.0,0.0,0.0
2021-04-06,70.0,70.0,70.0,0.0,0.0
2021-04-07,70.0,70.0,70.0,0.0,0.0
2021-04-08,70.0,70.0,70.0,0.0,0.0
2021-04-09,70.0,70.0,70.0,0.0,0.0
2021-04-10,70.0,70.0,70.0,0.0,0.0
2021-04-11,70.0,70.0,70.0,0.0,0.0
2021-04-12,70.0,70.0,70.0,0.0,0.0
2021-04-13,70.0,70.0,70.0,0.0,0.0
2021-04-14,70.0,70.0,70.0,0.0,0.0
2021-04-15,70.0,70.0,70.0,0.0,0.0
2021-04-16,70.0,70.0,70.0,0.0,0.0
2021-04-17,70.0,70.0,70.0,0.0,0.0
2021-04-18,70.0,70.0,70.0,0.0,0.0
2021-04-19,70.0,70.0,70.0,0.0,0.0
2021-04-20,70.0,70.0,70.0,0.0,0.0
2021-04-21,70.0,70.0,70.0,0.0,0.0
2021-04-22,70.0,70.0,70.0,0.0,0.0
2021-04-23,70.0,70.0,70.0,0.0,0.0
2021-04-24,70.0,70.0,70.0,0.0,0.0
2021-04-25,70.0,70.0,70.0,0.0,0.0
2021-04-26,70.0,70.0,70.0,0.0,0.0
2021-04-27,70.0,70.0,70.0,0.0,0.0
2021-04-28,70.0,70.0,70.0,0.0,0.0
2021-04-29,70.0,70.0,70.0,0.0,0.0
2021-04-30,70.0,70.0,70.0,0.0,0.0
2021-05-01,70.0,70.0,70.0,0.0,0.0
2021-05-02,70.0,70.0,70.0,0.0,0.0
2021-05-03,70.0,70.0,70.0,0.0,0.0
2021-05-04,70.0,70.0,70.0,0.0,0.0
2021-05-05,70.0,70.0,70.0,0.0,0.0
2021-05-06,70.0,70.0,70.0,0.0,0.0
2021-05-07,70.0,70.0,70.0,0.0,0.0
2021-05-08,70.0,70.0,70.0,0.0,0.0
2021-05-09,70.0,70.0,70.0,0.0,0.0
2021-05-10,70.0,70.0,70.0,0.0,0.0
2021-05-11,70.0,70.0,70.0,0.0,0.0
2021-05-12,70.0,70.0,70.0,0.0,0.0
2021-05-13,70.0,70.0,70.0,0.0,0.0
2021-05-14,70.0,70.0,70.0,0.0,0.0
2021-05-15,70.0,70.0,70.0,0.0,0.0
2021-05-16,70.0,70.0,70.0,0.0,0.0
2021-05-17,70.0,70.0,70.0,0.0,0.0
2021-05-18,70.0,70.0,70.0,0.0,0.0
2021-05-19,70.0,70.0,70.0,0.0,0.0
2021-05-20,70.0,70.0,70.0,0.0,0.0
2021-05-21,70.0,70.0,70.0,0.0,0.0
2021-05-22,70.0,70.0,70.0,0.0,0.0
2021-05-23,70.0,70.0,70.0,0.0,0.0
2021-05-24,70.0,70.0,70.0,0.0,0.0
2021-05-25,70.0,70.0,70.0,0.0,0.0
2021-05-26,70.0,70.0,70.0,0.0,0.0
2021-05-27,70.0,70.0,70.0,0.0,0.0
2021-05-28,70.0,70.0,70.0,0.0,0.0
2021-05-29,70.0,70.0,70.0,0.0,0.0
2021-05-30,70.0,70.0,70.0,0.0,0.0
2021-05-31,70.0,70.0,70.0,0.0,0.0
2021-06-01,70.0,70.0,70.0,0.0,0.0
2021-06-02,70.0,70.0,70.0,0.0,0.0
2021-06-03,70.0,70.0,70.0,0.0,0.0
2021-06-04,70.0,70.0,70.0,0.0,0.0
2021-06-05,70.0,70.0,70.0,0.0,0.0
2021-06-06,70.0,70.0,70.0,0.0,0.0
2021-06-07,70.0,70.0,70.0,0.0,0.0
2021-06-08,70.0,70.0,70.0,0.0,0.0
2021-06-09,70.0,70.0,70.0,0.0,0.0
2021-06-10,70.0,70.0,70.0,0.0,0.0
2021-06-11,77.0,70.0,70.0,7.0,10.000000000000009
2021-06-12,77.0,77.0,70.0,0.0,0.0
2021-06-13,77.0,77.0,77.0,0.0,0.0
2021-06-14,77.0,77.0,77.0,0.0,0.0
2021-06-15,77.0,77.0,77.0,0.0,0.0
2021-06-16,77.0,77.0,77.0,0.0,0.0
2021-06-17,77.0,77.0,77.0,0.0,0.0
2021-06-18,77.0,77.0,77.0,0.0,0.0
2021-06-19,77.0,77.0,77.0,0.0,0.0
2021-06-20,77.0,77.0,77.0,0.0,0.0
2021-06-21,77.0,77.0,77.0,0.0,0.0
2021-06-22,77.0,77.0,77.0,0.0,0.0
2021-06-23,77.0,77.0,77.0,0.0,0.0
2021-06-24,77.0,77.0,77.0,0.0,0.0
2021-06-25,77.0,77.0,77.0,0.0,0.0
2021-06-26,77.0,77.0,77.0,0.0,0.0
2021-06-27,77.0,77.0,77.0,0.0,0.0
2021-06-28,77.0,77.0,77.0,0.0,0.0
2021-06-29,77.0,77.0,77.0,0.0,0.0
2021-06-30,77.0,77.0,77.0,0.0,0.0
2021-07-01,77.0,77.0,77.0,0.0,0.0
2021-07-02,77.0,77.0,77.0,0.0,0.0
2021-07-03,77.0,77.0,77.0,0.0,0.0
2021-07-04,77.0,77.0,77.0,0.0,0.0
2021-07-05,77.0,77.0,77.0,0.0,0.0
2021-07-06,77.0,77.0,77.0,0.0,0.0
2021-07-07,77.0,77.0,77.0,0.0,0.0
2021-07-08,77.0,77.0,77.0,0.0,0.0
2021-07-09,77.0,77.0,77.0,0.0,0.0
2021-07-10,77.0,77.0,77.0,0.0,0.0
2021-07-11,77.0,77.0,77.0,0.0,0.0
2021-07-12,77.0,77.0,77.0,0.0,0.0
2021-07-13,77.0,77.0,77.0,0.0,0.0
2021-07-14,77.0,77.0,77.0,0.0,0.0
2021-07-15,77.0,77.0,77.0,0.0,0.0
2021-07-16,77.0,77.0,77.0,0.0,0.0
2021-07-17,77.0,77.0,77.0,0.0,0.0
2021-07-18,77.0,77.0,77.0,0.0,0.0
2021-07-19,77.0,77.0,77.0,0.0,0.0
2021-07-20,77.0,77.0,77.0,0.0,0.0
2021-07-21,77.0,77.0,77.0,0.0,0.0
2021-07-22,77.0,77.0,77.0,0.0,0.0
2021-07-23,77.0,77.0,77.0,0.0,0.0
2021-07-24,77.0,77.0,77.0,0.0,0.0
2021-07-25,77.0,77.0,77.0,0.0,0.0
2021-07-26,77.0,77.0,77.0,0.0,0.0
2021-07-27,77.0,77.0,77.0,0.0,0.0
2021-07-28,77.0,77.0,77.0,0.0,0.0
2021-07-29,77.0,77.0,77.0,0.0,0.0
2021-07-30,77.0,77.0,77.0,0.0,0.0
2021-07-31,77.0,77.0,77.0,0.0,0.0
2021-08-01,77.0,77.0,77.0,0.0,0.0
2021-08-02,77.0,77.0,77.0,0.0,0.0
2021-08-03,77.0,77.0,77.0,0.0,0.0
2021-08-04,77.0,77.0,77.0,0.0,0.0
2021-08-05,77.0,77.0,77.0,0.0,0.0
2021-08-06,77.0,77.0,77.0,0.0,0.0
2021-08-07,77.0,77.0,77.0,0.0,0.0
2021-08-08,77.0,77.0,77.0,0.0,0.0
2021-08-09,77.0,77.0,77.0,0.0,0.0
2021-08-10,77.0,77.0,77.0,0.0,0.0
2021-08-11,77.0,77.0,77.0,0.0,0.0
2021-08-12,77.0,77.0,77.0,0.0,0.0
2021-08-13,77.0,77.0,77.0,0.0,0.0
2021-08-14,77.0,77.0,77.0,0.0,0.0
2021-08-15,77.0,77.0,77.0,0.0,0.0
2021-08-16,77.0,77.0,77.0,0.0,0.0
2021-08-17,77.0,77.0,77.0,0.0,0.0
2021-08-18,77.0,77.0,77.0,0.0,0.0
2021-08-19,77.0,77.0,77.0,0.0,0.0
2021-08-20,77.0,77.0,77.0,0.0,0.0
2021-08-21,77.0,77.0,77.0,0.0,0.0
2021-08-22,77.0,77.0,77.0,0.0,0.0
2021-08-23,77.0,77.0,77.0,0.0,0.0
2021-08-24,77.0,77.0,77.0,0.0,0.0
2021-08-25,77.0,77.0,77.0,0.0,0.0
2021-08-26,77.0,77.0,77.0,0.0,0.0
2021-08-27,77.0,77.0,77.0,0.0,0.0
2021-08-28,77.0,77.0,77.0,0.0,0.0
2021-08-29,77.0,77.0,77.0,0.0,0.0
2021-08-30,77.0,77.0,77.0,0.0,0.0
2021-08-31,77.0,77.0,77.0,0.0,0.0
2021-09-01,77.0,77.0,77.0,0.0,0.0
2021-09-02,77.0,77.0,77.0,0.0,0.0
2021-09-03,77.0,77.0,77.0,0.0,0.0
2021-09-04,77.0,77.0,77.0,0.0,0.0
2021-09-05,77.0,77.0,77.0,0.0,0.0
2021-09-06,77.0,77.0,77.0,0.0,0.0
2021-09-07,77.0,77.0,77.0,0.0,0.0
2021-09-08,77.0,77.0,77.0,0.0,0.0
2021-09-09,77.0,77.0,77.0,0.0,0.0
2021-09-10,77.0,77.0,77.0,0.0,0.0
2021-09-11,77.0,77.0,77.0,0.0,0.0
2021-09-12,77.0,77.0,77.0,0.0,0.0
2021-09-13,77.0,77.0,77.0,0.0,0.0
2021-09-14,77.0,77.0,77.0,0.0,0.0
2021-09-15,77.0,77.0,77.0,0.0,0.0
2021-09-16,77.0,77.0,77.0,0.0,0.0
2021-09-17,77.0,77.0,77.0,0.0,0.0
2021-09-18,77.0,77.0,77.0,0.0,0.0
2021-09-19,77.0,77.0,77.0,0.0,0.0
2021-09-20,77.0,77.0,77.0,0.0,0.0
2021-09-21,77.0,77.0,77.0,0.0,0.0
2021-09-22,77.0,77.0,77.0,0.0,0.0
2021-09-23,77.0,77.0,77.0,0.0,0.0
2021-09-24,77.0,77.0,77.0,0.0,0.0
2021-09-25,77.0,77.0,77.0,0.0,0.0
2021-09-26,77.0,77.0,77.0,0.0,0.0
2021-09-27,77.0,77.0,77.0,0.0,0.0
2021-09-28,77.0,77.0,77.0,0.0,0.0
2021-09-29,77.0,77.0,77.0,0.0,0.0
2021-09-30,77.0,77.0,77.0,0.0,0.0
2021-10-01,77.0,77.0,77.0,0.0,0.0
2021-10-02,77.0,77.0,77.0,0.0,0.0
2021-10-03,77.0,77.0,77.0,0.0,0.0
2021-10-04,77.0,77.0,77.0,0.0,0.0
2021-10-05,77.0,77.0,77.0,0.0,0.0
2021-10-06,77.0,77.0,77.0,0.0,0.0
2021-10-07,77.0,77.0,77.0,0.0,0.0
2021-10-08,77.0,77.0,77.0,0.0,0.0
2021-10-09,77.0,77.0,77.0,0.0,0.0
2021-10-10,77.0,77.0,77.0,0.0,0.0
2021-10-11,77.0,77.0,77.0,0.0,0.0
2021-10-12,77.0,77.0,77.0,0.0,0.0
2021-10-13,77.0,77.0,77.0,0.0,0.0
2021-10-14,77.0,77.0,77.0,0.0,0.0
2021-10-15,77.0,77.0,77.0,0.0,0.0
2021-10-16,77.0,77.0,77.0,0.0,0.0
2021-10-17,77.0,77.0,77.0,0.0,0.0
2021-10-18,77.0,77.0,77.0,0.0,0.0
2021-10-19,77.0,77.0,77.0,0.0,0.0
2021-10-20,77.0,77.0,77.0,0.0,0.0
2021-10-21,77.0,77.0,77.0,0.0,0.0
2021-10-22,77.0,77.0,77.0,0.0,0.0
2021-10-23,77.0,77.0,77.0,0.0,0.0
2021-10-24,77.0,77.0,77.0,0.0,0.0
2021-10-25,77.0,77.0,77.0,0.0,0.0
2021-10-26,77.0,77.0,77.0,0.0,0.0
2021-10-27,77.0,77.0,77.0,0.0,0.0
2021-10-28,77.0,77.0,77.0,0.0,0.0
2021-10-29,77.0,77.0,77.0,0.0,0.0
2021-10-30,77.0,77.0,77.0,0.0,0.0
2021-10-31,77.0,77.0,77.0,0.0,0.0
2021-11-01,77.0,77.0,77.0,0.0,0.0
2021-11-02,77.0,77.0,77.0,0.0,0.0
2021-11-03,77.0,77.0,77.0,0.0,0.0
2021-11-04,77.0,77.0,77.0,0.0,0.0
2021-11-05,77.0,77.0,77.0,0.0,0.0
2021-11-06,77.0,77.0,77.0,0.0,0.0
2021-11-07,77.0,77.0,77.0,0.0,0.0
2021-11-08,77.0,77.0,77.0,0.0,0.0
2021-11-09,77.0,77.0,77.0,0.0,0.0
2021-11-10,77.0,77.0,77.0,0.0,0.0
2021-11-11,77.0,77.0,77.0,0.0,0.0
2021-11-12,77.0,77.0,77.0,0.0,0.0
2021-11-13,77.0,77.0,77.0,0.0,0.0
2021-11-14,77.0,77.0,77.0,0.0,0.0
2021-11-15,77.0,77.0,77.0,0.0,0.0
2021-11-16,77.0,77.0,77.0,0.0,0.0
2021-11-17,77.0,77.0,77.0,0.0,0.0
2021-11-18,77.0,77.0,77.0,0.0,0.0
2021-11-19,77.0,77.0,77.0,0.0,0.0
2021-11-20,77.0,77.0,77.0,0.0,0.0
2021-11-21,77.0,77.0,77.0,0.0,0.0
2021-11-22,77.0,77.0,77.0,0.0,0.0
2021-11-23,77.0,77.0,77.0,0.0,0.0
2021-11-24,77.0,77.0,77.0,0.0,0.0
2021-11-25,77.0,77.0,77.0,0.0,0.0
2021-11-26,77.0,77.0,77.0,0.0,0.0
2021-11-27,77.0,77.0,77.0,0.0,0.0
2021-11-28,77.0,77.0,77.0,0.0,0.0
2021-11-29,77.0,77.0,77.0,0.0,0.0
2021-11-30,77.0,77.0,77.0,0.0,0.0
2021-12-01,77.0,77.0,77.0,0.0,0.0
2021-12-02,77.0,77.0,77.0,0.0,0.0
2021-12-03,77.0,77.0,77.0,0.0,0.0
2021-12-04,77.0,77.0,77.0,0.0,0.0
2021-12-05,77.0,77.0,77.0,0.0,0.0
2021-12-06,77.0,77.0,77.0,0.0,0.0
2021-12-07,77.0,77.0,77.0,0.0,0.0
2021-12-08,77.0,77.0,77.0,0.0,0.0
2021-12-09,77.0,77.0,77.0,0.0,0.0
2021-12-10,77.0,77.0,77.0,0.0,0.0
2021-12-11,77.0,77.0,77.0,0.0,0.0
2021-12-12,77.0,77.0,77.0,0.0,0.0
2021-12-13,77.0,77.0,77.0,0.0,0.0
2021-12-14,77.0,77.0,77.0,0.0,0.0
2021-12-15,77.0,77.0,77.0,0.0,0.0
2021-12-16,77.0,77.0,77.0,0.0,0.0
2021-12-17,77.0,77.0,77.0,0.0,0.0
2021-12-18,77.0,77.0,77.0,0.0,0.0
2021-12-19,77.0,77.0,77.0,0.0,0.0
2021-12-20,77.0,77.0,77.0,0.0,0.0
2021-12-21,77.0,77.0,77.0,0.0,0.0
2021-12-22,77.0,77.0,77.0,0.0,0.0
2021-12-23,77.0,77.0,77.0,0.0,0.0
2021-12-24,77.0,77.0,77.0,0.0,0.0
2021-12-25,77.0,77.0,77.0,0.0,0.0
2021-12-26,77.0,77.0,77.0,0.0,0.0
2021-12-27,77.0,77.0,77.0,0.0,0.0
2021-12-28,77.0,77.0,77.0,0.0,0.0
2021-12-29,77.0,77.0,77.0,0.0,0.0
2021-12-30,77.0,77.0,77.0,0.0,0.0
2021-12-31,77.0,77.0,77.0,0.0,0.0
2022-01-01,77.0,77.0,77.0,0.0,0.0
2022-01-02,77.0,77.0,77.0,0.0,0.0
2022-01-03,77.0,77.0,77.0,0.0,0.0
2022-01-04,77.0,77.0,77.0,0.0,0.0
2022-01-05,77.0,77.0,77.0,0.0,0.0
2022-01-06,77.0,77.0,77.0,0.0,0.0
2022-01-07,77.0,77.0,77.0,0.0,0.0
2022-01-08,77.0,77.0,77.0,0.0,0.0
2022-01-09,77.0,77.0,77.0,0.0,0.0
2022-01-10,77.0,77.0,77.0,0.0,0.0
2022-01-11,77.0,77.0,77.0,0.0,0.0
2022-01-12,77.0,77.0,77.0,0.0,0.0
2022-01-13,77.0,77.0,77.0,0.0,0.0
2022-01-14,77.0,77.0,77.0,0.0,0.0
2022-01-15,77.0,77.0,77.0,0.0,0.0
2022-01-16,77.0,77.0,77.0,0.0,0.0
2022-01-17,77.0,77.0,77.0,0.0,0.0
2022-01-18,77.0,77.0,77.0,0.0,0.0
2022-01-19,77.0,77.0,77.0,0.0,0.0
2022-01-20,77.0,77.0,77.0,0.0,0.0
2022-01-21,77.0,77.0,77.0,0.0,0.0
2022-01-22,77.0,77.0,77.0,0.0,0.0
2022-01-23,77.0,77.0,77.0,0.0,0.0
2022-01-24,77.0,77.0,77.0,0.0,0.0
2022-01-25,77.0,77.0,77.0,0.0,0.0
2022-01-26,77.0,77.0,77.0,0.0,0.0
2022-01-27,77.0,77.0,77.0,0.0,0.0
2022-01-28,77.0,77.0,77.0,0.0,0.0
2022-01-29,77.0,77.0,77.0,0.0,0.0
2022-01-30,77.0,77.0,77.0,0.0,0.0
2022-01-31,77.0,77.0,77.0,0.0,0.0
2022-02-01,77.0,77.0,77.0,0.0,0.0
2022-02-02,77.0,77.0,77.0,0.0,0.0
2022-02-03,77.0,77.0,77.0,0.0,0.0
2022-02-04,77.0,77.0,77.0,0.0,0.0
2022-02-05,77.0,77.0,77.0,0.0,0.0
2022-02-06,77.0,77.0,77.0,0.0,0.0
2022-02-07,77.0,77.0,77.0,0.0,0.0
2022-02-08,77.0,77.0,77.0,0.0,0.0
2022-02-09,77.0,77.0,77.0,0.0,0.0
2022-02-10,77.0,77.0,77.0,0.0,0.0
2022-02-11,77.0,77.0,77.0,0.0,0.0
2022-02-12,77.0,77.0,77.0,0.0,0.0
2022-02-13,77.0,77.0,77.0,0.0,0.0
2022-02-14,77.0,77.0,77.0,0.0,0.0
2022-02-15,77.0,77.0,77.0,0.0,0.0
2022-02-16,77.0,77.0,77.0,0.0,0.0
2022-02-17,77.0,77.0,77.0,0.0,0.0
2022-02-18,77.0,77.0,77.0,0.0,0.0
2022-02-19,77.0,77.0,77.0,0.0,0.0
2022-02-20,77.0,77.0,77.0,0.0,0.0
2022-02-21,77.0,77.0,77.0,0.0,0.0
2022-02-22,77.0,77.0,77.0,0.0,0.0
2022-02-23,77.0,77.0,77.0,0.0,0.0
2022-02-24,77.0,77.0,77.0,0.0,0.0
2022-02-25,77.0,77.0,77.0,0.0,0.0
2022-02-26,77.0,77.0,77.0,0.0,0.0
2022-02-27,77.0,77.0,77.0,0.0,0.0
2022-02-28,77.0,77.0,77.0,0.0,0.0
2022-03-01,77.0,77.0,77.0,0.0,0.0
2022-03-02,77.0,77.0,77.0,0.0,0.0
2022-03-03,77.0,77.0,77.0,0.0,0.0
2022-03-04,77.0,77.0,77.0,0.0,0.0
2022-03-05,77.0,77.0,77.0,0.0,0.0
2022-03-06,77.0,77.0,77.0,0.0,0.0
2022-03-07,77.0,77.0,77.0,0.0,0.0
2022-03-08,77.0,77.0,77.0,0.0,0.0
2022-03-09,77.0,77.0,77.0,0.0,0.0
2022-03-10,77.0,77.0,77.0,0.0,0.0
2022-03-11,87.0,77.0,77.0,10.0,12.987012987012992
2022-03-12,87.0,87.0,77.0,0.0,0.0
2022-03-13,87.0,87.0,87.0,0.0,0.0
2022-03-14,87.0,87.0,87.0,0.0,0.0
2022-03-15,87.0,87.0,87.0,0.0,0.0
2022-03-16,87.0,87.0,87.0,0.0,0.0
2022-03-17,87.0,87.0,87.0,0.0,0.0
2022-03-18,87.0,87.0,87.0,0.0,0.0
2022-03-19,87.0,87.0,87.0,0.0,0.0
2022-03-20,87.0,87.0,87.0,0.0,0.0
2022-03-21,87.0,87.0,87.0,0.0,0.0
2022-03-22,87.0,87.0,87.0,0.0,0.0
2022-03-23,87.0,87.0,87.0,0.0,0.0
2022-03-24,87.0,87.0,87.0,0.0,0.0
2022-03-25,87.0,87.0,87.0,0.0,0.0
2022-03-26,87.0,87.0,87.0,0.0,0.0
2022-03-27,87.0,87.0,87.0,0.0,0.0
2022-03-28,87.0,87.0,87.0,0.0,0.0
2022-03-29,87.0,87.0,87.0,0.0,0.0
2022-03-30,87.0,87.0,87.0,0.0,0.0
2022-03-31,87.0,87.0,87.0,0.0,0.0
2022-04-01,87.0,87.0,87.0,0.0,0.0
2022-04-02,87.0,87.0,87.0,0.0,0.0
2022-04-03,87.0,87.0,87.0,0.0,0.0
2022-04-04,87.0,87.0,87.0,0.0,0.0
2022-04-05,87.0,87.0,87.0,0.0,0.0
2022-04-06,87.0,87.0,87.0,0.0,0.0
2022-04-07,87.0,87.0,87.0,0.0,0.0
2022-04-08,87.0,87.0,87.0,0.0,0.0
2022-04-09,87.0,87.0,87.0,0.0,0.0
2022-04-10,87.0,87.0,87.0,0.0,0.0
2022-04-11,87.0,87.0,87.0,0.0,0.0
2022-04-12,87.0,87.0,87.0,0.0,0.0
2022-04-13,87.0,87.0,87.0,0.0,0.0
2022-04-14,87.0,87.0,87.0,0.0,0.0
2022-04-15,87.0,87.0,87.0,0.0,0.0
2022-04-16,87.0,87.0,87.0,0.0,0.0
2022-04-17,87.0,87.0,87.0,0.0,0.0
2022-04-18,87.0,87.0,87.0,0.0,0.0
2022-04-19,87.0,87.0,87.0,0.0,0.0
2022-04-20,87.0,87.0,87.0,0.0,0.0
2022-04-21,87.0,87.0,87.0,0.0,0.0
2022-04-22,87.0,87.0,87.0,0.0,0.0
2022-04-23,87.0,87.0,87.0,0.0,0.0
2022-04-24,87.0,87.0,87.0,0.0,0.0
2022-04-25,87.0,87.0,87.0,0.0,0.0
2022-04-26,87.0,87.0,87.0,0.0,0.0
2022-04-27,87.0,87.0,87.0,0.0,0.0
2022-04-28,87.0,87.0,87.0,0.0,0.0
2022-04-29,87.0,87.0,87.0,0.0,0.0
2022-04-30,87.0,87.0,87.0,0.0,0.0
2022-05-01,87.0,87.0,87.0,0.0,0.0
2022-05-02,87.0,87.0,87.0,0.0,0.0
2022-05-03,87.0,87.0,87.0,0.0,0.0
2022-05-04,87.0,87.0,87.0,0.0,0.0
2022-05-05,87.0,87.0,87.0,0.0,0.0
2022-05-06,87.0,87.0,87.0,0.0,0.0
2022-05-07,87.0,87.0,87.0,0.0,0.0
2022-05-08,87.0,87.0,87.0,0.0,0.0
2022-05-09,87.0,87.0,87.0,0.0,0.0
2022-05-10,87.0,87.0,87.0,0.0,0.0
2022-05-11,87.0,87.0,87.0,0.0,0.0
2022-05-12,87.0,87.0,87.0,0.0,0.0
2022-05-13,87.0,87.0,87.0,0.0,0.0
2022-05-14,87.0,87.0,87.0,0.0,0.0
2022-05-15,87.0,87.0,87.0,0.0,0.0
2022-05-16,87.0,87.0,87.0,0.0,0.0
2022-05-17,87.0,87.0,87.0,0.0,0.0
2022-05-18,87.0,87.0,87.0,0.0,0.0
2022-05-19,87.0,87.0,87.0,0.0,0.0
2022-05-20,87.0,87.0,87.0,0.0,0.0
2022-05-21,87.0,87.0,87.0,0.0,0.0
2022-05-22,87.0,87.0,87.0,0.0,0.0
2022-05-23,87.0,87.0,87.0,0.0,0.0
2022-05-24,87.0,87.0,87.0,0.0,0.0
2022-05-25,87.0,87.0,87.0,0.0,0.0
2022-05-26,87.0,87.0,87.0,0.0,0.0
2022-05-27,87.0,87.0,87.0,0.0,0.0
2022-05-28,87.0,87.0,87.0,0.0,0.0
2022-05-29,87.0,87.0,87.0,0.0,0.0
2022-05-30,87.0,87.0,87.0,0.0,0.0
2022-05-31,87.0,87.0,87.0,0.0,0.0
2022-06-01,87.0,87.0,87.0,0.0,0.0
2022-06-02,87.0,87.0,87.0,0.0,0.0
2022-06-03,87.0,87.0,87.0,0.0,0.0
2022-06-04,87.0,87.0,87.0,0.0,0.0
2022-06-05,87.0,87.0,87.0,0.0,0.0
2022-06-06,87.0,87.0,87.0,0.0,0.0
2022-06-07,87.0,87.0,87.0,0.0,0.0
2022-06-08,87.0,87.0,87.0,0.0,0.0
2022-06-09,87.0,87.0,87.0,0.0,0.0
2022-06-10,87.0,87.0,87.0,0.0,0.0
2022-06-11,87.0,87.0,87.0,0.0,0.0
2022-06-12,87.0,87.0,87.0,0.0,0.0
2022-06-13,87.0,87.0,87.0,0.0,0.0
2022-06-14,87.0,87.0,87.0,0.0,0.0
2022-06-15,87.0,87.0,87.0,0.0,0.0
2022-06-16,87.0,87.0,87.0,0.0,0.0
2022-06-17,87.0,87.0,87.0,0.0,0.0
2022-06-18,87.0,87.0,87.0,0.0,0.0
2022-06-19,87.0,87.0,87.0,0.0,0.0
2022-06-20,87.0,87.0,87.0,0.0,0.0
2022-06-21,87.0,87.0,87.0,0.0,0.0
2022-06-22,87.0,87.0,87.0,0.0,0.0
2022-06-23,87.0,87.0,87.0,0.0,0.0
2022-06-24,87.0,87.0,87.0,0.0,0.0
2022-06-25,87.0,87.0,87.0,0.0,0.0
2022-06-26,87.0,87.0,87.0,0.0,0.0
2022-06-27,87.0,87.0,87.0,0.0,0.0
2022-06-28,87.0,87.0,87.0,0.0,0.0
2022-06-29,87.0,87.0,87.0,0.0,0.0
2022-06-30,87.0,87.0,87.0,0.0,0.0
2022-07-01,87.0,87.0,87.0,0.0,0.0
2022-07-02,87.0,87.0,87.0,0.0,0.0
2022-07-03,87.0,87.0,87.0,0.0,0.0
2022-07-04,87.0,87.0,87.0,0.0,0.0
2022-07-05,87.0,87.0,87.0,0.0,0.0
2022-07-06,87.0,87.0,87.0,0.0,0.0
2022-07-07,87.0,87.0,87.0,0.0,0.0
2022-07-08,87.0,87.0,87.0,0.0,0.0
2022-07-09,87.0,87.0,87.0,0.0,0.0
2022-07-10,87.0,87.0,87.0,0.0,0.0
2022-07-11,87.0,87.0,87.0,0.0,0.0
2022-07-12,87.0,87.0,87.0,0.0,0.0
2022-07-13,87.0,87.0,87.0,0.0,0.0
2022-07-14,87.0,87.0,87.0,0.0,0.0
2022-07-15,87.0,87.0,87.0,0.0,0.0
2022-07-16,87.0,87.0,87.0,0.0,0.0
2022-07-17,87.0,87.0,87.0,0.0,0.0
2022-07-18,87.0,87.0,87.0,0.0,0.0
2022-07-19,87.0,87.0,87.0,0.0,0.0
2022-07-20,87.0,87.0,87.0,0.0,0.0
2022-07-21,87.0,87.0,87.0,0.0,0.0
2022-07-22,87.0,87.0,87.0,0.0,0.0
2022-07-23,87.0,87.0,87.0,0.0,0.0
2022-07-24,87.0,87.0,87.0,0.0,0.0
2022-07-25,87.0,87.0,87.0,0.0,0.0
2022-07-26,87.0,87.0,87.0,0.0,0.0
2022-07-27,87.0,87.0,87.0,0.0,0.0
2022-07-28,87.0,87.0,87.0,0.0,0.0
2022-07-29,87.0,87.0,87.0,0.0,0.0
2022-07-30,87.0,87.0,87.0,0.0,0.0
2022-07-31,87.0,87.0,87.0,0.0,0.0
2022-08-01,87.0,87.0,87.0,0.0,0.0
2022-08-02,87.0,87.0,87.0,0.0,0.0
2022-08-03,87.0,87.0,87.0,0.0,0.0
2022-08-04,87.0,87.0,87.0,0.0,0.0
2022-08-05,87.0,87.0,87.0,0.0,0.0
2022-08-06,87.0,87.0,87.0,0.0,0.0
2022-08-07,87.0,87.0,87.0,0.0,0.0
2022-08-08,87.0,87.0,87.0,0.0,0.0
2022-08-09,87.0,87.0,87.0,0.0,0.0
2022-08-10,87.0,87.0,87.0,0.0,0.0
2022-08-11,87.0,87.0,87.0,0.0,0.0
2022-08-12,87.0,87.0,87.0,0.0,0.0
2022-08-13,87.0,87.0,87.0,0.0,0.0
2022-08-14,87.0,87.0,87.0,0.0,0.0
2022-08-15,87.0,87.0,87.0,0.0,0.0
2022-08-16,87.0,87.0,87.0,0.0,0.0
2022-08-17,87.0,87.0,87.0,0.0,0.0
2022-08-18,87.0,87.0,87.0,0.0,0.0
2022-08-19,87.0,87.0,87.0,0.0,0.0
2022-08-20,87.0,87.0,87.0,0.0,0.0
2022-08-21,87.0,87.0,87.0,0.0,0.0
2022-08-22,87.0,87.0,87.0,0.0,0.0
2022-08-23,87.0,87.0,87.0,0.0,0.0
2022-08-24,87.0,87.0,87.0,0.0,0.0
2022-08-25,87.0,87.0,87.0,0.0,0.0
2022-08-26,87.0,87.0,87.0,0.0,0.0
2022-08-27,87.0,87.0,87.0,0.0,0.0
2022-08-28,87.0,87.0,87.0,0.0,0.0
2022-08-29,87.0,87.0,87.0,0.0,0.0
2022-08-30,87.0,87.0,87.0,0.0,0.0
2022-08-31,87.0,87.0,87.0,0.0,0.0
2022-09-01,87.0,87.0,87.0,0.0,0.0
2022-09-02,87.0,87.0,87.0,0.0,0.0
2022-09-03,87.0,87.0,87.0,0.0,0.0
2022-09-04,87.0,87.0,87.0,0.0,0.0
2022-09-05,87.0,87.0,87.0,0.0,0.0
2022-09-06,87.0,87.0,87.0,0.0,0.0
2022-09-07,87.0,87.0,87.0,0.0,0.0
2022-09-08,87.0,87.0,87.0,0.0,0.0
2022-09-09,87.0,87.0,87.0,0.0,0.0
2022-09-10,87.0,87.0,87.0,0.0,0.0
2022-09-11,87.0,87.0,87.0,0.0,0.0
2022-09-12,87.0,87.0,87.0,0.0,0.0
2022-09-13,87.0,87.0,87.0,0.0,0.0
2022-09-14,87.0,87.0,87.0,0.0,0.0
2022-09-15,87.0,87.0,87.0,0.0,0.0
2022-09-16,87.0,87.0,87.0,0.0,0.0
2022-09-17,87.0,87.0,87.0,0.0,0.0
2022-09-18,87.0,87.0,87.0,0.0,0.0
2022-09-19,87.0,87.0,87.0,0.0,0.0
2022-09-20,87.0,87.0,87.0,0.0,0.0
2022-09-21,87.0,87.0,87.0,0.0,0.0
2022-09-22,87.0,87.0,87.0,0.0,0.0
2022-09-23,87.0,87.0,87.0,0.0,0.0
2022-09-24,87.0,87.0,87.0,0.0,0.0
2022-09-25,87.0,87.0,87.0,0.0,0.0
2022-09-26,87.0,87.0,87.0,0.0,0.0
2022-09-27,87.0,87.0,87.0,0.0,0.0
2022-09-28,87.0,87.0,87.0,0.0,0.0
2022-09-29,87.0,87.0,87.0,0.0,0.0
2022-09-30,87.0,87.0,87.0,0.0,0.0
2022-10-01,87.0,87.0,87.0,0.0,0.0
2022-10-02,340.0,87.0,87.0,253.0,290.8045977011494
2022-10-03,340.0,340.0,87.0,0.0,0.0
2022-10-04,340.0,340.0,340.0,0.0,0.0
2022-10-05,340.0,340.0,340.0,0.0,0.0
2022-10-06,340.0,340.0,340.0,0.0,0.0
2022-10-07,340.0,340.0,340.0,0.0,0.0
2022-10-08,340.0,340.0,340.0,0.0,0.0
2022-10-09,340.0,340.0,340.0,0.0,0.0
2022-10-10,340.0,340.0,340.0,0.0,0.0
2022-10-11,340.0,340.0,340.0,0.0,0.0
2022-10-12,340.0,340.0,340.0,0.0,0.0
2022-10-13,340.0,340.0,340.0,0.0,0.0
2022-10-14,340.0,340.0,340.0,0.0,0.0
2022-10-15,340.0,340.0,340.0,0.0,0.0
2022-10-16,340.0,340.0,340.0,0.0,0.0
2022-10-17,340.0,340.0,340.0,0.0,0.0
2022-10-18,340.0,340.0,340.0,0.0,0.0
2022-10-19,340.0,340.0,340.0,0.0,0.0
2022-10-20,340.0,340.0,340.0,0.0,0.0
2022-10-21,340.0,340.0,340.0,0.0,0.0
2022-10-22,340.0,340.0,340.0,0.0,0.0
2022-10-23,340.0,340.0,340.0,0.0,0.0
2022-10-24,340.0,340.0,340.0,0.0,0.0
2022-10-25,340.0,340.0,340.0,0.0,0.0
2022-10-26,340.0,340.0,340.0,0.0,0.0
2022-10-27,340.0,340.0,340.0,0.0,0.0
2022-10-28,340.0,340.0,340.0,0.0,0.0
2022-10-29,340.0,340.0,340.0,0.0,0.0
2022-10-30,340.0,340.0,340.0,0.0,0.0
2022-10-31,340.0,340.0,340.0,0.0,0.0
2022-11-01,340.0,340.0,340.0,0.0,0.0
2022-11-02,340.0,340.0,340.0,0.0,0.0
2022-11-03,340.0,340.0,340.0,0.0,0.0
2022-11-04,340.0,340.0,340.0,0.0,0.0
2022-11-05,340.0,340.0,340.0,0.0,0.0
2022-11-06,340.0,340.0,340.0,0.0,0.0
2022-11-07,340.0,340.0,340.0,0.0,0.0
2022-11-08,340.0,340.0,340.0,0.0,0.0
2022-11-09,340.0,340.0,340.0,0.0,0.0
2022-11-10,340.0,340.0,340.0,0.0,0.0
2022-11-11,340.0,340.0,340.0,0.0,0.0
2022-11-12,365.0,340.0,340.0,25.0,7.352941176470584
2022-11-13,365.0,365.0,340.0,0.0,0.0
2022-11-14,365.0,365.0,365.0,0.0,0.0
2022-11-15,365.0,365.0,365.0,0.0,0.0
2022-11-16,365.0,365.0,365.0,0.0,0.0
2022-11-17,365.0,365.0,365.0,0.0,0.0
2022-11-18,365.0,365.0,365.0,0.0,0.0
2022-11-19,365.0,365.0,365.0,0.0,0.0
2022-11-20,365.0,365.0,365.0,0.0,0.0
2022-11-21,365.0,365.0,365.0,0.0,0.0
2022-11-22,365.0,365.0,365.0,0.0,0.0
2022-11-23,365.0,365.0,365.0,0.0,0.0
2022-11-24,365.0,365.0,365.0,0.0,0.0
2022-11-25,365.0,365.0,365.0,0.0,0.0
2022-11-26,365.0,365.0,365.0,0.0,0.0
2022-11-27,365.0,365.0,365.0,0.0,0.0
2022-11-28,365.0,365.0,365.0,0.0,0.0
2022-11-29,365.0,365.0,365.0,0.0,0.0
2022-11-30,365.0,365.0,365.0,0.0,0.0
2022-12-01,365.0,365.0,365.0,0.0,0.0
2022-12-02,365.0,365.0,365.0,0.0,0.0
2022-12-03,365.0,365.0,365.0,0.0,0.0
2022-12-04,365.0,365.0,365.0,0.0,0.0
2022-12-05,365.0,365.0,365.0,0.0,0.0
2022-12-06,365.0,365.0,365.0,0.0,0.0
2022-12-07,365.0,365.0,365.0,0.0,0.0
2022-12-08,365.0,365.0,365.0,0.0,0.0
2022-12-09,365.0,365.0,365.0,0.0,0.0
2022-12-10,365.0,365.0,365.0,0.0,0.0
2022-12-11,365.0,365.0,365.0,0.0,0.0
2022-12-12,365.0,365.0,365.0,0.0,0.0
2022-12-13,365.0,365.0,365.0,0.0,0.0
2022-12-14,365.0,365.0,365.0,0.0,0.0
2022-12-15,365.0,365.0,365.0,0.0,0.0
2022-12-16,365.0,365.0,365.0,0.0,0.0
2022-12-17,365.0,365.0,365.0,0.0,0.0
2022-12-18,365.0,365.0,365.0,0.0,0.0
2022-12-19,365.0,365.0,365.0,0.0,0.0
2022-12-20,365.0,365.0,365.0,0.0,0.0
2022-12-21,365.0,365.0,365.0,0.0,0.0
2022-12-22,365.0,365.0,365.0,0.0,0.0
2022-12-23,365.0,365.0,365.0,0.0,0.0
2022-12-24,365.0,365.0,365.0,0.0,0.0
2022-12-25,365.0,365.0,365.0,0.0,0.0
2022-12-26,365.0,365.0,365.0,0.0,0.0
2022-12-27,365.0,365.0,365.0,0.0,0.0
2022-12-28,365.0,365.0,365.0,0.0,0.0
2022-12-29,365.0,365.0,365.0,0.0,0.0
2022-12-30,365.0,365.0,365.0,0.0,0.0
2022-12-31,365.0,365.0,365.0,0.0,0.0
2023-01-01,365.0,365.0,365.0,0.0,0.0
2023-01-02,365.0,365.0,365.0,0.0,0.0
2023-01-03,355.0,365.0,365.0,-10.0,-2.73972602739726
2023-01-04,355.0,355.0,365.0,0.0,0.0
2023-01-05,355.0,355.0,355.0,0.0,0.0
2023-01-06,355.0,355.0,355.0,0.0,0.0
2023-01-07,355.0,355.0,355.0,0.0,0.0
2023-01-08,355.0,355.0,355.0,0.0,0.0
2023-01-09,355.0,355.0,355.0,0.0,0.0
2023-01-10,355.0,355.0,355.0,0.0,0.0
2023-01-11,355.0,355.0,355.0,0.0,0.0
2023-01-12,355.0,355.0,355.0,0.0,0.0
2023-01-13,355.0,355.0,355.0,0.0,0.0
2023-01-14,355.0,355.0,355.0,0.0,0.0
2023-01-15,355.0,355.0,355.0,0.0,0.0
2023-01-16,355.0,355.0,355.0,0.0,0.0
2023-01-17,355.0,355.0,355.0,0.0,0.0
2023-01-18,355.0,355.0,355.0,0.0,0.0
2023-01-19,355.0,355.0,355.0,0.0,0.0
2023-01-20,355.0,355.0,355.0,0.0,0.0
2023-01-21,355.0,355.0,355.0,0.0,0.0
2023-01-22,355.0,355.0,355.0,0.0,0.0
2023-01-23,355.0,355.0,355.0,0.0,0.0
2023-01-24,355.0,355.0,355.0,0.0,0.0
2023-01-25,355.0,355.0,355.0,0.0,0.0
2023-01-26,355.0,355.0,355.0,0.0,0.0
2023-01-27,355.0,355.0,355.0,0.0,0.0
2023-01-28,355.0,355.0,355.0,0.0,0.0
2023-01-29,355.0,355.0,355.0,0.0,0.0
2023-01-30,355.0,355.0,355.0,0.0,0.0
2023-01-31,355.0,355.0,355.0,0.0,0.0
2023-02-01,355.0,355.0,355.0,0.0,0.0
2023-02-02,355.0,355.0,355.0,0.0,0.0
2023-02-03,355.0,355.0,355.0,0.0,0.0
2023-02-04,355.0,355.0,355.0,0.0,0.0
2023-02-05,355.0,355.0,355.0,0.0,0.0
2023-02-06,355.0,355.0,355.0,0.0,0.0
2023-02-07,355.0,355.0,355.0,0.0,0.0
2023-02-08,355.0,355.0,355.0,0.0,0.0
2023-02-09,355.0,355.0,355.0,0.0,0.0
2023-02-10,355.0,355.0,355.0,0.0,0.0
2023-02-11,355.0,355.0,355.0,0.0,0.0
2023-02-12,355.0,355.0,355.0,0.0,0.0
2023-02-13,355.0,355.0,355.0,0.0,0.0
2023-02-14,355.0,355.0,355.0,0.0,0.0
2023-02-15,355.0,355.0,355.0,0.0,0.0
2023-02-16,355.0,355.0,355.0,0.0,0.0
2023-02-17,355.0,355.0,355.0,0.0,0.0
2023-02-18,355.0,355.0,355.0,0.0,0.0
2023-02-19,355.0,355.0,355.0,0.0,0.0
2023-02-20,355.0,355.0,355.0,0.0,0.0
2023-02-21,355.0,355.0,355.0,0.0,0.0
2023-02-22,355.0,355.0,355.0,0.0,0.0
2023-02-23,355.0,355.0,355.0,0.0,0.0
2023-02-24,355.0,355.0,355.0,0.0,0.0
2023-02-25,355.0,355.0,355.0,0.0,0.0
2023-02-26,355.0,355.0,355.0,0.0,0.0
2023-02-27,355.0,355.0,355.0,0.0,0.0
2023-02-28,355.0,355.0,355.0,0.0,0.0
2023-03-01,355.0,355.0,355.0,0.0,0.0
2023-03-02,305.0,355.0,355.0,-50.0,-14.084507042253524
2023-03-03,305.0,305.0,355.0,0.0,0.0
2023-03-04,305.0,305.0,305.0,0.0,0.0
2023-03-05,305.0,305.0,305.0,0.0,0.0
2023-03-06,305.0,305.0,305.0,0.0,0.0
2023-03-07,305.0,305.0,305.0,0.0,0.0
2023-03-08,305.0,305.0,305.0,0.0,0.0
2023-03-09,305.0,305.0,305.0,0.0,0.0
2023-03-10,305.0,305.0,305.0,0.0,0.0
2023-03-11,305.0,305.0,305.0,0.0,0.0
2023-03-12,305.0,305.0,305.0,0.0,0.0
2023-03-13,305.0,305.0,305.0,0.0,0.0
2023-03-14,305.0,305.0,305.0,0.0,0.0
2023-03-15,305.0,305.0,305.0,0.0,0.0
2023-03-16,305.0,305.0,305.0,0.0,0.0
2023-03-17,305.0,305.0,305.0,0.0,0.0
2023-03-18,305.0,305.0,305.0,0.0,0.0
2023-03-19,305.0,305.0,305.0,0.0,0.0
2023-03-20,305.0,305.0,305.0,0.0,0.0
2023-03-21,305.0,305.0,305.0,0.0,0.0
2023-03-22,305.0,305.0,305.0,0.0,0.0
2023-03-23,305.0,305.0,305.0,0.0,0.0
2023-03-24,305.0,305.0,305.0,0.0,0.0
2023-03-25,305.0,305.0,305.0,0.0,0.0
2023-03-26,305.0,305.0,305.0,0.0,0.0
2023-03-27,305.0,305.0,305.0,0.0,0.0
2023-03-28,305.0,305.0,305.0,0.0,0.0
2023-03-29,305.0,305.0,305.0,0.0,0.0
2023-03-30,305.0,305.0,305.0,0.0,0.0
2023-03-31,305.0,305.0,305.0,0.0,0.0
2023-04-01,305.0,305.0,305.0,0.0,0.0
2023-04-02,305.0,305.0,305.0,0.0,0.0
2023-04-03,305.0,305.0,305.0,0.0,0.0
2023-04-04,305.0,305.0,305.0,0.0,0.0
2023-04-05,305.0,305.0,305.0,0.0,0.0
2023-04-06,305.0,305.0,305.0,0.0,0.0
2023-04-07,305.0,305.0,305.0,0.0,0.0
2023-04-08,305.0,305.0,305.0,0.0,0.0
2023-04-09,305.0,305.0,305.0,0.0,0.0
2023-04-10,305.0,305.0,305.0,0.0,0.0
2023-04-11,305.0,305.0,305.0,0.0,0.0
2023-04-12,305.0,305.0,305.0,0.0,0.0
2023-04-13,305.0,305.0,305.0,0.0,0.0
2023-04-14,305.0,305.0,305.0,0.0,0.0
2023-04-15,305.0,305.0,305.0,0.0,0.0
2023-04-16,305.0,305.0,305.0,0.0,0.0
2023-04-17,305.0,305.0,305.0,0.0,0.0
2023-04-18,305.0,305.0,305.0,0.0,0.0
2023-04-19,305.0,305.0,305.0,0.0,0.0
2023-04-20,305.0,305.0,305.0,0.0,0.0
2023-04-21,305.0,305.0,305.0,0.0,0.0
2023-04-22,305.0,305.0,305.0,0.0,0.0
2023-04-23,305.0,305.0,305.0,0.0,0.0
2023-04-24,305.0,305.0,305.0,0.0,0.0
2023-04-25,305.0,305.0,305.0,0.0,0.0
2023-04-26,305.0,305.0,305.0,0.0,0.0
2023-04-27,305.0,305.0,305.0,0.0,0.0
2023-04-28,305.0,305.0,305.0,0.0,0.0
2023-04-29,305.0,305.0,305.0,0.0,0.0
2023-04-30,305.0,305.0,305.0,0.0,0.0
2023-05-01,295.0,305.0,305.0,-10.0,-3.2786885245901676
2023-05-02,295.0,295.0,305.0,0.0,0.0
2023-05-03,295.0,295.0,295.0,0.0,0.0
2023-05-04,295.0,295.0,295.0,0.0,0.0
2023-05-05,295.0,295.0,295.0,0.0,0.0
2023-05-06,295.0,295.0,295.0,0.0,0.0
2023-05-07,295.0,295.0,295.0,0.0,0.0
2023-05-08,295.0,295.0,295.0,0.0,0.0
2023-05-09,295.0,295.0,295.0,0.0,0.0
2023-05-10,295.0,295.0,295.0,0.0,0.0
2023-05-11,295.0,295.0,295.0,0.0,0.0
2023-05-12,295.0,295.0,295.0,0.0,0.0
2023-05-13,295.0,295.0,295.0,0.0,0.0
2023-05-14,295.0,295.0,295.0,0.0,0.0
2023-05-15,295.0,295.0,295.0,0.0,0.0
2023-05-16,295.0,295.0,295.0,0.0,0.0
2023-05-17,295.0,295.0,295.0,0.0,0.0
2023-05-18,295.0,295.0,295.0,0.0,0.0
2023-05-19,295.0,295.0,295.0,0.0,0.0
2023-05-20,295.0,295.0,295.0,0.0,0.0
2023-05-21,295.0,295.0,295.0,0.0,0.0
2023-05-22,295.0,295.0,295.0,0.0,0.0
2023-05-23,295.0,295.0,295.0,0.0,0.0
2023-05-24,295.0,295.0,295.0,0.0,0.0
2023-05-25,295.0,295.0,295.0,0.0,0.0
2023-05-26,295.0,295.0,295.0,0.0,0.0
2023-05-27,295.0,295.0,295.0,0.0,0.0
2023-05-28,295.0,295.0,295.0,0.0,0.0
2023-05-29,295.0,295.0,295.0,0.0,0.0
2023-05-30,295.0,295.0,295.0,0.0,0.0
2023-05-31,295.0,295.0,295.0,0.0,0.0
2023-06-01,245.0,295.0,295.0,-50.0,-16.94915254237288
2023-06-02,245.0,245.0,295.0,0.0,0.0
2023-06-03,245.0,245.0,245.0,0.0,0.0
2023-06-04,245.0,245.0,245.0,0.0,0.0
2023-06-05,245.0,245.0,245.0,0.0,0.0
2023-06-06,245.0,245.0,245.0,0.0,0.0
2023-06-07,245.0,245.0,245.0,0.0,0.0
2023-06-08,245.0,245.0,245.0,0.0,0.0
2023-06-09,245.0,245.0,245.0,0.0,0.0
2023-06-10,245.0,245.0,245.0,0.0,0.0
2023-06-11,245.0,245.0,245.0,0.0,0.0
2023-06-12,245.0,245.0,245.0,0.0,0.0
2023-06-13,245.0,245.0,245.0,0.0,0.0
2023-06-14,245.0,245.0,245.0,0.0,0.0
2023-06-15,245.0,245.0,245.0,0.0,0.0
2023-06-16,245.0,245.0,245.0,0.0,0.0
2023-06-17,245.0,245.0,245.0,0.0,0.0
2023-06-18,245.0,245.0,245.0,0.0,0.0
2023-06-19,245.0,245.0,245.0,0.0,0.0
2023-06-20,245.0,245.0,245.0,0.0,0.0
2023-06-21,245.0,245.0,245.0,0.0,0.0
2023-06-22,245.0,245.0,245.0,0.0,0.0
2023-06-23,245.0,245.0,245.0,0.0,0.0
2023-06-24,245.0,245.0,245.0,0.0,0.0
2023-06-25,245.0,245.0,245.0,0.0,0.0
2023-06-26,245.0,245.0,245.0,0.0,0.0
2023-06-27,245.0,245.0,245.0,0.0,0.0
2023-06-28,245.0,245.0,245.0,0.0,0.0
2023-06-29,245.0,245.0,245.0,0.0,0.0
2023-06-30,245.0,245.0,245.0,0.0,0.0
2023-07-01,236.0,245.0,245.0,-9.0,-3.6734693877551017
2023-07-02,236.0,236.0,245.0,0.0,0.0
2023-07-03,236.0,236.0,236.0,0.0,0.0
2023-07-04,236.0,236.0,236.0,0.0,0.0
2023-07-05,236.0,236.0,236.0,0.0,0.0
2023-07-06,236.0,236.0,236.0,0.0,0.0
2023-07-07,236.0,236.0,236.0,0.0,0.0
2023-07-08,236.0,236.0,236.0,0.0,0.0
2023-07-09,236.0,236.0,236.0,0.0,0.0
2023-07-10,236.0,236.0,236.0,0.0,0.0
2023-07-11,236.0,236.0,236.0,0.0,0.0
2023-07-12,236.0,236.0,236.0,0.0,0.0
2023-07-13,236.0,236.0,236.0,0.0,0.0
2023-07-14,236.0,236.0,236.0,0.0,0.0
2023-07-15,236.0,236.0,236.0,0.0,0.0
2023-07-16,236.0,236.0,236.0,0.0,0.0
2023-07-17,236.0,236.0,236.0,0.0,0.0
2023-07-18,236.0,236.0,236.0,0.0,0.0
2023-07-19,236.0,236.0,236.0,0.0,0.0
2023-07-20,236.0,236.0,236.0,0.0,0.0
2023-07-21,236.0,236.0,236.0,0.0,0.0
2023-07-22,236.0,236.0,236.0,0.0,0.0
2023-07-23,236.0,236.0,236.0,0.0,0.0
2023-07-24,236.0,236.0,236.0,0.0,0.0
2023-07-25,236.0,236.0,236.0,0.0,0.0
2023-07-26,236.0,236.0,236.0,0.0,0.0
2023-07-27,236.0,236.0,236.0,0.0,0.0
2023-07-28,236.0,236.0,236.0,0.0,0.0
2023-07-29,236.0,236.0,236.0,0.0,0.0
2023-07-30,236.0,236.0,236.0,0.0,0.0
2023-07-31,236.0,236.0,236.0,0.0,0.0
2023-08-01,226.0,236.0,236.0,-10.0,-4.23728813559322
2023-08-02,226.0,226.0,236.0,0.0,0.0
2023-08-03,226.0,226.0,226.0,0.0,0.0
2023-08-04,226.0,226.0,226.0,0.0,0.0
2023-08-05,226.0,226.0,226.0,0.0,0.0
2023-08-06,226.0,226.0,226.0,0.0,0.0
2023-08-07,226.0,226.0,226.0,0.0,0.0
2023-08-08,226.0,226.0,226.0,0.0,0.0
2023-08-09,226.0,226.0,226.0,0.0,0.0
2023-08-10,226.0,226.0,226.0,0.0,0.0
2023-08-11,226.0,226.0,226.0,0.0,0.0
2023-08-12,226.0,226.0,226.0,0.0,0.0
2023-08-13,226.0,226.0,226.0,0.0,0.0
2023-08-14,226.0,226.0,226.0,0.0,0.0
2023-08-15,226.0,226.0,226.0,0.0,0.0
2023-08-16,226.0,226.0,226.0,0.0,0.0
2023-08-17,226.0,226.0,226.0,0.0,0.0
2023-08-18,226.0,226.0,226.0,0.0,0.0
2023-08-19,226.0,226.0,226.0,0.0,0.0
2023-08-20,226.0,226.0,226.0,0.0,0.0
2023-08-21,226.0,226.0,226.0,0.0,0.0
2023-08-22,226.0,226.0,226.0,0.0,0.0
2023-08-23,226.0,226.0,226.0,0.0,0.0
2023-08-24,226.0,226.0,226.0,0.0,0.0
2023-08-25,226.0,226.0,226.0,0.0,0.0
2023-08-26,226.0,226.0,226.0,0.0,0.0
2023-08-27,226.0,226.0,226.0,0.0,0.0
2023-08-28,226.0,226.0,226.0,0.0,0.0
2023-08-29,226.0,226.0,226.0,0.0,0.0
2023-08-30,226.0,226.0,226.0,0.0,0.0
2023-08-31,226.0,226.0,226.0,0.0,0.0
2023-09-01,231.0,226.0,226.0,5.0,2.212389380530966
2023-09-02,231.0,231.0,226.0,0.0,0.0
2023-09-03,231.0,231.0,231.0,0.0,0.0
2023-09-04,231.0,231.0,231.0,0.0,0.0
2023-09-05,231.0,231.0,231.0,0.0,0.0
2023-09-06,231.0,231.0,231.0,0.0,0.0
2023-09-07,231.0,231.0,231.0,0.0,0.0
2023-09-08,231.0,231.0,231.0,0.0,0.0
2023-09-09,231.0,231.0,231.0,0.0,0.0
2023-09-10,231.0,231.0,231.0,0.0,0.0
2023-09-11,231.0,231.0,231.0,0.0,0.0
2023-09-12,231.0,231.0,231.0,0.0,0.0
2023-09-13,231.0,231.0,231.0,0.0,0.0
2023-09-14,231.0,231.0,231.0,0.0,0.0
2023-09-15,231.0,231.0,231.0,0.0,0.0
2023-09-16,231.0,231.0,231.0,0.0,0.0
2023-09-17,231.0,231.0,231.0,0.0,0.0
2023-09-18,231.0,231.0,231.0,0.0,0.0
2023-09-19,231.0,231.0,231.0,0.0,0.0
2023-09-20,231.0,231.0,231.0,0.0,0.0
2023-09-21,231.0,231.0,231.0,0.0,0.0
2023-09-22,231.0,231.0,231.0,0.0,0.0
2023-09-23,231.0,231.0,231.0,0.0,0.0
2023-09-24,231.0,231.0,231.0,0.0,0.0
2023-09-25,231.0,231.0,231.0,0.0,0.0
2023-09-26,231.0,231.0,231.0,0.0,0.0
2023-09-27,231.0,231.0,231.0,0.0,0.0
2023-09-28,231.0,231.0,231.0,0.0,0.0
2023-09-29,231.0,231.0,231.0,0.0,0.0
2023-09-30,231.0,231.0,231.0,0.0,0.0
2023-10-01,231.0,231.0,231.0,0.0,0.0
2023-10-02,242.0,231.0,231.0,11.0,4.761904761904767
2023-10-03,242.0,242.0,231.0,0.0,0.0
2023-10-04,242.0,242.0,242.0,0.0,0.0
2023-10-05,242.0,242.0,242.0,0.0,0.0
2023-10-06,242.0,242.0,242.0,0.0,0.0
2023-10-07,242.0,242.0,242.0,0.0,0.0
2023-10-08,242.0,242.0,242.0,0.0,0.0
2023-10-09,242.0,242.0,242.0,0.0,0.0
2023-10-10,242.0,242.0,242.0,0.0,0.0
2023-10-11,242.0,242.0,242.0,0.0,0.0
2023-10-12,242.0,242.0,242.0,0.0,0.0
2023-10-13,242.0,242.0,242.0,0.0,0.0
2023-10-14,242.0,242.0,242.0,0.0,0.0
2023-10-15,242.0,242.0,242.0,0.0,0.0
2023-10-16,242.0,242.0,242.0,0.0,0.0
2023-10-17,242.0,242.0,242.0,0.0,0.0
2023-10-18,242.0,242.0,242.0,0.0,0.0
2023-10-19,242.0,242.0,242.0,0.0,0.0
2023-10-20,242.0,242.0,242.0,0.0,0.0
2023-10-21,242.0,242.0,242.0,0.0,0.0
2023-10-22,242.0,242.0,242.0,0.0,0.0
2023-10-23,242.0,242.0,242.0,0.0,0.0
2023-10-24,242.0,242.0,242.0,0.0,0.0
2023-10-25,242.0,242.0,242.0,0.0,0.0
2023-10-26,242.0,242.0,242.0,0.0,0.0
2023-10-27,242.0,242.0,242.0,0.0,0.0
2023-10-28,242.0,242.0,242.0,0.0,0.0
2023-10-29,242.0,242.0,242.0,0.0,0.0
2023-10-30,242.0,242.0,242.0,0.0,0.0
2023-10-31,242.0,242.0,242.0,0.0,0.0
2023-11-01,249.0,242.0,242.0,7.0,2.892561983471076
2023-11-02,249.0,249.0,242.0,0.0,0.0
2023-11-03,249.0,249.0,249.0,0.0,0.0
2023-11-04,249.0,249.0,249.0,0.0,0.0
2023-11-05,249.0,249.0,249.0,0.0,0.0
2023-11-06,249.0,249.0,249.0,0.0,0.0
2023-11-07,249.0,249.0,249.0,0.0,0.0
2023-11-08,249.0,249.0,249.0,0.0,0.0
2023-11-09,249.0,249.0,249.0,0.0,0.0
2023-11-10,249.0,249.0,249.0,0.0,0.0
2023-11-11,249.0,249.0,249.0,0.0,0.0
2023-11-12,249.0,249.0,249.0,0.0,0.0
2023-11-13,249.0,249.0,249.0,0.0,0.0
2023-11-14,249.0,249.0,249.0,0.0,0.0
2023-11-15,249.0,249.0,249.0,0.0,0.0
2023-11-16,249.0,249.0,249.0,0.0,0.0
2023-11-17,249.0,249.0,249.0,0.0,0.0
2023-11-18,249.0,249.0,249.0,0.0,0.0
2023-11-19,249.0,249.0,249.0,0.0,0.0
2023-11-20,249.0,249.0,249.0,0.0,0.0
2023-11-21,249.0,249.0,249.0,0.0,0.0
2023-11-22,249.0,249.0,249.0,0.0,0.0
2023-11-23,249.0,249.0,249.0,0.0,0.0
2023-11-24,249.0,249.0,249.0,0.0,0.0
2023-11-25,249.0,249.0,249.0,0.0,0.0
2023-11-26,249.0,249.0,249.0,0.0,0.0
2023-11-27,249.0,249.0,249.0,0.0,0.0
2023-11-28,249.0,249.0,249.0,0.0,0.0
2023-11-29,249.0,249.0,249.0,0.0,0.0
2023-11-30,249.0,249.0,249.0,0.0,0.0
2023-12-01,247.0,249.0,249.0,-2.0,-0.8032128514056214
2023-12-02,247.0,247.0,249.0,0.0,0.0
2023-12-03,247.0,247.0,247.0,0.0,0.0
2023-12-04,247.0,247.0,247.0,0.0,0.0
2023-12-05,247.0,247.0,247.0,0.0,0.0
2023-12-06,247.0,247.0,247.0,0.0,0.0
2023-12-07,247.0,247.0,247.0,0.0,0.0
2023-12-08,247.0,247.0,247.0,0.0,0.0
2023-12-09,247.0,247.0,247.0,0.0,0.0
2023-12-10,247.0,247.0,247.0,0.0,0.0
2023-12-11,247.0,247.0,247.0,0.0,0.0
2023-12-12,247.0,247.0,247.0,0.0,0.0
2023-12-13,247.0,247.0,247.0,0.0,0.0
2023-12-14,247.0,247.0,247.0,0.0,0.0
2023-12-15,247.0,247.0,247.0,0.0,0.0
2023-12-16,247.0,247.0,247.0,0.0,0.0
2023-12-17,247.0,247.0,247.0,0.0,0.0
2023-12-18,247.0,247.0,247.0,0.0,0.0
2023-12-19,247.0,247.0,247.0,0.0,0.0
2023-12-20,247.0,247.0,247.0,0.0,0.0
2023-12-21,247.0,247.0,247.0,0.0,0.0
2023-12-22,247.0,247.0,247.0,0.0,0.0
2023-12-23,247.0,247.0,247.0,0.0,0.0
2023-12-24,247.0,247.0,247.0,0.0,0.0
2023-12-25,247.0,247.0,247.0,0.0,0.0
2023-12-26,247.0,247.0,247.0,0.0,0.0
2023-12-27,247.0,247.0,247.0,0.0,0.0
2023-12-28,247.0,247.0,247.0,0.0,0.0
2023-12-29,247.0,247.0,247.0,0.0,0.0
2023-12-30,247.0,247.0,247.0,0.0,0.0
2023-12-31,247.0,247.0,247.0,0.0,0.0
2024-01-01,236.0,247.0,247.0,-11.0,-4.453441295546556
2024-01-02,236.0,236.0,247.0,0.0,0.0
2024-01-03,236.0,236.0,236.0,0.0,0.0
2024-01-04,236.0,236.0,236.0,0.0,0.0
2024-01-05,236.0,236.0,236.0,0.0,0.0
2024-01-06,236.0,236.0,236.0,0.0,0.0
2024-01-07,236.0,236.0,236.0,0.0,0.0
2024-01-08,236.0,236.0,236.0,0.0,0.0
2024-01-09,236.0,236.0,236.0,0.0,0.0
2024-01-10,236.0,236.0,236.0,0.0,0.0
2024-01-11,236.0,236.0,236.0,0.0,0.0
2024-01-12,236.0,236.0,236.0,0.0,0.0
2024-01-13,236.0,236.0,236.0,0.0,0.0
2024-01-14,236.0,236.0,236.0,0.0,0.0
2024-01-15,236.0,236.0,236.0,0.0,0.0
2024-01-16,236.0,236.0,236.0,0.0,0.0
2024-01-17,236.0,236.0,236.0,0.0,0.0
2024-01-18,236.0,236.0,236.0,0.0,0.0
2024-01-19,236.0,236.0,236.0,0.0,0.0
2024-01-20,236.0,236.0,236.0,0.0,0.0
2024-01-21,236.0,236.0,236.0,0.0,0.0
2024-01-22,236.0,236.0,236.0,0.0,0.0
2024-01-23,236.0,236.0,236.0,0.0,0.0
2024-01-24,236.0,236.0,236.0,0.0,0.0
2024-01-25,236.0,236.0,236.0,0.0,0.0
2024-01-26,236.0,236.0,236.0,0.0,0.0
2024-01-27,236.0,236.0,236.0,0.0,0.0
2024-01-28,236.0,236.0,236.0,0.0,0.0
2024-01-29,236.0,236.0,236.0,0.0,0.0
2024-01-30,236.0,236.0,236.0,0.0,0.0
2024-01-31,236.0,236.0,236.0,0.0,0.0
2024-02-01,262.0,236.0,236.0,26.0,11.016949152542367
2024-02-02,262.0,262.0,236.0,0.0,0.0
2024-02-03,262.0,262.0,262.0,0.0,0.0
2024-02-04,262.0,262.0,262.0,0.0,0.0
2024-02-05,262.0,262.0,262.0,0.0,0.0
2024-02-06,262.0,262.0,262.0,0.0,0.0
2024-02-07,262.0,262.0,262.0,0.0,0.0
2024-02-08,262.0,262.0,262.0,0.0,0.0
2024-02-09,262.0,262.0,262.0,0.0,0.0
2024-02-10,262.0,262.0,262.0,0.0,0.0
2024-02-11,262.0,262.0,262.0,0.0,0.0
2024-02-12,262.0,262.0,262.0,0.0,0.0
2024-02-13,262.0,262.0,262.0,0.0,0.0
2024-02-14,262.0,262.0,262.0,0.0,0.0
2024-02-15,262.0,262.0,262.0,0.0,0.0
2024-02-16,262.0,262.0,262.0,0.0,0.0
2024-02-17,262.0,262.0,262.0,0.0,0.0
2024-02-18,262.0,262.0,262.0,0.0,0.0
2024-02-19,262.0,262.0,262.0,0.0,0.0
2024-02-20,262.0,262.0,262.0,0.0,0.0
2024-02-21,262.0,262.0,262.0,0.0,0.0
2024-02-22,262.0,262.0,262.0,0.0,0.0
2024-02-23,262.0,262.0,262.0,0.0,0.0
2024-02-24,262.0,262.0,262.0,0.0,0.0
2024-02-25,262.0,262.0,262.0,0.0,0.0
2024-02-26,262.0,262.0,262.0,0.0,0.0
2024-02-27,262.0,262.0,262.0,0.0,0.0
2024-02-28,262.0,262.0,262.0,0.0,0.0
2024-02-29,262.0,262.0,262.0,0.0,0.0
2024-03-01,262.0,262.0,262.0,0.0,0.0
2024-03-02,262.0,262.0,262.0,0.0,0.0
2024-03-03,262.0,262.0,262.0,0.0,0.0
2024-03-04,262.0,262.0,262.0,0.0,0.0
2024-03-05,257.0,262.0,262.0,-5.0,-1.9083969465648831
2024-03-06,257.0,257.0,262.0,0.0,0.0
2024-03-07,257.0,257.0,257.0,0.0,0.0
2024-03-08,257.0,257.0,257.0,0.0,0.0
2024-03-09,257.0,257.0,257.0,0.0,0.0
2024-03-10,257.0,257.0,257.0,0.0,0.0
2024-03-11,257.0,257.0,257.0,0.0,0.0
2024-03-12,257.0,257.0,257.0,0.0,0.0
2024-03-13,257.0,257.0,257.0,0.0,0.0
2024-03-14,257.0,257.0,257.0,0.0,0.0
2024-03-15,257.0,257.0,257.0,0.0,0.0
2024-03-16,257.0,257.0,257.0,0.0,0.0
2024-03-17,257.0,257.0,257.0,0.0,0.0
2024-03-18,257.0,257.0,257.0,0.0,0.0
2024-03-19,257.0,257.0,257.0,0.0,0.0
2024-03-20,257.0,257.0,257.0,0.0,0.0
2024-03-21,257.0,257.0,257.0,0.0,0.0
2024-03-22,257.0,257.0,257.0,0.0,0.0
2024-03-23,257.0,257.0,257.0,0.0,0.0
2024-03-24,257.0,257.0,257.0,0.0,0.0
2024-03-25,257.0,257.0,257.0,0.0,0.0
2024-03-26,257.0,257.0,257.0,0.0,0.0
2024-03-27,257.0,257.0,257.0,0.0,0.0
2024-03-28,257.0,257.0,257.0,0.0,0.0
2024-03-29,257.0,257.0,257.0,0.0,0.0
2024-03-30,257.0,257.0,257.0,0.0,0.0
2024-03-31,257.0,257.0,257.0,0.0,0.0
2024-04-01,245.0,257.0,257.0,-12.0,-4.669260700389099
2024-04-02,245.0,245.0,257.0,0.0,0.0
2024-04-03,245.0,245.0,245.0,0.0,0.0
2024-04-04,245.0,245.0,245.0,0.0,0.0
2024-04-05,245.0,245.0,245.0,0.0,0.0
2024-04-06,245.0,245.0,245.0,0.0,0.0
2024-04-07,245.0,245.0,245.0,0.0,0.0
2024-04-08,245.0,245.0,245.0,0.0,0.0
2024-04-09,245.0,245.0,245.0,0.0,0.0
2024-04-10,245.0,245.0,245.0,0.0,0.0
2024-04-11,245.0,245.0,245.0,0.0,0.0
2024-04-12,245.0,245.0,245.0,0.0,0.0
2024-04-13,245.0,245.0,245.0,0.0,0.0
2024-04-14,245.0,245.0,245.0,0.0,0.0
2024-04-15,245.0,245.0,245.0,0.0,0.0
2024-04-16,245.0,245.0,245.0,0.0,0.0
2024-04-17,245.0,245.0,245.0,0.0,0.0
2024-04-18,245.0,245.0,245.0,0.0,0.0
2024-04-19,245.0,245.0,245.0,0.0,0.0
2024-04-20,245.0,245.0,245.0,0.0,0.0
2024-04-21,245.0,245.0,245.0,0.0,0.0
2024-04-22,245.0,245.0,245.0,0.0,0.0
2024-04-23,245.0,245.0,245.0,0.0,0.0
2024-04-24,245.0,245.0,245.0,0.0,0.0
2024-04-25,245.0,245.0,245.0,0.0,0.0
2024-04-26,245.0,245.0,245.0,0.0,0.0
2024-04-27,245.0,245.0,245.0,0.0,0.0
2024-04-28,245.0,245.0,245.0,0.0,0.0
2024-04-29,245.0,245.0,245.0,0.0,0.0
2024-04-30,245.0,245.0,245.0,0.0,0.0
2024-05-01,215.0,245.0,245.0,-30.0,-12.244897959183676
2024-05-02,215.0,215.0,245.0,0.0,0.0
2024-05-03,215.0,215.0,215.0,0.0,0.0
2024-05-04,215.0,215.0,215.0,0.0,0.0
2024-05-05,215.0,215.0,215.0,0.0,0.0
2024-05-06,215.0,215.0,215.0,0.0,0.0
2024-05-07,215.0,215.0,215.0,0.0,0.0
2024-05-08,215.0,215.0,215.0,0.0,0.0
2024-05-09,215.0,215.0,215.0,0.0,0.0
2024-05-10,215.0,215.0,215.0,0.0,0.0
2024-05-11,215.0,215.0,215.0,0.0,0.0
2024-05-12,215.0,215.0,215.0,0.0,0.0
2024-05-13,215.0,215.0,215.0,0.0,0.0
2024-05-14,215.0,215.0,215.0,0.0,0.0
2024-05-15,215.0,215.0,215.0,0.0,0.0
2024-05-16,215.0,215.0,215.0,0.0,0.0
2024-05-17,215.0,215.0,215.0,0.0,0.0
2024-05-18,215.0,215.0,215.0,0.0,0.0
2024-05-19,215.0,215.0,215.0,0.0,0.0
2024-05-20,215.0,215.0,215.0,0.0,0.0
2024-05-21,215.0,215.0,215.0,0.0,0.0
2024-05-22,215.0,215.0,215.0,0.0,0.0
2024-05-23,215.0,215.0,215.0,0.0,0.0
2024-05-24,215.0,215.0,215.0,0.0,0.0
2024-05-25,215.0,215.0,215.0,0.0,0.0
2024-05-26,215.0,215.0,215.0,0.0,0.0
2024-05-27,215.0,215.0,215.0,0.0,0.0
2024-05-28,215.0,215.0,215.0,0.0,0.0
2024-05-29,215.0,215.0,215.0,0.0,0.0
2024-05-30,215.0,215.0,215.0,0.0,0.0
2024-05-31,215.0,215.0,215.0,0.0,0.0
2024-06-01,202.0,215.0,215.0,-13.0,-6.04651162790698
2024-06-02,202.0,202.0,215.0,0.0,0.0
2024-06-03,202.0,202.0,202.0,0.0,0.0
2024-06-04,202.0,202.0,202.0,0.0,0.0
2024-06-05,202.0,202.0,202.0,0.0,0.0
2024-06-06,202.0,202.0,202.0,0.0,0.0
2024-06-07,202.0,202.0,202.0,0.0,0.0
2024-06-08,202.0,202.0,202.0,0.0,0.0
2024-06-09,202.0,202.0,202.0,0.0,0.0
2024-06-10,202.0,202.0,202.0,0.0,0.0
2024-06-11,202.0,202.0,202.0,0.0,0.0
2024-06-12,202.0,202.0,202.0,0.0,0.0
2024-06-13,202.0,202.0,202.0,0.0,0.0
2024-06-14,202.0,202.0,202.0,0.0,0.0
2024-06-15,202.0,202.0,202.0,0.0,0.0
2024-06-16,202.0,202.0,202.0,0.0,0.0
2024-06-17,202.0,202.0,202.0,0.0,0.0
2024-06-18,202.0,202.0,202.0,0.0,0.0
2024-06-19,202.0,202.0,202.0,0.0,0.0
2024-06-20,202.0,202.0,202.0,0.0,0.0
2024-06-21,202.0,202.0,202.0,0.0,0.0
2024-06-22,202.0,202.0,202.0,0.0,0.0
2024-06-23,202.0,202.0,202.0,0.0,0.0
2024-06-24,202.0,202.0,202.0,0.0,0.0
2024-06-25,202.0,202.0,202.0,0.0,0.0
2024-06-26,202.0,202.0,202.0,0.0,0.0
2024-06-27,202.0,202.0,202.0,0.0,0.0
2024-06-28,202.0,202.0,202.0,0.0,0.0
2024-06-29,202.0,202.0,202.0,0.0,0.0
2024-06-30,202.0,202.0,202.0,0.0,0.0
2024-07-01,202.0,202.0,202.0,0.0,0.0
2024-07-02,202.0,202.0,202.0,0.0,0.0
2024-07-03,202.0,202.0,202.0,0.0,0.0
2024-07-04,202.0,202.0,202.0,0.0,0.0
2024-07-05,202.0,202.0,202.0,0.0,0.0
2024-07-06,202.0,202.0,202.0,0.0,0.0
2024-07-07,202.0,202.0,202.0,0.0,0.0
2024-07-08,202.0,202.0,202.0,0.0,0.0
2024-07-09,202.0,202.0,202.0,0.0,0.0
2024-07-10,202.0,202.0,202.0,0.0,0.0
2024-07-11,202.0,202.0,202.0,0.0,0.0
2024-07-12,202.0,202.0,202.0,0.0,0.0
2024-07-13,202.0,202.0,202.0,0.0,0.0
2024-07-14,202.0,202.0,202.0,0.0,0.0
2024-07-15,202.0,202.0,202.0,0.0,0.0
2024-07-16,202.0,202.0,202.0,0.0,0.0
2024-07-17,202.0,202.0,202.0,0.0,0.0
2024-07-18,202.0,202.0,202.0,0.0,0.0
2024-07-19,202.0,202.0,202.0,0.0,0.0
2024-07-20,202.0,202.0,202.0,0.0,0.0
2024-07-21,202.0,202.0,202.0,0.0,0.0
2024-07-22,202.0,202.0,202.0,0.0,0.0
2024-07-23,202.0,202.0,202.0,0.0,0.0
2024-07-24,202.0,202.0,202.0,0.0,0.0
2024-07-25,202.0,202.0,202.0,0.0,0.0
2024-07-26,202.0,202.0,202.0,0.0,0.0
2024-07-27,202.0,202.0,202.0,0.0,0.0
2024-07-28,202.0,202.0,202.0,0.0,0.0
2024-07-29,202.0,202.0,202.0,0.0,0.0
2024-07-30,202.0,202.0,202.0,0.0,0.0
2024-07-31,202.0,202.0,202.0,0.0,0.0
2024-08-01,202.0,202.0,202.0,0.0,0.0
2024-08-02,202.0,202.0,202.0,0.0,0.0
2024-08-03,202.0,202.0,202.0,0.0,0.0
2024-08-04,202.0,202.0,202.0,0.0,0.0
2024-08-05,202.0,202.0,202.0,0.0,0.0
2024-08-06,202.0,202.0,202.0,0.0,0.0
2024-08-07,202.0,202.0,202.0,0.0,0.0
2024-08-08,202.0,202.0,202.0,0.0,0.0
2024-08-09,202.0,202.0,202.0,0.0,0.0
2024-08-10,202.0,202.0,202.0,0.0,0.0
2024-08-11,202.0,202.0,202.0,0.0,0.0
2024-08-12,202.0,202.0,202.0,0.0,0.0
2024-08-13,202.0,202.0,202.0,0.0,0.0
2024-08-14,202.0,202.0,202.0,0.0,0.0
2024-08-15,202.0,202.0,202.0,0.0,0.0
2024-08-16,202.0,202.0,202.0,0.0,0.0
2024-08-17,202.0,202.0,202.0,0.0,0.0
2024-08-18,202.0,202.0,202.0,0.0,0.0
2024-08-19,202.0,202.0,202.0,0.0,0.0
2024-08-20,202.0,202.0,202.0,0.0,0.0
2024-08-21,202.0,202.0,202.0,0.0,0.0
2024-08-22,202.0,202.0,202.0,0.0,0.0
2024-08-23,202.0,202.0,202.0,0.0,0.0
2024-08-24,202.0,202.0,202.0,0.0,0.0
2024-08-25,202.0,202.0,202.0,0.0,0.0
2024-08-26,202.0,202.0,202.0,0.0,0.0
2024-08-27,202.0,202.0,202.0,0.0,0.0
2024-08-28,202.0,202.0,202.0,0.0,0.0
2024-08-29,202.0,202.0,202.0,0.0,0.0
2024-08-30,202.0,202.0,202.0,0.0,0.0
2024-08-31,202.0,202.0,202.0,0.0,0.0
2024-09-01,202.0,202.0,202.0,0.0,0.0
2024-09-02,202.0,202.0,202.0,0.0,0.0
2024-09-03,202.0,202.0,202.0,0.0,0.0
2024-09-04,202.0,202.0,202.0,0.0,0.0
2024-09-05,202.0,202.0,202.0,0.0,0.0
2024-09-06,202.0,202.0,202.0,0.0,0.0
2024-09-07,202.0,202.0,202.0,0.0,0.0
2024-09-08,202.0,202.0,202.0,0.0,0.0
2024-09-09,202.0,202.0,202.0,0.0,0.0
2024-09-10,202.0,202.0,202.0,0.0,0.0
2024-09-11,202.0,202.0,202.0,0.0,0.0
2024-09-12,202.0,202.0,202.0,0.0,0.0
2024-09-13,202.0,202.0,202.0,0.0,0.0
2024-09-14,202.0,202.0,202.0,0.0,0.0
2024-09-15,202.0,202.0,202.0,0.0,0.0
2024-09-16,202.0,202.0,202.0,0.0,0.0
2024-09-17,202.0,202.0,202.0,0.0,0.0
2024-09-18,202.0,202.0,202.0,0.0,0.0
2024-09-19,202.0,202.0,202.0,0.0,0.0
2024-09-20,202.0,202.0,202.0,0.0,0.0
2024-09-21,202.0,202.0,202.0,0.0,0.0
2024-09-22,202.0,202.0,202.0,0.0,0.0
2024-09-23,202.0,202.0,202.0,0.0,0.0
2024-09-24,202.0,202.0,202.0,0.0,0.0
2024-09-25,202.0,202.0,202.0,0.0,0.0
2024-09-26,202.0,202.0,202.0,0.0,0.0
2024-09-27,202.0,202.0,202.0,0.0,0.0
2024-09-28,202.0,202.0,202.0,0.0,0.0
2024-09-29,202.0,202.0,202.0,0.0,0.0
2024-09-30,202.0,202.0,202.0,0.0,0.0
2024-10-01,183.0,202.0,202.0,-19.0,-9.405940594059404
2024-10-02,183.0,183.0,202.0,0.0,0.0
2024-10-03,183.0,183.0,183.0,0.0,0.0
2024-10-04,183.0,183.0,183.0,0.0,0.0
2024-10-05,183.0,183.0,183.0,0.0,0.0
2024-10-06,183.0,183.0,183.0,0.0,0.0
2024-10-07,183.0,183.0,183.0,0.0,0.0
2024-10-08,183.0,183.0,183.0,0.0,0.0
2024-10-09,183.0,183.0,183.0,0.0,0.0
2024-10-10,183.0,183.0,183.0,0.0,0.0
2024-10-11,183.0,183.0,183.0,0.0,0.0
2024-10-12,183.0,183.0,183.0,0.0,0.0
2024-10-13,183.0,183.0,183.0,0.0,0.0
2024-10-14,183.0,183.0,183.0,0.0,0.0
2024-10-15,183.0,183.0,183.0,0.0,0.0
2024-10-16,183.0,183.0,183.0,0.0,0.0
2024-10-17,183.0,183.0,183.0,0.0,0.0
2024-10-18,183.0,183.0,183.0,0.0,0.0
2024-10-19,183.0,183.0,183.0,0.0,0.0
2024-10-20,183.0,183.0,183.0,0.0,0.0
2024-10-21,183.0,183.0,183.0,0.0,0.0
2024-10-22,183.0,183.0,183.0,0.0,0.0
2024-10-23,183.0,183.0,183.0,0.0,0.0
2024-10-24,183.0,183.0,183.0,0.0,0.0
2024-10-25,183.0,183.0,183.0,0.0,0.0
2024-10-26,183.0,183.0,183.0,0.0,0.0
2024-10-27,183.0,183.0,183.0,0.0,0.0
2024-10-28,183.0,183.0,183.0,0.0,0.0
2024-10-29,183.0,183.0,183.0,0.0,0.0
2024-10-30,183.0,183.0,183.0,0.0,0.0
2024-10-31,183.0,183.0,183.0,0.0,0.0
2024-11-01,183.0,183.0,183.0,0.0,0.0
2024-11-02,183.0,183.0,183.0,0.0,0.0
2024-11-03,183.0,183.0,183.0,0.0,0.0
2024-11-04,183.0,183.0,183.0,0.0,0.0
2024-11-05,183.0,183.0,183.0,0.0,0.0
2024-11-06,183.0,183.0,183.0,0.0,0.0
2024-11-07,183.0,183.0,183.0,0.0,0.0
2024-11-08,183.0,183.0,183.0,0.0,0.0
2024-11-09,183.0,183.0,183.0,0.0,0.0
2024-11-10,183.0,183.0,183.0,0.0,0.0
2024-11-11,183.0,183.0,183.0,0.0,0.0
2024-11-12,183.0,183.0,183.0,0.0,0.0
2024-11-13,183.0,183.0,183.0,0.0,0.0
2024-11-14,183.0,183.0,183.0,0.0,0.0
2024-11-15,183.0,183.0,183.0,0.0,0.0
2024-11-16,183.0,183.0,183.0,0.0,0.0
2024-11-17,183.0,183.0,183.0,0.0,0.0
2024-11-18,183.0,183.0,183.0,0.0,0.0
2024-11-19,183.0,183.0,183.0,0.0,0.0
2024-11-20,183.0,183.0,183.0,0.0,0.0
2024-11-21,183.0,183.0,183.0,0.0,0.0
2024-11-22,183.0,183.0,183.0,0.0,0.0
2024-11-23,183.0,183.0,183.0,0.0,0.0
2024-11-24,183.0,183.0,183.0,0.0,0.0
2024-11-25,183.0,183.0,183.0,0.0,0.0
2024-11-26,183.0,183.0,183.0,0.0,0.0
2024-11-27,183.0,183.0,183.0,0.0,0.0
2024-11-28,183.0,183.0,183.0,0.0,0.0
2024-11-29,183.0,183.0,183.0,0.0,0.0
2024-11-30,183.0,183.0,183.0,0.0,0.0
2024-12-01,188.0,183.0,183.0,5.0,2.732240437158473
2024-12-02,188.0,188.0,183.0,0.0,0.0
2024-12-03,188.0,188.0,188.0,0.0,0.0
2024-12-04,188.0,188.0,188.0,0.0,0.0
2024-12-05,188.0,188.0,188.0,0.0,0.0
2024-12-06,188.0,188.0,188.0,0.0,0.0
2024-12-07,188.0,188.0,188.0,0.0,0.0
2024-12-08,188.0,188.0,188.0,0.0,0.0
2024-12-09,188.0,188.0,188.0,0.0,0.0
2024-12-10,188.0,188.0,188.0,0.0,0.0
2024-12-11,188.0,188.0,188.0,0.0,0.0
2024-12-12,188.0,188.0,188.0,0.0,0.0
2024-12-13,188.0,188.0,188.0,0.0,0.0
2024-12-14,188.0,188.0,188.0,0.0,0.0
2024-12-15,188.0,188.0,188.0,0.0,0.0
2024-12-16,188.0,188.0,188.0,0.0,0.0
2024-12-17,188.0,188.0,188.0,0.0,0.0
2024-12-18,188.0,188.0,188.0,0.0,0.0
2024-12-19,188.0,188.0,188.0,0.0,0.0
2024-12-20,188.0,188.0,188.0,0.0,0.0
2024-12-21,188.0,188.0,188.0,0.0,0.0
2024-12-22,188.0,188.0,188.0,0.0,0.0
2024-12-23,188.0,188.0,188.0,0.0,0.0
2024-12-24,188.0,188.0,188.0,0.0,0.0
2024-12-25,188.0,188.0,188.0,0.0,0.0
2024-12-26,188.0,188.0,188.0,0.0,0.0
2024-12-27,188.0,188.0,188.0,0.0,0.0
2024-12-28,188.0,188.0,188.0,0.0,0.0
2024-12-29,188.0,188.0,188.0,0.0,0.0
2024-12-30,188.0,188.0,188.0,0.0,0.0
2024-12-31,188.0,188.0,188.0,0.0,0.0
2025-01-01,183.0,188.0,188.0,-5.0,-2.659574468085102
2025-01-02,183.0,183.0,188.0,0.0,0.0
2025-01-03,183.0,183.0,183.0,0.0,0.0
2025-01-04,183.0,183.0,183.0,0.0,0.0
2025-01-05,183.0,183.0,183.0,0.0,0.0
2025-01-06,183.0,183.0,183.0,0.0,0.0
2025-01-07,183.0,183.0,183.0,0.0,0.0
2025-01-08,183.0,183.0,183.0,0.0,0.0
2025-01-09,183.0,183.0,183.0,0.0,0.0
2025-01-10,183.0,183.0,183.0,0.0,0.0
2025-01-11,183.0,183.0,183.0,0.0,0.0
2025-01-12,183.0,183.0,183.0,0.0,0.0
2025-01-13,183.0,183.0,183.0,0.0,0.0
2025-01-14,183.0,183.0,183.0,0.0,0.0
2025-01-15,183.0,183.0,183.0,0.0,0.0
2025-01-16,183.0,183.0,183.0,0.0,0.0
2025-01-17,183.0,183.0,183.0,0.0,0.0
2025-01-18,183.0,183.0,183.0,0.0,0.0
2025-01-19,183.0,183.0,183.0,0.0,0.0
2025-01-20,183.0,183.0,183.0,0.0,0.0
2025-01-21,183.0,183.0,183.0,0.0,0.0
2025-01-22,183.0,183.0,183.0,0.0,0.0
2025-01-23,183.0,183.0,183.0,0.0,0.0
2025-01-24,183.0,183.0,183.0,0.0,0.0
2025-01-25,183.0,183.0,183.0,0.0,0.0
2025-01-26,183.0,183.0,183.0,0.0,0.0
2025-01-27,183.0,183.0,183.0,0.0,0.0
2025-01-28,183.0,183.0,183.0,0.0,0.0
2025-01-29,183.0,183.0,183.0,0.0,0.0
2025-01-30,183.0,183.0,183.0,0.0,0.0
2025-01-31,183.0,183.0,183.0,0.0,0.0
2025-02-01,183.0,183.0,183.0,0.0,0.0
2025-02-02,183.0,183.0,183.0,0.0,0.0
2025-02-03,183.0,183.0,183.0,0.0,0.0
2025-02-04,183.0,183.0,183.0,0.0,0.0
2025-02-05,183.0,183.0,183.0,0.0,0.0
2025-02-06,183.0,183.0,183.0,0.0,0.0
2025-02-07,183.0,183.0,183.0,0.0,0.0
2025-02-08,183.0,183.0,183.0,0.0,0.0
2025-02-09,183.0,183.0,183.0,0.0,0.0
2025-02-10,183.0,183.0,183.0,0.0,0.0
2025-02-11,183.0,183.0,183.0,0.0,0.0
2025-02-12,183.0,183.0,183.0,0.0,0.0
2025-02-13,183.0,183.0,183.0,0.0,0.0
2025-02-14,183.0,183.0,183.0,0.0,0.0
2025-02-15,183.0,183.0,183.0,0.0,0.0
2025-02-16,183.0,183.0,183.0,0.0,0.0
2025-02-17,183.0,183.0,183.0,0.0,0.0
2025-02-18,183.0,183.0,183.0,0.0,0.0
2025-02-19,183.0,183.0,183.0,0.0,0.0
2025-02-20,183.0,183.0,183.0,0.0,0.0
2025-02-21,183.0,183.0,183.0,0.0,0.0
2025-02-22,183.0,183.0,183.0,0.0,0.0
2025-02-23,183.0,183.0,183.0,0.0,0.0
2025-02-24,183.0,183.0,183.0,0.0,0.0
2025-02-25,183.0,183.0,183.0,0.0,0.0
2025-02-26,183.0,183.0,183.0,0.0,0.0
2025-02-27,183.0,183.0,183.0,0.0,0.0
2025-02-28,183.0,183.0,183.0,0.0,0.0
2025-03-01,183.0,183.0,183.0,0.0,0.0
2025-03-02,183.0,183.0,183.0,0.0,0.0
2025-03-03,183.0,183.0,183.0,0.0,0.0
2025-03-04,183.0,183.0,183.0,0.0,0.0
2025-03-05,183.0,183.0,183.0,0.0,0.0
2025-03-06,183.0,183.0,183.0,0.0,0.0
2025-03-07,183.0,183.0,183.0,0.0,0.0
2025-03-08,183.0,183.0,183.0,0.0,0.0
2025-03-09,183.0,183.0,183.0,0.0,0.0
2025-03-10,183.0,183.0,183.0,0.0,0.0
2025-03-11,183.0,183.0,183.0,0.0,0.0
2025-03-12,183.0,183.0,183.0,0.0,0.0
2025-03-13,183.0,183.0,183.0,0.0,0.0
2025-03-14,183.0,183.0,183.0,0.0,0.0
2025-03-15,183.0,183.0,183.0,0.0,0.0
2025-03-16,183.0,183.0,183.0,0.0,0.0
2025-03-17,183.0,183.0,183.0,0.0,0.0
2025-03-18,183.0,183.0,183.0,0.0,0.0
2025-03-19,183.0,183.0,183.0,0.0,0.0
2025-03-20,183.0,183.0,183.0,0.0,0.0
2025-03-21,183.0,183.0,183.0,0.0,0.0
2025-03-22,183.0,183.0,183.0,0.0,0.0
2025-03-23,183.0,183.0,183.0,0.0,0.0
2025-03-24,183.0,183.0,183.0,0.0,0.0
2025-03-25,183.0,183.0,183.0,0.0,0.0
2025-03-26,183.0,183.0,183.0,0.0,0.0
2025-03-27,183.0,183.0,183.0,0.0,0.0
2025-03-28,183.0,183.0,183.0,0.0,0.0
2025-03-29,183.0,183.0,183.0,0.0,0.0
2025-03-30,183.0,183.0,183.0,0.0,0.0
2025-03-31,183.0,183.0,183.0,0.0,0.0
2025-04-01,183.0,183.0,183.0,0.0,0.0
2025-04-02,183.0,183.0,183.0,0.0,0.0
2025-04-03,183.0,183.0,183.0,0.0,0.0
2025-04-04,183.0,183.0,183.0,0.0,0.0
2025-04-05,183.0,183.0,183.0,0.0,0.0
2025-04-06,183.0,183.0,183.0,0.0,0.0
2025-04-07,183.0,183.0,183.0,0.0,0.0
2025-04-08,183.0,183.0,183.0,0.0,0.0
2025-04-09,183.0,183.0,183.0,0.0,0.0
2025-04-10,183.0,183.0,183.0,0.0,0.0
2025-04-11,183.0,183.0,183.0,0.0,0.0
2025-04-12,183.0,183.0,183.0,0.0,0.0
2025-04-13,183.0,183.0,183.0,0.0,0.0
2025-04-14,183.0,183.0,183.0,0.0,0.0
2025-04-15,183.0,183.0,183.0,0.0,0.0
2025-04-16,183.0,183.0,183.0,0.0,0.0
2025-04-17,183.0,183.0,183.0,0.0,0.0
2025-04-18,183.0,183.0,183.0,0.0,0.0
2025-04-19,183.0,183.0,183.0,0.0,0.0
2025-04-20,183.0,183.0,183.0,0.0,0.0
2025-04-21,183.0,183.0,183.0,0.0,0.0
2025-04-22,183.0,183.0,183.0,0.0,0.0
2025-04-23,183.0,183.0,183.0,0.0,0.0
2025-04-24,183.0,183.0,183.0,0.0,0.0
2025-04-25,183.0,183.0,183.0,0.0,0.0
2025-04-26,183.0,183.0,183.0,0.0,0.0
2025-04-27,183.0,183.0,183.0,0.0,0.0
2025-04-28,183.0,183.0,183.0,0.0,0.0
2025-04-29,183.0,183.0,183.0,0.0,0.0
2025-04-30,183.0,183.0,183.0,0.0,0.0
2025-05-01,183.0,183.0,183.0,0.0,0.0
2025-05-02,183.0,183.0,183.0,0.0,0.0
2025-05-03,183.0,183.0,183.0,0.0,0.0
2025-05-04,183.0,183.0,183.0,0.0,0.0
2025-05-05,178.0,183.0,183.0,-5.0,-2.732240437158473
2025-05-06,178.0,178.0,183.0,0.0,0.0
2025-05-07,178.0,178.0,178.0,0.0,0.0
2025-05-08,178.0,178.0,178.0,0.0,0.0
2025-05-09,178.0,178.0,178.0,0.0,0.0
2025-05-10,178.0,178.0,178.0,0.0,0.0
2025-05-11,178.0,178.0,178.0,0.0,0.0
2025-05-12,178.0,178.0,178.0,0.0,0.0
2025-05-13,178.0,178.0,178.0,0.0,0.0
2025-05-14,178.0,178.0,178.0,0.0,0.0
2025-05-15,178.0,178.0,178.0,0.0,0.0
2025-05-16,178.0,178.0,178.0,0.0,0.0
2025-05-17,178.0,178.0,178.0,0.0,0.0
2025-05-18,178.0,178.0,178.0,0.0,0.0
2025-05-19,178.0,178.0,178.0,0.0,0.0
2025-05-20,178.0,178.0,178.0,0.0,0.0
2025-05-21,178.0,178.0,178.0,0.0,0.0
2025-05-22,178.0,178.0,178.0,0.0,0.0
2025-05-23,178.0,178.0,178.0,0.0,0.0
2025-05-24,178.0,178.0,178.0,0.0,0.0
2025-05-25,178.0,178.0,178.0,0.0,0.0
2025-05-26,178.0,178.0,178.0,0.0,0.0
2025-05-27,178.0,178.0,178.0,0.0,0.0
2025-05-28,178.0,178.0,178.0,0.0,0.0
2025-05-29,178.0,178.0,178.0,0.0,0.0
2025-05-30,178.0,178.0,178.0,0.0,0.0
2025-05-31,178.0,178.0,178.0,0.0,0.0
2025-06-01,178.0,178.0,178.0,0.0,0.0
2025-06-02,178.0,178.0,178.0,0.0,0.0
2025-06-03,178.0,178.0,178.0,0.0,0.0
2025-06-04,178.0,178.0,178.0,0.0,0.0
2025-06-05,178.0,178.0,178.0,0.0,0.0
2025-06-06,178.0,178.0,178.0,0.0,0.0
2025-06-07,178.0,178.0,178.0,0.0,0.0
2025-06-08,178.0,178.0,178.0,0.0,0.0
2025-06-09,178.0,178.0,178.0,0.0,0.0
2025-06-10,178.0,178.0,178.0,0.0,0.0
2025-06-11,178.0,178.0,178.0,0.0,0.0
2025-06-12,178.0,178.0,178.0,0.0,0.0
2025-06-13,178.0,178.0,178.0,0.0,0.0
2025-06-14,178.0,178.0,178.0,0.0,0.0
2025-06-15,178.0,178.0,178.0,0.0,0.0
2025-06-16,178.0,178.0,178.0,0.0,0.0
2025-06-17,178.0,178.0,178.0,0.0,0.0
2025-06-18,178.0,178.0,178.0,0.0,0.0
2025-06-19,178.0,178.0,178.0,0.0,0.0
2025-06-20,178.0,178.0,178.0,0.0,0.0
2025-06-21,178.0,178.0,178.0,0.0,0.0
2025-06-22,178.0,178.0,178.0,0.0,0.0
2025-06-23,178.0,178.0,178.0,0.0,0.0
2025-06-24,178.0,178.0,178.0,0.0,0.0
2025-06-25,178.0,178.0,178.0,0.0,0.0
2025-06-26,178.0,178.0,178.0,0.0,0.0
2025-06-27,178.0,178.0,178.0,0.0,0.0
2025-06-28,178.0,178.0,178.0,0.0,0.0
2025-06-29,178.0,178.0,178.0,0.0,0.0
2025-06-30,178.0,178.0,178.0,0.0,0.0
2025-07-01,185.0,178.0,178.0,7.0,3.93258426966292
2025-07-02,185.0,185.0,178.0,0.0,0.0
2025-07-03,185.0,185.0,185.0,0.0,0.0
2025-07-04,185.0,185.0,185.0,0.0,0.0
2025-07-05,185.0,185.0,185.0,0.0,0.0
2025-07-06,185.0,185.0,185.0,0.0,0.0
2025-07-07,185.0,185.0,185.0,0.0,0.0
2025-07-08,185.0,185.0,185.0,0.0,0.0
2025-07-09,185.0,185.0,185.0,0.0,0.0
2025-07-10,185.0,185.0,185.0,0.0,0.0
2025-07-11,185.0,185.0,185.0,0.0,0.0
2025-07-12,185.0,185.0,185.0,0.0,0.0
2025-07-13,185.0,185.0,185.0,0.0,0.0
2025-07-14,185.0,185.0,185.0,0.0,0.0
2025-07-15,185.0,185.0,185.0,0.0,0.0
2025-07-16,185.0,185.0,185.0,0.0,0.0
2025-07-17,185.0,185.0,185.0,0.0,0.0
2025-07-18,185.0,185.0,185.0,0.0,0.0
2025-07-19,185.0,185.0,185.0,0.0,0.0
2025-07-20,185.0,185.0,185.0,0.0,0.0
2025-07-21,185.0,185.0,185.0,0.0,0.0
2025-07-22,185.0,185.0,185.0,0.0,0.0
2025-07-23,185.0,185.0,185.0,0.0,0.0
2025-07-24,185.0,185.0,185.0,0.0,0.0
2025-07-25,185.0,185.0,185.0,0.0,0.0
2025-07-26,185.0,185.0,185.0,0.0,0.0
2025-07-27,185.0,185.0,185.0,0.0,0.0
2025-07-28,185.0,185.0,185.0,0.0,0.0
2025-07-29,185.0,185.0,185.0,0.0,0.0
2025-07-30,185.0,185.0,185.0,0.0,0.0
2025-07-31,185.0,185.0,185.0,0.0,0.0
2025-08-01,185.0,185.0,185.0,0.0,0.0
2025-08-02,185.0,185.0,185.0,0.0,0.0
2025-08-03,185.0,185.0,185.0,0.0,0.0
2025-08-04,185.0,185.0,185.0,0.0,0.0
2025-08-05,185.0,185.0,185.0,0.0,0.0
2025-08-06,185.0,185.0,185.0,0.0,0.0
2025-08-07,185.0,185.0,185.0,0.0,0.0
2025-08-08,185.0,185.0,185.0,0.0,0.0
2025-08-09,185.0,185.0,185.0,0.0,0.0
2025-08-10,185.0,185.0,185.0,0.0,0.0
2025-08-11,185.0,185.0,185.0,0.0,0.0
2025-08-12,185.0,185.0,185.0,0.0,0.0
2025-08-13,185.0,185.0,185.0,0.0,0.0
2025-08-14,185.0,185.0,185.0,0.0,0.0
2025-08-15,185.0,185.0,185.0,0.0,0.0
2025-08-16,185.0,185.0,185.0,0.0,0.0
2025-08-17,185.0,185.0,185.0,0.0,0.0
2025-08-18,185.0,185.0,185.0,0.0,0.0
2025-08-19,185.0,185.0,185.0,0.0,0.0
2025-08-20,185.0,185.0,185.0,0.0,0.0
2025-08-21,185.0,185.0,185.0,0.0,0.0
2025-08-22,185.0,185.0,185.0,0.0,0.0
2025-08-23,185.0,185.0,185.0,0.0,0.0
2025-08-24,185.0,185.0,185.0,0.0,0.0
2025-08-25,185.0,185.0,185.0,0.0,0.0
2025-08-26,185.0,185.0,185.0,0.0,0.0
2025-08-27,185.0,185.0,185.0,0.0,0.0
2025-08-28,185.0,185.0,185.0,0.0,0.0
2025-08-29,185.0,185.0,185.0,0.0,0.0
2025-08-30,185.0,185.0,185.0,0.0,0.0
2025-08-31,185.0,185.0,185.0,0.0,0.0
2025-09-01,185.0,185.0,185.0,0.0,0.0
2025-09-02,185.0,185.0,185.0,0.0,0.0
2025-09-03,185.0,185.0,185.0,0.0,0.0
2025-09-04,185.0,185.0,185.0,0.0,0.0
2025-09-05,185.0,185.0,185.0,0.0,0.0
2025-09-06,185.0,185.0,185.0,0.0,0.0
2025-09-07,185.0,185.0,185.0,0.0,0.0
2025-09-08,185.0,185.0,185.0,0.0,0.0
2025-09-09,185.0,185.0,185.0,0.0,0.0
2025-09-10,185.0,185.0,185.0,0.0,0.0
2025-09-11,185.0,185.0,185.0,0.0,0.0
2025-09-12,185.0,185.0,185.0,0.0,0.0
2025-09-13,185.0,185.0,185.0,0.0,0.0
2025-09-14,185.0,185.0,185.0,0.0,0.0
2025-09-15,185.0,185.0,185.0,0.0,0.0
2025-09-16,185.0,185.0,185.0,0.0,0.0
2025-09-17,185.0,185.0,185.0,0.0,0.0
2025-09-18,185.0,185.0,185.0,0.0,0.0
2025-09-19,185.0,185.0,185.0,0.0,0.0
2025-09-20,185.0,185.0,185.0,0.0,0.0
2025-09-21,185.0,185.0,185.0,0.0,0.0
2025-09-22,185.0,185.0,185.0,0.0,0.0
2025-09-23,185.0,185.0,185.0,0.0,0.0
2025-09-24,185.0,185.0,185.0,0.0,0.0
2025-09-25,185.0,185.0,185.0,0.0,0.0
2025-09-26,185.0,185.0,185.0,0.0,0.0
2025-09-27,185.0,185.0,185.0,0.0,0.0
2025-09-28,185.0,185.0,185.0,0.0,0.0
2025-09-29,185.0,185.0,185.0,0.0,0.0
2025-09-30,185.0,185.0,185.0,0.0,0.0
2025-10-01,180.0,185.0,185.0,-5.0,-2.7027027027026973
2025-10-02,180.0,180.0,185.0,0.0,0.0
2025-10-03,180.0,180.0,180.0,0.0,0.0
2025-10-04,180.0,180.0,180.0,0.0,0.0
2025-10-05,180.0,180.0,180.0,0.0,0.0
2025-10-06,180.0,180.0,180.0,0.0,0.0
2025-10-07,180.0,180.0,180.0,0.0,0.0
2025-10-08,180.0,180.0,180.0,0.0,0.0
2025-10-09,180.0,180.0,180.0,0.0,0.0
2025-10-10,180.0,180.0,180.0,0.0,0.0
2025-10-11,180.0,180.0,180.0,0.0,0.0
2025-10-12,180.0,180.0,180.0,0.0,0.0
2025-10-13,180.0,180.0,180.0,0.0,0.0
2025-10-14,180.0,180.0,180.0,0.0,0.0
2025-10-15,180.0,180.0,180.0,0.0,0.0
2025-10-16,180.0,180.0,180.0,0.0,0.0
2025-10-17,180.0,180.0,180.0,0.0,0.0
2025-10-18,180.0,180.0,180.0,0.0,0.0
2025-10-19,180.0,180.0,180.0,0.0,0.0
2025-10-20,180.0,180.0,180.0,0.0,0.0
2025-10-21,180.0,180.0,180.0,0.0,0.0
2025-10-22,180.0,180.0,180.0,0.0,0.0
2025-10-23,180.0,180.0,180.0,0.0,0.0
2025-10-24,180.0,180.0,180.0,0.0,0.0
2025-10-25,180.0,180.0,180.0,0.0,0.0
2025-10-26,180.0,180.0,180.0,0.0,0.0
2025-10-27,180.0,180.0,180.0,0.0,0.0
2025-10-28,180.0,180.0,180.0,0.0,0.0
2025-10-29,180.0,180.0,180.0,0.0,0.0
2025-10-30,180.0,180.0,180.0,0.0,0.0
2025-10-31,180.0,180.0,180.0,0.0,0.0
2025-11-01,180.0,180.0,180.0,0.0,0.0
2025-11-02,180.0,180.0,180.0,0.0,0.0
2025-11-03,180.0,180.0,180.0,0.0,0.0
2025-11-04,180.0,180.0,180.0,0.0,0.0
2025-11-05,180.0,180.0,180.0,0.0,0.0
2025-11-06,180.0,180.0,180.0,0.0,0.0
2025-11-07,180.0,180.0,180.0,0.0,0.0
2025-11-08,180.0,180.0,180.0,0.0,0.0
2025-11-09,180.0,180.0,180.0,0.0,0.0
2025-11-10,180.0,180.0,180.0,0.0,0.0
2025-11-11,180.0,180.0,180.0,0.0,0.0
2025-11-12,180.0,180.0,180.0,0.0,0.0
2025-11-13,180.0,180.0,180.0,0.0,0.0
2025-11-14,180.0,180.0,180.0,0.0,0.0
2025-11-15,180.0,180.0,180.0,0.0,0.0
2025-11-16,180.0,180.0,180.0,0.0,0.0
2025-11-17,180.0,180.0,180.0,0.0,0.0
2025-11-18,180.0,180.0,180.0,0.0,0.0
2025-11-19,180.0,180.0,180.0,0.0,0.0
2025-11-20,180.0,180.0,180.0,0.0,0.0
2025-11-21,180.0,180.0,180.0,0.0,0.0
2025-11-22,180.0,180.0,180.0,0.0,0.0
2025-11-23,180.0,180.0,180.0,0.0,0.0
2025-11-24,180.0,180.0,180.0,0.0,0.0
2025-11-25,180.0,180.0,180.0,0.0,0.0
2025-11-26,180.0,180.0,180.0,0.0,0.0
2025-11-27,180.0,180.0,180.0,0.0,0.0
2025-11-28,180.0,180.0,180.0,0.0,0.0
2025-11-29,180.0,180.0,180.0,0.0,0.0
2025-11-30,180.0,180.0,180.0,0.0,0.0
2025-12-01,180.0,180.0,180.0,0.0,0.0
2025-12-02,180.0,180.0,180.0,0.0,0.0
2025-12-03,180.0,180.0,180.0,0.0,0.0
2025-12-04,180.0,180.0,180.0,0.0,0.0
2025-12-05,180.0,180.0,180.0,0.0,0.0
2025-12-06,180.0,180.0,180.0,0.0,0.0
2025-12-07,180.0,180.0,180.0,0.0,0.0
2025-12-08,180.0,180.0,180.0,0.0,0.0
2025-12-09,180.0,180.0,180.0,0.0,0.0
2025-12-10,180.0,180.0,180.0,0.0,0.0
2025-12-11,180.0,180.0,180.0,0.0,0.0
2025-12-12,180.0,180.0,180.0,0.0,0.0
2025-12-13,180.0,180.0,180.0,0.0,0.0
2025-12-14,180.0,180.0,180.0,0.0,0.0
2025-12-15,180.0,180.0,180.0,0.0,0.0
2025-12-16,180.0,180.0,180.0,0.0,0.0
2025-12-17,180.0,180.0,180.0,0.0,0.0
2025-12-18,180.0,180.0,180.0,0.0,0.0
2025-12-19,180.0,180.0,180.0,0.0,0.0
2025-12-20,180.0,180.0,180.0,0.0,0.0
2025-12-21,180.0,180.0,180.0,0.0,0.0
2025-12-22,180.0,180.0,180.0,0.0,0.0
2025-12-23,180.0,180.0,180.0,0.0,0.0
2025-12-24,180.0,180.0,180.0,0.0,0.0
2025-12-25,180.0,180.0,180.0,0.0,0.0
2025-12-26,180.0,180.0,180.0,0.0,0.0
2025-12-27,180.0,180.0,180.0,0.0,0.0
2025-12-28,180.0,180.0,180.0,0.0,0.0
2025-12-29,180.0,180.0,180.0,0.0,0.0
2025-12-30,180.0,180.0,180.0,0.0,0.0
2025-12-31,180.0,180.0,180.0,0.0,0.0
2026-01-01,180.0,180.0,180.0,0.0,0.0
2026-01-02,180.0,180.0,180.0,0.0,0.0
2026-01-03,180.0,180.0,180.0,0.0,0.0
2026-01-04,180.0,180.0,180.0,0.0,0.0
2026-01-05,180.0,180.0,180.0,0.0,0.0
2026-01-06,182.0,180.0,180.0,2.0,1.1111111111111072
2026-01-07,182.0,182.0,180.0,0.0,0.0
2026-01-08,182.0,182.0,182.0,0.0,0.0
2026-01-09,182.0,182.0,182.0,0.0,0.0
2026-01-10,182.0,182.0,182.0,0.0,0.0
2026-01-11,182.0,182.0,182.0,0.0,0.0
2026-01-12,182.0,182.0,182.0,0.0,0.0
2026-01-13,182.0,182.0,182.0,0.0,0.0
2026-01-14,182.0,182.0,182.0,0.0,0.0
2026-01-15,182.0,182.0,182.0,0.0,0.0
2026-01-16,182.0,182.0,182.0,0.0,0.0
2026-01-17,182.0,182.0,182.0,0.0,0.0
2026-01-18,182.0,182.0,182.0,0.0,0.0
2026-01-19,182.0,182.0,182.0,0.0,0.0
2026-01-20,182.0,182.0,182.0,0.0,0.0
2026-01-21,182.0,182.0,182.0,0.0,0.0
2026-01-22,182.0,182.0,182.0,0.0,0.0
2026-01-23,182.0,182.0,182.0,0.0,0.0
2026-01-24,182.0,182.0,182.0,0.0,0.0
2026-01-25,182.0,182.0,182.0,0.0,0.0
2026-01-26,182.0,182.0,182.0,0.0,0.0
2026-01-27,182.0,182.0,182.0,0.0,0.0
2026-01-28,182.0,182.0,182.0,0.0,0.0
2026-01-29,182.0,182.0,182.0,0.0,0.0
2026-01-30,182.0,182.0,182.0,0.0,0.0
2026-01-31,182.0,182.0,182.0,0.0,0.0
2026-02-01,182.0,182.0,182.0,0.0,0.0
2026-02-02,182.0,182.0,182.0,0.0,0.0
2026-02-03,182.0,182.0,182.0,0.0,0.0
2026-02-04,182.0,182.0,182.0,0.0,0.0
2026-02-05,182.0,182.0,182.0,0.0,0.0
2026-02-06,182.0,182.0,182.0,0.0,0.0
2026-02-07,182.0,182.0,182.0,0.0,0.0
2026-02-08,182.0,182.0,182.0,0.0,0.0
2026-02-09,182.0,182.0,182.0,0.0,0.0
2026-02-10,182.0,182.0,182.0,0.0,0.0
2026-02-11,182.0,182.0,182.0,0.0,0.0
2026-02-12,182.0,182.0,182.0,0.0,0.0
2026-02-13,182.0,182.0,182.0,0.0,0.0
2026-02-14,182.0,182.0,182.0,0.0,0.0
2026-02-15,182.0,182.0,182.0,0.0,0.0
2026-02-16,182.0,182.0,182.0,0.0,0.0
2026-02-17,182.0,182.0,182.0,0.0,0.0
2026-02-18,182.0,182.0,182.0,0.0,0.0
2026-02-19,182.0,182.0,182.0,0.0,0.0
2026-02-20,182.0,182.0,182.0,0.0,0.0
2026-02-21,182.0,182.0,182.0,0.0,0.0
2026-02-22,182.0,182.0,182.0,0.0,0.0
2026-02-23,182.0,182.0,182.0,0.0,0.0
2026-02-24,182.0,182.0,182.0,0.0,0.0
2026-02-25,182.0,182.0,182.0,0.0,0.0
2026-02-26,182.0,182.0,182.0,0.0,0.0
2026-02-27,182.0,182.0,182.0,0.0,0.0
2026-02-28,182.0,182.0,182.0,0.0,0.0
2026-03-01,182.0,182.0,182.0,0.0,0.0
2026-03-02,182.0,182.0,182.0,0.0,0.0
2026-03-03,182.0,182.0,182.0,0.0,0.0
2026-03-04,182.0,182.0,182.0,0.0,0.0
2026-03-05,182.0,182.0,182.0,0.0,0.0
2026-03-06,182.0,182.0,182.0,0.0,0.0
2026-03-07,182.0,182.0,182.0,0.0,0.0
2026-03-08,182.0,182.0,182.0,0.0,0.0
2026-03-09,182.0,182.0,182.0,0.0,0.0
2026-03-10,182.0,182.0,182.0,0.0,0.0
2026-03-11,182.0,182.0,182.0,0.0,0.0
2026-03-12,182.0,182.0,182.0,0.0,0.0
2026-03-13,182.0,182.0,182.0,0.0,0.0
2026-03-14,182.0,182.0,182.0,0.0,0.0
2026-03-15,182.0,182.0,182.0,0.0,0.0
2026-03-16,182.0,182.0,182.0,0.0,0.0
2026-03-17,182.0,182.0,182.0,0.0,0.0
2026-03-18,182.0,182.0,182.0,0.0,0.0
2026-03-19,182.0,182.0,182.0,0.0,0.0
2026-03-20,182.0,182.0,182.0,0.0,0.0
2026-03-21,182.0,182.0,182.0,0.0,0.0
2026-03-22,182.0,182.0,182.0,0.0,0.0
2026-03-23,182.0,182.0,182.0,0.0,0.0
2026-03-24,182.0,182.0,182.0,0.0,0.0
2026-03-25,182.0,182.0,182.0,0.0,0.0
2026-03-26,182.0,182.0,182.0,0.0,0.0
2026-03-27,182.0,182.0,182.0,0.0,0.0
2026-03-28,182.0,182.0,182.0,0.0,0.0
2026-03-29,182.0,182.0,182.0,0.0,0.0
2026-03-30,182.0,182.0,182.0,0.0,0.0
2026-03-31,182.0,182.0,182.0,0.0,0.0
2026-04-01,182.0,182.0,182.0,0.0,0.0
2026-04-02,182.0,182.0,182.0,0.0,0.0
2026-04-03,182.0,182.0,182.0,0.0,0.0
2026-04-04,182.0,182.0,182.0,0.0,0.0
2026-04-05,182.0,182.0,182.0,0.0,0.0
2026-04-06,182.0,182.0,182.0,0.0,0.0
2026-04-07,182.0,182.0,182.0,0.0,0.0
2026-04-08,182.0,182.0,182.0,0.0,0.0
2026-04-09,182.0,182.0,182.0,0.0,0.0
2026-04-10,182.0,182.0,182.0,0.0,0.0
2026-04-11,182.0,182.0,182.0,0.0,0.0
2026-04-12,182.0,182.0,182.0,0.0,0.0
2026-04-13,182.0,182.0,182.0,0.0,0.0
2026-04-14,182.0,182.0,182.0,0.0,0.0
2026-04-15,182.0,182.0,182.0,0.0,0.0
2026-04-16,182.0,182.0,182.0,0.0,0.0
2026-04-17,182.0,182.0,182.0,0.0,0.0
2026-04-18,182.0,182.0,182.0,0.0,0.0
2026-04-19,182.0,182.0,182.0,0.0,0.0
2026-04-20,182.0,182.0,182.0,0.0,0.0
2026-04-21,182.0,182.0,182.0,0.0,0.0
2026-04-22,182.0,182.0,182.0,0.0,0.0
2026-04-23,182.0,182.0,182.0,0.0,0.0
2026-04-24,182.0,182.0,182.0,0.0,0.0
2026-04-25,182.0,182.0,182.0,0.0,0.0
2026-04-26,182.0,182.0,182.0,0.0,0.0
2026-04-27,182.0,182.0,182.0,0.0,0.0
2026-04-28,182.0,182.0,182.0,0.0,0.0
2026-04-29,182.0,182.0,182.0,0.0,0.0
2026-04-30,182.0,182.0,182.0,0.0,0.0
2026-05-01,182.0,182.0,182.0,0.0,0.0
2026-05-02,182.0,182.0,182.0,0.0,0.0
2026-05-03,182.0,182.0,182.0,0.0,0.0
2026-05-04,182.0,182.0,182.0,0.0,0.0
