fish_id,left_image,right_image,binary_label,species_label,grade_label,sample_type,is_real_pair
flyingfish_001_A,D:\Hirusha\fish_data\train\flyingfish\grade _A\flyingfish_001_A_L.JPG,D:\Hirusha\fish_data\train\flyingfish\grade _A\flyingfish_001_A_R.JPG,fish,flyingfish,A,target_fish,1
flyingfish_002_A,D:\Hirusha\fish_data\train\flyingfish\grade _A\flyingfish_002_A_L.JPG,D:\Hirusha\fish_data\train\flyingfish\grade _A\flyingfish_002_A_R.JPG,fish,flyingfish,A,target_fish,1
flyingfish_003_A,D:\Hirusha\fish_data\train\flyingfish\grade _A\flyingfish_003_A_L.JPG,D:\Hirusha\fish_data\train\flyingfish\grade _A\flyingfish_003_A_R.JPG,fish,flyingfish,A,target_fish,1
flyingfish_004_A,D:\Hirusha\fish_data\train\flyingfish\grade _A\flyingfish_004_A_L.JPG,D:\Hirusha\fish_data\train\flyingfish\grade _A\flyingfish_004_A_R.JPG,fish,flyingfish,A,target_fish,1
flyingfish_005_A,D:\Hirusha\fish_data\train\flyingfish\grade _A\flyingfish_005_A_L.JPG,D:\Hirusha\fish_data\train\flyingfish\grade _A\flyingfish_005_A_R.JPG,fish,flyingfish,A,target_fish,1
flyingfish_006_A,D:\Hirusha\fish_data\train\flyingfish\grade _A\flyingfish_006_A_L.JPG,D:\Hirusha\fish_data\train\flyingfish\grade _A\flyingfish_006_A_R.JPG,fish,flyingfish,A,target_fish,1
flyingfish_007_A,D:\Hirusha\fish_data\train\flyingfish\grade _A\flyingfish_007_A_L.JPG,D:\Hirusha\fish_data\train\flyingfish\grade _A\flyingfish_007_A_R.JPG,fish,flyingfish,A,target_fish,1
flyingfish_008_A,D:\Hirusha\fish_data\train\flyingfish\grade _A\flyingfish_008_A_L.JPG,D:\Hirusha\fish_data\train\flyingfish\grade _A\flyingfish_008_A_R.JPG,fish,flyingfish,A,target_fish,1
flyingfish_009_A,D:\Hirusha\fish_data\train\flyingfish\grade _A\flyingfish_009_A_L.JPG,D:\Hirusha\fish_data\train\flyingfish\grade _A\flyingfish_009_A_R.JPG,fish,flyingfish,A,target_fish,1
flyingfish_010_A,D:\Hirusha\fish_data\train\flyingfish\grade _A\flyingfish_010_A_L.JPG,D:\Hirusha\fish_data\train\flyingfish\grade _A\flyingfish_010_A_R.JPG,fish,flyingfish,A,target_fish,1
flyingfish_011_A,D:\Hirusha\fish_data\train\flyingfish\grade _A\flyingfish_011_A_L.JPG,D:\Hirusha\fish_data\train\flyingfish\grade _A\flyingfish_011_A_R.JPG,fish,flyingfish,A,target_fish,1
flyingfish_012_A,D:\Hirusha\fish_data\train\flyingfish\grade _A\flyingfish_012_A_L.JPG,D:\Hirusha\fish_data\train\flyingfish\grade _A\flyingfish_012_A_R.JPG,fish,flyingfish,A,target_fish,1
flyingfish_013_A,D:\Hirusha\fish_data\train\flyingfish\grade _A\flyingfish_013_A_L.JPG,D:\Hirusha\fish_data\train\flyingfish\grade _A\flyingfish_013_A_R.JPG,fish,flyingfish,A,target_fish,1
flyingfish_014_A,D:\Hirusha\fish_data\train\flyingfish\grade _A\flyingfish_014_A_L.JPG,D:\Hirusha\fish_data\train\flyingfish\grade _A\flyingfish_014_A_R.JPG,fish,flyingfish,A,target_fish,1
flyingfish_015_A,D:\Hirusha\fish_data\train\flyingfish\grade _A\flyingfish_015_A_L.JPG,D:\Hirusha\fish_data\train\flyingfish\grade _A\flyingfish_015_A_R.JPG,fish,flyingfish,A,target_fish,1
flyingfish_016_A,D:\Hirusha\fish_data\train\flyingfish\grade _A\flyingfish_016_A_L.JPG,D:\Hirusha\fish_data\train\flyingfish\grade _A\flyingfish_016_A_R.JPG,fish,flyingfish,A,target_fish,1
flyingfish_017_A,D:\Hirusha\fish_data\train\flyingfish\grade _A\flyingfish_017_A_L.JPG,D:\Hirusha\fish_data\train\flyingfish\grade _A\flyingfish_017_A_R.JPG,fish,flyingfish,A,target_fish,1
flyingfish_018_A,D:\Hirusha\fish_data\train\flyingfish\grade _A\flyingfish_018_A_L.JPG,D:\Hirusha\fish_data\train\flyingfish\grade _A\flyingfish_018_A_R.JPG,fish,flyingfish,A,target_fish,1
flyingfish_019_A,D:\Hirusha\fish_data\train\flyingfish\grade _A\flyingfish_019_A_L.JPG,D:\Hirusha\fish_data\train\flyingfish\grade _A\flyingfish_019_A_R.JPG,fish,flyingfish,A,target_fish,1
flyingfish_020_A,D:\Hirusha\fish_data\train\flyingfish\grade _A\flyingfish_020_A_L.JPG,D:\Hirusha\fish_data\train\flyingfish\grade _A\flyingfish_020_A_R.JPG,fish,flyingfish,A,target_fish,1
flyingfish_021_A,D:\Hirusha\fish_data\train\flyingfish\grade _A\flyingfish_021_A_L.JPG,D:\Hirusha\fish_data\train\flyingfish\grade _A\flyingfish_021_A_R.JPG,fish,flyingfish,A,target_fish,1
flyingfish_022_A,D:\Hirusha\fish_data\train\flyingfish\grade _A\flyingfish_022_A_L.JPG,D:\Hirusha\fish_data\train\flyingfish\grade _A\flyingfish_022_A_R.JPG,fish,flyingfish,A,target_fish,1
flyingfish_023_A,D:\Hirusha\fish_data\train\flyingfish\grade _A\flyingfish_023_A_L.JPG,D:\Hirusha\fish_data\train\flyingfish\grade _A\flyingfish_023_A_R.JPG,fish,flyingfish,A,target_fish,1
flyingfish_024_A,D:\Hirusha\fish_data\train\flyingfish\grade _A\flyingfish_024_A_L.JPG,D:\Hirusha\fish_data\train\flyingfish\grade _A\flyingfish_024_A_R.JPG,fish,flyingfish,A,target_fish,1
flyingfish_025_A,D:\Hirusha\fish_data\train\flyingfish\grade _A\flyingfish_025_A_L.JPG,D:\Hirusha\fish_data\train\flyingfish\grade _A\flyingfish_025_A_R.JPG,fish,flyingfish,A,target_fish,1
flyingfish_026_A,D:\Hirusha\fish_data\train\flyingfish\grade _A\flyingfish_026_A_L.JPG,D:\Hirusha\fish_data\train\flyingfish\grade _A\flyingfish_026_A_R.JPG,fish,flyingfish,A,target_fish,1
flyingfish_027_A,D:\Hirusha\fish_data\train\flyingfish\grade _A\flyingfish_027_A_L.JPG,D:\Hirusha\fish_data\train\flyingfish\grade _A\flyingfish_027_A_R.JPG,fish,flyingfish,A,target_fish,1
flyingfish_028_A,D:\Hirusha\fish_data\train\flyingfish\grade _A\flyingfish_028_A_L.JPG,D:\Hirusha\fish_data\train\flyingfish\grade _A\flyingfish_028_A_R.JPG,fish,flyingfish,A,target_fish,1
flyingfish_029_A,D:\Hirusha\fish_data\train\flyingfish\grade _A\flyingfish_029_A_L.JPG,D:\Hirusha\fish_data\train\flyingfish\grade _A\flyingfish_029_A_R.JPG,fish,flyingfish,A,target_fish,1
flyingfish_030_A,D:\Hirusha\fish_data\train\flyingfish\grade _A\flyingfish_030_A_L.JPG,D:\Hirusha\fish_data\train\flyingfish\grade _A\flyingfish_030_A_R.JPG,fish,flyingfish,A,target_fish,1
flyingfish_031_A,D:\Hirusha\fish_data\train\flyingfish\grade _A\flyingfish_031_A_L.JPG,D:\Hirusha\fish_data\train\flyingfish\grade _A\flyingfish_031_A_R.JPG,fish,flyingfish,A,target_fish,1
flyingfish_032_A,D:\Hirusha\fish_data\train\flyingfish\grade _A\flyingfish_032_A_L.JPG,D:\Hirusha\fish_data\train\flyingfish\grade _A\flyingfish_032_A_R.JPG,fish,flyingfish,A,target_fish,1
flyingfish_033_A,D:\Hirusha\fish_data\train\flyingfish\grade _A\flyingfish_033_A_L.JPG,D:\Hirusha\fish_data\train\flyingfish\grade _A\flyingfish_033_A_R.JPG,fish,flyingfish,A,target_fish,1
flyingfish_034_A,D:\Hirusha\fish_data\train\flyingfish\grade _A\flyingfish_034_A_L.JPG,D:\Hirusha\fish_data\train\flyingfish\grade _A\flyingfish_034_A_R.JPG,fish,flyingfish,A,target_fish,1
flyingfish_035_A,D:\Hirusha\fish_data\train\flyingfish\grade _A\flyingfish_035_A_L.JPG,D:\Hirusha\fish_data\train\flyingfish\grade _A\flyingfish_035_A_R.JPG,fish,flyingfish,A,target_fish,1
flyingfish_036_A,D:\Hirusha\fish_data\train\flyingfish\grade _A\flyingfish_036_A_L.JPG,D:\Hirusha\fish_data\train\flyingfish\grade _A\flyingfish_036_A_R.JPG,fish,flyingfish,A,target_fish,1
flyingfish_037_A,D:\Hirusha\fish_data\train\flyingfish\grade _A\flyingfish_037_A_L.JPG,D:\Hirusha\fish_data\train\flyingfish\grade _A\flyingfish_037_A_R.JPG,fish,flyingfish,A,target_fish,1
flyingfish_038_A,D:\Hirusha\fish_data\train\flyingfish\grade _A\flyingfish_038_A_L.JPG,D:\Hirusha\fish_data\train\flyingfish\grade _A\flyingfish_038_A_R.JPG,fish,flyingfish,A,target_fish,1
flyingfish_039_A,D:\Hirusha\fish_data\train\flyingfish\grade _A\flyingfish_039_A_L.JPG,D:\Hirusha\fish_data\train\flyingfish\grade _A\flyingfish_039_A_R.JPG,fish,flyingfish,A,target_fish,1
flyingfish_040_A,D:\Hirusha\fish_data\train\flyingfish\grade _A\flyingfish_040_A_L.JPG,D:\Hirusha\fish_data\train\flyingfish\grade _A\flyingfish_040_A_R.JPG,fish,flyingfish,A,target_fish,1
flyingfish_041_A,D:\Hirusha\fish_data\train\flyingfish\grade _A\flyingfish_041_A_L.JPG,D:\Hirusha\fish_data\train\flyingfish\grade _A\flyingfish_041_A_R.JPG,fish,flyingfish,A,target_fish,1
flyingfish_042_A,D:\Hirusha\fish_data\train\flyingfish\grade _A\flyingfish_042_A_L.JPG,D:\Hirusha\fish_data\train\flyingfish\grade _A\flyingfish_042_A_R.JPG,fish,flyingfish,A,target_fish,1
flyingfish_043_A,D:\Hirusha\fish_data\train\flyingfish\grade _A\flyingfish_043_A_L.JPG,D:\Hirusha\fish_data\train\flyingfish\grade _A\flyingfish_043_A_R.JPG,fish,flyingfish,A,target_fish,1
flyingfish_044_A,D:\Hirusha\fish_data\train\flyingfish\grade _A\flyingfish_044_A_L.JPG,D:\Hirusha\fish_data\train\flyingfish\grade _A\flyingfish_044_A_R.JPG,fish,flyingfish,A,target_fish,1
flyingfish_045_A,D:\Hirusha\fish_data\train\flyingfish\grade _A\flyingfish_045_A_L.JPG,D:\Hirusha\fish_data\train\flyingfish\grade _A\flyingfish_045_A_R.JPG,fish,flyingfish,A,target_fish,1
flyingfish_046_A,D:\Hirusha\fish_data\train\flyingfish\grade _A\flyingfish_046_A_L.JPG,D:\Hirusha\fish_data\train\flyingfish\grade _A\flyingfish_046_A_R.JPG,fish,flyingfish,A,target_fish,1
flyingfish_047_A,D:\Hirusha\fish_data\train\flyingfish\grade _A\flyingfish_047_A_L.JPG,D:\Hirusha\fish_data\train\flyingfish\grade _A\flyingfish_047_A_R.JPG,fish,flyingfish,A,target_fish,1
flyingfish_048_A,D:\Hirusha\fish_data\train\flyingfish\grade _A\flyingfish_048_A_L.JPG,D:\Hirusha\fish_data\train\flyingfish\grade _A\flyingfish_048_A_R.JPG,fish,flyingfish,A,target_fish,1
flyingfish_049_A,D:\Hirusha\fish_data\train\flyingfish\grade _A\flyingfish_049_A_L.JPG,D:\Hirusha\fish_data\train\flyingfish\grade _A\flyingfish_049_A_R.JPG,fish,flyingfish,A,target_fish,1
flyingfish_050_A,D:\Hirusha\fish_data\train\flyingfish\grade _A\flyingfish_050_A_L.JPG,D:\Hirusha\fish_data\train\flyingfish\grade _A\flyingfish_050_A_R.JPG,fish,flyingfish,A,target_fish,1
flyingfish_051_A,D:\Hirusha\fish_data\train\flyingfish\grade _A\flyingfish_051_A_L.JPG,D:\Hirusha\fish_data\train\flyingfish\grade _A\flyingfish_051_A_R.JPG,fish,flyingfish,A,target_fish,1
flyingfish_052_A,D:\Hirusha\fish_data\train\flyingfish\grade _A\flyingfish_052_A_L.JPG,D:\Hirusha\fish_data\train\flyingfish\grade _A\flyingfish_052_A_R.JPG,fish,flyingfish,A,target_fish,1
flyingfish_053_A,D:\Hirusha\fish_data\train\flyingfish\grade _A\flyingfish_053_A_L.JPG,D:\Hirusha\fish_data\train\flyingfish\grade _A\flyingfish_053_A_R.JPG,fish,flyingfish,A,target_fish,1
flyingfish_054_A,D:\Hirusha\fish_data\train\flyingfish\grade _A\flyingfish_054_A_L.JPG,D:\Hirusha\fish_data\train\flyingfish\grade _A\flyingfish_054_A_R.JPG,fish,flyingfish,A,target_fish,1
flyingfish_055_A,D:\Hirusha\fish_data\train\flyingfish\grade _A\flyingfish_055_A_L.JPG,D:\Hirusha\fish_data\train\flyingfish\grade _A\flyingfish_055_A_R.JPG,fish,flyingfish,A,target_fish,1
flyingfish_056_A,D:\Hirusha\fish_data\train\flyingfish\grade _A\flyingfish_056_A_L.JPG,D:\Hirusha\fish_data\train\flyingfish\grade _A\flyingfish_056_A_R.JPG,fish,flyingfish,A,target_fish,1
flyingfish_057_A,D:\Hirusha\fish_data\train\flyingfish\grade _A\flyingfish_057_A_L.JPG,D:\Hirusha\fish_data\train\flyingfish\grade _A\flyingfish_057_A_R.JPG,fish,flyingfish,A,target_fish,1
flyingfish_058_A,D:\Hirusha\fish_data\train\flyingfish\grade _A\flyingfish_058_A_L.JPG,D:\Hirusha\fish_data\train\flyingfish\grade _A\flyingfish_058_A_R.JPG,fish,flyingfish,A,target_fish,1
flyingfish_059_A,D:\Hirusha\fish_data\train\flyingfish\grade _A\flyingfish_059_A_L.JPG,D:\Hirusha\fish_data\train\flyingfish\grade _A\flyingfish_059_A_R.JPG,fish,flyingfish,A,target_fish,1
flyingfish_060_A,D:\Hirusha\fish_data\train\flyingfish\grade _A\flyingfish_060_A_L.JPG,D:\Hirusha\fish_data\train\flyingfish\grade _A\flyingfish_060_A_R.JPG,fish,flyingfish,A,target_fish,1
flyingfish_061_A,D:\Hirusha\fish_data\train\flyingfish\grade _A\flyingfish_061_A_L.JPG,D:\Hirusha\fish_data\train\flyingfish\grade _A\flyingfish_061_A_R.JPG,fish,flyingfish,A,target_fish,1
flyingfish_062_A,D:\Hirusha\fish_data\train\flyingfish\grade _A\flyingfish_062_A_L.JPG,D:\Hirusha\fish_data\train\flyingfish\grade _A\flyingfish_062_A_R.JPG,fish,flyingfish,A,target_fish,1
flyingfish_063_A,D:\Hirusha\fish_data\train\flyingfish\grade _A\flyingfish_063_A_L.JPG,D:\Hirusha\fish_data\train\flyingfish\grade _A\flyingfish_063_A_R.JPG,fish,flyingfish,A,target_fish,1
flyingfish_064_A,D:\Hirusha\fish_data\train\flyingfish\grade _A\flyingfish_064_A_L.JPG,D:\Hirusha\fish_data\train\flyingfish\grade _A\flyingfish_064_A_R.JPG,fish,flyingfish,A,target_fish,1
graymullet_001_A,D:\Hirusha\fish_data\train\graymullet\grade_A\graymullet_001_A_L.JPG,D:\Hirusha\fish_data\train\graymullet\grade_A\graymullet_001_A_R.JPG,fish,graymullet,A,target_fish,1
graymullet_002_A,D:\Hirusha\fish_data\train\graymullet\grade_A\graymullet_002_A_L.JPG,D:\Hirusha\fish_data\train\graymullet\grade_A\graymullet_002_A_R.JPG,fish,graymullet,A,target_fish,1
graymullet_003_A,D:\Hirusha\fish_data\train\graymullet\grade_A\graymullet_003_A_L.JPG,D:\Hirusha\fish_data\train\graymullet\grade_A\graymullet_003_A_R.JPG,fish,graymullet,A,target_fish,1
graymullet_004_A,D:\Hirusha\fish_data\train\graymullet\grade_A\graymullet_004_A_L.JPG,D:\Hirusha\fish_data\train\graymullet\grade_A\graymullet_004_A_R.JPG,fish,graymullet,A,target_fish,1
graymullet_005_A,D:\Hirusha\fish_data\train\graymullet\grade_A\graymullet_005_A_L.JPG,D:\Hirusha\fish_data\train\graymullet\grade_A\graymullet_005_A_R.JPG,fish,graymullet,A,target_fish,1
graymullet_006_A,D:\Hirusha\fish_data\train\graymullet\grade_A\graymullet_006_A_L.JPG,D:\Hirusha\fish_data\train\graymullet\grade_A\graymullet_006_A_R.JPG,fish,graymullet,A,target_fish,1
graymullet_007_A,D:\Hirusha\fish_data\train\graymullet\grade_A\graymullet_007_A_L.JPG,D:\Hirusha\fish_data\train\graymullet\grade_A\graymullet_007_A_R.JPG,fish,graymullet,A,target_fish,1
graymullet_008_A,D:\Hirusha\fish_data\train\graymullet\grade_A\graymullet_008_A_L.JPG,D:\Hirusha\fish_data\train\graymullet\grade_A\graymullet_008_A_R.JPG,fish,graymullet,A,target_fish,1
graymullet_009_A,D:\Hirusha\fish_data\train\graymullet\grade_A\graymullet_009_A_L.JPG,D:\Hirusha\fish_data\train\graymullet\grade_A\graymullet_009_A_R.JPG,fish,graymullet,A,target_fish,1
graymullet_010_A,D:\Hirusha\fish_data\train\graymullet\grade_A\graymullet_010_A_L.JPG,D:\Hirusha\fish_data\train\graymullet\grade_A\graymullet_010_A_R.JPG,fish,graymullet,A,target_fish,1
graymullet_011_A,D:\Hirusha\fish_data\train\graymullet\grade_A\graymullet_011_A_L.JPG,D:\Hirusha\fish_data\train\graymullet\grade_A\graymullet_011_A_R.JPG,fish,graymullet,A,target_fish,1
graymullet_012_A,D:\Hirusha\fish_data\train\graymullet\grade_A\graymullet_012_A_L.JPG,D:\Hirusha\fish_data\train\graymullet\grade_A\graymullet_012_A_R.JPG,fish,graymullet,A,target_fish,1
graymullet_013_A,D:\Hirusha\fish_data\train\graymullet\grade_A\graymullet_013_A_L.JPG,D:\Hirusha\fish_data\train\graymullet\grade_A\graymullet_013_A_R.JPG,fish,graymullet,A,target_fish,1
graymullet_014_A,D:\Hirusha\fish_data\train\graymullet\grade_A\graymullet_014_A_L.JPG,D:\Hirusha\fish_data\train\graymullet\grade_A\graymullet_014_A_R.JPG,fish,graymullet,A,target_fish,1
graymullet_015_A,D:\Hirusha\fish_data\train\graymullet\grade_A\graymullet_015_A_L.JPG,D:\Hirusha\fish_data\train\graymullet\grade_A\graymullet_015_A_R.JPG,fish,graymullet,A,target_fish,1
graymullet_016_A,D:\Hirusha\fish_data\train\graymullet\grade_A\graymullet_016_A_L.JPG,D:\Hirusha\fish_data\train\graymullet\grade_A\graymullet_016_A_R.JPG,fish,graymullet,A,target_fish,1
graymullet_017_A,D:\Hirusha\fish_data\train\graymullet\grade_A\graymullet_017_A_L.JPG,D:\Hirusha\fish_data\train\graymullet\grade_A\graymullet_017_A_R.JPG,fish,graymullet,A,target_fish,1
graymullet_018_A,D:\Hirusha\fish_data\train\graymullet\grade_A\graymullet_018_A_L.JPG,D:\Hirusha\fish_data\train\graymullet\grade_A\graymullet_018_A_R.JPG,fish,graymullet,A,target_fish,1
graymullet_019_A,D:\Hirusha\fish_data\train\graymullet\grade_A\graymullet_019_A_L.JPG,D:\Hirusha\fish_data\train\graymullet\grade_A\graymullet_019_A_R.JPG,fish,graymullet,A,target_fish,1
graymullet_020_A,D:\Hirusha\fish_data\train\graymullet\grade_A\graymullet_020_A_L.JPG,D:\Hirusha\fish_data\train\graymullet\grade_A\graymullet_020_A_R.JPG,fish,graymullet,A,target_fish,1
graymullet_021_A,D:\Hirusha\fish_data\train\graymullet\grade_A\graymullet_021_A_L.JPG,D:\Hirusha\fish_data\train\graymullet\grade_A\graymullet_021_A_R.JPG,fish,graymullet,A,target_fish,1
graymullet_022_A,D:\Hirusha\fish_data\train\graymullet\grade_A\graymullet_022_A_L.JPG,D:\Hirusha\fish_data\train\graymullet\grade_A\graymullet_022_A_R.JPG,fish,graymullet,A,target_fish,1
graymullet_023_A,D:\Hirusha\fish_data\train\graymullet\grade_A\graymullet_023_A_L.JPG,D:\Hirusha\fish_data\train\graymullet\grade_A\graymullet_023_A_R.JPG,fish,graymullet,A,target_fish,1
graymullet_024_A,D:\Hirusha\fish_data\train\graymullet\grade_A\graymullet_024_A_L.JPG,D:\Hirusha\fish_data\train\graymullet\grade_A\graymullet_024_A_R.JPG,fish,graymullet,A,target_fish,1
graymullet_025_A,D:\Hirusha\fish_data\train\graymullet\grade_A\graymullet_025_A_L.JPG,D:\Hirusha\fish_data\train\graymullet\grade_A\graymullet_025_A_R.JPG,fish,graymullet,A,target_fish,1
graymullet_026_A,D:\Hirusha\fish_data\train\graymullet\grade_A\graymullet_026_A_L.JPG,D:\Hirusha\fish_data\train\graymullet\grade_A\graymullet_026_A_R.JPG,fish,graymullet,A,target_fish,1
graymullet_027_A,D:\Hirusha\fish_data\train\graymullet\grade_A\graymullet_027_A_L.JPG,D:\Hirusha\fish_data\train\graymullet\grade_A\graymullet_027_A_R.JPG,fish,graymullet,A,target_fish,1
graymullet_028_A,D:\Hirusha\fish_data\train\graymullet\grade_A\graymullet_028_A_L.JPG,D:\Hirusha\fish_data\train\graymullet\grade_A\graymullet_028_A_R.JPG,fish,graymullet,A,target_fish,1
graymullet_029_A,D:\Hirusha\fish_data\train\graymullet\grade_A\graymullet_029_A_L.JPG,D:\Hirusha\fish_data\train\graymullet\grade_A\graymullet_029_A_R.JPG,fish,graymullet,A,target_fish,1
graymullet_030_A,D:\Hirusha\fish_data\train\graymullet\grade_A\graymullet_030_A_L.JPG,D:\Hirusha\fish_data\train\graymullet\grade_A\graymullet_030_A_R.JPG,fish,graymullet,A,target_fish,1
graymullet_031_A,D:\Hirusha\fish_data\train\graymullet\grade_A\graymullet_031_A_L.JPG,D:\Hirusha\fish_data\train\graymullet\grade_A\graymullet_031_A_R.JPG,fish,graymullet,A,target_fish,1
graymullet_032_A,D:\Hirusha\fish_data\train\graymullet\grade_A\graymullet_032_A_L.JPG,D:\Hirusha\fish_data\train\graymullet\grade_A\graymullet_032_A_R.JPG,fish,graymullet,A,target_fish,1
makerel_001_B,D:\Hirusha\fish_data\train\makerel\grade_B\makerel_001_B_L.JPG,D:\Hirusha\fish_data\train\makerel\grade_B\makerel_001_B_R.JPG,fish,makerel,B,target_fish,1
makerel_002_B,D:\Hirusha\fish_data\train\makerel\grade_B\makerel_002_B_L.JPG,D:\Hirusha\fish_data\train\makerel\grade_B\makerel_002_B_R.JPG,fish,makerel,B,target_fish,1
makerel_003_B,D:\Hirusha\fish_data\train\makerel\grade_B\makerel_003_B_L.JPG,D:\Hirusha\fish_data\train\makerel\grade_B\makerel_003_B_R.JPG,fish,makerel,B,target_fish,1
makerel_004_B,D:\Hirusha\fish_data\train\makerel\grade_B\makerel_004_B_L.JPG,D:\Hirusha\fish_data\train\makerel\grade_B\makerel_004_B_R.JPG,fish,makerel,B,target_fish,1
makerel_005_B,D:\Hirusha\fish_data\train\makerel\grade_B\makerel_005_B_L.JPG,D:\Hirusha\fish_data\train\makerel\grade_B\makerel_005_B_R.JPG,fish,makerel,B,target_fish,1
makerel_006_B,D:\Hirusha\fish_data\train\makerel\grade_B\makerel_006_B_L.JPG,D:\Hirusha\fish_data\train\makerel\grade_B\makerel_006_B_R.JPG,fish,makerel,B,target_fish,1
makerel_007_B,D:\Hirusha\fish_data\train\makerel\grade_B\makerel_007_B_L.JPG,D:\Hirusha\fish_data\train\makerel\grade_B\makerel_007_B_R.JPG,fish,makerel,B,target_fish,1
makerel_008_B,D:\Hirusha\fish_data\train\makerel\grade_B\makerel_008_B_L.JPG,D:\Hirusha\fish_data\train\makerel\grade_B\makerel_008_B_R.JPG,fish,makerel,B,target_fish,1
makerel_009_B,D:\Hirusha\fish_data\train\makerel\grade_B\makerel_009_B_L.JPG,D:\Hirusha\fish_data\train\makerel\grade_B\makerel_009_B_R.JPG,fish,makerel,B,target_fish,1
makerel_010_B,D:\Hirusha\fish_data\train\makerel\grade_B\makerel_010_B_L.JPG,D:\Hirusha\fish_data\train\makerel\grade_B\makerel_010_B_R.JPG,fish,makerel,B,target_fish,1
makerel_011_B,D:\Hirusha\fish_data\train\makerel\grade_B\makerel_011_B_L.JPG,D:\Hirusha\fish_data\train\makerel\grade_B\makerel_011_B_R.JPG,fish,makerel,B,target_fish,1
makerel_012_B,D:\Hirusha\fish_data\train\makerel\grade_B\makerel_012_B_L.JPG,D:\Hirusha\fish_data\train\makerel\grade_B\makerel_012_B_R.JPG,fish,makerel,B,target_fish,1
makerel_013_B,D:\Hirusha\fish_data\train\makerel\grade_B\makerel_013_B_L.JPG,D:\Hirusha\fish_data\train\makerel\grade_B\makerel_013_B_R.JPG,fish,makerel,B,target_fish,1
makerel_014_B,D:\Hirusha\fish_data\train\makerel\grade_B\makerel_014_B_L.JPG,D:\Hirusha\fish_data\train\makerel\grade_B\makerel_014_B_R.JPG,fish,makerel,B,target_fish,1
makerel_015_B,D:\Hirusha\fish_data\train\makerel\grade_B\makerel_015_B_L.JPG,D:\Hirusha\fish_data\train\makerel\grade_B\makerel_015_B_R.JPG,fish,makerel,B,target_fish,1
makerel_016_B,D:\Hirusha\fish_data\train\makerel\grade_B\makerel_016_B_L.JPG,D:\Hirusha\fish_data\train\makerel\grade_B\makerel_016_B_R.JPG,fish,makerel,B,target_fish,1
makerel_017_B,D:\Hirusha\fish_data\train\makerel\grade_B\makerel_017_B_L.JPG,D:\Hirusha\fish_data\train\makerel\grade_B\makerel_017_B_R.JPG,fish,makerel,B,target_fish,1
makerel_018_B,D:\Hirusha\fish_data\train\makerel\grade_B\makerel_018_B_L.JPG,D:\Hirusha\fish_data\train\makerel\grade_B\makerel_018_B_R.JPG,fish,makerel,B,target_fish,1
makerel_019_B,D:\Hirusha\fish_data\train\makerel\grade_B\makerel_019_B_L.JPG,D:\Hirusha\fish_data\train\makerel\grade_B\makerel_019_B_R.JPG,fish,makerel,B,target_fish,1
makerel_020_B,D:\Hirusha\fish_data\train\makerel\grade_B\makerel_020_B_L.JPG,D:\Hirusha\fish_data\train\makerel\grade_B\makerel_020_B_R.JPG,fish,makerel,B,target_fish,1
makerel_021_B,D:\Hirusha\fish_data\train\makerel\grade_B\makerel_021_B_L.JPG,D:\Hirusha\fish_data\train\makerel\grade_B\makerel_021_B_R.JPG,fish,makerel,B,target_fish,1
makerel_022_B,D:\Hirusha\fish_data\train\makerel\grade_B\makerel_022_B_L.JPG,D:\Hirusha\fish_data\train\makerel\grade_B\makerel_022_B_R.JPG,fish,makerel,B,target_fish,1
makerel_023_B,D:\Hirusha\fish_data\train\makerel\grade_B\makerel_023_B_L.JPG,D:\Hirusha\fish_data\train\makerel\grade_B\makerel_023_B_R.JPG,fish,makerel,B,target_fish,1
makerel_024_B,D:\Hirusha\fish_data\train\makerel\grade_B\makerel_024_B_L.JPG,D:\Hirusha\fish_data\train\makerel\grade_B\makerel_024_B_R.JPG,fish,makerel,B,target_fish,1
makerel_025_B,D:\Hirusha\fish_data\train\makerel\grade_B\makerel_025_B_L.JPG,D:\Hirusha\fish_data\train\makerel\grade_B\makerel_025_B_R.JPG,fish,makerel,B,target_fish,1
makerel_026_B,D:\Hirusha\fish_data\train\makerel\grade_B\makerel_026_B_L.JPG,D:\Hirusha\fish_data\train\makerel\grade_B\makerel_026_B_R.JPG,fish,makerel,B,target_fish,1
makerel_027_B,D:\Hirusha\fish_data\train\makerel\grade_B\makerel_027_B_L.JPG,D:\Hirusha\fish_data\train\makerel\grade_B\makerel_027_B_R.JPG,fish,makerel,B,target_fish,1
makerel_028_B,D:\Hirusha\fish_data\train\makerel\grade_B\makerel_028_B_L.JPG,D:\Hirusha\fish_data\train\makerel\grade_B\makerel_028_B_R.JPG,fish,makerel,B,target_fish,1
makerel_029_B,D:\Hirusha\fish_data\train\makerel\grade_B\makerel_029_B_L.JPG,D:\Hirusha\fish_data\train\makerel\grade_B\makerel_029_B_R.JPG,fish,makerel,B,target_fish,1
makerel_030_B,D:\Hirusha\fish_data\train\makerel\grade_B\makerel_030_B_L.JPG,D:\Hirusha\fish_data\train\makerel\grade_B\makerel_030_B_R.JPG,fish,makerel,B,target_fish,1
makerel_031_B,D:\Hirusha\fish_data\train\makerel\grade_B\makerel_031_B_L.JPG,D:\Hirusha\fish_data\train\makerel\grade_B\makerel_031_B_R.JPG,fish,makerel,B,target_fish,1
makerel_032_B,D:\Hirusha\fish_data\train\makerel\grade_B\makerel_032_B_L.JPG,D:\Hirusha\fish_data\train\makerel\grade_B\makerel_032_B_R.JPG,fish,makerel,B,target_fish,1
makerel_033_B,D:\Hirusha\fish_data\train\makerel\grade_B\makerel_033_B_L.JPG,D:\Hirusha\fish_data\train\makerel\grade_B\makerel_033_B_R.JPG,fish,makerel,B,target_fish,1
makerel_034_B,D:\Hirusha\fish_data\train\makerel\grade_B\makerel_034_B_L.jpg,D:\Hirusha\fish_data\train\makerel\grade_B\makerel_034_B_R.jpg,fish,makerel,B,target_fish,1
makerel_035_B,D:\Hirusha\fish_data\train\makerel\grade_B\makerel_035_B_L.jpg,D:\Hirusha\fish_data\train\makerel\grade_B\makerel_035_B_R.jpg,fish,makerel,B,target_fish,1
makerel_036_B,D:\Hirusha\fish_data\train\makerel\grade_B\makerel_036_B_L.jpg,D:\Hirusha\fish_data\train\makerel\grade_B\makerel_036_B_R.jpg,fish,makerel,B,target_fish,1
makerel_037_B,D:\Hirusha\fish_data\train\makerel\grade_B\makerel_037_B_L.jpg,D:\Hirusha\fish_data\train\makerel\grade_B\makerel_037_B_R.jpg,fish,makerel,B,target_fish,1
makerel_038_B,D:\Hirusha\fish_data\train\makerel\grade_B\makerel_038_B_L.jpg,D:\Hirusha\fish_data\train\makerel\grade_B\makerel_038_B_R.jpg,fish,makerel,B,target_fish,1
makerel_039_B,D:\Hirusha\fish_data\train\makerel\grade_B\makerel_039_B_L.jpg,D:\Hirusha\fish_data\train\makerel\grade_B\makerel_039_B_R.jpg,fish,makerel,B,target_fish,1
makerel_040_B,D:\Hirusha\fish_data\train\makerel\grade_B\makerel_040_B_L.jpg,D:\Hirusha\fish_data\train\makerel\grade_B\makerel_040_B_R.jpg,fish,makerel,B,target_fish,1
makerel_041_B,D:\Hirusha\fish_data\train\makerel\grade_B\makerel_041_B_L.jpg,D:\Hirusha\fish_data\train\makerel\grade_B\makerel_041_B_R.jpg,fish,makerel,B,target_fish,1
makerel_042_B,D:\Hirusha\fish_data\train\makerel\grade_B\makerel_042_B_L.jpg,D:\Hirusha\fish_data\train\makerel\grade_B\makerel_042_B_R.jpg,fish,makerel,B,target_fish,1
makerel_043_B,D:\Hirusha\fish_data\train\makerel\grade_B\makerel_043_B_L.jpg,D:\Hirusha\fish_data\train\makerel\grade_B\makerel_043_B_R.jpg,fish,makerel,B,target_fish,1
makerel_044_B,D:\Hirusha\fish_data\train\makerel\grade_B\makerel_044_B_L.jpg,D:\Hirusha\fish_data\train\makerel\grade_B\makerel_044_B_R.jpg,fish,makerel,B,target_fish,1
makerel_045_B,D:\Hirusha\fish_data\train\makerel\grade_B\makerel_045_B_L.jpg,D:\Hirusha\fish_data\train\makerel\grade_B\makerel_045_B_R.jpg,fish,makerel,B,target_fish,1
makerel_046_B,D:\Hirusha\fish_data\train\makerel\grade_B\makerel_046_B_L.jpg,D:\Hirusha\fish_data\train\makerel\grade_B\makerel_046_B_R.jpg,fish,makerel,B,target_fish,1
makerel_047_B,D:\Hirusha\fish_data\train\makerel\grade_B\makerel_047_B_L.jpg,D:\Hirusha\fish_data\train\makerel\grade_B\makerel_047_B_R.jpg,fish,makerel,B,target_fish,1
makerel_048_B,D:\Hirusha\fish_data\train\makerel\grade_B\makerel_048_B_L.jpg,D:\Hirusha\fish_data\train\makerel\grade_B\makerel_048_B_R.jpg,fish,makerel,B,target_fish,1
makerel_049_B,D:\Hirusha\fish_data\train\makerel\grade_B\makerel_049_B_L.jpg,D:\Hirusha\fish_data\train\makerel\grade_B\makerel_049_B_R.jpg,fish,makerel,B,target_fish,1
makerel_050_B,D:\Hirusha\fish_data\train\makerel\grade_B\makerel_050_B_L.jpg,D:\Hirusha\fish_data\train\makerel\grade_B\makerel_050_B_R.jpg,fish,makerel,B,target_fish,1
makerel_051_B,D:\Hirusha\fish_data\train\makerel\grade_B\makerel_051_B_L.jpg,D:\Hirusha\fish_data\train\makerel\grade_B\makerel_051_B_R.jpg,fish,makerel,B,target_fish,1
makerel_052_B,D:\Hirusha\fish_data\train\makerel\grade_B\makerel_052_B_L.jpg,D:\Hirusha\fish_data\train\makerel\grade_B\makerel_052_B_R.jpg,fish,makerel,B,target_fish,1
makerel_053_B,D:\Hirusha\fish_data\train\makerel\grade_B\makerel_053_B_L.jpg,D:\Hirusha\fish_data\train\makerel\grade_B\makerel_053_B_R.jpg,fish,makerel,B,target_fish,1
makerel_054_B,D:\Hirusha\fish_data\train\makerel\grade_B\makerel_054_B_L.JPG,D:\Hirusha\fish_data\train\makerel\grade_B\makerel_054_B_R.JPG,fish,makerel,B,target_fish,1
makerel_055_B,D:\Hirusha\fish_data\train\makerel\grade_B\makerel_055_B_L.JPG,D:\Hirusha\fish_data\train\makerel\grade_B\makerel_055_B_R.JPG,fish,makerel,B,target_fish,1
makerel_056_B,D:\Hirusha\fish_data\train\makerel\grade_B\makerel_056_B_L.JPG,D:\Hirusha\fish_data\train\makerel\grade_B\makerel_056_B_R.JPG,fish,makerel,B,target_fish,1
makerel_057_B,D:\Hirusha\fish_data\train\makerel\grade_B\makerel_057_B_L.JPG,D:\Hirusha\fish_data\train\makerel\grade_B\makerel_057_B_R.JPG,fish,makerel,B,target_fish,1
makerel_058_B,D:\Hirusha\fish_data\train\makerel\grade_B\makerel_058_B_L.JPG,D:\Hirusha\fish_data\train\makerel\grade_B\makerel_058_B_R.JPG,fish,makerel,B,target_fish,1
makerel_059_B,D:\Hirusha\fish_data\train\makerel\grade_B\makerel_059_B_L.JPG,D:\Hirusha\fish_data\train\makerel\grade_B\makerel_059_B_R.JPG,fish,makerel,B,target_fish,1
makerel_060_B,D:\Hirusha\fish_data\train\makerel\grade_B\makerel_060_B_L.JPG,D:\Hirusha\fish_data\train\makerel\grade_B\makerel_060_B_R.JPG,fish,makerel,B,target_fish,1
makerel_061_B,D:\Hirusha\fish_data\train\makerel\grade_B\makerel_061_B_L.JPG,D:\Hirusha\fish_data\train\makerel\grade_B\makerel_061_B_R.JPG,fish,makerel,B,target_fish,1
makerel_062_B,D:\Hirusha\fish_data\train\makerel\grade_B\makerel_062_B_L.JPG,D:\Hirusha\fish_data\train\makerel\grade_B\makerel_062_B_R.JPG,fish,makerel,B,target_fish,1
makerel_063_B,D:\Hirusha\fish_data\train\makerel\grade_B\makerel_063_B_L.JPG,D:\Hirusha\fish_data\train\makerel\grade_B\makerel_063_B_R.JPG,fish,makerel,B,target_fish,1
makerel_064_B,D:\Hirusha\fish_data\train\makerel\grade_B\makerel_064_B_L.JPG,D:\Hirusha\fish_data\train\makerel\grade_B\makerel_064_B_R.JPG,fish,makerel,B,target_fish,1
makerel_065_B,D:\Hirusha\fish_data\train\makerel\grade_B\makerel_065_B_L.JPG,D:\Hirusha\fish_data\train\makerel\grade_B\makerel_065_B_R.JPG,fish,makerel,B,target_fish,1
makerel_066_B,D:\Hirusha\fish_data\train\makerel\grade_B\makerel_066_B_L.JPG,D:\Hirusha\fish_data\train\makerel\grade_B\makerel_066_B_R.JPG,fish,makerel,B,target_fish,1
makerel_067_B,D:\Hirusha\fish_data\train\makerel\grade_B\makerel_067_B_L.JPG,D:\Hirusha\fish_data\train\makerel\grade_B\makerel_067_B_R.JPG,fish,makerel,B,target_fish,1
makerel_068_B,D:\Hirusha\fish_data\train\makerel\grade_B\makerel_068_B_L.JPG,D:\Hirusha\fish_data\train\makerel\grade_B\makerel_068_B_R.JPG,fish,makerel,B,target_fish,1
makerel_069_B,D:\Hirusha\fish_data\train\makerel\grade_B\makerel_069_B_L.JPG,D:\Hirusha\fish_data\train\makerel\grade_B\makerel_069_B_R.JPG,fish,makerel,B,target_fish,1
makerel_070_B,D:\Hirusha\fish_data\train\makerel\grade_B\makerel_070_B_L.JPG,D:\Hirusha\fish_data\train\makerel\grade_B\makerel_070_B_R.JPG,fish,makerel,B,target_fish,1
makerel_071_B,D:\Hirusha\fish_data\train\makerel\grade_B\makerel_071_B_L.JPG,D:\Hirusha\fish_data\train\makerel\grade_B\makerel_071_B_R.JPG,fish,makerel,B,target_fish,1
makerel_072_B,D:\Hirusha\fish_data\train\makerel\grade_B\makerel_072_B_L.JPG,D:\Hirusha\fish_data\train\makerel\grade_B\makerel_072_B_R.JPG,fish,makerel,B,target_fish,1
makerel_073_B,D:\Hirusha\fish_data\train\makerel\grade_B\makerel_073_B_L.JPG,D:\Hirusha\fish_data\train\makerel\grade_B\makerel_073_B_R.JPG,fish,makerel,B,target_fish,1
makerel_074_B,D:\Hirusha\fish_data\train\makerel\grade_B\makerel_074_B_L.JPG,D:\Hirusha\fish_data\train\makerel\grade_B\makerel_074_B_R.JPG,fish,makerel,B,target_fish,1
makerel_075_B,D:\Hirusha\fish_data\train\makerel\grade_B\makerel_075_B_L.JPG,D:\Hirusha\fish_data\train\makerel\grade_B\makerel_075_B_R.JPG,fish,makerel,B,target_fish,1
makerel_076_B,D:\Hirusha\fish_data\train\makerel\grade_B\makerel_076_B_L.JPG,D:\Hirusha\fish_data\train\makerel\grade_B\makerel_076_B_R.JPG,fish,makerel,B,target_fish,1
makerel_077_B,D:\Hirusha\fish_data\train\makerel\grade_B\makerel_077_B_L.JPG,D:\Hirusha\fish_data\train\makerel\grade_B\makerel_077_B_R.JPG,fish,makerel,B,target_fish,1
makerel_078_B,D:\Hirusha\fish_data\train\makerel\grade_B\makerel_078_B_L.JPG,D:\Hirusha\fish_data\train\makerel\grade_B\makerel_078_B_R.JPG,fish,makerel,B,target_fish,1
makerel_079_B,D:\Hirusha\fish_data\train\makerel\grade_B\makerel_079_B_L.JPG,D:\Hirusha\fish_data\train\makerel\grade_B\makerel_079_B_R.JPG,fish,makerel,B,target_fish,1
makerel_080_B,D:\Hirusha\fish_data\train\makerel\grade_B\makerel_080_B_L.JPG,D:\Hirusha\fish_data\train\makerel\grade_B\makerel_080_B_R.JPG,fish,makerel,B,target_fish,1
makerel_081_B,D:\Hirusha\fish_data\train\makerel\grade_B\makerel_081_B_L.JPG,D:\Hirusha\fish_data\train\makerel\grade_B\makerel_081_B_R.JPG,fish,makerel,B,target_fish,1
makerel_082_B,D:\Hirusha\fish_data\train\makerel\grade_B\makerel_082_B_L.JPG,D:\Hirusha\fish_data\train\makerel\grade_B\makerel_082_B_R.JPG,fish,makerel,B,target_fish,1
makerel_083_B,D:\Hirusha\fish_data\train\makerel\grade_B\makerel_083_B_L.JPG,D:\Hirusha\fish_data\train\makerel\grade_B\makerel_083_B_R.JPG,fish,makerel,B,target_fish,1
makerel_084_B,D:\Hirusha\fish_data\train\makerel\grade_B\makerel_084_B_L.JPG,D:\Hirusha\fish_data\train\makerel\grade_B\makerel_084_B_R.JPG,fish,makerel,B,target_fish,1
makerel_085_B,D:\Hirusha\fish_data\train\makerel\grade_B\makerel_085_B_L.JPG,D:\Hirusha\fish_data\train\makerel\grade_B\makerel_085_B_R.JPG,fish,makerel,B,target_fish,1
makerel_086_B,D:\Hirusha\fish_data\train\makerel\grade_B\makerel_086_B_L.JPG,D:\Hirusha\fish_data\train\makerel\grade_B\makerel_086_B_R.JPG,fish,makerel,B,target_fish,1
makerel_087_B,D:\Hirusha\fish_data\train\makerel\grade_B\makerel_087_B_L.JPG,D:\Hirusha\fish_data\train\makerel\grade_B\makerel_087_B_R.JPG,fish,makerel,B,target_fish,1
makerel_088_B,D:\Hirusha\fish_data\train\makerel\grade_B\makerel_088_B_L.JPG,D:\Hirusha\fish_data\train\makerel\grade_B\makerel_088_B_R.JPG,fish,makerel,B,target_fish,1
makerel_089_B,D:\Hirusha\fish_data\train\makerel\grade_B\makerel_089_B_L.JPG,D:\Hirusha\fish_data\train\makerel\grade_B\makerel_089_B_R.JPG,fish,makerel,B,target_fish,1
makerel_090_B,D:\Hirusha\fish_data\train\makerel\grade_B\makerel_090_B_L.JPG,D:\Hirusha\fish_data\train\makerel\grade_B\makerel_090_B_R.JPG,fish,makerel,B,target_fish,1
makerel_091_B,D:\Hirusha\fish_data\train\makerel\grade_B\makerel_091_B_L.JPG,D:\Hirusha\fish_data\train\makerel\grade_B\makerel_091_B_R.JPG,fish,makerel,B,target_fish,1
makerel_092_B,D:\Hirusha\fish_data\train\makerel\grade_B\makerel_092_B_L.JPG,D:\Hirusha\fish_data\train\makerel\grade_B\makerel_092_B_R.JPG,fish,makerel,B,target_fish,1
makerel_093_B,D:\Hirusha\fish_data\train\makerel\grade_B\makerel_093_B_L.JPG,D:\Hirusha\fish_data\train\makerel\grade_B\makerel_093_B_R.JPG,fish,makerel,B,target_fish,1
makerel_094_B,D:\Hirusha\fish_data\train\makerel\grade_B\makerel_094_B_L.JPG,D:\Hirusha\fish_data\train\makerel\grade_B\makerel_094_B_R.JPG,fish,makerel,B,target_fish,1
makerel_095_B,D:\Hirusha\fish_data\train\makerel\grade_B\makerel_095_B_L.JPG,D:\Hirusha\fish_data\train\makerel\grade_B\makerel_095_B_R.JPG,fish,makerel,B,target_fish,1
makerel_096_B,D:\Hirusha\fish_data\train\makerel\grade_B\makerel_096_B_L.JPG,D:\Hirusha\fish_data\train\makerel\grade_B\makerel_096_B_R.JPG,fish,makerel,B,target_fish,1
makerel_097_B,D:\Hirusha\fish_data\train\makerel\grade_B\makerel_097_B_L.JPG,D:\Hirusha\fish_data\train\makerel\grade_B\makerel_097_B_R.JPG,fish,makerel,B,target_fish,1
makerel_098_B,D:\Hirusha\fish_data\train\makerel\grade_B\makerel_098_B_L.JPG,D:\Hirusha\fish_data\train\makerel\grade_B\makerel_098_B_R.JPG,fish,makerel,B,target_fish,1
makerel_099_B,D:\Hirusha\fish_data\train\makerel\grade_B\makerel_099_B_L.JPG,D:\Hirusha\fish_data\train\makerel\grade_B\makerel_099_B_R.JPG,fish,makerel,B,target_fish,1
makerel_100_B,D:\Hirusha\fish_data\train\makerel\grade_B\makerel_100_B_L.JPG,D:\Hirusha\fish_data\train\makerel\grade_B\makerel_100_B_R.JPG,fish,makerel,B,target_fish,1
makerel_101_B,D:\Hirusha\fish_data\train\makerel\grade_B\makerel_101_B_L.JPG,D:\Hirusha\fish_data\train\makerel\grade_B\makerel_101_B_R.JPG,fish,makerel,B,target_fish,1
makerel_102_B,D:\Hirusha\fish_data\train\makerel\grade_B\makerel_102_B_L.JPG,D:\Hirusha\fish_data\train\makerel\grade_B\makerel_102_B_R.JPG,fish,makerel,B,target_fish,1
makerel_103_B,D:\Hirusha\fish_data\train\makerel\grade_B\makerel_103_B_L.JPG,D:\Hirusha\fish_data\train\makerel\grade_B\makerel_103_B_R.JPG,fish,makerel,B,target_fish,1
makerel_104_B,D:\Hirusha\fish_data\train\makerel\grade_B\makerel_104_B_L.JPG,D:\Hirusha\fish_data\train\makerel\grade_B\makerel_104_B_R.JPG,fish,makerel,B,target_fish,1
makerel_105_B,D:\Hirusha\fish_data\train\makerel\grade_B\makerel_105_B_L.JPG,D:\Hirusha\fish_data\train\makerel\grade_B\makerel_105_B_R.JPG,fish,makerel,B,target_fish,1
makerel_106_B,D:\Hirusha\fish_data\train\makerel\grade_B\makerel_106_B_L.JPG,D:\Hirusha\fish_data\train\makerel\grade_B\makerel_106_B_R.JPG,fish,makerel,B,target_fish,1
makerel_107_B,D:\Hirusha\fish_data\train\makerel\grade_B\makerel_107_B_L.JPG,D:\Hirusha\fish_data\train\makerel\grade_B\makerel_107_B_R.JPG,fish,makerel,B,target_fish,1
makerel_108_B,D:\Hirusha\fish_data\train\makerel\grade_B\makerel_108_B_L.JPG,D:\Hirusha\fish_data\train\makerel\grade_B\makerel_108_B_R.JPG,fish,makerel,B,target_fish,1
makerel_109_B,D:\Hirusha\fish_data\train\makerel\grade_B\makerel_109_B_L.JPG,D:\Hirusha\fish_data\train\makerel\grade_B\makerel_109_B_R.JPG,fish,makerel,B,target_fish,1
makerel_110_B,D:\Hirusha\fish_data\train\makerel\grade_B\makerel_110_B_L.JPG,D:\Hirusha\fish_data\train\makerel\grade_B\makerel_110_B_R.JPG,fish,makerel,B,target_fish,1
makerel_111_B,D:\Hirusha\fish_data\train\makerel\grade_B\makerel_111_B_L.JPG,D:\Hirusha\fish_data\train\makerel\grade_B\makerel_111_B_R.JPG,fish,makerel,B,target_fish,1
makerel_112_B,D:\Hirusha\fish_data\train\makerel\grade_B\makerel_112_B_L.JPG,D:\Hirusha\fish_data\train\makerel\grade_B\makerel_112_B_R.JPG,fish,makerel,B,target_fish,1
makerel_113_B,D:\Hirusha\fish_data\train\makerel\grade_B\makerel_113_B_L.JPG,D:\Hirusha\fish_data\train\makerel\grade_B\makerel_113_B_R.JPG,fish,makerel,B,target_fish,1
makerel_114_B,D:\Hirusha\fish_data\train\makerel\grade_B\makerel_114_B_L.JPG,D:\Hirusha\fish_data\train\makerel\grade_B\makerel_114_B_R.JPG,fish,makerel,B,target_fish,1
makerel_115_B,D:\Hirusha\fish_data\train\makerel\grade_B\makerel_115_B_L.JPG,D:\Hirusha\fish_data\train\makerel\grade_B\makerel_115_B_R.JPG,fish,makerel,B,target_fish,1
makerel_116_B,D:\Hirusha\fish_data\train\makerel\grade_B\makerel_116_B_L.JPG,D:\Hirusha\fish_data\train\makerel\grade_B\makerel_116_B_R.JPG,fish,makerel,B,target_fish,1
makerel_117_B,D:\Hirusha\fish_data\train\makerel\grade_B\makerel_117_B_L.JPG,D:\Hirusha\fish_data\train\makerel\grade_B\makerel_117_B_R.JPG,fish,makerel,B,target_fish,1
makerel_118_B,D:\Hirusha\fish_data\train\makerel\grade_B\makerel_118_B_L.JPG,D:\Hirusha\fish_data\train\makerel\grade_B\makerel_118_B_R.JPG,fish,makerel,B,target_fish,1
makerel_119_B,D:\Hirusha\fish_data\train\makerel\grade_B\makerel_119_B_L.JPG,D:\Hirusha\fish_data\train\makerel\grade_B\makerel_119_B_R.JPG,fish,makerel,B,target_fish,1
makerel_120_B,D:\Hirusha\fish_data\train\makerel\grade_B\makerel_120_B_L.JPG,D:\Hirusha\fish_data\train\makerel\grade_B\makerel_120_B_R.JPG,fish,makerel,B,target_fish,1
makerel_121_B,D:\Hirusha\fish_data\train\makerel\grade_B\makerel_121_B_L.JPG,D:\Hirusha\fish_data\train\makerel\grade_B\makerel_121_B_R.JPG,fish,makerel,B,target_fish,1
makerel_122_B,D:\Hirusha\fish_data\train\makerel\grade_B\makerel_122_B_L.JPG,D:\Hirusha\fish_data\train\makerel\grade_B\makerel_122_B_R.JPG,fish,makerel,B,target_fish,1
makerel_123_B,D:\Hirusha\fish_data\train\makerel\grade_B\makerel_123_B_L.JPG,D:\Hirusha\fish_data\train\makerel\grade_B\makerel_123_B_R.JPG,fish,makerel,B,target_fish,1
makerel_124_B,D:\Hirusha\fish_data\train\makerel\grade_B\makerel_124_B_L.JPG,D:\Hirusha\fish_data\train\makerel\grade_B\makerel_124_B_R.JPG,fish,makerel,B,target_fish,1
makerel_125_B,D:\Hirusha\fish_data\train\makerel\grade_B\makerel_125_B_L.JPG,D:\Hirusha\fish_data\train\makerel\grade_B\makerel_125_B_R.JPG,fish,makerel,B,target_fish,1
makerel_126_B,D:\Hirusha\fish_data\train\makerel\grade_B\makerel_126_B_L.JPG,D:\Hirusha\fish_data\train\makerel\grade_B\makerel_126_B_R.JPG,fish,makerel,B,target_fish,1
makerel_127_B,D:\Hirusha\fish_data\train\makerel\grade_B\makerel_127_B_L.JPG,D:\Hirusha\fish_data\train\makerel\grade_B\makerel_127_B_R.JPG,fish,makerel,B,target_fish,1
makerel_128_B,D:\Hirusha\fish_data\train\makerel\grade_B\makerel_128_B_L.JPG,D:\Hirusha\fish_data\train\makerel\grade_B\makerel_128_B_R.JPG,fish,makerel,B,target_fish,1
makerel_129_B,D:\Hirusha\fish_data\train\makerel\grade_B\makerel_129_B_L.JPG,D:\Hirusha\fish_data\train\makerel\grade_B\makerel_129_B_R.JPG,fish,makerel,B,target_fish,1
makerel_130_B,D:\Hirusha\fish_data\train\makerel\grade_B\makerel_130_B_L.JPG,D:\Hirusha\fish_data\train\makerel\grade_B\makerel_130_B_R.JPG,fish,makerel,B,target_fish,1
makerel_131_B,D:\Hirusha\fish_data\train\makerel\grade_B\makerel_131_B_L.JPG,D:\Hirusha\fish_data\train\makerel\grade_B\makerel_131_B_R.JPG,fish,makerel,B,target_fish,1
makerel_132_B,D:\Hirusha\fish_data\train\makerel\grade_B\makerel_132_B_L.JPG,D:\Hirusha\fish_data\train\makerel\grade_B\makerel_132_B_R.JPG,fish,makerel,B,target_fish,1
makerel_133_B,D:\Hirusha\fish_data\train\makerel\grade_B\makerel_133_B_L.JPG,D:\Hirusha\fish_data\train\makerel\grade_B\makerel_133_B_R.JPG,fish,makerel,B,target_fish,1
makerel_134_B,D:\Hirusha\fish_data\train\makerel\grade_B\makerel_134_B_L.JPG,D:\Hirusha\fish_data\train\makerel\grade_B\makerel_134_B_R.JPG,fish,makerel,B,target_fish,1
makerel_135_B,D:\Hirusha\fish_data\train\makerel\grade_B\makerel_135_B_L.JPG,D:\Hirusha\fish_data\train\makerel\grade_B\makerel_135_B_R.JPG,fish,makerel,B,target_fish,1
makerel_136_B,D:\Hirusha\fish_data\train\makerel\grade_B\makerel_136_B_L.JPG,D:\Hirusha\fish_data\train\makerel\grade_B\makerel_136_B_R.JPG,fish,makerel,B,target_fish,1
makerel_137_B,D:\Hirusha\fish_data\train\makerel\grade_B\makerel_137_B_L.JPG,D:\Hirusha\fish_data\train\makerel\grade_B\makerel_137_B_R.JPG,fish,makerel,B,target_fish,1
makerel_138_B,D:\Hirusha\fish_data\train\makerel\grade_B\makerel_138_B_L.JPG,D:\Hirusha\fish_data\train\makerel\grade_B\makerel_138_B_R.JPG,fish,makerel,B,target_fish,1
makerel_139_B,D:\Hirusha\fish_data\train\makerel\grade_B\makerel_139_B_L.JPG,D:\Hirusha\fish_data\train\makerel\grade_B\makerel_139_B_R.JPG,fish,makerel,B,target_fish,1
makerel_140_B,D:\Hirusha\fish_data\train\makerel\grade_B\makerel_140_B_L.JPG,D:\Hirusha\fish_data\train\makerel\grade_B\makerel_140_B_R.JPG,fish,makerel,B,target_fish,1
makerel_141_B,D:\Hirusha\fish_data\train\makerel\grade_B\makerel_141_B_L.JPG,D:\Hirusha\fish_data\train\makerel\grade_B\makerel_141_B_R.JPG,fish,makerel,B,target_fish,1
makerel_142_B,D:\Hirusha\fish_data\train\makerel\grade_B\makerel_142_B_L.JPG,D:\Hirusha\fish_data\train\makerel\grade_B\makerel_142_B_R.JPG,fish,makerel,B,target_fish,1
makerel_143_B,D:\Hirusha\fish_data\train\makerel\grade_B\makerel_143_B_L.JPG,D:\Hirusha\fish_data\train\makerel\grade_B\makerel_143_B_R.JPG,fish,makerel,B,target_fish,1
makerel_144_B,D:\Hirusha\fish_data\train\makerel\grade_B\makerel_144_B_L.JPG,D:\Hirusha\fish_data\train\makerel\grade_B\makerel_144_B_R.JPG,fish,makerel,B,target_fish,1
makerel_145_B,D:\Hirusha\fish_data\train\makerel\grade_B\makerel_145_B_L.JPG,D:\Hirusha\fish_data\train\makerel\grade_B\makerel_145_B_R.JPG,fish,makerel,B,target_fish,1
makerel_146_B,D:\Hirusha\fish_data\train\makerel\grade_B\makerel_146_B_L.JPG,D:\Hirusha\fish_data\train\makerel\grade_B\makerel_146_B_R.JPG,fish,makerel,B,target_fish,1
makerel_147_B,D:\Hirusha\fish_data\train\makerel\grade_B\makerel_147_B_L.JPG,D:\Hirusha\fish_data\train\makerel\grade_B\makerel_147_B_R.JPG,fish,makerel,B,target_fish,1
makerel_148_B,D:\Hirusha\fish_data\train\makerel\grade_B\makerel_148_B_L.JPG,D:\Hirusha\fish_data\train\makerel\grade_B\makerel_148_B_R.JPG,fish,makerel,B,target_fish,1
makerel_149_B,D:\Hirusha\fish_data\train\makerel\grade_B\makerel_149_B_L.JPG,D:\Hirusha\fish_data\train\makerel\grade_B\makerel_149_B_R.JPG,fish,makerel,B,target_fish,1
makerel_150_B,D:\Hirusha\fish_data\train\makerel\grade_B\makerel_150_B_L.JPG,D:\Hirusha\fish_data\train\makerel\grade_B\makerel_150_B_R.JPG,fish,makerel,B,target_fish,1
makerel_151_B,D:\Hirusha\fish_data\train\makerel\grade_B\makerel_151_B_L.JPG,D:\Hirusha\fish_data\train\makerel\grade_B\makerel_151_B_R.JPG,fish,makerel,B,target_fish,1
makerel_152_B,D:\Hirusha\fish_data\train\makerel\grade_B\makerel_152_B_L.JPG,D:\Hirusha\fish_data\train\makerel\grade_B\makerel_152_B_R.JPG,fish,makerel,B,target_fish,1
makerel_153_B,D:\Hirusha\fish_data\train\makerel\grade_B\makerel_153_B_L.JPG,D:\Hirusha\fish_data\train\makerel\grade_B\makerel_153_B_R.JPG,fish,makerel,B,target_fish,1
makerel_154_B,D:\Hirusha\fish_data\train\makerel\grade_B\makerel_154_B_L.JPG,D:\Hirusha\fish_data\train\makerel\grade_B\makerel_154_B_R.JPG,fish,makerel,B,target_fish,1
makerel_155_B,D:\Hirusha\fish_data\train\makerel\grade_B\makerel_155_B_L.JPG,D:\Hirusha\fish_data\train\makerel\grade_B\makerel_155_B_R.JPG,fish,makerel,B,target_fish,1
makerel_156_B,D:\Hirusha\fish_data\train\makerel\grade_B\makerel_156_B_L.JPG,D:\Hirusha\fish_data\train\makerel\grade_B\makerel_156_B_R.JPG,fish,makerel,B,target_fish,1
makerel_157_B,D:\Hirusha\fish_data\train\makerel\grade_B\makerel_157_B_L.JPG,D:\Hirusha\fish_data\train\makerel\grade_B\makerel_157_B_R.JPG,fish,makerel,B,target_fish,1
makerel_158_B,D:\Hirusha\fish_data\train\makerel\grade_B\makerel_158_B_L.JPG,D:\Hirusha\fish_data\train\makerel\grade_B\makerel_158_B_R.JPG,fish,makerel,B,target_fish,1
makerel_159_B,D:\Hirusha\fish_data\train\makerel\grade_B\makerel_159_B_L.JPG,D:\Hirusha\fish_data\train\makerel\grade_B\makerel_159_B_R.JPG,fish,makerel,B,target_fish,1
makerel_160_B,D:\Hirusha\fish_data\train\makerel\grade_B\makerel_160_B_L.JPG,D:\Hirusha\fish_data\train\makerel\grade_B\makerel_160_B_R.JPG,fish,makerel,B,target_fish,1
makerel_161_B,D:\Hirusha\fish_data\train\makerel\grade_B\makerel_161_B_L.JPG,D:\Hirusha\fish_data\train\makerel\grade_B\makerel_161_B_R.JPG,fish,makerel,B,target_fish,1
makerel_162_B,D:\Hirusha\fish_data\train\makerel\grade_B\makerel_162_B_L.JPG,D:\Hirusha\fish_data\train\makerel\grade_B\makerel_162_B_R.JPG,fish,makerel,B,target_fish,1
makerel_163_B,D:\Hirusha\fish_data\train\makerel\grade_B\makerel_163_B_L.JPG,D:\Hirusha\fish_data\train\makerel\grade_B\makerel_163_B_R.JPG,fish,makerel,B,target_fish,1
makerel_164_B,D:\Hirusha\fish_data\train\makerel\grade_B\makerel_164_B_L.JPG,D:\Hirusha\fish_data\train\makerel\grade_B\makerel_164_B_R.JPG,fish,makerel,B,target_fish,1
makerel_165_B,D:\Hirusha\fish_data\train\makerel\grade_B\makerel_165_B_L.JPG,D:\Hirusha\fish_data\train\makerel\grade_B\makerel_165_B_R.JPG,fish,makerel,B,target_fish,1
makerel_166_B,D:\Hirusha\fish_data\train\makerel\grade_B\makerel_166_B_L.JPG,D:\Hirusha\fish_data\train\makerel\grade_B\makerel_166_B_R.JPG,fish,makerel,B,target_fish,1
makerel_167_B,D:\Hirusha\fish_data\train\makerel\grade_B\makerel_167_B_L.JPG,D:\Hirusha\fish_data\train\makerel\grade_B\makerel_167_B_R.JPG,fish,makerel,B,target_fish,1
makerel_168_B,D:\Hirusha\fish_data\train\makerel\grade_B\makerel_168_B_L.JPG,D:\Hirusha\fish_data\train\makerel\grade_B\makerel_168_B_R.JPG,fish,makerel,B,target_fish,1
makerel_169_B,D:\Hirusha\fish_data\train\makerel\grade_B\makerel_169_B_L.JPG,D:\Hirusha\fish_data\train\makerel\grade_B\makerel_169_B_R.JPG,fish,makerel,B,target_fish,1
makerel_170_B,D:\Hirusha\fish_data\train\makerel\grade_B\makerel_170_B_L.JPG,D:\Hirusha\fish_data\train\makerel\grade_B\makerel_170_B_R.JPG,fish,makerel,B,target_fish,1
makerel_171_B,D:\Hirusha\fish_data\train\makerel\grade_B\makerel_171_B_L.JPG,D:\Hirusha\fish_data\train\makerel\grade_B\makerel_171_B_R.JPG,fish,makerel,B,target_fish,1
makerel_172_B,D:\Hirusha\fish_data\train\makerel\grade_B\makerel_172_B_L.JPG,D:\Hirusha\fish_data\train\makerel\grade_B\makerel_172_B_R.JPG,fish,makerel,B,target_fish,1
makerel_173_B,D:\Hirusha\fish_data\train\makerel\grade_B\makerel_173_B_L.JPG,D:\Hirusha\fish_data\train\makerel\grade_B\makerel_173_B_R.JPG,fish,makerel,B,target_fish,1
makerel_174_B,D:\Hirusha\fish_data\train\makerel\grade_B\makerel_174_B_L.JPG,D:\Hirusha\fish_data\train\makerel\grade_B\makerel_174_B_R.JPG,fish,makerel,B,target_fish,1
makerel_175_B,D:\Hirusha\fish_data\train\makerel\grade_B\makerel_175_B_L.JPG,D:\Hirusha\fish_data\train\makerel\grade_B\makerel_175_B_R.JPG,fish,makerel,B,target_fish,1
makerel_176_B,D:\Hirusha\fish_data\train\makerel\grade_B\makerel_176_B_L.JPG,D:\Hirusha\fish_data\train\makerel\grade_B\makerel_176_B_R.JPG,fish,makerel,B,target_fish,1
makerel_177_B,D:\Hirusha\fish_data\train\makerel\grade_B\makerel_177_B_L.JPG,D:\Hirusha\fish_data\train\makerel\grade_B\makerel_177_B_R.JPG,fish,makerel,B,target_fish,1
makerel_178_B,D:\Hirusha\fish_data\train\makerel\grade_B\makerel_178_B_L.JPG,D:\Hirusha\fish_data\train\makerel\grade_B\makerel_178_B_R.JPG,fish,makerel,B,target_fish,1
makerel_001_C,D:\Hirusha\fish_data\train\makerel\grade_C\makerel_001_C_L.JPG,D:\Hirusha\fish_data\train\makerel\grade_C\makerel_001_C_R.JPG,fish,makerel,C,target_fish,1
makerel_002_C,D:\Hirusha\fish_data\train\makerel\grade_C\makerel_002_C_L.JPG,D:\Hirusha\fish_data\train\makerel\grade_C\makerel_002_C_R.JPG,fish,makerel,C,target_fish,1
makerel_003_C,D:\Hirusha\fish_data\train\makerel\grade_C\makerel_003_C_L.JPG,D:\Hirusha\fish_data\train\makerel\grade_C\makerel_003_C_R.JPG,fish,makerel,C,target_fish,1
makerel_004_C,D:\Hirusha\fish_data\train\makerel\grade_C\makerel_004_C_L.JPG,D:\Hirusha\fish_data\train\makerel\grade_C\makerel_004_C_R.JPG,fish,makerel,C,target_fish,1
makerel_005_C,D:\Hirusha\fish_data\train\makerel\grade_C\makerel_005_C_L.JPG,D:\Hirusha\fish_data\train\makerel\grade_C\makerel_005_C_R.JPG,fish,makerel,C,target_fish,1
makerel_006_C,D:\Hirusha\fish_data\train\makerel\grade_C\makerel_006_C_L.JPG,D:\Hirusha\fish_data\train\makerel\grade_C\makerel_006_C_R.JPG,fish,makerel,C,target_fish,1
makerel_007_C,D:\Hirusha\fish_data\train\makerel\grade_C\makerel_007_C_L.JPG,D:\Hirusha\fish_data\train\makerel\grade_C\makerel_007_C_R.JPG,fish,makerel,C,target_fish,1
makerel_008_C,D:\Hirusha\fish_data\train\makerel\grade_C\makerel_008_C_L.JPG,D:\Hirusha\fish_data\train\makerel\grade_C\makerel_008_C_R.JPG,fish,makerel,C,target_fish,1
makerel_009_C,D:\Hirusha\fish_data\train\makerel\grade_C\makerel_009_C_L.JPG,D:\Hirusha\fish_data\train\makerel\grade_C\makerel_009_C_R.JPG,fish,makerel,C,target_fish,1
makerel_010_C,D:\Hirusha\fish_data\train\makerel\grade_C\makerel_010_C_L.JPG,D:\Hirusha\fish_data\train\makerel\grade_C\makerel_010_C_R.JPG,fish,makerel,C,target_fish,1
makerel_011_C,D:\Hirusha\fish_data\train\makerel\grade_C\makerel_011_C_L.JPG,D:\Hirusha\fish_data\train\makerel\grade_C\makerel_011_C_R.JPG,fish,makerel,C,target_fish,1
makerel_012_C,D:\Hirusha\fish_data\train\makerel\grade_C\makerel_012_C_L.JPG,D:\Hirusha\fish_data\train\makerel\grade_C\makerel_012_C_R.JPG,fish,makerel,C,target_fish,1
makerel_013_C,D:\Hirusha\fish_data\train\makerel\grade_C\makerel_013_C_L.JPG,D:\Hirusha\fish_data\train\makerel\grade_C\makerel_013_C_R.JPG,fish,makerel,C,target_fish,1
makerel_014_C,D:\Hirusha\fish_data\train\makerel\grade_C\makerel_014_C_L.JPG,D:\Hirusha\fish_data\train\makerel\grade_C\makerel_014_C_R.JPG,fish,makerel,C,target_fish,1
makerel_015_C,D:\Hirusha\fish_data\train\makerel\grade_C\makerel_015_C_L.JPG,D:\Hirusha\fish_data\train\makerel\grade_C\makerel_015_C_R.JPG,fish,makerel,C,target_fish,1
makerel_016_C,D:\Hirusha\fish_data\train\makerel\grade_C\makerel_016_C_L.JPG,D:\Hirusha\fish_data\train\makerel\grade_C\makerel_016_C_R.JPG,fish,makerel,C,target_fish,1
makerel_017_C,D:\Hirusha\fish_data\train\makerel\grade_C\makerel_017_C_L.JPG,D:\Hirusha\fish_data\train\makerel\grade_C\makerel_017_C_R.JPG,fish,makerel,C,target_fish,1
makerel_018_C,D:\Hirusha\fish_data\train\makerel\grade_C\makerel_018_C_L.JPG,D:\Hirusha\fish_data\train\makerel\grade_C\makerel_018_C_R.JPG,fish,makerel,C,target_fish,1
makerel_019_C,D:\Hirusha\fish_data\train\makerel\grade_C\makerel_019_C_L.JPG,D:\Hirusha\fish_data\train\makerel\grade_C\makerel_019_C_R.JPG,fish,makerel,C,target_fish,1
makerel_020_C,D:\Hirusha\fish_data\train\makerel\grade_C\makerel_020_C_L.JPG,D:\Hirusha\fish_data\train\makerel\grade_C\makerel_020_C_R.JPG,fish,makerel,C,target_fish,1
makerel_021_C,D:\Hirusha\fish_data\train\makerel\grade_C\makerel_021_C_L.JPG,D:\Hirusha\fish_data\train\makerel\grade_C\makerel_021_C_R.JPG,fish,makerel,C,target_fish,1
makerel_022_C,D:\Hirusha\fish_data\train\makerel\grade_C\makerel_022_C_L.JPG,D:\Hirusha\fish_data\train\makerel\grade_C\makerel_022_C_R.JPG,fish,makerel,C,target_fish,1
makerel_023_C,D:\Hirusha\fish_data\train\makerel\grade_C\makerel_023_C_L.JPG,D:\Hirusha\fish_data\train\makerel\grade_C\makerel_023_C_R.JPG,fish,makerel,C,target_fish,1
makerel_024_C,D:\Hirusha\fish_data\train\makerel\grade_C\makerel_024_C_L.JPG,D:\Hirusha\fish_data\train\makerel\grade_C\makerel_024_C_R.JPG,fish,makerel,C,target_fish,1
makerel_025_C,D:\Hirusha\fish_data\train\makerel\grade_C\makerel_025_C_L.JPG,D:\Hirusha\fish_data\train\makerel\grade_C\makerel_025_C_R.JPG,fish,makerel,C,target_fish,1
makerel_026_C,D:\Hirusha\fish_data\train\makerel\grade_C\makerel_026_C_L.JPG,D:\Hirusha\fish_data\train\makerel\grade_C\makerel_026_C_R.JPG,fish,makerel,C,target_fish,1
makerel_027_C,D:\Hirusha\fish_data\train\makerel\grade_C\makerel_027_C_L.JPG,D:\Hirusha\fish_data\train\makerel\grade_C\makerel_027_C_R.JPG,fish,makerel,C,target_fish,1
makerel_028_C,D:\Hirusha\fish_data\train\makerel\grade_C\makerel_028_C_L.JPG,D:\Hirusha\fish_data\train\makerel\grade_C\makerel_028_C_R.JPG,fish,makerel,C,target_fish,1
makerel_029_C,D:\Hirusha\fish_data\train\makerel\grade_C\makerel_029_C_L.JPG,D:\Hirusha\fish_data\train\makerel\grade_C\makerel_029_C_R.JPG,fish,makerel,C,target_fish,1
makerel_030_C,D:\Hirusha\fish_data\train\makerel\grade_C\makerel_030_C_L.JPG,D:\Hirusha\fish_data\train\makerel\grade_C\makerel_030_C_R.JPG,fish,makerel,C,target_fish,1
makerel_031_C,D:\Hirusha\fish_data\train\makerel\grade_C\makerel_031_C_L.JPG,D:\Hirusha\fish_data\train\makerel\grade_C\makerel_031_C_R.JPG,fish,makerel,C,target_fish,1
makerel_032_C,D:\Hirusha\fish_data\train\makerel\grade_C\makerel_032_C_L.JPG,D:\Hirusha\fish_data\train\makerel\grade_C\makerel_032_C_R.JPG,fish,makerel,C,target_fish,1
makerel_033_C,D:\Hirusha\fish_data\train\makerel\grade_C\makerel_033_C_L.JPG,D:\Hirusha\fish_data\train\makerel\grade_C\makerel_033_C_R.JPG,fish,makerel,C,target_fish,1
makerel_034_C,D:\Hirusha\fish_data\train\makerel\grade_C\makerel_034_C_L.JPG,D:\Hirusha\fish_data\train\makerel\grade_C\makerel_034_C_R.JPG,fish,makerel,C,target_fish,1
makerel_035_C,D:\Hirusha\fish_data\train\makerel\grade_C\makerel_035_C_L.JPG,D:\Hirusha\fish_data\train\makerel\grade_C\makerel_035_C_R.JPG,fish,makerel,C,target_fish,1
makerel_036_C,D:\Hirusha\fish_data\train\makerel\grade_C\makerel_036_C_L.JPG,D:\Hirusha\fish_data\train\makerel\grade_C\makerel_036_C_R.JPG,fish,makerel,C,target_fish,1
makerel_037_C,D:\Hirusha\fish_data\train\makerel\grade_C\makerel_037_C_L.JPG,D:\Hirusha\fish_data\train\makerel\grade_C\makerel_037_C_R.JPG,fish,makerel,C,target_fish,1
makerel_038_C,D:\Hirusha\fish_data\train\makerel\grade_C\makerel_038_C_L.JPG,D:\Hirusha\fish_data\train\makerel\grade_C\makerel_038_C_R.JPG,fish,makerel,C,target_fish,1
makerel_039_C,D:\Hirusha\fish_data\train\makerel\grade_C\makerel_039_C_L.JPG,D:\Hirusha\fish_data\train\makerel\grade_C\makerel_039_C_R.JPG,fish,makerel,C,target_fish,1
makerel_040_C,D:\Hirusha\fish_data\train\makerel\grade_C\makerel_040_C_L.JPG,D:\Hirusha\fish_data\train\makerel\grade_C\makerel_040_C_R.JPG,fish,makerel,C,target_fish,1
makerel_041_C,D:\Hirusha\fish_data\train\makerel\grade_C\makerel_041_C_L.JPG,D:\Hirusha\fish_data\train\makerel\grade_C\makerel_041_C_R.JPG,fish,makerel,C,target_fish,1
makerel_042_C,D:\Hirusha\fish_data\train\makerel\grade_C\makerel_042_C_L.JPG,D:\Hirusha\fish_data\train\makerel\grade_C\makerel_042_C_R.JPG,fish,makerel,C,target_fish,1
makerel_043_C,D:\Hirusha\fish_data\train\makerel\grade_C\makerel_043_C_L.JPG,D:\Hirusha\fish_data\train\makerel\grade_C\makerel_043_C_R.JPG,fish,makerel,C,target_fish,1
makerel_044_C,D:\Hirusha\fish_data\train\makerel\grade_C\makerel_044_C_L.JPG,D:\Hirusha\fish_data\train\makerel\grade_C\makerel_044_C_R.JPG,fish,makerel,C,target_fish,1
makerel_045_C,D:\Hirusha\fish_data\train\makerel\grade_C\makerel_045_C_L.JPG,D:\Hirusha\fish_data\train\makerel\grade_C\makerel_045_C_R.JPG,fish,makerel,C,target_fish,1
makerel_046_C,D:\Hirusha\fish_data\train\makerel\grade_C\makerel_046_C_L.JPG,D:\Hirusha\fish_data\train\makerel\grade_C\makerel_046_C_R.JPG,fish,makerel,C,target_fish,1
makerel_047_C,D:\Hirusha\fish_data\train\makerel\grade_C\makerel_047_C_L.JPG,D:\Hirusha\fish_data\train\makerel\grade_C\makerel_047_C_R.JPG,fish,makerel,C,target_fish,1
makerel_048_C,D:\Hirusha\fish_data\train\makerel\grade_C\makerel_048_C_L.JPG,D:\Hirusha\fish_data\train\makerel\grade_C\makerel_048_C_R.JPG,fish,makerel,C,target_fish,1
makerel_049_C,D:\Hirusha\fish_data\train\makerel\grade_C\makerel_049_C_L.JPG,D:\Hirusha\fish_data\train\makerel\grade_C\makerel_049_C_R.JPG,fish,makerel,C,target_fish,1
makerel_050_C,D:\Hirusha\fish_data\train\makerel\grade_C\makerel_050_C_L.JPG,D:\Hirusha\fish_data\train\makerel\grade_C\makerel_050_C_R.JPG,fish,makerel,C,target_fish,1
makerel_051_C,D:\Hirusha\fish_data\train\makerel\grade_C\makerel_051_C_L.JPG,D:\Hirusha\fish_data\train\makerel\grade_C\makerel_051_C_R.JPG,fish,makerel,C,target_fish,1
makerel_052_C,D:\Hirusha\fish_data\train\makerel\grade_C\makerel_052_C_L.JPG,D:\Hirusha\fish_data\train\makerel\grade_C\makerel_052_C_R.JPG,fish,makerel,C,target_fish,1
makerel_053_C,D:\Hirusha\fish_data\train\makerel\grade_C\makerel_053_C_L.JPG,D:\Hirusha\fish_data\train\makerel\grade_C\makerel_053_C_R.JPG,fish,makerel,C,target_fish,1
makerel_054_C,D:\Hirusha\fish_data\train\makerel\grade_C\makerel_054_C_L.JPG,D:\Hirusha\fish_data\train\makerel\grade_C\makerel_054_C_R.JPG,fish,makerel,C,target_fish,1
makerel_055_C,D:\Hirusha\fish_data\train\makerel\grade_C\makerel_055_C_L.JPG,D:\Hirusha\fish_data\train\makerel\grade_C\makerel_055_C_R.JPG,fish,makerel,C,target_fish,1
makerel_056_C,D:\Hirusha\fish_data\train\makerel\grade_C\makerel_056_C_L.JPG,D:\Hirusha\fish_data\train\makerel\grade_C\makerel_056_C_R.JPG,fish,makerel,C,target_fish,1
makerel_057_C,D:\Hirusha\fish_data\train\makerel\grade_C\makerel_057_C_L.JPG,D:\Hirusha\fish_data\train\makerel\grade_C\makerel_057_C_R.JPG,fish,makerel,C,target_fish,1
makerel_058_C,D:\Hirusha\fish_data\train\makerel\grade_C\makerel_058_C_L.JPG,D:\Hirusha\fish_data\train\makerel\grade_C\makerel_058_C_R.JPG,fish,makerel,C,target_fish,1
makerel_059_C,D:\Hirusha\fish_data\train\makerel\grade_C\makerel_059_C_L.JPG,D:\Hirusha\fish_data\train\makerel\grade_C\makerel_059_C_R.JPG,fish,makerel,C,target_fish,1
makerel_060_C,D:\Hirusha\fish_data\train\makerel\grade_C\makerel_060_C_L.JPG,D:\Hirusha\fish_data\train\makerel\grade_C\makerel_060_C_R.JPG,fish,makerel,C,target_fish,1
makerel_061_C,D:\Hirusha\fish_data\train\makerel\grade_C\makerel_061_C_L.JPG,D:\Hirusha\fish_data\train\makerel\grade_C\makerel_061_C_R.JPG,fish,makerel,C,target_fish,1
makerel_062_C,D:\Hirusha\fish_data\train\makerel\grade_C\makerel_062_C_L.JPG,D:\Hirusha\fish_data\train\makerel\grade_C\makerel_062_C_R.JPG,fish,makerel,C,target_fish,1
makerel_063_C,D:\Hirusha\fish_data\train\makerel\grade_C\makerel_063_C_L.JPG,D:\Hirusha\fish_data\train\makerel\grade_C\makerel_063_C_R.JPG,fish,makerel,C,target_fish,1
makerel_064_C,D:\Hirusha\fish_data\train\makerel\grade_C\makerel_064_C_L.JPG,D:\Hirusha\fish_data\train\makerel\grade_C\makerel_064_C_R.JPG,fish,makerel,C,target_fish,1
makerel_065_C,D:\Hirusha\fish_data\train\makerel\grade_C\makerel_065_C_L.JPG,D:\Hirusha\fish_data\train\makerel\grade_C\makerel_065_C_R.JPG,fish,makerel,C,target_fish,1
makerel_066_C,D:\Hirusha\fish_data\train\makerel\grade_C\makerel_066_C_L.JPG,D:\Hirusha\fish_data\train\makerel\grade_C\makerel_066_C_R.JPG,fish,makerel,C,target_fish,1
makerel_067_C,D:\Hirusha\fish_data\train\makerel\grade_C\makerel_067_C_L.JPG,D:\Hirusha\fish_data\train\makerel\grade_C\makerel_067_C_R.JPG,fish,makerel,C,target_fish,1
makerel_068_C,D:\Hirusha\fish_data\train\makerel\grade_C\makerel_068_C_L.JPG,D:\Hirusha\fish_data\train\makerel\grade_C\makerel_068_C_R.JPG,fish,makerel,C,target_fish,1
makerel_069_C,D:\Hirusha\fish_data\train\makerel\grade_C\makerel_069_C_L.JPG,D:\Hirusha\fish_data\train\makerel\grade_C\makerel_069_C_R.JPG,fish,makerel,C,target_fish,1
makerel_070_C,D:\Hirusha\fish_data\train\makerel\grade_C\makerel_070_C_L.JPG,D:\Hirusha\fish_data\train\makerel\grade_C\makerel_070_C_R.JPG,fish,makerel,C,target_fish,1
makerel_071_C,D:\Hirusha\fish_data\train\makerel\grade_C\makerel_071_C_L.JPG,D:\Hirusha\fish_data\train\makerel\grade_C\makerel_071_C_R.JPG,fish,makerel,C,target_fish,1
makerel_072_C,D:\Hirusha\fish_data\train\makerel\grade_C\makerel_072_C_L.JPG,D:\Hirusha\fish_data\train\makerel\grade_C\makerel_072_C_R.JPG,fish,makerel,C,target_fish,1
makerel_073_C,D:\Hirusha\fish_data\train\makerel\grade_C\makerel_073_C_L.JPG,D:\Hirusha\fish_data\train\makerel\grade_C\makerel_073_C_R.JPG,fish,makerel,C,target_fish,1
makerel_074_C,D:\Hirusha\fish_data\train\makerel\grade_C\makerel_074_C_L.JPG,D:\Hirusha\fish_data\train\makerel\grade_C\makerel_074_C_R.JPG,fish,makerel,C,target_fish,1
makerel_075_C,D:\Hirusha\fish_data\train\makerel\grade_C\makerel_075_C_L.JPG,D:\Hirusha\fish_data\train\makerel\grade_C\makerel_075_C_R.JPG,fish,makerel,C,target_fish,1
makerel_076_C,D:\Hirusha\fish_data\train\makerel\grade_C\makerel_076_C_L.JPG,D:\Hirusha\fish_data\train\makerel\grade_C\makerel_076_C_R.JPG,fish,makerel,C,target_fish,1
makerel_077_C,D:\Hirusha\fish_data\train\makerel\grade_C\makerel_077_C_L.JPG,D:\Hirusha\fish_data\train\makerel\grade_C\makerel_077_C_R.JPG,fish,makerel,C,target_fish,1
makerel_078_C,D:\Hirusha\fish_data\train\makerel\grade_C\makerel_078_C_L.JPG,D:\Hirusha\fish_data\train\makerel\grade_C\makerel_078_C_R.JPG,fish,makerel,C,target_fish,1
makerel_079_C,D:\Hirusha\fish_data\train\makerel\grade_C\makerel_079_C_L.JPG,D:\Hirusha\fish_data\train\makerel\grade_C\makerel_079_C_R.JPG,fish,makerel,C,target_fish,1
makerel_080_C,D:\Hirusha\fish_data\train\makerel\grade_C\makerel_080_C_L.JPG,D:\Hirusha\fish_data\train\makerel\grade_C\makerel_080_C_R.JPG,fish,makerel,C,target_fish,1
makerel_081_C,D:\Hirusha\fish_data\train\makerel\grade_C\makerel_081_C_L.JPG,D:\Hirusha\fish_data\train\makerel\grade_C\makerel_081_C_R.JPG,fish,makerel,C,target_fish,1
makerel_082_C,D:\Hirusha\fish_data\train\makerel\grade_C\makerel_082_C_L.JPG,D:\Hirusha\fish_data\train\makerel\grade_C\makerel_082_C_R.JPG,fish,makerel,C,target_fish,1
makerel_083_C,D:\Hirusha\fish_data\train\makerel\grade_C\makerel_083_C_L.JPG,D:\Hirusha\fish_data\train\makerel\grade_C\makerel_083_C_R.JPG,fish,makerel,C,target_fish,1
makerel_084_C,D:\Hirusha\fish_data\train\makerel\grade_C\makerel_084_C_L.JPG,D:\Hirusha\fish_data\train\makerel\grade_C\makerel_084_C_R.JPG,fish,makerel,C,target_fish,1
makerel_085_C,D:\Hirusha\fish_data\train\makerel\grade_C\makerel_085_C_L.JPG,D:\Hirusha\fish_data\train\makerel\grade_C\makerel_085_C_R.JPG,fish,makerel,C,target_fish,1
makerel_086_C,D:\Hirusha\fish_data\train\makerel\grade_C\makerel_086_C_L.JPG,D:\Hirusha\fish_data\train\makerel\grade_C\makerel_086_C_R.JPG,fish,makerel,C,target_fish,1
makerel_087_C,D:\Hirusha\fish_data\train\makerel\grade_C\makerel_087_C_L.JPG,D:\Hirusha\fish_data\train\makerel\grade_C\makerel_087_C_R.JPG,fish,makerel,C,target_fish,1
makerel_088_C,D:\Hirusha\fish_data\train\makerel\grade_C\makerel_088_C_L.JPG,D:\Hirusha\fish_data\train\makerel\grade_C\makerel_088_C_R.JPG,fish,makerel,C,target_fish,1
makerel_089_C,D:\Hirusha\fish_data\train\makerel\grade_C\makerel_089_C_L.JPG,D:\Hirusha\fish_data\train\makerel\grade_C\makerel_089_C_R.JPG,fish,makerel,C,target_fish,1
makerel_090_C,D:\Hirusha\fish_data\train\makerel\grade_C\makerel_090_C_L.JPG,D:\Hirusha\fish_data\train\makerel\grade_C\makerel_090_C_R.JPG,fish,makerel,C,target_fish,1
makerel_091_C,D:\Hirusha\fish_data\train\makerel\grade_C\makerel_091_C_L.JPG,D:\Hirusha\fish_data\train\makerel\grade_C\makerel_091_C_R.JPG,fish,makerel,C,target_fish,1
makerel_092_C,D:\Hirusha\fish_data\train\makerel\grade_C\makerel_092_C_L.JPG,D:\Hirusha\fish_data\train\makerel\grade_C\makerel_092_C_R.JPG,fish,makerel,C,target_fish,1
makerel_093_C,D:\Hirusha\fish_data\train\makerel\grade_C\makerel_093_C_L.JPG,D:\Hirusha\fish_data\train\makerel\grade_C\makerel_093_C_R.JPG,fish,makerel,C,target_fish,1
makerel_094_C,D:\Hirusha\fish_data\train\makerel\grade_C\makerel_094_C_L.JPG,D:\Hirusha\fish_data\train\makerel\grade_C\makerel_094_C_R.JPG,fish,makerel,C,target_fish,1
makerel_095_C,D:\Hirusha\fish_data\train\makerel\grade_C\makerel_095_C_L.JPG,D:\Hirusha\fish_data\train\makerel\grade_C\makerel_095_C_R.JPG,fish,makerel,C,target_fish,1
makerel_096_C,D:\Hirusha\fish_data\train\makerel\grade_C\makerel_096_C_L.JPG,D:\Hirusha\fish_data\train\makerel\grade_C\makerel_096_C_R.JPG,fish,makerel,C,target_fish,1
makerel_097_C,D:\Hirusha\fish_data\train\makerel\grade_C\makerel_097_C_L.JPG,D:\Hirusha\fish_data\train\makerel\grade_C\makerel_097_C_R.JPG,fish,makerel,C,target_fish,1
makerel_098_C,D:\Hirusha\fish_data\train\makerel\grade_C\makerel_098_C_L.JPG,D:\Hirusha\fish_data\train\makerel\grade_C\makerel_098_C_R.JPG,fish,makerel,C,target_fish,1
makerel_099_C,D:\Hirusha\fish_data\train\makerel\grade_C\makerel_099_C_L.JPG,D:\Hirusha\fish_data\train\makerel\grade_C\makerel_099_C_R.JPG,fish,makerel,C,target_fish,1
makerel_100_C,D:\Hirusha\fish_data\train\makerel\grade_C\makerel_100_C_L.JPG,D:\Hirusha\fish_data\train\makerel\grade_C\makerel_100_C_R.JPG,fish,makerel,C,target_fish,1
makerel_101_C,D:\Hirusha\fish_data\train\makerel\grade_C\makerel_101_C_L.JPG,D:\Hirusha\fish_data\train\makerel\grade_C\makerel_101_C_R.JPG,fish,makerel,C,target_fish,1
makerel_102_C,D:\Hirusha\fish_data\train\makerel\grade_C\makerel_102_C_L.JPG,D:\Hirusha\fish_data\train\makerel\grade_C\makerel_102_C_R.JPG,fish,makerel,C,target_fish,1
makerel_103_C,D:\Hirusha\fish_data\train\makerel\grade_C\makerel_103_C_L.JPG,D:\Hirusha\fish_data\train\makerel\grade_C\makerel_103_C_R.JPG,fish,makerel,C,target_fish,1
makerel_104_C,D:\Hirusha\fish_data\train\makerel\grade_C\makerel_104_C_L.JPG,D:\Hirusha\fish_data\train\makerel\grade_C\makerel_104_C_R.JPG,fish,makerel,C,target_fish,1
makerel_105_C,D:\Hirusha\fish_data\train\makerel\grade_C\makerel_105_C_L.JPG,D:\Hirusha\fish_data\train\makerel\grade_C\makerel_105_C_R.JPG,fish,makerel,C,target_fish,1
makerel_106_C,D:\Hirusha\fish_data\train\makerel\grade_C\makerel_106_C_L.JPG,D:\Hirusha\fish_data\train\makerel\grade_C\makerel_106_C_R.JPG,fish,makerel,C,target_fish,1
makerel_107_C,D:\Hirusha\fish_data\train\makerel\grade_C\makerel_107_C_L.JPG,D:\Hirusha\fish_data\train\makerel\grade_C\makerel_107_C_R.JPG,fish,makerel,C,target_fish,1
makerel_108_C,D:\Hirusha\fish_data\train\makerel\grade_C\makerel_108_C_L.JPG,D:\Hirusha\fish_data\train\makerel\grade_C\makerel_108_C_R.JPG,fish,makerel,C,target_fish,1
makerel_109_C,D:\Hirusha\fish_data\train\makerel\grade_C\makerel_109_C_L.JPG,D:\Hirusha\fish_data\train\makerel\grade_C\makerel_109_C_R.JPG,fish,makerel,C,target_fish,1
makerel_110_C,D:\Hirusha\fish_data\train\makerel\grade_C\makerel_110_C_L.JPG,D:\Hirusha\fish_data\train\makerel\grade_C\makerel_110_C_R.JPG,fish,makerel,C,target_fish,1
makerel_111_C,D:\Hirusha\fish_data\train\makerel\grade_C\makerel_111_C_L.JPG,D:\Hirusha\fish_data\train\makerel\grade_C\makerel_111_C_R.JPG,fish,makerel,C,target_fish,1
makerel_112_C,D:\Hirusha\fish_data\train\makerel\grade_C\makerel_112_C_L.JPG,D:\Hirusha\fish_data\train\makerel\grade_C\makerel_112_C_R.JPG,fish,makerel,C,target_fish,1
makerel_113_C,D:\Hirusha\fish_data\train\makerel\grade_C\makerel_113_C_L.JPG,D:\Hirusha\fish_data\train\makerel\grade_C\makerel_113_C_R.JPG,fish,makerel,C,target_fish,1
makerel_114_C,D:\Hirusha\fish_data\train\makerel\grade_C\makerel_114_C_L.JPG,D:\Hirusha\fish_data\train\makerel\grade_C\makerel_114_C_R.JPG,fish,makerel,C,target_fish,1
makerel_115_C,D:\Hirusha\fish_data\train\makerel\grade_C\makerel_115_C_L.JPG,D:\Hirusha\fish_data\train\makerel\grade_C\makerel_115_C_R.JPG,fish,makerel,C,target_fish,1
makerel_116_C,D:\Hirusha\fish_data\train\makerel\grade_C\makerel_116_C_L.JPG,D:\Hirusha\fish_data\train\makerel\grade_C\makerel_116_C_R.JPG,fish,makerel,C,target_fish,1
makerel_117_C,D:\Hirusha\fish_data\train\makerel\grade_C\makerel_117_C_L.JPG,D:\Hirusha\fish_data\train\makerel\grade_C\makerel_117_C_R.JPG,fish,makerel,C,target_fish,1
makerel_118_C,D:\Hirusha\fish_data\train\makerel\grade_C\makerel_118_C_L.JPG,D:\Hirusha\fish_data\train\makerel\grade_C\makerel_118_C_R.JPG,fish,makerel,C,target_fish,1
makerel_119_C,D:\Hirusha\fish_data\train\makerel\grade_C\makerel_119_C_L.JPG,D:\Hirusha\fish_data\train\makerel\grade_C\makerel_119_C_R.JPG,fish,makerel,C,target_fish,1
makerel_120_C,D:\Hirusha\fish_data\train\makerel\grade_C\makerel_120_C_L.JPG,D:\Hirusha\fish_data\train\makerel\grade_C\makerel_120_C_R.JPG,fish,makerel,C,target_fish,1
makerel_121_C,D:\Hirusha\fish_data\train\makerel\grade_C\makerel_121_C_L.JPG,D:\Hirusha\fish_data\train\makerel\grade_C\makerel_121_C_R.JPG,fish,makerel,C,target_fish,1
makerel_122_C,D:\Hirusha\fish_data\train\makerel\grade_C\makerel_122_C_L.JPG,D:\Hirusha\fish_data\train\makerel\grade_C\makerel_122_C_R.JPG,fish,makerel,C,target_fish,1
makerel_123_C,D:\Hirusha\fish_data\train\makerel\grade_C\makerel_123_C_L.JPG,D:\Hirusha\fish_data\train\makerel\grade_C\makerel_123_C_R.JPG,fish,makerel,C,target_fish,1
makerel_124_C,D:\Hirusha\fish_data\train\makerel\grade_C\makerel_124_C_L.JPG,D:\Hirusha\fish_data\train\makerel\grade_C\makerel_124_C_R.JPG,fish,makerel,C,target_fish,1
makerel_125_C,D:\Hirusha\fish_data\train\makerel\grade_C\makerel_125_C_L.JPG,D:\Hirusha\fish_data\train\makerel\grade_C\makerel_125_C_R.JPG,fish,makerel,C,target_fish,1
makerel_126_C,D:\Hirusha\fish_data\train\makerel\grade_C\makerel_126_C_L.JPG,D:\Hirusha\fish_data\train\makerel\grade_C\makerel_126_C_R.JPG,fish,makerel,C,target_fish,1
makerel_127_C,D:\Hirusha\fish_data\train\makerel\grade_C\makerel_127_C_L.JPG,D:\Hirusha\fish_data\train\makerel\grade_C\makerel_127_C_R.JPG,fish,makerel,C,target_fish,1
makerel_128_C,D:\Hirusha\fish_data\train\makerel\grade_C\makerel_128_C_L.JPG,D:\Hirusha\fish_data\train\makerel\grade_C\makerel_128_C_R.JPG,fish,makerel,C,target_fish,1
makerel_129_C,D:\Hirusha\fish_data\train\makerel\grade_C\makerel_129_C_L.JPG,D:\Hirusha\fish_data\train\makerel\grade_C\makerel_129_C_R.JPG,fish,makerel,C,target_fish,1
makerel_130_C,D:\Hirusha\fish_data\train\makerel\grade_C\makerel_130_C_L.JPG,D:\Hirusha\fish_data\train\makerel\grade_C\makerel_130_C_R.JPG,fish,makerel,C,target_fish,1
makerel_131_C,D:\Hirusha\fish_data\train\makerel\grade_C\makerel_131_C_L.JPG,D:\Hirusha\fish_data\train\makerel\grade_C\makerel_131_C_R.JPG,fish,makerel,C,target_fish,1
makerel_132_C,D:\Hirusha\fish_data\train\makerel\grade_C\makerel_132_C_L.JPG,D:\Hirusha\fish_data\train\makerel\grade_C\makerel_132_C_R.JPG,fish,makerel,C,target_fish,1
makerel_133_C,D:\Hirusha\fish_data\train\makerel\grade_C\makerel_133_C_L.JPG,D:\Hirusha\fish_data\train\makerel\grade_C\makerel_133_C_R.JPG,fish,makerel,C,target_fish,1
makerel_134_C,D:\Hirusha\fish_data\train\makerel\grade_C\makerel_134_C_L.JPG,D:\Hirusha\fish_data\train\makerel\grade_C\makerel_134_C_R.JPG,fish,makerel,C,target_fish,1
makerel_135_C,D:\Hirusha\fish_data\train\makerel\grade_C\makerel_135_C_L.JPG,D:\Hirusha\fish_data\train\makerel\grade_C\makerel_135_C_R.JPG,fish,makerel,C,target_fish,1
makerel_136_C,D:\Hirusha\fish_data\train\makerel\grade_C\makerel_136_C_L.JPG,D:\Hirusha\fish_data\train\makerel\grade_C\makerel_136_C_R.JPG,fish,makerel,C,target_fish,1
makerel_137_C,D:\Hirusha\fish_data\train\makerel\grade_C\makerel_137_C_L.JPG,D:\Hirusha\fish_data\train\makerel\grade_C\makerel_137_C_R.JPG,fish,makerel,C,target_fish,1
makerel_138_C,D:\Hirusha\fish_data\train\makerel\grade_C\makerel_138_C_L.JPG,D:\Hirusha\fish_data\train\makerel\grade_C\makerel_138_C_R.JPG,fish,makerel,C,target_fish,1
makerel_139_C,D:\Hirusha\fish_data\train\makerel\grade_C\makerel_139_C_L.JPG,D:\Hirusha\fish_data\train\makerel\grade_C\makerel_139_C_R.JPG,fish,makerel,C,target_fish,1
makerel_140_C,D:\Hirusha\fish_data\train\makerel\grade_C\makerel_140_C_L.JPG,D:\Hirusha\fish_data\train\makerel\grade_C\makerel_140_C_R.JPG,fish,makerel,C,target_fish,1
makerel_141_C,D:\Hirusha\fish_data\train\makerel\grade_C\makerel_141_C_L.JPG,D:\Hirusha\fish_data\train\makerel\grade_C\makerel_141_C_R.JPG,fish,makerel,C,target_fish,1
makerel_142_C,D:\Hirusha\fish_data\train\makerel\grade_C\makerel_142_C_L.JPG,D:\Hirusha\fish_data\train\makerel\grade_C\makerel_142_C_R.JPG,fish,makerel,C,target_fish,1
makerel_143_C,D:\Hirusha\fish_data\train\makerel\grade_C\makerel_143_C_L.JPG,D:\Hirusha\fish_data\train\makerel\grade_C\makerel_143_C_R.JPG,fish,makerel,C,target_fish,1
makerel_144_C,D:\Hirusha\fish_data\train\makerel\grade_C\makerel_144_C_L.JPG,D:\Hirusha\fish_data\train\makerel\grade_C\makerel_144_C_R.JPG,fish,makerel,C,target_fish,1
makerel_145_C,D:\Hirusha\fish_data\train\makerel\grade_C\makerel_145_C_L.JPG,D:\Hirusha\fish_data\train\makerel\grade_C\makerel_145_C_R.JPG,fish,makerel,C,target_fish,1
makerel_146_C,D:\Hirusha\fish_data\train\makerel\grade_C\makerel_146_C_L.JPG,D:\Hirusha\fish_data\train\makerel\grade_C\makerel_146_C_R.JPG,fish,makerel,C,target_fish,1
makerel_147_C,D:\Hirusha\fish_data\train\makerel\grade_C\makerel_147_C_L.JPG,D:\Hirusha\fish_data\train\makerel\grade_C\makerel_147_C_R.JPG,fish,makerel,C,target_fish,1
makerel_148_C,D:\Hirusha\fish_data\train\makerel\grade_C\makerel_148_C_L.JPG,D:\Hirusha\fish_data\train\makerel\grade_C\makerel_148_C_R.JPG,fish,makerel,C,target_fish,1
makerel_149_C,D:\Hirusha\fish_data\train\makerel\grade_C\makerel_149_C_L.JPG,D:\Hirusha\fish_data\train\makerel\grade_C\makerel_149_C_R.JPG,fish,makerel,C,target_fish,1
makerel_150_C,D:\Hirusha\fish_data\train\makerel\grade_C\makerel_150_C_L.JPG,D:\Hirusha\fish_data\train\makerel\grade_C\makerel_150_C_R.JPG,fish,makerel,C,target_fish,1
makerel_151_C,D:\Hirusha\fish_data\train\makerel\grade_C\makerel_151_C_L.JPG,D:\Hirusha\fish_data\train\makerel\grade_C\makerel_151_C_R.JPG,fish,makerel,C,target_fish,1
makerel_152_C,D:\Hirusha\fish_data\train\makerel\grade_C\makerel_152_C_L.JPG,D:\Hirusha\fish_data\train\makerel\grade_C\makerel_152_C_R.JPG,fish,makerel,C,target_fish,1
makerel_153_C,D:\Hirusha\fish_data\train\makerel\grade_C\makerel_153_C_L.JPG,D:\Hirusha\fish_data\train\makerel\grade_C\makerel_153_C_R.JPG,fish,makerel,C,target_fish,1
makerel_154_C,D:\Hirusha\fish_data\train\makerel\grade_C\makerel_154_C_L.JPG,D:\Hirusha\fish_data\train\makerel\grade_C\makerel_154_C_R.JPG,fish,makerel,C,target_fish,1
makerel_155_C,D:\Hirusha\fish_data\train\makerel\grade_C\makerel_155_C_L.JPG,D:\Hirusha\fish_data\train\makerel\grade_C\makerel_155_C_R.JPG,fish,makerel,C,target_fish,1
makerel_156_C,D:\Hirusha\fish_data\train\makerel\grade_C\makerel_156_C_L.JPG,D:\Hirusha\fish_data\train\makerel\grade_C\makerel_156_C_R.JPG,fish,makerel,C,target_fish,1
makerel_157_C,D:\Hirusha\fish_data\train\makerel\grade_C\makerel_157_C_L.JPG,D:\Hirusha\fish_data\train\makerel\grade_C\makerel_157_C_R.JPG,fish,makerel,C,target_fish,1
makerel_158_C,D:\Hirusha\fish_data\train\makerel\grade_C\makerel_158_C_L.JPG,D:\Hirusha\fish_data\train\makerel\grade_C\makerel_158_C_R.JPG,fish,makerel,C,target_fish,1
makerel_159_C,D:\Hirusha\fish_data\train\makerel\grade_C\makerel_159_C_L.JPG,D:\Hirusha\fish_data\train\makerel\grade_C\makerel_159_C_R.JPG,fish,makerel,C,target_fish,1
makerel_160_C,D:\Hirusha\fish_data\train\makerel\grade_C\makerel_160_C_L.JPG,D:\Hirusha\fish_data\train\makerel\grade_C\makerel_160_C_R.JPG,fish,makerel,C,target_fish,1
makerel_161_C,D:\Hirusha\fish_data\train\makerel\grade_C\makerel_161_C_L.JPG,D:\Hirusha\fish_data\train\makerel\grade_C\makerel_161_C_R.JPG,fish,makerel,C,target_fish,1
makerel_162_C,D:\Hirusha\fish_data\train\makerel\grade_C\makerel_162_C_L.JPG,D:\Hirusha\fish_data\train\makerel\grade_C\makerel_162_C_R.JPG,fish,makerel,C,target_fish,1
makerel_163_C,D:\Hirusha\fish_data\train\makerel\grade_C\makerel_163_C_L.JPG,D:\Hirusha\fish_data\train\makerel\grade_C\makerel_163_C_R.JPG,fish,makerel,C,target_fish,1
makerel_164_C,D:\Hirusha\fish_data\train\makerel\grade_C\makerel_164_C_L.JPG,D:\Hirusha\fish_data\train\makerel\grade_C\makerel_164_C_R.JPG,fish,makerel,C,target_fish,1
makerel_165_C,D:\Hirusha\fish_data\train\makerel\grade_C\makerel_165_C_L.JPG,D:\Hirusha\fish_data\train\makerel\grade_C\makerel_165_C_R.JPG,fish,makerel,C,target_fish,1
makerel_166_C,D:\Hirusha\fish_data\train\makerel\grade_C\makerel_166_C_L.JPG,D:\Hirusha\fish_data\train\makerel\grade_C\makerel_166_C_R.JPG,fish,makerel,C,target_fish,1
makerel_167_C,D:\Hirusha\fish_data\train\makerel\grade_C\makerel_167_C_L.JPG,D:\Hirusha\fish_data\train\makerel\grade_C\makerel_167_C_R.JPG,fish,makerel,C,target_fish,1
makerel_168_C,D:\Hirusha\fish_data\train\makerel\grade_C\makerel_168_C_L.JPG,D:\Hirusha\fish_data\train\makerel\grade_C\makerel_168_C_R.JPG,fish,makerel,C,target_fish,1
makerel_169_C,D:\Hirusha\fish_data\train\makerel\grade_C\makerel_169_C_L.JPG,D:\Hirusha\fish_data\train\makerel\grade_C\makerel_169_C_R.JPG,fish,makerel,C,target_fish,1
makerel_170_C,D:\Hirusha\fish_data\train\makerel\grade_C\makerel_170_C_L.JPG,D:\Hirusha\fish_data\train\makerel\grade_C\makerel_170_C_R.JPG,fish,makerel,C,target_fish,1
makerel_171_C,D:\Hirusha\fish_data\train\makerel\grade_C\makerel_171_C_L.JPG,D:\Hirusha\fish_data\train\makerel\grade_C\makerel_171_C_R.JPG,fish,makerel,C,target_fish,1
makerel_172_C,D:\Hirusha\fish_data\train\makerel\grade_C\makerel_172_C_L.JPG,D:\Hirusha\fish_data\train\makerel\grade_C\makerel_172_C_R.JPG,fish,makerel,C,target_fish,1
makerel_173_C,D:\Hirusha\fish_data\train\makerel\grade_C\makerel_173_C_L.JPG,D:\Hirusha\fish_data\train\makerel\grade_C\makerel_173_C_R.JPG,fish,makerel,C,target_fish,1
makerel_174_C,D:\Hirusha\fish_data\train\makerel\grade_C\makerel_174_C_L.JPG,D:\Hirusha\fish_data\train\makerel\grade_C\makerel_174_C_R.JPG,fish,makerel,C,target_fish,1
makerel_175_C,D:\Hirusha\fish_data\train\makerel\grade_C\makerel_175_C_L.JPG,D:\Hirusha\fish_data\train\makerel\grade_C\makerel_175_C_R.JPG,fish,makerel,C,target_fish,1
makerel_176_C,D:\Hirusha\fish_data\train\makerel\grade_C\makerel_176_C_L.JPG,D:\Hirusha\fish_data\train\makerel\grade_C\makerel_176_C_R.JPG,fish,makerel,C,target_fish,1
makerel_177_C,D:\Hirusha\fish_data\train\makerel\grade_C\makerel_177_C_L.JPG,D:\Hirusha\fish_data\train\makerel\grade_C\makerel_177_C_R.JPG,fish,makerel,C,target_fish,1
makerel_178_C,D:\Hirusha\fish_data\train\makerel\grade_C\makerel_178_C_L.JPG,D:\Hirusha\fish_data\train\makerel\grade_C\makerel_178_C_R.JPG,fish,makerel,C,target_fish,1
makerel_179_C,D:\Hirusha\fish_data\train\makerel\grade_C\makerel_179_C_L.JPG,D:\Hirusha\fish_data\train\makerel\grade_C\makerel_179_C_R.JPG,fish,makerel,C,target_fish,1
makerel_180_C,D:\Hirusha\fish_data\train\makerel\grade_C\makerel_180_C_L.JPG,D:\Hirusha\fish_data\train\makerel\grade_C\makerel_180_C_R.JPG,fish,makerel,C,target_fish,1
makerel_181_C,D:\Hirusha\fish_data\train\makerel\grade_C\makerel_181_C_L.JPG,D:\Hirusha\fish_data\train\makerel\grade_C\makerel_181_C_R.JPG,fish,makerel,C,target_fish,1
makerel_182_C,D:\Hirusha\fish_data\train\makerel\grade_C\makerel_182_C_L.JPG,D:\Hirusha\fish_data\train\makerel\grade_C\makerel_182_C_R.JPG,fish,makerel,C,target_fish,1
makerel_183_C,D:\Hirusha\fish_data\train\makerel\grade_C\makerel_183_C_L.JPG,D:\Hirusha\fish_data\train\makerel\grade_C\makerel_183_C_R.JPG,fish,makerel,C,target_fish,1
makerel_184_C,D:\Hirusha\fish_data\train\makerel\grade_C\makerel_184_C_L.JPG,D:\Hirusha\fish_data\train\makerel\grade_C\makerel_184_C_R.JPG,fish,makerel,C,target_fish,1
makerel_185_C,D:\Hirusha\fish_data\train\makerel\grade_C\makerel_185_C_L.JPG,D:\Hirusha\fish_data\train\makerel\grade_C\makerel_185_C_R.JPG,fish,makerel,C,target_fish,1
makerel_186_C,D:\Hirusha\fish_data\train\makerel\grade_C\makerel_186_C_L.JPG,D:\Hirusha\fish_data\train\makerel\grade_C\makerel_186_C_R.JPG,fish,makerel,C,target_fish,1
makerel_187_C,D:\Hirusha\fish_data\train\makerel\grade_C\makerel_187_C_L.JPG,D:\Hirusha\fish_data\train\makerel\grade_C\makerel_187_C_R.JPG,fish,makerel,C,target_fish,1
makerel_188_C,D:\Hirusha\fish_data\train\makerel\grade_C\makerel_188_C_L.JPG,D:\Hirusha\fish_data\train\makerel\grade_C\makerel_188_C_R.JPG,fish,makerel,C,target_fish,1
makerel_189_C,D:\Hirusha\fish_data\train\makerel\grade_C\makerel_189_C_L.JPG,D:\Hirusha\fish_data\train\makerel\grade_C\makerel_189_C_R.JPG,fish,makerel,C,target_fish,1
makerel_190_C,D:\Hirusha\fish_data\train\makerel\grade_C\makerel_190_C_L.JPG,D:\Hirusha\fish_data\train\makerel\grade_C\makerel_190_C_R.JPG,fish,makerel,C,target_fish,1
makerel_191_C,D:\Hirusha\fish_data\train\makerel\grade_C\makerel_191_C_L.JPG,D:\Hirusha\fish_data\train\makerel\grade_C\makerel_191_C_R.JPG,fish,makerel,C,target_fish,1
makerel_192_C,D:\Hirusha\fish_data\train\makerel\grade_C\makerel_192_C_L.JPG,D:\Hirusha\fish_data\train\makerel\grade_C\makerel_192_C_R.JPG,fish,makerel,C,target_fish,1
makerel_194_C,D:\Hirusha\fish_data\train\makerel\grade_C\makerel_194_C_L.JPG,D:\Hirusha\fish_data\train\makerel\grade_C\makerel_194_C_R.JPG,fish,makerel,C,target_fish,1
tuna_001_A,D:\Hirusha\fish_data\train\tuna\grade_A\tuna_001_A_L.JPG,D:\Hirusha\fish_data\train\tuna\grade_A\tuna_001_A_R.JPG,fish,tuna,A,target_fish,1
tuna_002_A,D:\Hirusha\fish_data\train\tuna\grade_A\tuna_002_A_L.JPG,D:\Hirusha\fish_data\train\tuna\grade_A\tuna_002_A_R.JPG,fish,tuna,A,target_fish,1
tuna_003_A,D:\Hirusha\fish_data\train\tuna\grade_A\tuna_003_A_L.JPG,D:\Hirusha\fish_data\train\tuna\grade_A\tuna_003_A_R.JPG,fish,tuna,A,target_fish,1
tuna_004_A,D:\Hirusha\fish_data\train\tuna\grade_A\tuna_004_A_L.JPG,D:\Hirusha\fish_data\train\tuna\grade_A\tuna_004_A_R.JPG,fish,tuna,A,target_fish,1
tuna_005_A,D:\Hirusha\fish_data\train\tuna\grade_A\tuna_005_A_L.JPG,D:\Hirusha\fish_data\train\tuna\grade_A\tuna_005_A_R.JPG,fish,tuna,A,target_fish,1
tuna_006_A,D:\Hirusha\fish_data\train\tuna\grade_A\tuna_006_A_L.JPG,D:\Hirusha\fish_data\train\tuna\grade_A\tuna_006_A_R.JPG,fish,tuna,A,target_fish,1
tuna_007_A,D:\Hirusha\fish_data\train\tuna\grade_A\tuna_007_A_L.JPG,D:\Hirusha\fish_data\train\tuna\grade_A\tuna_007_A_R.JPG,fish,tuna,A,target_fish,1
tuna_008_A,D:\Hirusha\fish_data\train\tuna\grade_A\tuna_008_A_L.JPG,D:\Hirusha\fish_data\train\tuna\grade_A\tuna_008_A_R.JPG,fish,tuna,A,target_fish,1
tuna_009_A,D:\Hirusha\fish_data\train\tuna\grade_A\tuna_009_A_L.JPG,D:\Hirusha\fish_data\train\tuna\grade_A\tuna_009_A_R.JPG,fish,tuna,A,target_fish,1
tuna_010_A,D:\Hirusha\fish_data\train\tuna\grade_A\tuna_010_A_L.JPG,D:\Hirusha\fish_data\train\tuna\grade_A\tuna_010_A_R.JPG,fish,tuna,A,target_fish,1
tuna_011_A,D:\Hirusha\fish_data\train\tuna\grade_A\tuna_011_A_L.JPG,D:\Hirusha\fish_data\train\tuna\grade_A\tuna_011_A_R.JPG,fish,tuna,A,target_fish,1
tuna_012_A,D:\Hirusha\fish_data\train\tuna\grade_A\tuna_012_A_L.JPG,D:\Hirusha\fish_data\train\tuna\grade_A\tuna_012_A_R.JPG,fish,tuna,A,target_fish,1
tuna_013_A,D:\Hirusha\fish_data\train\tuna\grade_A\tuna_013_A_L.JPG,D:\Hirusha\fish_data\train\tuna\grade_A\tuna_013_A_R.JPG,fish,tuna,A,target_fish,1
tuna_014_A,D:\Hirusha\fish_data\train\tuna\grade_A\tuna_014_A_L.JPG,D:\Hirusha\fish_data\train\tuna\grade_A\tuna_014_A_R.JPG,fish,tuna,A,target_fish,1
tuna_015_A,D:\Hirusha\fish_data\train\tuna\grade_A\tuna_015_A_L.JPG,D:\Hirusha\fish_data\train\tuna\grade_A\tuna_015_A_R.JPG,fish,tuna,A,target_fish,1
tuna_016_A,D:\Hirusha\fish_data\train\tuna\grade_A\tuna_016_A_L.JPG,D:\Hirusha\fish_data\train\tuna\grade_A\tuna_016_A_R.JPG,fish,tuna,A,target_fish,1
tuna_017_A,D:\Hirusha\fish_data\train\tuna\grade_A\tuna_017_A_L.JPG,D:\Hirusha\fish_data\train\tuna\grade_A\tuna_017_A_R.JPG,fish,tuna,A,target_fish,1
tuna_018_A,D:\Hirusha\fish_data\train\tuna\grade_A\tuna_018_A_L.JPG,D:\Hirusha\fish_data\train\tuna\grade_A\tuna_018_A_R.JPG,fish,tuna,A,target_fish,1
tuna_019_A,D:\Hirusha\fish_data\train\tuna\grade_A\tuna_019_A_L.JPG,D:\Hirusha\fish_data\train\tuna\grade_A\tuna_019_A_R.JPG,fish,tuna,A,target_fish,1
tuna_020_A,D:\Hirusha\fish_data\train\tuna\grade_A\tuna_020_A_L.JPG,D:\Hirusha\fish_data\train\tuna\grade_A\tuna_020_A_R.JPG,fish,tuna,A,target_fish,1
tuna_021_A,D:\Hirusha\fish_data\train\tuna\grade_A\tuna_021_A_L.JPG,D:\Hirusha\fish_data\train\tuna\grade_A\tuna_021_A_R.JPG,fish,tuna,A,target_fish,1
tuna_022_A,D:\Hirusha\fish_data\train\tuna\grade_A\tuna_022_A_L.JPG,D:\Hirusha\fish_data\train\tuna\grade_A\tuna_022_A_R.JPG,fish,tuna,A,target_fish,1
tuna_023_A,D:\Hirusha\fish_data\train\tuna\grade_A\tuna_023_A_L.JPG,D:\Hirusha\fish_data\train\tuna\grade_A\tuna_023_A_R.JPG,fish,tuna,A,target_fish,1
tuna_024_A,D:\Hirusha\fish_data\train\tuna\grade_A\tuna_024_A_L.JPG,D:\Hirusha\fish_data\train\tuna\grade_A\tuna_024_A_R.JPG,fish,tuna,A,target_fish,1
tuna_025_A,D:\Hirusha\fish_data\train\tuna\grade_A\tuna_025_A_L.JPG,D:\Hirusha\fish_data\train\tuna\grade_A\tuna_025_A_R.JPG,fish,tuna,A,target_fish,1
tuna_026_A,D:\Hirusha\fish_data\train\tuna\grade_A\tuna_026_A_L.JPG,D:\Hirusha\fish_data\train\tuna\grade_A\tuna_026_A_R.JPG,fish,tuna,A,target_fish,1
tuna_027_A,D:\Hirusha\fish_data\train\tuna\grade_A\tuna_027_A_L.JPG,D:\Hirusha\fish_data\train\tuna\grade_A\tuna_027_A_R.JPG,fish,tuna,A,target_fish,1
tuna_028_A,D:\Hirusha\fish_data\train\tuna\grade_A\tuna_028_A_L.JPG,D:\Hirusha\fish_data\train\tuna\grade_A\tuna_028_A_R.JPG,fish,tuna,A,target_fish,1
tuna_029_A,D:\Hirusha\fish_data\train\tuna\grade_A\tuna_029_A_L.JPG,D:\Hirusha\fish_data\train\tuna\grade_A\tuna_029_A_R.JPG,fish,tuna,A,target_fish,1
tuna_030_A,D:\Hirusha\fish_data\train\tuna\grade_A\tuna_030_A_L.JPG,D:\Hirusha\fish_data\train\tuna\grade_A\tuna_030_A_R.JPG,fish,tuna,A,target_fish,1
tuna_031_A,D:\Hirusha\fish_data\train\tuna\grade_A\tuna_031_A_L.JPG,D:\Hirusha\fish_data\train\tuna\grade_A\tuna_031_A_R.JPG,fish,tuna,A,target_fish,1
tuna_032_A,D:\Hirusha\fish_data\train\tuna\grade_A\tuna_032_A_L.JPG,D:\Hirusha\fish_data\train\tuna\grade_A\tuna_032_A_R.JPG,fish,tuna,A,target_fish,1
tuna_033_A,D:\Hirusha\fish_data\train\tuna\grade_A\tuna_033_A_L.JPG,D:\Hirusha\fish_data\train\tuna\grade_A\tuna_033_A_R.JPG,fish,tuna,A,target_fish,1
tuna_034_A,D:\Hirusha\fish_data\train\tuna\grade_A\tuna_034_A_L.JPG,D:\Hirusha\fish_data\train\tuna\grade_A\tuna_034_A_R.JPG,fish,tuna,A,target_fish,1
tuna_035_A,D:\Hirusha\fish_data\train\tuna\grade_A\tuna_035_A_L.JPG,D:\Hirusha\fish_data\train\tuna\grade_A\tuna_035_A_R.JPG,fish,tuna,A,target_fish,1
tuna_036_A,D:\Hirusha\fish_data\train\tuna\grade_A\tuna_036_A_L.JPG,D:\Hirusha\fish_data\train\tuna\grade_A\tuna_036_A_R.JPG,fish,tuna,A,target_fish,1
tuna_037_A,D:\Hirusha\fish_data\train\tuna\grade_A\tuna_037_A_L.JPG,D:\Hirusha\fish_data\train\tuna\grade_A\tuna_037_A_R.JPG,fish,tuna,A,target_fish,1
tuna_038_A,D:\Hirusha\fish_data\train\tuna\grade_A\tuna_038_A_L.JPG,D:\Hirusha\fish_data\train\tuna\grade_A\tuna_038_A_R.JPG,fish,tuna,A,target_fish,1
tuna_039_A,D:\Hirusha\fish_data\train\tuna\grade_A\tuna_039_A_L.JPG,D:\Hirusha\fish_data\train\tuna\grade_A\tuna_039_A_R.JPG,fish,tuna,A,target_fish,1
tuna_040_A,D:\Hirusha\fish_data\train\tuna\grade_A\tuna_040_A_L.JPG,D:\Hirusha\fish_data\train\tuna\grade_A\tuna_040_A_R.JPG,fish,tuna,A,target_fish,1
tuna_041_A,D:\Hirusha\fish_data\train\tuna\grade_A\tuna_041_A_L.JPG,D:\Hirusha\fish_data\train\tuna\grade_A\tuna_041_A_R.JPG,fish,tuna,A,target_fish,1
tuna_042_A,D:\Hirusha\fish_data\train\tuna\grade_A\tuna_042_A_L.JPG,D:\Hirusha\fish_data\train\tuna\grade_A\tuna_042_A_R.JPG,fish,tuna,A,target_fish,1
tuna_043_A,D:\Hirusha\fish_data\train\tuna\grade_A\tuna_043_A_L.JPG,D:\Hirusha\fish_data\train\tuna\grade_A\tuna_043_A_R.JPG,fish,tuna,A,target_fish,1
tuna_044_A,D:\Hirusha\fish_data\train\tuna\grade_A\tuna_044_A_L.JPG,D:\Hirusha\fish_data\train\tuna\grade_A\tuna_044_A_R.JPG,fish,tuna,A,target_fish,1
tuna_045_A,D:\Hirusha\fish_data\train\tuna\grade_A\tuna_045_A_L.JPG,D:\Hirusha\fish_data\train\tuna\grade_A\tuna_045_A_R.JPG,fish,tuna,A,target_fish,1
tuna_046_A,D:\Hirusha\fish_data\train\tuna\grade_A\tuna_046_A_L.JPG,D:\Hirusha\fish_data\train\tuna\grade_A\tuna_046_A_R.JPG,fish,tuna,A,target_fish,1
tuna_047_A,D:\Hirusha\fish_data\train\tuna\grade_A\tuna_047_A_L.JPG,D:\Hirusha\fish_data\train\tuna\grade_A\tuna_047_A_R.JPG,fish,tuna,A,target_fish,1
tuna_048_A,D:\Hirusha\fish_data\train\tuna\grade_A\tuna_048_A_L.JPG,D:\Hirusha\fish_data\train\tuna\grade_A\tuna_048_A_R.JPG,fish,tuna,A,target_fish,1
tuna_049_A,D:\Hirusha\fish_data\train\tuna\grade_A\tuna_049_A_L.JPG,D:\Hirusha\fish_data\train\tuna\grade_A\tuna_049_A_R.JPG,fish,tuna,A,target_fish,1
tuna_050_A,D:\Hirusha\fish_data\train\tuna\grade_A\tuna_050_A_L.JPG,D:\Hirusha\fish_data\train\tuna\grade_A\tuna_050_A_R.JPG,fish,tuna,A,target_fish,1
tuna_051_A,D:\Hirusha\fish_data\train\tuna\grade_A\tuna_051_A_L.JPG,D:\Hirusha\fish_data\train\tuna\grade_A\tuna_051_A_R.JPG,fish,tuna,A,target_fish,1
tuna_052_A,D:\Hirusha\fish_data\train\tuna\grade_A\tuna_052_A_L.JPG,D:\Hirusha\fish_data\train\tuna\grade_A\tuna_052_A_R.JPG,fish,tuna,A,target_fish,1
tuna_053_A,D:\Hirusha\fish_data\train\tuna\grade_A\tuna_053_A_L.JPG,D:\Hirusha\fish_data\train\tuna\grade_A\tuna_053_A_R.JPG,fish,tuna,A,target_fish,1
tuna_054_A,D:\Hirusha\fish_data\train\tuna\grade_A\tuna_054_A_L.JPG,D:\Hirusha\fish_data\train\tuna\grade_A\tuna_054_A_R.JPG,fish,tuna,A,target_fish,1
tuna_055_A,D:\Hirusha\fish_data\train\tuna\grade_A\tuna_055_A_L.JPG,D:\Hirusha\fish_data\train\tuna\grade_A\tuna_055_A_R.JPG,fish,tuna,A,target_fish,1
tuna_056_A,D:\Hirusha\fish_data\train\tuna\grade_A\tuna_056_A_L.JPG,D:\Hirusha\fish_data\train\tuna\grade_A\tuna_056_A_R.JPG,fish,tuna,A,target_fish,1
tuna_057_A,D:\Hirusha\fish_data\train\tuna\grade_A\tuna_057_A_L.JPG,D:\Hirusha\fish_data\train\tuna\grade_A\tuna_057_A_R.JPG,fish,tuna,A,target_fish,1
tuna_058_A,D:\Hirusha\fish_data\train\tuna\grade_A\tuna_058_A_L.JPG,D:\Hirusha\fish_data\train\tuna\grade_A\tuna_058_A_R.JPG,fish,tuna,A,target_fish,1
tuna_059_A,D:\Hirusha\fish_data\train\tuna\grade_A\tuna_059_A_L.JPG,D:\Hirusha\fish_data\train\tuna\grade_A\tuna_059_A_R.JPG,fish,tuna,A,target_fish,1
tuna_060_A,D:\Hirusha\fish_data\train\tuna\grade_A\tuna_060_A_L.JPG,D:\Hirusha\fish_data\train\tuna\grade_A\tuna_060_A_R.JPG,fish,tuna,A,target_fish,1
tuna_061_A,D:\Hirusha\fish_data\train\tuna\grade_A\tuna_061_A_L.JPG,D:\Hirusha\fish_data\train\tuna\grade_A\tuna_061_A_R.JPG,fish,tuna,A,target_fish,1
tuna_062_A,D:\Hirusha\fish_data\train\tuna\grade_A\tuna_062_A_L.JPG,D:\Hirusha\fish_data\train\tuna\grade_A\tuna_062_A_R.JPG,fish,tuna,A,target_fish,1
tuna_063_A,D:\Hirusha\fish_data\train\tuna\grade_A\tuna_063_A_L.JPG,D:\Hirusha\fish_data\train\tuna\grade_A\tuna_063_A_R.JPG,fish,tuna,A,target_fish,1
tuna_064_A,D:\Hirusha\fish_data\train\tuna\grade_A\tuna_064_A_L.JPG,D:\Hirusha\fish_data\train\tuna\grade_A\tuna_064_A_R.JPG,fish,tuna,A,target_fish,1
tuna_065_A,D:\Hirusha\fish_data\train\tuna\grade_A\tuna_065_A_L.JPG,D:\Hirusha\fish_data\train\tuna\grade_A\tuna_065_A_R.JPG,fish,tuna,A,target_fish,1
tuna_066_A,D:\Hirusha\fish_data\train\tuna\grade_A\tuna_066_A_L.JPG,D:\Hirusha\fish_data\train\tuna\grade_A\tuna_066_A_R.JPG,fish,tuna,A,target_fish,1
tuna_067_A,D:\Hirusha\fish_data\train\tuna\grade_A\tuna_067_A_L.JPG,D:\Hirusha\fish_data\train\tuna\grade_A\tuna_067_A_R.JPG,fish,tuna,A,target_fish,1
tuna_068_A,D:\Hirusha\fish_data\train\tuna\grade_A\tuna_068_A_L.JPG,D:\Hirusha\fish_data\train\tuna\grade_A\tuna_068_A_R.JPG,fish,tuna,A,target_fish,1
tuna_069_A,D:\Hirusha\fish_data\train\tuna\grade_A\tuna_069_A_L.JPG,D:\Hirusha\fish_data\train\tuna\grade_A\tuna_069_A_R.JPG,fish,tuna,A,target_fish,1
tuna_070_A,D:\Hirusha\fish_data\train\tuna\grade_A\tuna_070_A_L.JPG,D:\Hirusha\fish_data\train\tuna\grade_A\tuna_070_A_R.JPG,fish,tuna,A,target_fish,1
tuna_071_A,D:\Hirusha\fish_data\train\tuna\grade_A\tuna_071_A_L.JPG,D:\Hirusha\fish_data\train\tuna\grade_A\tuna_071_A_R.JPG,fish,tuna,A,target_fish,1
tuna_072_A,D:\Hirusha\fish_data\train\tuna\grade_A\tuna_072_A_L.JPG,D:\Hirusha\fish_data\train\tuna\grade_A\tuna_072_A_R.JPG,fish,tuna,A,target_fish,1
tuna_073_A,D:\Hirusha\fish_data\train\tuna\grade_A\tuna_073_A_L.JPG,D:\Hirusha\fish_data\train\tuna\grade_A\tuna_073_A_R.JPG,fish,tuna,A,target_fish,1
tuna_074_A,D:\Hirusha\fish_data\train\tuna\grade_A\tuna_074_A_L.JPG,D:\Hirusha\fish_data\train\tuna\grade_A\tuna_074_A_R.JPG,fish,tuna,A,target_fish,1
tuna_075_A,D:\Hirusha\fish_data\train\tuna\grade_A\tuna_075_A_L.JPG,D:\Hirusha\fish_data\train\tuna\grade_A\tuna_075_A_R.JPG,fish,tuna,A,target_fish,1
tuna_076_A,D:\Hirusha\fish_data\train\tuna\grade_A\tuna_076_A_L.JPG,D:\Hirusha\fish_data\train\tuna\grade_A\tuna_076_A_R.JPG,fish,tuna,A,target_fish,1
tuna_077_A,D:\Hirusha\fish_data\train\tuna\grade_A\tuna_077_A_L.JPG,D:\Hirusha\fish_data\train\tuna\grade_A\tuna_077_A_R.JPG,fish,tuna,A,target_fish,1
tuna_078_A,D:\Hirusha\fish_data\train\tuna\grade_A\tuna_078_A_L.JPG,D:\Hirusha\fish_data\train\tuna\grade_A\tuna_078_A_R.JPG,fish,tuna,A,target_fish,1
tuna_079_A,D:\Hirusha\fish_data\train\tuna\grade_A\tuna_079_A_L.JPG,D:\Hirusha\fish_data\train\tuna\grade_A\tuna_079_A_R.JPG,fish,tuna,A,target_fish,1
tuna_080_A,D:\Hirusha\fish_data\train\tuna\grade_A\tuna_080_A_L.JPG,D:\Hirusha\fish_data\train\tuna\grade_A\tuna_080_A_R.JPG,fish,tuna,A,target_fish,1
tuna_081_A,D:\Hirusha\fish_data\train\tuna\grade_A\tuna_081_A_L.JPG,D:\Hirusha\fish_data\train\tuna\grade_A\tuna_081_A_R.JPG,fish,tuna,A,target_fish,1
tuna_082_A,D:\Hirusha\fish_data\train\tuna\grade_A\tuna_082_A_L.JPG,D:\Hirusha\fish_data\train\tuna\grade_A\tuna_082_A_R.JPG,fish,tuna,A,target_fish,1
tuna_083_A,D:\Hirusha\fish_data\train\tuna\grade_A\tuna_083_A_L.JPG,D:\Hirusha\fish_data\train\tuna\grade_A\tuna_083_A_R.JPG,fish,tuna,A,target_fish,1
tuna_084_A,D:\Hirusha\fish_data\train\tuna\grade_A\tuna_084_A_L.JPG,D:\Hirusha\fish_data\train\tuna\grade_A\tuna_084_A_R.JPG,fish,tuna,A,target_fish,1
tuna_085_A,D:\Hirusha\fish_data\train\tuna\grade_A\tuna_085_A_L.JPG,D:\Hirusha\fish_data\train\tuna\grade_A\tuna_085_A_R.JPG,fish,tuna,A,target_fish,1
tuna_086_A,D:\Hirusha\fish_data\train\tuna\grade_A\tuna_086_A_L.JPG,D:\Hirusha\fish_data\train\tuna\grade_A\tuna_086_A_R.JPG,fish,tuna,A,target_fish,1
tuna_001_B,D:\Hirusha\fish_data\train\tuna\grade_B\tuna_001_B_L.JPG,D:\Hirusha\fish_data\train\tuna\grade_B\tuna_001_B_R.JPG,fish,tuna,B,target_fish,1
tuna_002_B,D:\Hirusha\fish_data\train\tuna\grade_B\tuna_002_B_L.JPG,D:\Hirusha\fish_data\train\tuna\grade_B\tuna_002_B_R.JPG,fish,tuna,B,target_fish,1
tuna_003_B,D:\Hirusha\fish_data\train\tuna\grade_B\tuna_003_B_L.JPG,D:\Hirusha\fish_data\train\tuna\grade_B\tuna_003_B_R.JPG,fish,tuna,B,target_fish,1
tuna_004_B,D:\Hirusha\fish_data\train\tuna\grade_B\tuna_004_B_L.JPG,D:\Hirusha\fish_data\train\tuna\grade_B\tuna_004_B_R.JPG,fish,tuna,B,target_fish,1
tuna_005_B,D:\Hirusha\fish_data\train\tuna\grade_B\tuna_005_B_L.JPG,D:\Hirusha\fish_data\train\tuna\grade_B\tuna_005_B_R.JPG,fish,tuna,B,target_fish,1
tuna_006_B,D:\Hirusha\fish_data\train\tuna\grade_B\tuna_006_B_L.JPG,D:\Hirusha\fish_data\train\tuna\grade_B\tuna_006_B_R.JPG,fish,tuna,B,target_fish,1
tuna_007_B,D:\Hirusha\fish_data\train\tuna\grade_B\tuna_007_B_L.JPG,D:\Hirusha\fish_data\train\tuna\grade_B\tuna_007_B_R.JPG,fish,tuna,B,target_fish,1
tuna_008_B,D:\Hirusha\fish_data\train\tuna\grade_B\tuna_008_B_L.JPG,D:\Hirusha\fish_data\train\tuna\grade_B\tuna_008_B_R.JPG,fish,tuna,B,target_fish,1
tuna_009_B,D:\Hirusha\fish_data\train\tuna\grade_B\tuna_009_B_L.jpg,D:\Hirusha\fish_data\train\tuna\grade_B\tuna_009_B_R.jpg,fish,tuna,B,target_fish,1
tuna_010_B,D:\Hirusha\fish_data\train\tuna\grade_B\tuna_010_B_L.jpg,D:\Hirusha\fish_data\train\tuna\grade_B\tuna_010_B_R.jpg,fish,tuna,B,target_fish,1
tuna_011_B,D:\Hirusha\fish_data\train\tuna\grade_B\tuna_011_B_L.jpg,D:\Hirusha\fish_data\train\tuna\grade_B\tuna_011_B_R.jpg,fish,tuna,B,target_fish,1
tuna_012_B,D:\Hirusha\fish_data\train\tuna\grade_B\tuna_012_B_L.jpg,D:\Hirusha\fish_data\train\tuna\grade_B\tuna_012_B_R.jpg,fish,tuna,B,target_fish,1
tuna_013_B,D:\Hirusha\fish_data\train\tuna\grade_B\tuna_013_B_L.jpg,D:\Hirusha\fish_data\train\tuna\grade_B\tuna_013_B_R.jpg,fish,tuna,B,target_fish,1
tuna_014_B,D:\Hirusha\fish_data\train\tuna\grade_B\tuna_014_B_L.jpg,D:\Hirusha\fish_data\train\tuna\grade_B\tuna_014_B_R.jpg,fish,tuna,B,target_fish,1
tuna_015_B,D:\Hirusha\fish_data\train\tuna\grade_B\tuna_015_B_L.jpg,D:\Hirusha\fish_data\train\tuna\grade_B\tuna_015_B_R.jpg,fish,tuna,B,target_fish,1
tuna_016_B,D:\Hirusha\fish_data\train\tuna\grade_B\tuna_016_B_L.jpg,D:\Hirusha\fish_data\train\tuna\grade_B\tuna_016_B_R.jpg,fish,tuna,B,target_fish,1
tuna_017_B,D:\Hirusha\fish_data\train\tuna\grade_B\tuna_017_B_L.jpg,D:\Hirusha\fish_data\train\tuna\grade_B\tuna_017_B_R.jpg,fish,tuna,B,target_fish,1
tuna_018_B,D:\Hirusha\fish_data\train\tuna\grade_B\tuna_018_B_L.jpg,D:\Hirusha\fish_data\train\tuna\grade_B\tuna_018_B_R.jpg,fish,tuna,B,target_fish,1
tuna_019_B,D:\Hirusha\fish_data\train\tuna\grade_B\tuna_019_B_L.jpg,D:\Hirusha\fish_data\train\tuna\grade_B\tuna_019_B_R.jpg,fish,tuna,B,target_fish,1
tuna_020_B,D:\Hirusha\fish_data\train\tuna\grade_B\tuna_020_B_L.jpg,D:\Hirusha\fish_data\train\tuna\grade_B\tuna_020_B_R.jpg,fish,tuna,B,target_fish,1
tuna_021_B,D:\Hirusha\fish_data\train\tuna\grade_B\tuna_021_B_L.jpg,D:\Hirusha\fish_data\train\tuna\grade_B\tuna_021_B_R.jpg,fish,tuna,B,target_fish,1
tuna_022_B,D:\Hirusha\fish_data\train\tuna\grade_B\tuna_022_B_L.jpg,D:\Hirusha\fish_data\train\tuna\grade_B\tuna_022_B_R.jpg,fish,tuna,B,target_fish,1
tuna_023_B,D:\Hirusha\fish_data\train\tuna\grade_B\tuna_023_B_L.jpg,D:\Hirusha\fish_data\train\tuna\grade_B\tuna_023_B_R.jpg,fish,tuna,B,target_fish,1
tuna_024_B,D:\Hirusha\fish_data\train\tuna\grade_B\tuna_024_B_L.jpg,D:\Hirusha\fish_data\train\tuna\grade_B\tuna_024_B_R.jpg,fish,tuna,B,target_fish,1
tuna_025_B,D:\Hirusha\fish_data\train\tuna\grade_B\tuna_025_B_L.jpg,D:\Hirusha\fish_data\train\tuna\grade_B\tuna_025_B_R.jpg,fish,tuna,B,target_fish,1
tuna_026_B,D:\Hirusha\fish_data\train\tuna\grade_B\tuna_026_B_L.jpg,D:\Hirusha\fish_data\train\tuna\grade_B\tuna_026_B_R.jpg,fish,tuna,B,target_fish,1
tuna_027_B,D:\Hirusha\fish_data\train\tuna\grade_B\tuna_027_B_L.jpg,D:\Hirusha\fish_data\train\tuna\grade_B\tuna_027_B_R.jpg,fish,tuna,B,target_fish,1
tuna_028_B,D:\Hirusha\fish_data\train\tuna\grade_B\tuna_028_B_L.jpg,D:\Hirusha\fish_data\train\tuna\grade_B\tuna_028_B_R.jpg,fish,tuna,B,target_fish,1
tuna_029_B,D:\Hirusha\fish_data\train\tuna\grade_B\tuna_029_B_L.jpg,D:\Hirusha\fish_data\train\tuna\grade_B\tuna_029_B_R.jpg,fish,tuna,B,target_fish,1
tuna_030_B,D:\Hirusha\fish_data\train\tuna\grade_B\tuna_030_B_L.jpg,D:\Hirusha\fish_data\train\tuna\grade_B\tuna_030_B_R.jpg,fish,tuna,B,target_fish,1
tuna_031_B,D:\Hirusha\fish_data\train\tuna\grade_B\tuna_031_B_L.jpg,D:\Hirusha\fish_data\train\tuna\grade_B\tuna_031_B_R.jpg,fish,tuna,B,target_fish,1
tuna_032_B,D:\Hirusha\fish_data\train\tuna\grade_B\tuna_032_B_L.jpg,D:\Hirusha\fish_data\train\tuna\grade_B\tuna_032_B_R.jpg,fish,tuna,B,target_fish,1
tuna_033_B,D:\Hirusha\fish_data\train\tuna\grade_B\tuna_033_B_L.jpg,D:\Hirusha\fish_data\train\tuna\grade_B\tuna_033_B_R.jpg,fish,tuna,B,target_fish,1
tuna_034_B,D:\Hirusha\fish_data\train\tuna\grade_B\tuna_034_B_L.jpg,D:\Hirusha\fish_data\train\tuna\grade_B\tuna_034_B_R.jpg,fish,tuna,B,target_fish,1
tuna_035_B,D:\Hirusha\fish_data\train\tuna\grade_B\tuna_035_B_L.jpg,D:\Hirusha\fish_data\train\tuna\grade_B\tuna_035_B_R.jpg,fish,tuna,B,target_fish,1
tuna_036_B,D:\Hirusha\fish_data\train\tuna\grade_B\tuna_036_B_L.jpg,D:\Hirusha\fish_data\train\tuna\grade_B\tuna_036_B_R.jpg,fish,tuna,B,target_fish,1
tuna_037_B,D:\Hirusha\fish_data\train\tuna\grade_B\tuna_037_B_L.jpg,D:\Hirusha\fish_data\train\tuna\grade_B\tuna_037_B_R.jpg,fish,tuna,B,target_fish,1
tuna_038_B,D:\Hirusha\fish_data\train\tuna\grade_B\tuna_038_B_L.jpg,D:\Hirusha\fish_data\train\tuna\grade_B\tuna_038_B_R.jpg,fish,tuna,B,target_fish,1
tuna_039_B,D:\Hirusha\fish_data\train\tuna\grade_B\tuna_039_B_L.jpg,D:\Hirusha\fish_data\train\tuna\grade_B\tuna_039_B_R.jpg,fish,tuna,B,target_fish,1
tuna_040_B,D:\Hirusha\fish_data\train\tuna\grade_B\tuna_040_B_L.jpg,D:\Hirusha\fish_data\train\tuna\grade_B\tuna_040_B_R.jpg,fish,tuna,B,target_fish,1
tuna_041_B,D:\Hirusha\fish_data\train\tuna\grade_B\tuna_041_B_L.jpg,D:\Hirusha\fish_data\train\tuna\grade_B\tuna_041_B_R.jpg,fish,tuna,B,target_fish,1
tuna_042_B,D:\Hirusha\fish_data\train\tuna\grade_B\tuna_042_B_L.jpg,D:\Hirusha\fish_data\train\tuna\grade_B\tuna_042_B_R.jpg,fish,tuna,B,target_fish,1
tuna_043_B,D:\Hirusha\fish_data\train\tuna\grade_B\tuna_043_B_L.jpg,D:\Hirusha\fish_data\train\tuna\grade_B\tuna_043_B_R.jpg,fish,tuna,B,target_fish,1
tuna_044_B,D:\Hirusha\fish_data\train\tuna\grade_B\tuna_044_B_L.jpg,D:\Hirusha\fish_data\train\tuna\grade_B\tuna_044_B_R.jpg,fish,tuna,B,target_fish,1
tuna_045_B,D:\Hirusha\fish_data\train\tuna\grade_B\tuna_045_B_L.jpg,D:\Hirusha\fish_data\train\tuna\grade_B\tuna_045_B_R.jpg,fish,tuna,B,target_fish,1
tuna_046_B,D:\Hirusha\fish_data\train\tuna\grade_B\tuna_046_B_L.jpg,D:\Hirusha\fish_data\train\tuna\grade_B\tuna_046_B_R.jpg,fish,tuna,B,target_fish,1
tuna_047_B,D:\Hirusha\fish_data\train\tuna\grade_B\tuna_047_B_L.jpg,D:\Hirusha\fish_data\train\tuna\grade_B\tuna_047_B_R.jpg,fish,tuna,B,target_fish,1
tuna_048_B,D:\Hirusha\fish_data\train\tuna\grade_B\tuna_048_B_L.jpg,D:\Hirusha\fish_data\train\tuna\grade_B\tuna_048_B_R.jpg,fish,tuna,B,target_fish,1
tuna_049_B,D:\Hirusha\fish_data\train\tuna\grade_B\tuna_049_B_L.jpg,D:\Hirusha\fish_data\train\tuna\grade_B\tuna_049_B_R.jpg,fish,tuna,B,target_fish,1
tuna_050_B,D:\Hirusha\fish_data\train\tuna\grade_B\tuna_050_B_L.jpg,D:\Hirusha\fish_data\train\tuna\grade_B\tuna_050_B_R.jpg,fish,tuna,B,target_fish,1
tuna_051_B,D:\Hirusha\fish_data\train\tuna\grade_B\tuna_051_B_L.jpg,D:\Hirusha\fish_data\train\tuna\grade_B\tuna_051_B_R.jpg,fish,tuna,B,target_fish,1
tuna_052_B,D:\Hirusha\fish_data\train\tuna\grade_B\tuna_052_B_L.jpg,D:\Hirusha\fish_data\train\tuna\grade_B\tuna_052_B_R.jpg,fish,tuna,B,target_fish,1
tuna_053_B,D:\Hirusha\fish_data\train\tuna\grade_B\tuna_053_B_L.jpg,D:\Hirusha\fish_data\train\tuna\grade_B\tuna_053_B_R.jpg,fish,tuna,B,target_fish,1
tuna_054_B,D:\Hirusha\fish_data\train\tuna\grade_B\tuna_054_B_L.jpg,D:\Hirusha\fish_data\train\tuna\grade_B\tuna_054_B_R.jpg,fish,tuna,B,target_fish,1
tuna_055_B,D:\Hirusha\fish_data\train\tuna\grade_B\tuna_055_B_L.jpg,D:\Hirusha\fish_data\train\tuna\grade_B\tuna_055_B_R.jpg,fish,tuna,B,target_fish,1
tuna_056_B,D:\Hirusha\fish_data\train\tuna\grade_B\tuna_056_B_L.jpg,D:\Hirusha\fish_data\train\tuna\grade_B\tuna_056_B_R.jpg,fish,tuna,B,target_fish,1
tuna_057_B,D:\Hirusha\fish_data\train\tuna\grade_B\tuna_057_B_L.jpg,D:\Hirusha\fish_data\train\tuna\grade_B\tuna_057_B_R.jpg,fish,tuna,B,target_fish,1
tuna_058_B,D:\Hirusha\fish_data\train\tuna\grade_B\tuna_058_B_L.jpg,D:\Hirusha\fish_data\train\tuna\grade_B\tuna_058_B_R.jpg,fish,tuna,B,target_fish,1
tuna_059_B,D:\Hirusha\fish_data\train\tuna\grade_B\tuna_059_B_L.jpg,D:\Hirusha\fish_data\train\tuna\grade_B\tuna_059_B_R.jpg,fish,tuna,B,target_fish,1
tuna_060_B,D:\Hirusha\fish_data\train\tuna\grade_B\tuna_060_B_L.jpg,D:\Hirusha\fish_data\train\tuna\grade_B\tuna_060_B_R.jpg,fish,tuna,B,target_fish,1
tuna_061_B,D:\Hirusha\fish_data\train\tuna\grade_B\tuna_061_B_L.jpg,D:\Hirusha\fish_data\train\tuna\grade_B\tuna_061_B_R.jpg,fish,tuna,B,target_fish,1
tuna_062_B,D:\Hirusha\fish_data\train\tuna\grade_B\tuna_062_B_L.jpg,D:\Hirusha\fish_data\train\tuna\grade_B\tuna_062_B_R.jpg,fish,tuna,B,target_fish,1
tuna_063_B,D:\Hirusha\fish_data\train\tuna\grade_B\tuna_063_B_L.jpg,D:\Hirusha\fish_data\train\tuna\grade_B\tuna_063_B_R.jpg,fish,tuna,B,target_fish,1
tuna_064_B,D:\Hirusha\fish_data\train\tuna\grade_B\tuna_064_B_L.jpg,D:\Hirusha\fish_data\train\tuna\grade_B\tuna_064_B_R.jpg,fish,tuna,B,target_fish,1
tuna_065_B,D:\Hirusha\fish_data\train\tuna\grade_B\tuna_065_B_L.jpg,D:\Hirusha\fish_data\train\tuna\grade_B\tuna_065_B_R.jpg,fish,tuna,B,target_fish,1
tuna_066_B,D:\Hirusha\fish_data\train\tuna\grade_B\tuna_066_B_L.jpg,D:\Hirusha\fish_data\train\tuna\grade_B\tuna_066_B_R.jpg,fish,tuna,B,target_fish,1
tuna_067_B,D:\Hirusha\fish_data\train\tuna\grade_B\tuna_067_B_L.jpg,D:\Hirusha\fish_data\train\tuna\grade_B\tuna_067_B_R.jpg,fish,tuna,B,target_fish,1
tuna_068_B,D:\Hirusha\fish_data\train\tuna\grade_B\tuna_068_B_L.jpg,D:\Hirusha\fish_data\train\tuna\grade_B\tuna_068_B_R.jpg,fish,tuna,B,target_fish,1
tuna_069_B,D:\Hirusha\fish_data\train\tuna\grade_B\tuna_069_B_L.jpg,D:\Hirusha\fish_data\train\tuna\grade_B\tuna_069_B_R.jpg,fish,tuna,B,target_fish,1
tuna_070_B,D:\Hirusha\fish_data\train\tuna\grade_B\tuna_070_B_L.jpg,D:\Hirusha\fish_data\train\tuna\grade_B\tuna_070_B_R.jpg,fish,tuna,B,target_fish,1
tuna_071_B,D:\Hirusha\fish_data\train\tuna\grade_B\tuna_071_B_L.jpg,D:\Hirusha\fish_data\train\tuna\grade_B\tuna_071_B_R.jpg,fish,tuna,B,target_fish,1
tuna_072_B,D:\Hirusha\fish_data\train\tuna\grade_B\tuna_072_B_L.jpg,D:\Hirusha\fish_data\train\tuna\grade_B\tuna_072_B_R.jpg,fish,tuna,B,target_fish,1
tuna_073_B,D:\Hirusha\fish_data\train\tuna\grade_B\tuna_073_B_L.jpg,D:\Hirusha\fish_data\train\tuna\grade_B\tuna_073_B_R.jpg,fish,tuna,B,target_fish,1
tuna_074_B,D:\Hirusha\fish_data\train\tuna\grade_B\tuna_074_B_L.jpg,D:\Hirusha\fish_data\train\tuna\grade_B\tuna_074_B_R.jpg,fish,tuna,B,target_fish,1
tuna_075_B,D:\Hirusha\fish_data\train\tuna\grade_B\tuna_075_B_L.jpg,D:\Hirusha\fish_data\train\tuna\grade_B\tuna_075_B_R.jpg,fish,tuna,B,target_fish,1
tuna_076_B,D:\Hirusha\fish_data\train\tuna\grade_B\tuna_076_B_L.jpg,D:\Hirusha\fish_data\train\tuna\grade_B\tuna_076_B_R.jpg,fish,tuna,B,target_fish,1
tuna_077_B,D:\Hirusha\fish_data\train\tuna\grade_B\tuna_077_B_L.jpg,D:\Hirusha\fish_data\train\tuna\grade_B\tuna_077_B_R.jpg,fish,tuna,B,target_fish,1
tuna_078_B,D:\Hirusha\fish_data\train\tuna\grade_B\tuna_078_B_L.jpg,D:\Hirusha\fish_data\train\tuna\grade_B\tuna_078_B_R.jpg,fish,tuna,B,target_fish,1
tuna_079_B,D:\Hirusha\fish_data\train\tuna\grade_B\tuna_079_B_L.jpg,D:\Hirusha\fish_data\train\tuna\grade_B\tuna_079_B_R.jpg,fish,tuna,B,target_fish,1
tuna_080_B,D:\Hirusha\fish_data\train\tuna\grade_B\tuna_080_B_L.jpg,D:\Hirusha\fish_data\train\tuna\grade_B\tuna_080_B_R.jpg,fish,tuna,B,target_fish,1
tuna_081_B,D:\Hirusha\fish_data\train\tuna\grade_B\tuna_081_B_L.jpg,D:\Hirusha\fish_data\train\tuna\grade_B\tuna_081_B_R.jpg,fish,tuna,B,target_fish,1
tuna_082_B,D:\Hirusha\fish_data\train\tuna\grade_B\tuna_082_B_L.jpg,D:\Hirusha\fish_data\train\tuna\grade_B\tuna_082_B_R.jpg,fish,tuna,B,target_fish,1
tuna_083_B,D:\Hirusha\fish_data\train\tuna\grade_B\tuna_083_B_L.jpg,D:\Hirusha\fish_data\train\tuna\grade_B\tuna_083_B_R.jpg,fish,tuna,B,target_fish,1
tuna_084_B,D:\Hirusha\fish_data\train\tuna\grade_B\tuna_084_B_L.jpg,D:\Hirusha\fish_data\train\tuna\grade_B\tuna_084_B_R.jpg,fish,tuna,B,target_fish,1
tuna_085_B,D:\Hirusha\fish_data\train\tuna\grade_B\tuna_085_B_L.jpg,D:\Hirusha\fish_data\train\tuna\grade_B\tuna_085_B_R.jpg,fish,tuna,B,target_fish,1
tuna_086_B,D:\Hirusha\fish_data\train\tuna\grade_B\tuna_086_B_L.jpg,D:\Hirusha\fish_data\train\tuna\grade_B\tuna_086_B_R.jpg,fish,tuna,B,target_fish,1
tuna_087_B,D:\Hirusha\fish_data\train\tuna\grade_B\tuna_087_B_L.jpg,D:\Hirusha\fish_data\train\tuna\grade_B\tuna_087_B_R.jpg,fish,tuna,B,target_fish,1
tuna_088_B,D:\Hirusha\fish_data\train\tuna\grade_B\tuna_088_B_L.jpg,D:\Hirusha\fish_data\train\tuna\grade_B\tuna_088_B_R.jpg,fish,tuna,B,target_fish,1
tuna_089_B,D:\Hirusha\fish_data\train\tuna\grade_B\tuna_089_B_L.jpg,D:\Hirusha\fish_data\train\tuna\grade_B\tuna_089_B_R.jpg,fish,tuna,B,target_fish,1
tuna_090_B,D:\Hirusha\fish_data\train\tuna\grade_B\tuna_090_B_L.jpg,D:\Hirusha\fish_data\train\tuna\grade_B\tuna_090_B_R.jpg,fish,tuna,B,target_fish,1
tuna_091_B,D:\Hirusha\fish_data\train\tuna\grade_B\tuna_091_B_L.jpg,D:\Hirusha\fish_data\train\tuna\grade_B\tuna_091_B_R.jpg,fish,tuna,B,target_fish,1
tuna_092_B,D:\Hirusha\fish_data\train\tuna\grade_B\tuna_092_B_L.jpg,D:\Hirusha\fish_data\train\tuna\grade_B\tuna_092_B_R.jpg,fish,tuna,B,target_fish,1
tuna_093_B,D:\Hirusha\fish_data\train\tuna\grade_B\tuna_093_B_L.jpg,D:\Hirusha\fish_data\train\tuna\grade_B\tuna_093_B_R.jpg,fish,tuna,B,target_fish,1
tuna_094_B,D:\Hirusha\fish_data\train\tuna\grade_B\tuna_094_B_L.jpg,D:\Hirusha\fish_data\train\tuna\grade_B\tuna_094_B_R.jpg,fish,tuna,B,target_fish,1
tuna_095_B,D:\Hirusha\fish_data\train\tuna\grade_B\tuna_095_B_L.jpg,D:\Hirusha\fish_data\train\tuna\grade_B\tuna_095_B_R.jpg,fish,tuna,B,target_fish,1
tuna_096_B,D:\Hirusha\fish_data\train\tuna\grade_B\tuna_096_B_L.jpg,D:\Hirusha\fish_data\train\tuna\grade_B\tuna_096_B_R.jpg,fish,tuna,B,target_fish,1
tuna_097_B,D:\Hirusha\fish_data\train\tuna\grade_B\tuna_097_B_L.jpg,D:\Hirusha\fish_data\train\tuna\grade_B\tuna_097_B_R.jpg,fish,tuna,B,target_fish,1
tuna_098_B,D:\Hirusha\fish_data\train\tuna\grade_B\tuna_098_B_L.jpg,D:\Hirusha\fish_data\train\tuna\grade_B\tuna_098_B_R.jpg,fish,tuna,B,target_fish,1
tuna_099_B,D:\Hirusha\fish_data\train\tuna\grade_B\tuna_099_B_L.jpg,D:\Hirusha\fish_data\train\tuna\grade_B\tuna_099_B_R.jpg,fish,tuna,B,target_fish,1
tuna_100_B,D:\Hirusha\fish_data\train\tuna\grade_B\tuna_100_B_L.jpg,D:\Hirusha\fish_data\train\tuna\grade_B\tuna_100_B_R.jpg,fish,tuna,B,target_fish,1
tuna_101_B,D:\Hirusha\fish_data\train\tuna\grade_B\tuna_101_B_L.jpg,D:\Hirusha\fish_data\train\tuna\grade_B\tuna_101_B_R.jpg,fish,tuna,B,target_fish,1
tuna_102_B,D:\Hirusha\fish_data\train\tuna\grade_B\tuna_102_B_L.jpg,D:\Hirusha\fish_data\train\tuna\grade_B\tuna_102_B_R.jpg,fish,tuna,B,target_fish,1
tuna_103_B,D:\Hirusha\fish_data\train\tuna\grade_B\tuna_103_B_L.jpg,D:\Hirusha\fish_data\train\tuna\grade_B\tuna_103_B_R.jpg,fish,tuna,B,target_fish,1
tuna_104_B,D:\Hirusha\fish_data\train\tuna\grade_B\tuna_104_B_L.jpg,D:\Hirusha\fish_data\train\tuna\grade_B\tuna_104_B_R.jpg,fish,tuna,B,target_fish,1
tuna_105_B,D:\Hirusha\fish_data\train\tuna\grade_B\tuna_105_B_L.jpg,D:\Hirusha\fish_data\train\tuna\grade_B\tuna_105_B_R.jpg,fish,tuna,B,target_fish,1
tuna_106_B,D:\Hirusha\fish_data\train\tuna\grade_B\tuna_106_B_L.jpg,D:\Hirusha\fish_data\train\tuna\grade_B\tuna_106_B_R.jpg,fish,tuna,B,target_fish,1
tuna_107_B,D:\Hirusha\fish_data\train\tuna\grade_B\tuna_107_B_L.jpg,D:\Hirusha\fish_data\train\tuna\grade_B\tuna_107_B_R.jpg,fish,tuna,B,target_fish,1
tuna_108_B,D:\Hirusha\fish_data\train\tuna\grade_B\tuna_108_B_L.jpg,D:\Hirusha\fish_data\train\tuna\grade_B\tuna_108_B_R.jpg,fish,tuna,B,target_fish,1
tuna_109_B,D:\Hirusha\fish_data\train\tuna\grade_B\tuna_109_B_L.jpg,D:\Hirusha\fish_data\train\tuna\grade_B\tuna_109_B_R.jpg,fish,tuna,B,target_fish,1
tuna_110_B,D:\Hirusha\fish_data\train\tuna\grade_B\tuna_110_B_L.jpg,D:\Hirusha\fish_data\train\tuna\grade_B\tuna_110_B_R.jpg,fish,tuna,B,target_fish,1
tuna_111_B,D:\Hirusha\fish_data\train\tuna\grade_B\tuna_111_B_L.jpg,D:\Hirusha\fish_data\train\tuna\grade_B\tuna_111_B_R.jpg,fish,tuna,B,target_fish,1
tuna_112_B,D:\Hirusha\fish_data\train\tuna\grade_B\tuna_112_B_L.jpg,D:\Hirusha\fish_data\train\tuna\grade_B\tuna_112_B_R.jpg,fish,tuna,B,target_fish,1
tuna_113_B,D:\Hirusha\fish_data\train\tuna\grade_B\tuna_113_B_L.jpg,D:\Hirusha\fish_data\train\tuna\grade_B\tuna_113_B_R.jpg,fish,tuna,B,target_fish,1
tuna_114_B,D:\Hirusha\fish_data\train\tuna\grade_B\tuna_114_B_L.jpg,D:\Hirusha\fish_data\train\tuna\grade_B\tuna_114_B_R.jpg,fish,tuna,B,target_fish,1
tuna_115_B,D:\Hirusha\fish_data\train\tuna\grade_B\tuna_115_B_L.jpg,D:\Hirusha\fish_data\train\tuna\grade_B\tuna_115_B_R.jpg,fish,tuna,B,target_fish,1
tuna_116_B,D:\Hirusha\fish_data\train\tuna\grade_B\tuna_116_B_L.jpg,D:\Hirusha\fish_data\train\tuna\grade_B\tuna_116_B_R.jpg,fish,tuna,B,target_fish,1
tuna_117_B,D:\Hirusha\fish_data\train\tuna\grade_B\tuna_117_B_L.jpg,D:\Hirusha\fish_data\train\tuna\grade_B\tuna_117_B_R.jpg,fish,tuna,B,target_fish,1
tuna_118_B,D:\Hirusha\fish_data\train\tuna\grade_B\tuna_118_B_L.jpg,D:\Hirusha\fish_data\train\tuna\grade_B\tuna_118_B_R.jpg,fish,tuna,B,target_fish,1
tuna_119_B,D:\Hirusha\fish_data\train\tuna\grade_B\tuna_119_B_L.jpg,D:\Hirusha\fish_data\train\tuna\grade_B\tuna_119_B_R.jpg,fish,tuna,B,target_fish,1
tuna_120_B,D:\Hirusha\fish_data\train\tuna\grade_B\tuna_120_B_L.jpg,D:\Hirusha\fish_data\train\tuna\grade_B\tuna_120_B_R.jpg,fish,tuna,B,target_fish,1
tuna_121_B,D:\Hirusha\fish_data\train\tuna\grade_B\tuna_121_B_L.jpg,D:\Hirusha\fish_data\train\tuna\grade_B\tuna_121_B_R.jpg,fish,tuna,B,target_fish,1
tuna_122_B,D:\Hirusha\fish_data\train\tuna\grade_B\tuna_122_B_L.jpg,D:\Hirusha\fish_data\train\tuna\grade_B\tuna_122_B_R.jpg,fish,tuna,B,target_fish,1
tuna_123_B,D:\Hirusha\fish_data\train\tuna\grade_B\tuna_123_B_L.jpg,D:\Hirusha\fish_data\train\tuna\grade_B\tuna_123_B_R.jpg,fish,tuna,B,target_fish,1
tuna_124_B,D:\Hirusha\fish_data\train\tuna\grade_B\tuna_124_B_L.jpg,D:\Hirusha\fish_data\train\tuna\grade_B\tuna_124_B_R.jpg,fish,tuna,B,target_fish,1
tuna_125_B,D:\Hirusha\fish_data\train\tuna\grade_B\tuna_125_B_L.jpg,D:\Hirusha\fish_data\train\tuna\grade_B\tuna_125_B_R.jpg,fish,tuna,B,target_fish,1
tuna_126_B,D:\Hirusha\fish_data\train\tuna\grade_B\tuna_126_B_L.jpg,D:\Hirusha\fish_data\train\tuna\grade_B\tuna_126_B_R.jpg,fish,tuna,B,target_fish,1
tuna_001_C,D:\Hirusha\fish_data\train\tuna\grade_C\tuna_001_C_L.JPG,D:\Hirusha\fish_data\train\tuna\grade_C\tuna_001_C_R.JPG,fish,tuna,C,target_fish,1
tuna_002_C,D:\Hirusha\fish_data\train\tuna\grade_C\tuna_002_C_L.JPG,D:\Hirusha\fish_data\train\tuna\grade_C\tuna_002_C_R.JPG,fish,tuna,C,target_fish,1
tuna_003_C,D:\Hirusha\fish_data\train\tuna\grade_C\tuna_003_C_L.JPG,D:\Hirusha\fish_data\train\tuna\grade_C\tuna_003_C_R.JPG,fish,tuna,C,target_fish,1
tuna_004_C,D:\Hirusha\fish_data\train\tuna\grade_C\tuna_004_C_L.JPG,D:\Hirusha\fish_data\train\tuna\grade_C\tuna_004_C_R.JPG,fish,tuna,C,target_fish,1
tuna_005_C,D:\Hirusha\fish_data\train\tuna\grade_C\tuna_005_C_L.JPG,D:\Hirusha\fish_data\train\tuna\grade_C\tuna_005_C_R.JPG,fish,tuna,C,target_fish,1
tuna_006_C,D:\Hirusha\fish_data\train\tuna\grade_C\tuna_006_C_L.JPG,D:\Hirusha\fish_data\train\tuna\grade_C\tuna_006_C_R.JPG,fish,tuna,C,target_fish,1
tuna_007_C,D:\Hirusha\fish_data\train\tuna\grade_C\tuna_007_C_L.JPG,D:\Hirusha\fish_data\train\tuna\grade_C\tuna_007_C_R.JPG,fish,tuna,C,target_fish,1
tuna_008_C,D:\Hirusha\fish_data\train\tuna\grade_C\tuna_008_C_L.JPG,D:\Hirusha\fish_data\train\tuna\grade_C\tuna_008_C_R.JPG,fish,tuna,C,target_fish,1
tuna_009_C,D:\Hirusha\fish_data\train\tuna\grade_C\tuna_009_C_L.JPG,D:\Hirusha\fish_data\train\tuna\grade_C\tuna_009_C_R.JPG,fish,tuna,C,target_fish,1
tuna_010_C,D:\Hirusha\fish_data\train\tuna\grade_C\tuna_010_C_L.JPG,D:\Hirusha\fish_data\train\tuna\grade_C\tuna_010_C_R.JPG,fish,tuna,C,target_fish,1
tuna_011_C,D:\Hirusha\fish_data\train\tuna\grade_C\tuna_011_C_L.JPG,D:\Hirusha\fish_data\train\tuna\grade_C\tuna_011_C_R.JPG,fish,tuna,C,target_fish,1
tuna_012_C,D:\Hirusha\fish_data\train\tuna\grade_C\tuna_012_C_L.JPG,D:\Hirusha\fish_data\train\tuna\grade_C\tuna_012_C_R.JPG,fish,tuna,C,target_fish,1
tuna_013_C,D:\Hirusha\fish_data\train\tuna\grade_C\tuna_013_C_L.JPG,D:\Hirusha\fish_data\train\tuna\grade_C\tuna_013_C_R.JPG,fish,tuna,C,target_fish,1
tuna_014_C,D:\Hirusha\fish_data\train\tuna\grade_C\tuna_014_C_L.JPG,D:\Hirusha\fish_data\train\tuna\grade_C\tuna_014_C_R.JPG,fish,tuna,C,target_fish,1
tuna_015_C,D:\Hirusha\fish_data\train\tuna\grade_C\tuna_015_C_L.JPG,D:\Hirusha\fish_data\train\tuna\grade_C\tuna_015_C_R.JPG,fish,tuna,C,target_fish,1
tuna_016_C,D:\Hirusha\fish_data\train\tuna\grade_C\tuna_016_C_L.JPG,D:\Hirusha\fish_data\train\tuna\grade_C\tuna_016_C_R.JPG,fish,tuna,C,target_fish,1
tuna_017_C,D:\Hirusha\fish_data\train\tuna\grade_C\tuna_017_C_L.JPG,D:\Hirusha\fish_data\train\tuna\grade_C\tuna_017_C_R.JPG,fish,tuna,C,target_fish,1
tuna_018_C,D:\Hirusha\fish_data\train\tuna\grade_C\tuna_018_C_L.JPG,D:\Hirusha\fish_data\train\tuna\grade_C\tuna_018_C_R.JPG,fish,tuna,C,target_fish,1
tuna_019_C,D:\Hirusha\fish_data\train\tuna\grade_C\tuna_019_C_L.JPG,D:\Hirusha\fish_data\train\tuna\grade_C\tuna_019_C_R.JPG,fish,tuna,C,target_fish,1
tuna_020_C,D:\Hirusha\fish_data\train\tuna\grade_C\tuna_020_C_L.JPG,D:\Hirusha\fish_data\train\tuna\grade_C\tuna_020_C_R.JPG,fish,tuna,C,target_fish,1
tuna_021_C,D:\Hirusha\fish_data\train\tuna\grade_C\tuna_021_C_L.JPG,D:\Hirusha\fish_data\train\tuna\grade_C\tuna_021_C_R.JPG,fish,tuna,C,target_fish,1
tuna_022_C,D:\Hirusha\fish_data\train\tuna\grade_C\tuna_022_C_L.JPG,D:\Hirusha\fish_data\train\tuna\grade_C\tuna_022_C_R.JPG,fish,tuna,C,target_fish,1
tuna_023_C,D:\Hirusha\fish_data\train\tuna\grade_C\tuna_023_C_L.JPG,D:\Hirusha\fish_data\train\tuna\grade_C\tuna_023_C_R.JPG,fish,tuna,C,target_fish,1
tuna_024_C,D:\Hirusha\fish_data\train\tuna\grade_C\tuna_024_C_L.JPG,D:\Hirusha\fish_data\train\tuna\grade_C\tuna_024_C_R.JPG,fish,tuna,C,target_fish,1
tuna_025_C,D:\Hirusha\fish_data\train\tuna\grade_C\tuna_025_C_L.JPG,D:\Hirusha\fish_data\train\tuna\grade_C\tuna_025_C_R.JPG,fish,tuna,C,target_fish,1
tuna_026_C,D:\Hirusha\fish_data\train\tuna\grade_C\tuna_026_C_L.JPG,D:\Hirusha\fish_data\train\tuna\grade_C\tuna_026_C_R.JPG,fish,tuna,C,target_fish,1
tuna_027_C,D:\Hirusha\fish_data\train\tuna\grade_C\tuna_027_C_L.JPG,D:\Hirusha\fish_data\train\tuna\grade_C\tuna_027_C_R.JPG,fish,tuna,C,target_fish,1
tuna_028_C,D:\Hirusha\fish_data\train\tuna\grade_C\tuna_028_C_L.JPG,D:\Hirusha\fish_data\train\tuna\grade_C\tuna_028_C_R.JPG,fish,tuna,C,target_fish,1
tuna_029_C,D:\Hirusha\fish_data\train\tuna\grade_C\tuna_029_C_L.JPG,D:\Hirusha\fish_data\train\tuna\grade_C\tuna_029_C_R.JPG,fish,tuna,C,target_fish,1
tuna_030_C,D:\Hirusha\fish_data\train\tuna\grade_C\tuna_030_C_L.JPG,D:\Hirusha\fish_data\train\tuna\grade_C\tuna_030_C_R.JPG,fish,tuna,C,target_fish,1
tuna_031_C,D:\Hirusha\fish_data\train\tuna\grade_C\tuna_031_C_L.JPG,D:\Hirusha\fish_data\train\tuna\grade_C\tuna_031_C_R.JPG,fish,tuna,C,target_fish,1
tuna_032_C,D:\Hirusha\fish_data\train\tuna\grade_C\tuna_032_C_L.JPG,D:\Hirusha\fish_data\train\tuna\grade_C\tuna_032_C_R.JPG,fish,tuna,C,target_fish,1
whitemullet_001_A,D:\Hirusha\fish_data\train\whitemullet\grade_A\whitemullet_001_A_L.JPG,D:\Hirusha\fish_data\train\whitemullet\grade_A\whitemullet_001_A_R.JPG,fish,whitemullet,A,target_fish,1
whitemullet_002_A,D:\Hirusha\fish_data\train\whitemullet\grade_A\whitemullet_002_A_L.JPG,D:\Hirusha\fish_data\train\whitemullet\grade_A\whitemullet_002_A_R.JPG,fish,whitemullet,A,target_fish,1
whitemullet_003_A,D:\Hirusha\fish_data\train\whitemullet\grade_A\whitemullet_003_A_L.JPG,D:\Hirusha\fish_data\train\whitemullet\grade_A\whitemullet_003_A_R.JPG,fish,whitemullet,A,target_fish,1
whitemullet_004_A,D:\Hirusha\fish_data\train\whitemullet\grade_A\whitemullet_004_A_L.JPG,D:\Hirusha\fish_data\train\whitemullet\grade_A\whitemullet_004_A_R.JPG,fish,whitemullet,A,target_fish,1
whitemullet_005_A,D:\Hirusha\fish_data\train\whitemullet\grade_A\whitemullet_005_A_L.JPG,D:\Hirusha\fish_data\train\whitemullet\grade_A\whitemullet_005_A_R.JPG,fish,whitemullet,A,target_fish,1
whitemullet_006_A,D:\Hirusha\fish_data\train\whitemullet\grade_A\whitemullet_006_A_L.JPG,D:\Hirusha\fish_data\train\whitemullet\grade_A\whitemullet_006_A_R.JPG,fish,whitemullet,A,target_fish,1
whitemullet_007_A,D:\Hirusha\fish_data\train\whitemullet\grade_A\whitemullet_007_A_L.JPG,D:\Hirusha\fish_data\train\whitemullet\grade_A\whitemullet_007_A_R.JPG,fish,whitemullet,A,target_fish,1
whitemullet_008_A,D:\Hirusha\fish_data\train\whitemullet\grade_A\whitemullet_008_A_L.JPG,D:\Hirusha\fish_data\train\whitemullet\grade_A\whitemullet_008_A_R.JPG,fish,whitemullet,A,target_fish,1
whitemullet_009_A,D:\Hirusha\fish_data\train\whitemullet\grade_A\whitemullet_009_A_L.JPG,D:\Hirusha\fish_data\train\whitemullet\grade_A\whitemullet_009_A_R.JPG,fish,whitemullet,A,target_fish,1
whitemullet_010_A,D:\Hirusha\fish_data\train\whitemullet\grade_A\whitemullet_010_A_L.JPG,D:\Hirusha\fish_data\train\whitemullet\grade_A\whitemullet_010_A_R.JPG,fish,whitemullet,A,target_fish,1
whitemullet_011_A,D:\Hirusha\fish_data\train\whitemullet\grade_A\whitemullet_011_A_L.JPG,D:\Hirusha\fish_data\train\whitemullet\grade_A\whitemullet_011_A_R.JPG,fish,whitemullet,A,target_fish,1
whitemullet_012_A,D:\Hirusha\fish_data\train\whitemullet\grade_A\whitemullet_012_A_L.JPG,D:\Hirusha\fish_data\train\whitemullet\grade_A\whitemullet_012_A_R.JPG,fish,whitemullet,A,target_fish,1
whitemullet_013_A,D:\Hirusha\fish_data\train\whitemullet\grade_A\whitemullet_013_A_L.JPG,D:\Hirusha\fish_data\train\whitemullet\grade_A\whitemullet_013_A_R.JPG,fish,whitemullet,A,target_fish,1
whitemullet_014_A,D:\Hirusha\fish_data\train\whitemullet\grade_A\whitemullet_014_A_L.JPG,D:\Hirusha\fish_data\train\whitemullet\grade_A\whitemullet_014_A_R.JPG,fish,whitemullet,A,target_fish,1
whitemullet_015_A,D:\Hirusha\fish_data\train\whitemullet\grade_A\whitemullet_015_A_L.JPG,D:\Hirusha\fish_data\train\whitemullet\grade_A\whitemullet_015_A_R.JPG,fish,whitemullet,A,target_fish,1
whitemullet_016_A,D:\Hirusha\fish_data\train\whitemullet\grade_A\whitemullet_016_A_L.JPG,D:\Hirusha\fish_data\train\whitemullet\grade_A\whitemullet_016_A_R.JPG,fish,whitemullet,A,target_fish,1
whitemullet_017_A,D:\Hirusha\fish_data\train\whitemullet\grade_A\whitemullet_017_A_L.JPG,D:\Hirusha\fish_data\train\whitemullet\grade_A\whitemullet_017_A_R.JPG,fish,whitemullet,A,target_fish,1
whitemullet_018_A,D:\Hirusha\fish_data\train\whitemullet\grade_A\whitemullet_018_A_L.JPG,D:\Hirusha\fish_data\train\whitemullet\grade_A\whitemullet_018_A_R.JPG,fish,whitemullet,A,target_fish,1
whitemullet_019_A,D:\Hirusha\fish_data\train\whitemullet\grade_A\whitemullet_019_A_L.JPG,D:\Hirusha\fish_data\train\whitemullet\grade_A\whitemullet_019_A_R.JPG,fish,whitemullet,A,target_fish,1
whitemullet_020_A,D:\Hirusha\fish_data\train\whitemullet\grade_A\whitemullet_020_A_L.JPG,D:\Hirusha\fish_data\train\whitemullet\grade_A\whitemullet_020_A_R.JPG,fish,whitemullet,A,target_fish,1
whitemullet_021_A,D:\Hirusha\fish_data\train\whitemullet\grade_A\whitemullet_021_A_L.JPG,D:\Hirusha\fish_data\train\whitemullet\grade_A\whitemullet_021_A_R.JPG,fish,whitemullet,A,target_fish,1
whitemullet_022_A,D:\Hirusha\fish_data\train\whitemullet\grade_A\whitemullet_022_A_L.JPG,D:\Hirusha\fish_data\train\whitemullet\grade_A\whitemullet_022_A_R.JPG,fish,whitemullet,A,target_fish,1
whitemullet_023_A,D:\Hirusha\fish_data\train\whitemullet\grade_A\whitemullet_023_A_L.JPG,D:\Hirusha\fish_data\train\whitemullet\grade_A\whitemullet_023_A_R.JPG,fish,whitemullet,A,target_fish,1
whitemullet_024_A,D:\Hirusha\fish_data\train\whitemullet\grade_A\whitemullet_024_A_L.JPG,D:\Hirusha\fish_data\train\whitemullet\grade_A\whitemullet_024_A_R.JPG,fish,whitemullet,A,target_fish,1
whitemullet_025_A,D:\Hirusha\fish_data\train\whitemullet\grade_A\whitemullet_025_A_L.JPG,D:\Hirusha\fish_data\train\whitemullet\grade_A\whitemullet_025_A_R.JPG,fish,whitemullet,A,target_fish,1
whitemullet_026_A,D:\Hirusha\fish_data\train\whitemullet\grade_A\whitemullet_026_A_L.JPG,D:\Hirusha\fish_data\train\whitemullet\grade_A\whitemullet_026_A_R.JPG,fish,whitemullet,A,target_fish,1
whitemullet_027_A,D:\Hirusha\fish_data\train\whitemullet\grade_A\whitemullet_027_A_L.JPG,D:\Hirusha\fish_data\train\whitemullet\grade_A\whitemullet_027_A_R.JPG,fish,whitemullet,A,target_fish,1
whitemullet_028_A,D:\Hirusha\fish_data\train\whitemullet\grade_A\whitemullet_028_A_L.JPG,D:\Hirusha\fish_data\train\whitemullet\grade_A\whitemullet_028_A_R.JPG,fish,whitemullet,A,target_fish,1
yellowfintrevally_001_A,D:\Hirusha\fish_data\train\yellowfintrevally\Grade_A\yellowfintrevally_001_A_L.JPG,D:\Hirusha\fish_data\train\yellowfintrevally\Grade_A\yellowfintrevally_001_A_R.JPG,fish,yellowfintrevally,A,target_fish,1
yellowfintrevally_002_A,D:\Hirusha\fish_data\train\yellowfintrevally\Grade_A\yellowfintrevally_002_A_L.JPG,D:\Hirusha\fish_data\train\yellowfintrevally\Grade_A\yellowfintrevally_002_A_R.JPG,fish,yellowfintrevally,A,target_fish,1
yellowfintrevally_003_A,D:\Hirusha\fish_data\train\yellowfintrevally\Grade_A\yellowfintrevally_003_A_L.JPG,D:\Hirusha\fish_data\train\yellowfintrevally\Grade_A\yellowfintrevally_003_A_R.JPG,fish,yellowfintrevally,A,target_fish,1
yellowfintrevally_004_A,D:\Hirusha\fish_data\train\yellowfintrevally\Grade_A\yellowfintrevally_004_A_L.JPG,D:\Hirusha\fish_data\train\yellowfintrevally\Grade_A\yellowfintrevally_004_A_R.JPG,fish,yellowfintrevally,A,target_fish,1
yellowfintrevally_005_A,D:\Hirusha\fish_data\train\yellowfintrevally\Grade_A\yellowfintrevally_005_A_L.JPG,D:\Hirusha\fish_data\train\yellowfintrevally\Grade_A\yellowfintrevally_005_A_R.JPG,fish,yellowfintrevally,A,target_fish,1
yellowfintrevally_006_A,D:\Hirusha\fish_data\train\yellowfintrevally\Grade_A\yellowfintrevally_006_A_L.JPG,D:\Hirusha\fish_data\train\yellowfintrevally\Grade_A\yellowfintrevally_006_A_R.JPG,fish,yellowfintrevally,A,target_fish,1
yellowfintrevally_007_A,D:\Hirusha\fish_data\train\yellowfintrevally\Grade_A\yellowfintrevally_007_A_L.JPG,D:\Hirusha\fish_data\train\yellowfintrevally\Grade_A\yellowfintrevally_007_A_R.JPG,fish,yellowfintrevally,A,target_fish,1
yellowfintrevally_008_A,D:\Hirusha\fish_data\train\yellowfintrevally\Grade_A\yellowfintrevally_008_A_L.JPG,D:\Hirusha\fish_data\train\yellowfintrevally\Grade_A\yellowfintrevally_008_A_R.JPG,fish,yellowfintrevally,A,target_fish,1
yellowfintrevally_009_A,D:\Hirusha\fish_data\train\yellowfintrevally\Grade_A\yellowfintrevally_009_A_L.JPG,D:\Hirusha\fish_data\train\yellowfintrevally\Grade_A\yellowfintrevally_009_A_R.JPG,fish,yellowfintrevally,A,target_fish,1
yellowfintrevally_010_A,D:\Hirusha\fish_data\train\yellowfintrevally\Grade_A\yellowfintrevally_010_A_L.JPG,D:\Hirusha\fish_data\train\yellowfintrevally\Grade_A\yellowfintrevally_010_A_R.JPG,fish,yellowfintrevally,A,target_fish,1
yellowfintrevally_011_A,D:\Hirusha\fish_data\train\yellowfintrevally\Grade_A\yellowfintrevally_011_A_L.JPG,D:\Hirusha\fish_data\train\yellowfintrevally\Grade_A\yellowfintrevally_011_A_R.JPG,fish,yellowfintrevally,A,target_fish,1
yellowfintrevally_012_A,D:\Hirusha\fish_data\train\yellowfintrevally\Grade_A\yellowfintrevally_012_A_L.JPG,D:\Hirusha\fish_data\train\yellowfintrevally\Grade_A\yellowfintrevally_012_A_R.JPG,fish,yellowfintrevally,A,target_fish,1
yellowfintrevally_013_A,D:\Hirusha\fish_data\train\yellowfintrevally\Grade_A\yellowfintrevally_013_A_L.JPG,D:\Hirusha\fish_data\train\yellowfintrevally\Grade_A\yellowfintrevally_013_A_R.JPG,fish,yellowfintrevally,A,target_fish,1
yellowfintrevally_014_A,D:\Hirusha\fish_data\train\yellowfintrevally\Grade_A\yellowfintrevally_014_A_L.JPG,D:\Hirusha\fish_data\train\yellowfintrevally\Grade_A\yellowfintrevally_014_A_R.JPG,fish,yellowfintrevally,A,target_fish,1
yellowfintrevally_015_A,D:\Hirusha\fish_data\train\yellowfintrevally\Grade_A\yellowfintrevally_015_A_L.JPG,D:\Hirusha\fish_data\train\yellowfintrevally\Grade_A\yellowfintrevally_015_A_R.JPG,fish,yellowfintrevally,A,target_fish,1
yellowfintrevally_016_A,D:\Hirusha\fish_data\train\yellowfintrevally\Grade_A\yellowfintrevally_016_A_L.JPG,D:\Hirusha\fish_data\train\yellowfintrevally\Grade_A\yellowfintrevally_016_A_R.JPG,fish,yellowfintrevally,A,target_fish,1
yellowfintrevally_017_A,D:\Hirusha\fish_data\train\yellowfintrevally\Grade_A\yellowfintrevally_017_A_L.JPG,D:\Hirusha\fish_data\train\yellowfintrevally\Grade_A\yellowfintrevally_017_A_R.JPG,fish,yellowfintrevally,A,target_fish,1
yellowfintrevally_018_A,D:\Hirusha\fish_data\train\yellowfintrevally\Grade_A\yellowfintrevally_018_A_L.JPG,D:\Hirusha\fish_data\train\yellowfintrevally\Grade_A\yellowfintrevally_018_A_R.JPG,fish,yellowfintrevally,A,target_fish,1
yellowfintrevally_019_A,D:\Hirusha\fish_data\train\yellowfintrevally\Grade_A\yellowfintrevally_019_A_L.JPG,D:\Hirusha\fish_data\train\yellowfintrevally\Grade_A\yellowfintrevally_019_A_R.JPG,fish,yellowfintrevally,A,target_fish,1
yellowfintrevally_020_A,D:\Hirusha\fish_data\train\yellowfintrevally\Grade_A\yellowfintrevally_020_A_L.JPG,D:\Hirusha\fish_data\train\yellowfintrevally\Grade_A\yellowfintrevally_020_A_R.JPG,fish,yellowfintrevally,A,target_fish,1
yellowfintrevally_021_A,D:\Hirusha\fish_data\train\yellowfintrevally\Grade_A\yellowfintrevally_021_A_L.JPG,D:\Hirusha\fish_data\train\yellowfintrevally\Grade_A\yellowfintrevally_021_A_R.JPG,fish,yellowfintrevally,A,target_fish,1
yellowfintrevally_022_A,D:\Hirusha\fish_data\train\yellowfintrevally\Grade_A\yellowfintrevally_022_A_L.JPG,D:\Hirusha\fish_data\train\yellowfintrevally\Grade_A\yellowfintrevally_022_A_R.JPG,fish,yellowfintrevally,A,target_fish,1
yellowfintrevally_023_A,D:\Hirusha\fish_data\train\yellowfintrevally\Grade_A\yellowfintrevally_023_A_L.JPG,D:\Hirusha\fish_data\train\yellowfintrevally\Grade_A\yellowfintrevally_023_A_R.JPG,fish,yellowfintrevally,A,target_fish,1
yellowfintrevally_024_A,D:\Hirusha\fish_data\train\yellowfintrevally\Grade_A\yellowfintrevally_024_A_L.JPG,D:\Hirusha\fish_data\train\yellowfintrevally\Grade_A\yellowfintrevally_024_A_R.JPG,fish,yellowfintrevally,A,target_fish,1
yellowfintrevally_025_A,D:\Hirusha\fish_data\train\yellowfintrevally\Grade_A\yellowfintrevally_025_A_L.JPG,D:\Hirusha\fish_data\train\yellowfintrevally\Grade_A\yellowfintrevally_025_A_R.JPG,fish,yellowfintrevally,A,target_fish,1
yellowfintrevally_026_A,D:\Hirusha\fish_data\train\yellowfintrevally\Grade_A\yellowfintrevally_026_A_L.JPG,D:\Hirusha\fish_data\train\yellowfintrevally\Grade_A\yellowfintrevally_026_A_R.JPG,fish,yellowfintrevally,A,target_fish,1
yellowfintrevally_027_A,D:\Hirusha\fish_data\train\yellowfintrevally\Grade_A\yellowfintrevally_027_A_L.JPG,D:\Hirusha\fish_data\train\yellowfintrevally\Grade_A\yellowfintrevally_027_A_R.JPG,fish,yellowfintrevally,A,target_fish,1
yellowfintrevally_028_A,D:\Hirusha\fish_data\train\yellowfintrevally\Grade_A\yellowfintrevally_028_A_L.JPG,D:\Hirusha\fish_data\train\yellowfintrevally\Grade_A\yellowfintrevally_028_A_R.JPG,fish,yellowfintrevally,A,target_fish,1
yellowfintrevally_029_A,D:\Hirusha\fish_data\train\yellowfintrevally\Grade_A\yellowfintrevally_029_A_L.JPG,D:\Hirusha\fish_data\train\yellowfintrevally\Grade_A\yellowfintrevally_029_A_R.JPG,fish,yellowfintrevally,A,target_fish,1
yellowfintrevally_030_A,D:\Hirusha\fish_data\train\yellowfintrevally\Grade_A\yellowfintrevally_030_A_L.JPG,D:\Hirusha\fish_data\train\yellowfintrevally\Grade_A\yellowfintrevally_030_A_R.JPG,fish,yellowfintrevally,A,target_fish,1
yellowfintrevally_031_A,D:\Hirusha\fish_data\train\yellowfintrevally\Grade_A\yellowfintrevally_031_A_L.JPG,D:\Hirusha\fish_data\train\yellowfintrevally\Grade_A\yellowfintrevally_031_A_R.JPG,fish,yellowfintrevally,A,target_fish,1
yellowfintrevally_032_A,D:\Hirusha\fish_data\train\yellowfintrevally\Grade_A\yellowfintrevally_032_A_L.JPG,D:\Hirusha\fish_data\train\yellowfintrevally\Grade_A\yellowfintrevally_032_A_R.JPG,fish,yellowfintrevally,A,target_fish,1
yellowfintrevally_033_A,D:\Hirusha\fish_data\train\yellowfintrevally\Grade_A\yellowfintrevally_033_A_L.JPG,D:\Hirusha\fish_data\train\yellowfintrevally\Grade_A\yellowfintrevally_033_A_R.JPG,fish,yellowfintrevally,A,target_fish,1
yellowfintrevally_034_A,D:\Hirusha\fish_data\train\yellowfintrevally\Grade_A\yellowfintrevally_034_A_L.JPG,D:\Hirusha\fish_data\train\yellowfintrevally\Grade_A\yellowfintrevally_034_A_R.JPG,fish,yellowfintrevally,A,target_fish,1
yellowfintrevally_035_A,D:\Hirusha\fish_data\train\yellowfintrevally\Grade_A\yellowfintrevally_035_A_L.JPG,D:\Hirusha\fish_data\train\yellowfintrevally\Grade_A\yellowfintrevally_035_A_R.JPG,fish,yellowfintrevally,A,target_fish,1
yellowfintrevally_036_A,D:\Hirusha\fish_data\train\yellowfintrevally\Grade_A\yellowfintrevally_036_A_L.JPG,D:\Hirusha\fish_data\train\yellowfintrevally\Grade_A\yellowfintrevally_036_A_R.JPG,fish,yellowfintrevally,A,target_fish,1
yellowfintrevally_037_A,D:\Hirusha\fish_data\train\yellowfintrevally\Grade_A\yellowfintrevally_037_A_L.JPG,D:\Hirusha\fish_data\train\yellowfintrevally\Grade_A\yellowfintrevally_037_A_R.JPG,fish,yellowfintrevally,A,target_fish,1
yellowfintrevally_038_A,D:\Hirusha\fish_data\train\yellowfintrevally\Grade_A\yellowfintrevally_038_A_L.JPG,D:\Hirusha\fish_data\train\yellowfintrevally\Grade_A\yellowfintrevally_038_A_R.JPG,fish,yellowfintrevally,A,target_fish,1
yellowfintrevally_039_A,D:\Hirusha\fish_data\train\yellowfintrevally\Grade_A\yellowfintrevally_039_A_L.JPG,D:\Hirusha\fish_data\train\yellowfintrevally\Grade_A\yellowfintrevally_039_A_R.JPG,fish,yellowfintrevally,A,target_fish,1
yellowfintrevally_040_A,D:\Hirusha\fish_data\train\yellowfintrevally\Grade_A\yellowfintrevally_040_A_L.JPG,D:\Hirusha\fish_data\train\yellowfintrevally\Grade_A\yellowfintrevally_040_A_R.JPG,fish,yellowfintrevally,A,target_fish,1
yellowfintrevally_041_A,D:\Hirusha\fish_data\train\yellowfintrevally\Grade_A\yellowfintrevally_041_A_L.JPG,D:\Hirusha\fish_data\train\yellowfintrevally\Grade_A\yellowfintrevally_041_A_R.JPG,fish,yellowfintrevally,A,target_fish,1
yellowfintrevally_042_A,D:\Hirusha\fish_data\train\yellowfintrevally\Grade_A\yellowfintrevally_042_A_L.JPG,D:\Hirusha\fish_data\train\yellowfintrevally\Grade_A\yellowfintrevally_042_A_R.JPG,fish,yellowfintrevally,A,target_fish,1
yellowfintrevally_043_A,D:\Hirusha\fish_data\train\yellowfintrevally\Grade_A\yellowfintrevally_043_A_L.JPG,D:\Hirusha\fish_data\train\yellowfintrevally\Grade_A\yellowfintrevally_043_A_R.JPG,fish,yellowfintrevally,A,target_fish,1
notfish_000000,D:\Hirusha\fish_data\extras\not_fish\albacore_tuna_1772448494_5058_51ce38e6.jpg,D:\Hirusha\fish_data\extras\not_fish\albacore_tuna_1772448494_5058_51ce38e6.jpg,non_fish,none,none,not_fish,0
notfish_000001,D:\Hirusha\fish_data\extras\not_fish\albacore_tuna_1772448504_3109_2855cd5c.jpg,D:\Hirusha\fish_data\extras\not_fish\albacore_tuna_1772448504_3109_2855cd5c.jpg,non_fish,none,none,not_fish,0
notfish_000002,D:\Hirusha\fish_data\extras\not_fish\albacore_tuna_1772448505_3381_fef08d2f.jpg,D:\Hirusha\fish_data\extras\not_fish\albacore_tuna_1772448505_3381_fef08d2f.jpg,non_fish,none,none,not_fish,0
notfish_000003,D:\Hirusha\fish_data\extras\not_fish\bicycle_1772449608_1.jpg,D:\Hirusha\fish_data\extras\not_fish\bicycle_1772449608_1.jpg,non_fish,none,none,not_fish,0
notfish_000004,D:\Hirusha\fish_data\extras\not_fish\bicycle_1772449609_3.jpg,D:\Hirusha\fish_data\extras\not_fish\bicycle_1772449609_3.jpg,non_fish,none,none,not_fish,0
notfish_000005,D:\Hirusha\fish_data\extras\not_fish\bicycle_1772449615_13.jpg,D:\Hirusha\fish_data\extras\not_fish\bicycle_1772449615_13.jpg,non_fish,none,none,not_fish,0
notfish_000006,D:\Hirusha\fish_data\extras\not_fish\bicycle_1772449619_23.jpg,D:\Hirusha\fish_data\extras\not_fish\bicycle_1772449619_23.jpg,non_fish,none,none,not_fish,0
notfish_000007,D:\Hirusha\fish_data\extras\not_fish\bicycle_1772449637_68.jpg,D:\Hirusha\fish_data\extras\not_fish\bicycle_1772449637_68.jpg,non_fish,none,none,not_fish,0
notfish_000008,D:\Hirusha\fish_data\extras\not_fish\bicycle_1772449641_79.jpg,D:\Hirusha\fish_data\extras\not_fish\bicycle_1772449641_79.jpg,non_fish,none,none,not_fish,0
notfish_000009,D:\Hirusha\fish_data\extras\not_fish\bicycle_1772449647_94.jpg,D:\Hirusha\fish_data\extras\not_fish\bicycle_1772449647_94.jpg,non_fish,none,none,not_fish,0
notfish_000010,D:\Hirusha\fish_data\extras\not_fish\bookshelf_1772449736_1.jpg,D:\Hirusha\fish_data\extras\not_fish\bookshelf_1772449736_1.jpg,non_fish,none,none,not_fish,0
notfish_000011,D:\Hirusha\fish_data\extras\not_fish\bookshelf_1772449753_34.jpg,D:\Hirusha\fish_data\extras\not_fish\bookshelf_1772449753_34.jpg,non_fish,none,none,not_fish,0
notfish_000012,D:\Hirusha\fish_data\extras\not_fish\bookshelf_1772449754_35.jpg,D:\Hirusha\fish_data\extras\not_fish\bookshelf_1772449754_35.jpg,non_fish,none,none,not_fish,0
notfish_000013,D:\Hirusha\fish_data\extras\not_fish\bookshelf_1772449756_39.jpg,D:\Hirusha\fish_data\extras\not_fish\bookshelf_1772449756_39.jpg,non_fish,none,none,not_fish,0
notfish_000014,D:\Hirusha\fish_data\extras\not_fish\bookshelf_1772449756_40.jpg,D:\Hirusha\fish_data\extras\not_fish\bookshelf_1772449756_40.jpg,non_fish,none,none,not_fish,0
notfish_000015,D:\Hirusha\fish_data\extras\not_fish\bookshelf_1772449762_51.jpg,D:\Hirusha\fish_data\extras\not_fish\bookshelf_1772449762_51.jpg,non_fish,none,none,not_fish,0
notfish_000016,D:\Hirusha\fish_data\extras\not_fish\bookshelf_1772449762_53.jpg,D:\Hirusha\fish_data\extras\not_fish\bookshelf_1772449762_53.jpg,non_fish,none,none,not_fish,0
notfish_000017,D:\Hirusha\fish_data\extras\not_fish\bookshelf_1772449767_62.jpg,D:\Hirusha\fish_data\extras\not_fish\bookshelf_1772449767_62.jpg,non_fish,none,none,not_fish,0
notfish_000018,D:\Hirusha\fish_data\extras\not_fish\bookshelf_1772449770_68.jpg,D:\Hirusha\fish_data\extras\not_fish\bookshelf_1772449770_68.jpg,non_fish,none,none,not_fish,0
notfish_000019,D:\Hirusha\fish_data\extras\not_fish\bookshelf_1772449774_79.jpg,D:\Hirusha\fish_data\extras\not_fish\bookshelf_1772449774_79.jpg,non_fish,none,none,not_fish,0
notfish_000020,D:\Hirusha\fish_data\extras\not_fish\bookshelf_1772449776_82.jpg,D:\Hirusha\fish_data\extras\not_fish\bookshelf_1772449776_82.jpg,non_fish,none,none,not_fish,0
notfish_000021,D:\Hirusha\fish_data\extras\not_fish\bookshelf_1772449777_85.jpg,D:\Hirusha\fish_data\extras\not_fish\bookshelf_1772449777_85.jpg,non_fish,none,none,not_fish,0
notfish_000022,D:\Hirusha\fish_data\extras\not_fish\bookshelf_1772449778_84.jpg,D:\Hirusha\fish_data\extras\not_fish\bookshelf_1772449778_84.jpg,non_fish,none,none,not_fish,0
notfish_000023,D:\Hirusha\fish_data\extras\not_fish\bookshelf_1772449779_88.jpg,D:\Hirusha\fish_data\extras\not_fish\bookshelf_1772449779_88.jpg,non_fish,none,none,not_fish,0
notfish_000024,D:\Hirusha\fish_data\extras\not_fish\bookshelf_1772449780_89.jpg,D:\Hirusha\fish_data\extras\not_fish\bookshelf_1772449780_89.jpg,non_fish,none,none,not_fish,0
notfish_000025,D:\Hirusha\fish_data\extras\not_fish\bookshelf_1772449781_91.jpg,D:\Hirusha\fish_data\extras\not_fish\bookshelf_1772449781_91.jpg,non_fish,none,none,not_fish,0
notfish_000026,D:\Hirusha\fish_data\extras\not_fish\bookshelf_1772449781_92.jpg,D:\Hirusha\fish_data\extras\not_fish\bookshelf_1772449781_92.jpg,non_fish,none,none,not_fish,0
notfish_000027,D:\Hirusha\fish_data\extras\not_fish\bookshelf_1772449783_95.jpg,D:\Hirusha\fish_data\extras\not_fish\bookshelf_1772449783_95.jpg,non_fish,none,none,not_fish,0
notfish_000028,D:\Hirusha\fish_data\extras\not_fish\bookshelf_1772449785_98.jpg,D:\Hirusha\fish_data\extras\not_fish\bookshelf_1772449785_98.jpg,non_fish,none,none,not_fish,0
notfish_000029,D:\Hirusha\fish_data\extras\not_fish\book_1772449739_9.jpg,D:\Hirusha\fish_data\extras\not_fish\book_1772449739_9.jpg,non_fish,none,none,not_fish,0
notfish_000030,D:\Hirusha\fish_data\extras\not_fish\book_1772449749_22.jpg,D:\Hirusha\fish_data\extras\not_fish\book_1772449749_22.jpg,non_fish,none,none,not_fish,0
notfish_000031,D:\Hirusha\fish_data\extras\not_fish\book_1772449752_32.jpg,D:\Hirusha\fish_data\extras\not_fish\book_1772449752_32.jpg,non_fish,none,none,not_fish,0
notfish_000032,D:\Hirusha\fish_data\extras\not_fish\book_1772449757_41.jpg,D:\Hirusha\fish_data\extras\not_fish\book_1772449757_41.jpg,non_fish,none,none,not_fish,0
notfish_000033,D:\Hirusha\fish_data\extras\not_fish\book_1772449758_45.jpg,D:\Hirusha\fish_data\extras\not_fish\book_1772449758_45.jpg,non_fish,none,none,not_fish,0
notfish_000034,D:\Hirusha\fish_data\extras\not_fish\book_1772449763_55.jpg,D:\Hirusha\fish_data\extras\not_fish\book_1772449763_55.jpg,non_fish,none,none,not_fish,0
notfish_000035,D:\Hirusha\fish_data\extras\not_fish\book_1772449764_56.jpg,D:\Hirusha\fish_data\extras\not_fish\book_1772449764_56.jpg,non_fish,none,none,not_fish,0
notfish_000036,D:\Hirusha\fish_data\extras\not_fish\book_1772449767_63.jpg,D:\Hirusha\fish_data\extras\not_fish\book_1772449767_63.jpg,non_fish,none,none,not_fish,0
notfish_000037,D:\Hirusha\fish_data\extras\not_fish\book_1772449772_72.jpg,D:\Hirusha\fish_data\extras\not_fish\book_1772449772_72.jpg,non_fish,none,none,not_fish,0
notfish_000038,D:\Hirusha\fish_data\extras\not_fish\book_1772449781_90.jpg,D:\Hirusha\fish_data\extras\not_fish\book_1772449781_90.jpg,non_fish,none,none,not_fish,0
notfish_000039,D:\Hirusha\fish_data\extras\not_fish\book_1772449783_96.jpg,D:\Hirusha\fish_data\extras\not_fish\book_1772449783_96.jpg,non_fish,none,none,not_fish,0
notfish_000040,D:\Hirusha\fish_data\extras\not_fish\building_1772449696_2.jpg,D:\Hirusha\fish_data\extras\not_fish\building_1772449696_2.jpg,non_fish,none,none,not_fish,0
notfish_000041,D:\Hirusha\fish_data\extras\not_fish\building_1772449697_4.jpg,D:\Hirusha\fish_data\extras\not_fish\building_1772449697_4.jpg,non_fish,none,none,not_fish,0
notfish_000042,D:\Hirusha\fish_data\extras\not_fish\building_1772449701_13.jpg,D:\Hirusha\fish_data\extras\not_fish\building_1772449701_13.jpg,non_fish,none,none,not_fish,0
notfish_000043,D:\Hirusha\fish_data\extras\not_fish\building_1772449703_16.jpg,D:\Hirusha\fish_data\extras\not_fish\building_1772449703_16.jpg,non_fish,none,none,not_fish,0
notfish_000044,D:\Hirusha\fish_data\extras\not_fish\building_1772449705_23.jpg,D:\Hirusha\fish_data\extras\not_fish\building_1772449705_23.jpg,non_fish,none,none,not_fish,0
notfish_000045,D:\Hirusha\fish_data\extras\not_fish\building_1772449715_49.jpg,D:\Hirusha\fish_data\extras\not_fish\building_1772449715_49.jpg,non_fish,none,none,not_fish,0
notfish_000046,D:\Hirusha\fish_data\extras\not_fish\building_1772449717_52.jpg,D:\Hirusha\fish_data\extras\not_fish\building_1772449717_52.jpg,non_fish,none,none,not_fish,0
notfish_000047,D:\Hirusha\fish_data\extras\not_fish\building_1772449718_56.jpg,D:\Hirusha\fish_data\extras\not_fish\building_1772449718_56.jpg,non_fish,none,none,not_fish,0
notfish_000048,D:\Hirusha\fish_data\extras\not_fish\building_1772449718_57.jpg,D:\Hirusha\fish_data\extras\not_fish\building_1772449718_57.jpg,non_fish,none,none,not_fish,0
notfish_000049,D:\Hirusha\fish_data\extras\not_fish\building_1772449720_59.jpg,D:\Hirusha\fish_data\extras\not_fish\building_1772449720_59.jpg,non_fish,none,none,not_fish,0
notfish_000050,D:\Hirusha\fish_data\extras\not_fish\building_1772449722_64.jpg,D:\Hirusha\fish_data\extras\not_fish\building_1772449722_64.jpg,non_fish,none,none,not_fish,0
notfish_000051,D:\Hirusha\fish_data\extras\not_fish\building_1772449723_68.jpg,D:\Hirusha\fish_data\extras\not_fish\building_1772449723_68.jpg,non_fish,none,none,not_fish,0
notfish_000052,D:\Hirusha\fish_data\extras\not_fish\building_1772449730_87.jpg,D:\Hirusha\fish_data\extras\not_fish\building_1772449730_87.jpg,non_fish,none,none,not_fish,0
notfish_000053,D:\Hirusha\fish_data\extras\not_fish\building_1772449733_93.jpg,D:\Hirusha\fish_data\extras\not_fish\building_1772449733_93.jpg,non_fish,none,none,not_fish,0
notfish_000054,D:\Hirusha\fish_data\extras\not_fish\bus_1772449608_0.jpg,D:\Hirusha\fish_data\extras\not_fish\bus_1772449608_0.jpg,non_fish,none,none,not_fish,0
notfish_000055,D:\Hirusha\fish_data\extras\not_fish\bus_1772449610_4.jpg,D:\Hirusha\fish_data\extras\not_fish\bus_1772449610_4.jpg,non_fish,none,none,not_fish,0
notfish_000056,D:\Hirusha\fish_data\extras\not_fish\bus_1772449614_12.jpg,D:\Hirusha\fish_data\extras\not_fish\bus_1772449614_12.jpg,non_fish,none,none,not_fish,0
notfish_000057,D:\Hirusha\fish_data\extras\not_fish\bus_1772449623_31.jpg,D:\Hirusha\fish_data\extras\not_fish\bus_1772449623_31.jpg,non_fish,none,none,not_fish,0
notfish_000058,D:\Hirusha\fish_data\extras\not_fish\bus_1772449626_41.jpg,D:\Hirusha\fish_data\extras\not_fish\bus_1772449626_41.jpg,non_fish,none,none,not_fish,0
notfish_000059,D:\Hirusha\fish_data\extras\not_fish\bus_1772449643_85.jpg,D:\Hirusha\fish_data\extras\not_fish\bus_1772449643_85.jpg,non_fish,none,none,not_fish,0
notfish_000060,D:\Hirusha\fish_data\extras\not_fish\bus_1772449645_90.jpg,D:\Hirusha\fish_data\extras\not_fish\bus_1772449645_90.jpg,non_fish,none,none,not_fish,0
notfish_000061,D:\Hirusha\fish_data\extras\not_fish\bus_1772449648_99.jpg,D:\Hirusha\fish_data\extras\not_fish\bus_1772449648_99.jpg,non_fish,none,none,not_fish,0
notfish_000062,D:\Hirusha\fish_data\extras\not_fish\car_1772449612_9.jpg,D:\Hirusha\fish_data\extras\not_fish\car_1772449612_9.jpg,non_fish,none,none,not_fish,0
notfish_000063,D:\Hirusha\fish_data\extras\not_fish\car_1772449616_15.jpg,D:\Hirusha\fish_data\extras\not_fish\car_1772449616_15.jpg,non_fish,none,none,not_fish,0
notfish_000064,D:\Hirusha\fish_data\extras\not_fish\car_1772449616_16.jpg,D:\Hirusha\fish_data\extras\not_fish\car_1772449616_16.jpg,non_fish,none,none,not_fish,0
notfish_000065,D:\Hirusha\fish_data\extras\not_fish\car_1772449618_22.jpg,D:\Hirusha\fish_data\extras\not_fish\car_1772449618_22.jpg,non_fish,none,none,not_fish,0
notfish_000066,D:\Hirusha\fish_data\extras\not_fish\car_1772449631_52.jpg,D:\Hirusha\fish_data\extras\not_fish\car_1772449631_52.jpg,non_fish,none,none,not_fish,0
notfish_000067,D:\Hirusha\fish_data\extras\not_fish\car_1772449645_89.jpg,D:\Hirusha\fish_data\extras\not_fish\car_1772449645_89.jpg,non_fish,none,none,not_fish,0
notfish_000068,D:\Hirusha\fish_data\extras\not_fish\car_1772449647_95.jpg,D:\Hirusha\fish_data\extras\not_fish\car_1772449647_95.jpg,non_fish,none,none,not_fish,0
notfish_000069,D:\Hirusha\fish_data\extras\not_fish\car_1772449648_97.jpg,D:\Hirusha\fish_data\extras\not_fish\car_1772449648_97.jpg,non_fish,none,none,not_fish,0
notfish_000070,D:\Hirusha\fish_data\extras\not_fish\crowd_1772449650_2.jpg,D:\Hirusha\fish_data\extras\not_fish\crowd_1772449650_2.jpg,non_fish,none,none,not_fish,0
notfish_000071,D:\Hirusha\fish_data\extras\not_fish\crowd_1772449653_8.jpg,D:\Hirusha\fish_data\extras\not_fish\crowd_1772449653_8.jpg,non_fish,none,none,not_fish,0
notfish_000072,D:\Hirusha\fish_data\extras\not_fish\crowd_1772449654_12.jpg,D:\Hirusha\fish_data\extras\not_fish\crowd_1772449654_12.jpg,non_fish,none,none,not_fish,0
notfish_000073,D:\Hirusha\fish_data\extras\not_fish\crowd_1772449656_16.jpg,D:\Hirusha\fish_data\extras\not_fish\crowd_1772449656_16.jpg,non_fish,none,none,not_fish,0
notfish_000074,D:\Hirusha\fish_data\extras\not_fish\crowd_1772449658_20.jpg,D:\Hirusha\fish_data\extras\not_fish\crowd_1772449658_20.jpg,non_fish,none,none,not_fish,0
notfish_000075,D:\Hirusha\fish_data\extras\not_fish\crowd_1772449661_25.jpg,D:\Hirusha\fish_data\extras\not_fish\crowd_1772449661_25.jpg,non_fish,none,none,not_fish,0
notfish_000076,D:\Hirusha\fish_data\extras\not_fish\crowd_1772449663_28.jpg,D:\Hirusha\fish_data\extras\not_fish\crowd_1772449663_28.jpg,non_fish,none,none,not_fish,0
notfish_000077,D:\Hirusha\fish_data\extras\not_fish\crowd_1772449666_32.jpg,D:\Hirusha\fish_data\extras\not_fish\crowd_1772449666_32.jpg,non_fish,none,none,not_fish,0
notfish_000078,D:\Hirusha\fish_data\extras\not_fish\crowd_1772449667_34.jpg,D:\Hirusha\fish_data\extras\not_fish\crowd_1772449667_34.jpg,non_fish,none,none,not_fish,0
notfish_000079,D:\Hirusha\fish_data\extras\not_fish\crowd_1772449673_50.jpg,D:\Hirusha\fish_data\extras\not_fish\crowd_1772449673_50.jpg,non_fish,none,none,not_fish,0
notfish_000080,D:\Hirusha\fish_data\extras\not_fish\crowd_1772449675_53.jpg,D:\Hirusha\fish_data\extras\not_fish\crowd_1772449675_53.jpg,non_fish,none,none,not_fish,0
notfish_000081,D:\Hirusha\fish_data\extras\not_fish\crowd_1772449677_57.jpg,D:\Hirusha\fish_data\extras\not_fish\crowd_1772449677_57.jpg,non_fish,none,none,not_fish,0
notfish_000082,D:\Hirusha\fish_data\extras\not_fish\crowd_1772449682_68.jpg,D:\Hirusha\fish_data\extras\not_fish\crowd_1772449682_68.jpg,non_fish,none,none,not_fish,0
notfish_000083,D:\Hirusha\fish_data\extras\not_fish\crowd_1772449683_71.jpg,D:\Hirusha\fish_data\extras\not_fish\crowd_1772449683_71.jpg,non_fish,none,none,not_fish,0
notfish_000084,D:\Hirusha\fish_data\extras\not_fish\crowd_1772449687_81.jpg,D:\Hirusha\fish_data\extras\not_fish\crowd_1772449687_81.jpg,non_fish,none,none,not_fish,0
notfish_000085,D:\Hirusha\fish_data\extras\not_fish\crowd_1772449691_89.jpg,D:\Hirusha\fish_data\extras\not_fish\crowd_1772449691_89.jpg,non_fish,none,none,not_fish,0
notfish_000086,D:\Hirusha\fish_data\extras\not_fish\flounder_1772448503_4836_f2f1cf30.jpg,D:\Hirusha\fish_data\extras\not_fish\flounder_1772448503_4836_f2f1cf30.jpg,non_fish,none,none,not_fish,0
notfish_000087,D:\Hirusha\fish_data\extras\not_fish\hake_1772448654_8481_ef1a01a8.jpg,D:\Hirusha\fish_data\extras\not_fish\hake_1772448654_8481_ef1a01a8.jpg,non_fish,none,none,not_fish,0
notfish_000088,D:\Hirusha\fish_data\extras\not_fish\house_1772449698_5.jpg,D:\Hirusha\fish_data\extras\not_fish\house_1772449698_5.jpg,non_fish,none,none,not_fish,0
notfish_000089,D:\Hirusha\fish_data\extras\not_fish\house_1772449699_6.jpg,D:\Hirusha\fish_data\extras\not_fish\house_1772449699_6.jpg,non_fish,none,none,not_fish,0
notfish_000090,D:\Hirusha\fish_data\extras\not_fish\house_1772449700_11.jpg,D:\Hirusha\fish_data\extras\not_fish\house_1772449700_11.jpg,non_fish,none,none,not_fish,0
notfish_000091,D:\Hirusha\fish_data\extras\not_fish\house_1772449703_15.jpg,D:\Hirusha\fish_data\extras\not_fish\house_1772449703_15.jpg,non_fish,none,none,not_fish,0
notfish_000092,D:\Hirusha\fish_data\extras\not_fish\house_1772449714_45.jpg,D:\Hirusha\fish_data\extras\not_fish\house_1772449714_45.jpg,non_fish,none,none,not_fish,0
notfish_000093,D:\Hirusha\fish_data\extras\not_fish\house_1772449717_53.jpg,D:\Hirusha\fish_data\extras\not_fish\house_1772449717_53.jpg,non_fish,none,none,not_fish,0
notfish_000094,D:\Hirusha\fish_data\extras\not_fish\house_1772449719_58.jpg,D:\Hirusha\fish_data\extras\not_fish\house_1772449719_58.jpg,non_fish,none,none,not_fish,0
notfish_000095,D:\Hirusha\fish_data\extras\not_fish\house_1772449721_63.jpg,D:\Hirusha\fish_data\extras\not_fish\house_1772449721_63.jpg,non_fish,none,none,not_fish,0
notfish_000096,D:\Hirusha\fish_data\extras\not_fish\house_1772449726_75.jpg,D:\Hirusha\fish_data\extras\not_fish\house_1772449726_75.jpg,non_fish,none,none,not_fish,0
notfish_000097,D:\Hirusha\fish_data\extras\not_fish\house_1772449727_80.jpg,D:\Hirusha\fish_data\extras\not_fish\house_1772449727_80.jpg,non_fish,none,none,not_fish,0
notfish_000098,D:\Hirusha\fish_data\extras\not_fish\house_1772449729_82.jpg,D:\Hirusha\fish_data\extras\not_fish\house_1772449729_82.jpg,non_fish,none,none,not_fish,0
notfish_000099,D:\Hirusha\fish_data\extras\not_fish\house_1772449731_88.jpg,D:\Hirusha\fish_data\extras\not_fish\house_1772449731_88.jpg,non_fish,none,none,not_fish,0
notfish_000100,D:\Hirusha\fish_data\extras\not_fish\house_1772449732_90.jpg,D:\Hirusha\fish_data\extras\not_fish\house_1772449732_90.jpg,non_fish,none,none,not_fish,0
notfish_000101,D:\Hirusha\fish_data\extras\not_fish\house_1772449735_97.jpg,D:\Hirusha\fish_data\extras\not_fish\house_1772449735_97.jpg,non_fish,none,none,not_fish,0
notfish_000102,D:\Hirusha\fish_data\extras\not_fish\kingfish_1772448710_3201_2c007956.jpg,D:\Hirusha\fish_data\extras\not_fish\kingfish_1772448710_3201_2c007956.jpg,non_fish,none,none,not_fish,0
notfish_000103,D:\Hirusha\fish_data\extras\not_fish\library_1772449742_10.jpg,D:\Hirusha\fish_data\extras\not_fish\library_1772449742_10.jpg,non_fish,none,none,not_fish,0
notfish_000104,D:\Hirusha\fish_data\extras\not_fish\library_1772449745_11.jpg,D:\Hirusha\fish_data\extras\not_fish\library_1772449745_11.jpg,non_fish,none,none,not_fish,0
notfish_000105,D:\Hirusha\fish_data\extras\not_fish\library_1772449747_12.jpg,D:\Hirusha\fish_data\extras\not_fish\library_1772449747_12.jpg,non_fish,none,none,not_fish,0
notfish_000106,D:\Hirusha\fish_data\extras\not_fish\library_1772449751_27.jpg,D:\Hirusha\fish_data\extras\not_fish\library_1772449751_27.jpg,non_fish,none,none,not_fish,0
notfish_000107,D:\Hirusha\fish_data\extras\not_fish\library_1772449754_36.jpg,D:\Hirusha\fish_data\extras\not_fish\library_1772449754_36.jpg,non_fish,none,none,not_fish,0
notfish_000108,D:\Hirusha\fish_data\extras\not_fish\library_1772449755_38.jpg,D:\Hirusha\fish_data\extras\not_fish\library_1772449755_38.jpg,non_fish,none,none,not_fish,0
notfish_000109,D:\Hirusha\fish_data\extras\not_fish\library_1772449758_44.jpg,D:\Hirusha\fish_data\extras\not_fish\library_1772449758_44.jpg,non_fish,none,none,not_fish,0
notfish_000110,D:\Hirusha\fish_data\extras\not_fish\library_1772449760_48.jpg,D:\Hirusha\fish_data\extras\not_fish\library_1772449760_48.jpg,non_fish,none,none,not_fish,0
notfish_000111,D:\Hirusha\fish_data\extras\not_fish\library_1772449760_49.jpg,D:\Hirusha\fish_data\extras\not_fish\library_1772449760_49.jpg,non_fish,none,none,not_fish,0
notfish_000112,D:\Hirusha\fish_data\extras\not_fish\library_1772449760_50.jpg,D:\Hirusha\fish_data\extras\not_fish\library_1772449760_50.jpg,non_fish,none,none,not_fish,0
notfish_000113,D:\Hirusha\fish_data\extras\not_fish\library_1772449763_54.jpg,D:\Hirusha\fish_data\extras\not_fish\library_1772449763_54.jpg,non_fish,none,none,not_fish,0
notfish_000114,D:\Hirusha\fish_data\extras\not_fish\library_1772449765_58.jpg,D:\Hirusha\fish_data\extras\not_fish\library_1772449765_58.jpg,non_fish,none,none,not_fish,0
notfish_000115,D:\Hirusha\fish_data\extras\not_fish\library_1772449770_69.jpg,D:\Hirusha\fish_data\extras\not_fish\library_1772449770_69.jpg,non_fish,none,none,not_fish,0
notfish_000116,D:\Hirusha\fish_data\extras\not_fish\library_1772449770_70.jpg,D:\Hirusha\fish_data\extras\not_fish\library_1772449770_70.jpg,non_fish,none,none,not_fish,0
notfish_000117,D:\Hirusha\fish_data\extras\not_fish\library_1772449776_81.jpg,D:\Hirusha\fish_data\extras\not_fish\library_1772449776_81.jpg,non_fish,none,none,not_fish,0
notfish_000118,D:\Hirusha\fish_data\extras\not_fish\library_1772449779_87.jpg,D:\Hirusha\fish_data\extras\not_fish\library_1772449779_87.jpg,non_fish,none,none,not_fish,0
notfish_000119,D:\Hirusha\fish_data\extras\not_fish\library_1772449785_99.jpg,D:\Hirusha\fish_data\extras\not_fish\library_1772449785_99.jpg,non_fish,none,none,not_fish,0
notfish_000120,D:\Hirusha\fish_data\extras\not_fish\motorcycle_1772449613_11.jpg,D:\Hirusha\fish_data\extras\not_fish\motorcycle_1772449613_11.jpg,non_fish,none,none,not_fish,0
notfish_000121,D:\Hirusha\fish_data\extras\not_fish\motorcycle_1772449617_20.jpg,D:\Hirusha\fish_data\extras\not_fish\motorcycle_1772449617_20.jpg,non_fish,none,none,not_fish,0
notfish_000122,D:\Hirusha\fish_data\extras\not_fish\motorcycle_1772449618_21.jpg,D:\Hirusha\fish_data\extras\not_fish\motorcycle_1772449618_21.jpg,non_fish,none,none,not_fish,0
notfish_000123,D:\Hirusha\fish_data\extras\not_fish\motorcycle_1772449619_24.jpg,D:\Hirusha\fish_data\extras\not_fish\motorcycle_1772449619_24.jpg,non_fish,none,none,not_fish,0
notfish_000124,D:\Hirusha\fish_data\extras\not_fish\motorcycle_1772449621_28.jpg,D:\Hirusha\fish_data\extras\not_fish\motorcycle_1772449621_28.jpg,non_fish,none,none,not_fish,0
notfish_000125,D:\Hirusha\fish_data\extras\not_fish\motorcycle_1772449626_39.jpg,D:\Hirusha\fish_data\extras\not_fish\motorcycle_1772449626_39.jpg,non_fish,none,none,not_fish,0
notfish_000126,D:\Hirusha\fish_data\extras\not_fish\motorcycle_1772449632_57.jpg,D:\Hirusha\fish_data\extras\not_fish\motorcycle_1772449632_57.jpg,non_fish,none,none,not_fish,0
notfish_000127,D:\Hirusha\fish_data\extras\not_fish\motorcycle_1772449634_62.jpg,D:\Hirusha\fish_data\extras\not_fish\motorcycle_1772449634_62.jpg,non_fish,none,none,not_fish,0
notfish_000128,D:\Hirusha\fish_data\extras\not_fish\motorcycle_1772449636_67.jpg,D:\Hirusha\fish_data\extras\not_fish\motorcycle_1772449636_67.jpg,non_fish,none,none,not_fish,0
notfish_000129,D:\Hirusha\fish_data\extras\not_fish\motorcycle_1772449636_69.jpg,D:\Hirusha\fish_data\extras\not_fish\motorcycle_1772449636_69.jpg,non_fish,none,none,not_fish,0
notfish_000130,D:\Hirusha\fish_data\extras\not_fish\motorcycle_1772449638_71.jpg,D:\Hirusha\fish_data\extras\not_fish\motorcycle_1772449638_71.jpg,non_fish,none,none,not_fish,0
notfish_000131,D:\Hirusha\fish_data\extras\not_fish\motorcycle_1772449641_81.jpg,D:\Hirusha\fish_data\extras\not_fish\motorcycle_1772449641_81.jpg,non_fish,none,none,not_fish,0
notfish_000132,D:\Hirusha\fish_data\extras\not_fish\motorcycle_1772449643_84.jpg,D:\Hirusha\fish_data\extras\not_fish\motorcycle_1772449643_84.jpg,non_fish,none,none,not_fish,0
notfish_000133,D:\Hirusha\fish_data\extras\not_fish\pedestrian_1772449662_24.jpg,D:\Hirusha\fish_data\extras\not_fish\pedestrian_1772449662_24.jpg,non_fish,none,none,not_fish,0
notfish_000134,D:\Hirusha\fish_data\extras\not_fish\pedestrian_1772449664_30.jpg,D:\Hirusha\fish_data\extras\not_fish\pedestrian_1772449664_30.jpg,non_fish,none,none,not_fish,0
notfish_000135,D:\Hirusha\fish_data\extras\not_fish\pedestrian_1772449666_33.jpg,D:\Hirusha\fish_data\extras\not_fish\pedestrian_1772449666_33.jpg,non_fish,none,none,not_fish,0
notfish_000136,D:\Hirusha\fish_data\extras\not_fish\pedestrian_1772449669_40.jpg,D:\Hirusha\fish_data\extras\not_fish\pedestrian_1772449669_40.jpg,non_fish,none,none,not_fish,0
notfish_000137,D:\Hirusha\fish_data\extras\not_fish\pedestrian_1772449670_41.jpg,D:\Hirusha\fish_data\extras\not_fish\pedestrian_1772449670_41.jpg,non_fish,none,none,not_fish,0
notfish_000138,D:\Hirusha\fish_data\extras\not_fish\pedestrian_1772449672_48.jpg,D:\Hirusha\fish_data\extras\not_fish\pedestrian_1772449672_48.jpg,non_fish,none,none,not_fish,0
notfish_000139,D:\Hirusha\fish_data\extras\not_fish\pedestrian_1772449679_60.jpg,D:\Hirusha\fish_data\extras\not_fish\pedestrian_1772449679_60.jpg,non_fish,none,none,not_fish,0
notfish_000140,D:\Hirusha\fish_data\extras\not_fish\pedestrian_1772449685_76.jpg,D:\Hirusha\fish_data\extras\not_fish\pedestrian_1772449685_76.jpg,non_fish,none,none,not_fish,0
notfish_000141,D:\Hirusha\fish_data\extras\not_fish\pedestrian_1772449686_78.jpg,D:\Hirusha\fish_data\extras\not_fish\pedestrian_1772449686_78.jpg,non_fish,none,none,not_fish,0
notfish_000142,D:\Hirusha\fish_data\extras\not_fish\pedestrian_1772449689_84.jpg,D:\Hirusha\fish_data\extras\not_fish\pedestrian_1772449689_84.jpg,non_fish,none,none,not_fish,0
notfish_000143,D:\Hirusha\fish_data\extras\not_fish\pedestrian_1772449694_97.jpg,D:\Hirusha\fish_data\extras\not_fish\pedestrian_1772449694_97.jpg,non_fish,none,none,not_fish,0
notfish_000144,D:\Hirusha\fish_data\extras\not_fish\pencil_1772449789_2.jpg,D:\Hirusha\fish_data\extras\not_fish\pencil_1772449789_2.jpg,non_fish,none,none,not_fish,0
notfish_000145,D:\Hirusha\fish_data\extras\not_fish\pencil_1772449796_22.jpg,D:\Hirusha\fish_data\extras\not_fish\pencil_1772449796_22.jpg,non_fish,none,none,not_fish,0
notfish_000146,D:\Hirusha\fish_data\extras\not_fish\pencil_1772449797_23.jpg,D:\Hirusha\fish_data\extras\not_fish\pencil_1772449797_23.jpg,non_fish,none,none,not_fish,0
notfish_000147,D:\Hirusha\fish_data\extras\not_fish\pencil_1772449797_24.jpg,D:\Hirusha\fish_data\extras\not_fish\pencil_1772449797_24.jpg,non_fish,none,none,not_fish,0
notfish_000148,D:\Hirusha\fish_data\extras\not_fish\pencil_1772449805_48.jpg,D:\Hirusha\fish_data\extras\not_fish\pencil_1772449805_48.jpg,non_fish,none,none,not_fish,0
notfish_000149,D:\Hirusha\fish_data\extras\not_fish\pencil_1772449809_56.jpg,D:\Hirusha\fish_data\extras\not_fish\pencil_1772449809_56.jpg,non_fish,none,none,not_fish,0
notfish_000150,D:\Hirusha\fish_data\extras\not_fish\pencil_1772449809_58.jpg,D:\Hirusha\fish_data\extras\not_fish\pencil_1772449809_58.jpg,non_fish,none,none,not_fish,0
notfish_000151,D:\Hirusha\fish_data\extras\not_fish\pencil_1772449813_70.jpg,D:\Hirusha\fish_data\extras\not_fish\pencil_1772449813_70.jpg,non_fish,none,none,not_fish,0
notfish_000152,D:\Hirusha\fish_data\extras\not_fish\pencil_1772449815_73.jpg,D:\Hirusha\fish_data\extras\not_fish\pencil_1772449815_73.jpg,non_fish,none,none,not_fish,0
notfish_000153,D:\Hirusha\fish_data\extras\not_fish\pencil_1772449816_79.jpg,D:\Hirusha\fish_data\extras\not_fish\pencil_1772449816_79.jpg,non_fish,none,none,not_fish,0
notfish_000154,D:\Hirusha\fish_data\extras\not_fish\pencil_1772449823_95.jpg,D:\Hirusha\fish_data\extras\not_fish\pencil_1772449823_95.jpg,non_fish,none,none,not_fish,0
notfish_000155,D:\Hirusha\fish_data\extras\not_fish\pen_1772449787_0.jpg,D:\Hirusha\fish_data\extras\not_fish\pen_1772449787_0.jpg,non_fish,none,none,not_fish,0
notfish_000156,D:\Hirusha\fish_data\extras\not_fish\pen_1772449794_15.jpg,D:\Hirusha\fish_data\extras\not_fish\pen_1772449794_15.jpg,non_fish,none,none,not_fish,0
notfish_000157,D:\Hirusha\fish_data\extras\not_fish\pen_1772449795_20.jpg,D:\Hirusha\fish_data\extras\not_fish\pen_1772449795_20.jpg,non_fish,none,none,not_fish,0
notfish_000158,D:\Hirusha\fish_data\extras\not_fish\pen_1772449796_18.jpg,D:\Hirusha\fish_data\extras\not_fish\pen_1772449796_18.jpg,non_fish,none,none,not_fish,0
notfish_000159,D:\Hirusha\fish_data\extras\not_fish\pen_1772449800_32.jpg,D:\Hirusha\fish_data\extras\not_fish\pen_1772449800_32.jpg,non_fish,none,none,not_fish,0
notfish_000160,D:\Hirusha\fish_data\extras\not_fish\pen_1772449805_45.jpg,D:\Hirusha\fish_data\extras\not_fish\pen_1772449805_45.jpg,non_fish,none,none,not_fish,0
notfish_000161,D:\Hirusha\fish_data\extras\not_fish\pen_1772449812_68.jpg,D:\Hirusha\fish_data\extras\not_fish\pen_1772449812_68.jpg,non_fish,none,none,not_fish,0
notfish_000162,D:\Hirusha\fish_data\extras\not_fish\pen_1772449814_71.jpg,D:\Hirusha\fish_data\extras\not_fish\pen_1772449814_71.jpg,non_fish,none,none,not_fish,0
notfish_000163,D:\Hirusha\fish_data\extras\not_fish\pen_1772449816_78.jpg,D:\Hirusha\fish_data\extras\not_fish\pen_1772449816_78.jpg,non_fish,none,none,not_fish,0
notfish_000164,D:\Hirusha\fish_data\extras\not_fish\pen_1772449819_84.jpg,D:\Hirusha\fish_data\extras\not_fish\pen_1772449819_84.jpg,non_fish,none,none,not_fish,0
notfish_000165,D:\Hirusha\fish_data\extras\not_fish\pen_1772449821_90.jpg,D:\Hirusha\fish_data\extras\not_fish\pen_1772449821_90.jpg,non_fish,none,none,not_fish,0
notfish_000166,D:\Hirusha\fish_data\extras\not_fish\pen_1772449823_96.jpg,D:\Hirusha\fish_data\extras\not_fish\pen_1772449823_96.jpg,non_fish,none,none,not_fish,0
notfish_000167,D:\Hirusha\fish_data\extras\not_fish\people_1772449649_0.jpg,D:\Hirusha\fish_data\extras\not_fish\people_1772449649_0.jpg,non_fish,none,none,not_fish,0
notfish_000168,D:\Hirusha\fish_data\extras\not_fish\people_1772449654_13.jpg,D:\Hirusha\fish_data\extras\not_fish\people_1772449654_13.jpg,non_fish,none,none,not_fish,0
notfish_000169,D:\Hirusha\fish_data\extras\not_fish\people_1772449656_17.jpg,D:\Hirusha\fish_data\extras\not_fish\people_1772449656_17.jpg,non_fish,none,none,not_fish,0
notfish_000170,D:\Hirusha\fish_data\extras\not_fish\people_1772449659_22.jpg,D:\Hirusha\fish_data\extras\not_fish\people_1772449659_22.jpg,non_fish,none,none,not_fish,0
notfish_000171,D:\Hirusha\fish_data\extras\not_fish\people_1772449665_31.jpg,D:\Hirusha\fish_data\extras\not_fish\people_1772449665_31.jpg,non_fish,none,none,not_fish,0
notfish_000172,D:\Hirusha\fish_data\extras\not_fish\people_1772449667_35.jpg,D:\Hirusha\fish_data\extras\not_fish\people_1772449667_35.jpg,non_fish,none,none,not_fish,0
notfish_000173,D:\Hirusha\fish_data\extras\not_fish\people_1772449668_38.jpg,D:\Hirusha\fish_data\extras\not_fish\people_1772449668_38.jpg,non_fish,none,none,not_fish,0
notfish_000174,D:\Hirusha\fish_data\extras\not_fish\people_1772449671_47.jpg,D:\Hirusha\fish_data\extras\not_fish\people_1772449671_47.jpg,non_fish,none,none,not_fish,0
notfish_000175,D:\Hirusha\fish_data\extras\not_fish\people_1772449672_46.jpg,D:\Hirusha\fish_data\extras\not_fish\people_1772449672_46.jpg,non_fish,none,none,not_fish,0
notfish_000176,D:\Hirusha\fish_data\extras\not_fish\people_1772449674_52.jpg,D:\Hirusha\fish_data\extras\not_fish\people_1772449674_52.jpg,non_fish,none,none,not_fish,0
notfish_000177,D:\Hirusha\fish_data\extras\not_fish\people_1772449675_54.jpg,D:\Hirusha\fish_data\extras\not_fish\people_1772449675_54.jpg,non_fish,none,none,not_fish,0
notfish_000178,D:\Hirusha\fish_data\extras\not_fish\people_1772449676_55.jpg,D:\Hirusha\fish_data\extras\not_fish\people_1772449676_55.jpg,non_fish,none,none,not_fish,0
notfish_000179,D:\Hirusha\fish_data\extras\not_fish\people_1772449677_58.jpg,D:\Hirusha\fish_data\extras\not_fish\people_1772449677_58.jpg,non_fish,none,none,not_fish,0
notfish_000180,D:\Hirusha\fish_data\extras\not_fish\people_1772449680_62.jpg,D:\Hirusha\fish_data\extras\not_fish\people_1772449680_62.jpg,non_fish,none,none,not_fish,0
notfish_000181,D:\Hirusha\fish_data\extras\not_fish\people_1772449680_63.jpg,D:\Hirusha\fish_data\extras\not_fish\people_1772449680_63.jpg,non_fish,none,none,not_fish,0
notfish_000182,D:\Hirusha\fish_data\extras\not_fish\people_1772449684_74.jpg,D:\Hirusha\fish_data\extras\not_fish\people_1772449684_74.jpg,non_fish,none,none,not_fish,0
notfish_000183,D:\Hirusha\fish_data\extras\not_fish\people_1772449692_93.jpg,D:\Hirusha\fish_data\extras\not_fish\people_1772449692_93.jpg,non_fish,none,none,not_fish,0
notfish_000184,D:\Hirusha\fish_data\extras\not_fish\people_1772449693_95.jpg,D:\Hirusha\fish_data\extras\not_fish\people_1772449693_95.jpg,non_fish,none,none,not_fish,0
notfish_000185,D:\Hirusha\fish_data\extras\not_fish\person_1772449652_5.jpg,D:\Hirusha\fish_data\extras\not_fish\person_1772449652_5.jpg,non_fish,none,none,not_fish,0
notfish_000186,D:\Hirusha\fish_data\extras\not_fish\person_1772449658_19.jpg,D:\Hirusha\fish_data\extras\not_fish\person_1772449658_19.jpg,non_fish,none,none,not_fish,0
notfish_000187,D:\Hirusha\fish_data\extras\not_fish\person_1772449660_23.jpg,D:\Hirusha\fish_data\extras\not_fish\person_1772449660_23.jpg,non_fish,none,none,not_fish,0
notfish_000188,D:\Hirusha\fish_data\extras\not_fish\person_1772449664_29.jpg,D:\Hirusha\fish_data\extras\not_fish\person_1772449664_29.jpg,non_fish,none,none,not_fish,0
notfish_000189,D:\Hirusha\fish_data\extras\not_fish\person_1772449674_51.jpg,D:\Hirusha\fish_data\extras\not_fish\person_1772449674_51.jpg,non_fish,none,none,not_fish,0
notfish_000190,D:\Hirusha\fish_data\extras\not_fish\person_1772449677_56.jpg,D:\Hirusha\fish_data\extras\not_fish\person_1772449677_56.jpg,non_fish,none,none,not_fish,0
notfish_000191,D:\Hirusha\fish_data\extras\not_fish\person_1772449678_59.jpg,D:\Hirusha\fish_data\extras\not_fish\person_1772449678_59.jpg,non_fish,none,none,not_fish,0
notfish_000192,D:\Hirusha\fish_data\extras\not_fish\person_1772449682_69.jpg,D:\Hirusha\fish_data\extras\not_fish\person_1772449682_69.jpg,non_fish,none,none,not_fish,0
notfish_000193,D:\Hirusha\fish_data\extras\not_fish\person_1772449690_87.jpg,D:\Hirusha\fish_data\extras\not_fish\person_1772449690_87.jpg,non_fish,none,none,not_fish,0
notfish_000194,D:\Hirusha\fish_data\extras\not_fish\person_1772449691_90.jpg,D:\Hirusha\fish_data\extras\not_fish\person_1772449691_90.jpg,non_fish,none,none,not_fish,0
notfish_000195,D:\Hirusha\fish_data\extras\not_fish\person_1772449695_98.jpg,D:\Hirusha\fish_data\extras\not_fish\person_1772449695_98.jpg,non_fish,none,none,not_fish,0
notfish_000196,D:\Hirusha\fish_data\extras\not_fish\pike_1772448627_8148_8318ab1b.jpg,D:\Hirusha\fish_data\extras\not_fish\pike_1772448627_8148_8318ab1b.jpg,non_fish,none,none,not_fish,0
notfish_000197,D:\Hirusha\fish_data\extras\not_fish\pike_1772448628_9480_d195aab4.jpg,D:\Hirusha\fish_data\extras\not_fish\pike_1772448628_9480_d195aab4.jpg,non_fish,none,none,not_fish,0
notfish_000198,D:\Hirusha\fish_data\extras\not_fish\pompano_1772448618_4342_448224c4.jpg,D:\Hirusha\fish_data\extras\not_fish\pompano_1772448618_4342_448224c4.jpg,non_fish,none,none,not_fish,0
notfish_000199,D:\Hirusha\fish_data\extras\not_fish\pompano_1772448619_5446_55859d91.jpg,D:\Hirusha\fish_data\extras\not_fish\pompano_1772448619_5446_55859d91.jpg,non_fish,none,none,not_fish,0
notfish_000200,D:\Hirusha\fish_data\extras\not_fish\pompano_1772448620_1214_fd13c15c.jpg,D:\Hirusha\fish_data\extras\not_fish\pompano_1772448620_1214_fd13c15c.jpg,non_fish,none,none,not_fish,0
notfish_000201,D:\Hirusha\fish_data\extras\not_fish\pompano_1772448621_7835_251ce1a9.jpg,D:\Hirusha\fish_data\extras\not_fish\pompano_1772448621_7835_251ce1a9.jpg,non_fish,none,none,not_fish,0
notfish_000202,D:\Hirusha\fish_data\extras\not_fish\pompano_1772448622_5879_afe83da4.jpg,D:\Hirusha\fish_data\extras\not_fish\pompano_1772448622_5879_afe83da4.jpg,non_fish,none,none,not_fish,0
notfish_000203,D:\Hirusha\fish_data\extras\not_fish\pompano_1772448623_6159_9836e762.jpg,D:\Hirusha\fish_data\extras\not_fish\pompano_1772448623_6159_9836e762.jpg,non_fish,none,none,not_fish,0
notfish_000204,D:\Hirusha\fish_data\extras\not_fish\pompano_1772448625_1957_9b30e8cf.jpg,D:\Hirusha\fish_data\extras\not_fish\pompano_1772448625_1957_9b30e8cf.jpg,non_fish,none,none,not_fish,0
notfish_000205,D:\Hirusha\fish_data\extras\not_fish\pompano_1772448626_9814_152648c8.jpg,D:\Hirusha\fish_data\extras\not_fish\pompano_1772448626_9814_152648c8.jpg,non_fish,none,none,not_fish,0
notfish_000206,D:\Hirusha\fish_data\extras\not_fish\pompano_1772448627_1675_9b469485.jpg,D:\Hirusha\fish_data\extras\not_fish\pompano_1772448627_1675_9b469485.jpg,non_fish,none,none,not_fish,0
notfish_000207,D:\Hirusha\fish_data\extras\not_fish\reading_1772449740_5.jpg,D:\Hirusha\fish_data\extras\not_fish\reading_1772449740_5.jpg,non_fish,none,none,not_fish,0
notfish_000208,D:\Hirusha\fish_data\extras\not_fish\reading_1772449754_37.jpg,D:\Hirusha\fish_data\extras\not_fish\reading_1772449754_37.jpg,non_fish,none,none,not_fish,0
notfish_000209,D:\Hirusha\fish_data\extras\not_fish\reading_1772449766_59.jpg,D:\Hirusha\fish_data\extras\not_fish\reading_1772449766_59.jpg,non_fish,none,none,not_fish,0
notfish_000210,D:\Hirusha\fish_data\extras\not_fish\reading_1772449766_60.jpg,D:\Hirusha\fish_data\extras\not_fish\reading_1772449766_60.jpg,non_fish,none,none,not_fish,0
notfish_000211,D:\Hirusha\fish_data\extras\not_fish\reading_1772449767_64.jpg,D:\Hirusha\fish_data\extras\not_fish\reading_1772449767_64.jpg,non_fish,none,none,not_fish,0
notfish_000212,D:\Hirusha\fish_data\extras\not_fish\reading_1772449769_67.jpg,D:\Hirusha\fish_data\extras\not_fish\reading_1772449769_67.jpg,non_fish,none,none,not_fish,0
notfish_000213,D:\Hirusha\fish_data\extras\not_fish\reading_1772449771_71.jpg,D:\Hirusha\fish_data\extras\not_fish\reading_1772449771_71.jpg,non_fish,none,none,not_fish,0
notfish_000214,D:\Hirusha\fish_data\extras\not_fish\reading_1772449774_77.jpg,D:\Hirusha\fish_data\extras\not_fish\reading_1772449774_77.jpg,non_fish,none,none,not_fish,0
notfish_000215,D:\Hirusha\fish_data\extras\not_fish\reading_1772449775_80.jpg,D:\Hirusha\fish_data\extras\not_fish\reading_1772449775_80.jpg,non_fish,none,none,not_fish,0
notfish_000216,D:\Hirusha\fish_data\extras\not_fish\reading_1772449776_83.jpg,D:\Hirusha\fish_data\extras\not_fish\reading_1772449776_83.jpg,non_fish,none,none,not_fish,0
notfish_000217,D:\Hirusha\fish_data\extras\not_fish\reading_1772449783_94.jpg,D:\Hirusha\fish_data\extras\not_fish\reading_1772449783_94.jpg,non_fish,none,none,not_fish,0
notfish_000218,D:\Hirusha\fish_data\extras\not_fish\skyscraper_1772449698_1.jpg,D:\Hirusha\fish_data\extras\not_fish\skyscraper_1772449698_1.jpg,non_fish,none,none,not_fish,0
notfish_000219,D:\Hirusha\fish_data\extras\not_fish\skyscraper_1772449701_12.jpg,D:\Hirusha\fish_data\extras\not_fish\skyscraper_1772449701_12.jpg,non_fish,none,none,not_fish,0
notfish_000220,D:\Hirusha\fish_data\extras\not_fish\skyscraper_1772449705_22.jpg,D:\Hirusha\fish_data\extras\not_fish\skyscraper_1772449705_22.jpg,non_fish,none,none,not_fish,0
notfish_000221,D:\Hirusha\fish_data\extras\not_fish\skyscraper_1772449707_26.jpg,D:\Hirusha\fish_data\extras\not_fish\skyscraper_1772449707_26.jpg,non_fish,none,none,not_fish,0
notfish_000222,D:\Hirusha\fish_data\extras\not_fish\skyscraper_1772449709_30.jpg,D:\Hirusha\fish_data\extras\not_fish\skyscraper_1772449709_30.jpg,non_fish,none,none,not_fish,0
notfish_000223,D:\Hirusha\fish_data\extras\not_fish\skyscraper_1772449709_31.jpg,D:\Hirusha\fish_data\extras\not_fish\skyscraper_1772449709_31.jpg,non_fish,none,none,not_fish,0
notfish_000224,D:\Hirusha\fish_data\extras\not_fish\skyscraper_1772449710_36.jpg,D:\Hirusha\fish_data\extras\not_fish\skyscraper_1772449710_36.jpg,non_fish,none,none,not_fish,0
notfish_000225,D:\Hirusha\fish_data\extras\not_fish\skyscraper_1772449711_38.jpg,D:\Hirusha\fish_data\extras\not_fish\skyscraper_1772449711_38.jpg,non_fish,none,none,not_fish,0
notfish_000226,D:\Hirusha\fish_data\extras\not_fish\skyscraper_1772449712_39.jpg,D:\Hirusha\fish_data\extras\not_fish\skyscraper_1772449712_39.jpg,non_fish,none,none,not_fish,0
notfish_000227,D:\Hirusha\fish_data\extras\not_fish\skyscraper_1772449712_40.jpg,D:\Hirusha\fish_data\extras\not_fish\skyscraper_1772449712_40.jpg,non_fish,none,none,not_fish,0
notfish_000228,D:\Hirusha\fish_data\extras\not_fish\skyscraper_1772449724_67.jpg,D:\Hirusha\fish_data\extras\not_fish\skyscraper_1772449724_67.jpg,non_fish,none,none,not_fish,0
notfish_000229,D:\Hirusha\fish_data\extras\not_fish\skyscraper_1772449724_70.jpg,D:\Hirusha\fish_data\extras\not_fish\skyscraper_1772449724_70.jpg,non_fish,none,none,not_fish,0
notfish_000230,D:\Hirusha\fish_data\extras\not_fish\skyscraper_1772449726_74.jpg,D:\Hirusha\fish_data\extras\not_fish\skyscraper_1772449726_74.jpg,non_fish,none,none,not_fish,0
notfish_000231,D:\Hirusha\fish_data\extras\not_fish\skyscraper_1772449730_86.jpg,D:\Hirusha\fish_data\extras\not_fish\skyscraper_1772449730_86.jpg,non_fish,none,none,not_fish,0
notfish_000232,D:\Hirusha\fish_data\extras\not_fish\skyscraper_1772449732_91.jpg,D:\Hirusha\fish_data\extras\not_fish\skyscraper_1772449732_91.jpg,non_fish,none,none,not_fish,0
notfish_000233,D:\Hirusha\fish_data\extras\not_fish\skyscraper_1772449735_98.jpg,D:\Hirusha\fish_data\extras\not_fish\skyscraper_1772449735_98.jpg,non_fish,none,none,not_fish,0
notfish_000234,D:\Hirusha\fish_data\extras\not_fish\snapper_1772448671_8676_98c60649.jpg,D:\Hirusha\fish_data\extras\not_fish\snapper_1772448671_8676_98c60649.jpg,non_fish,none,none,not_fish,0
notfish_000235,D:\Hirusha\fish_data\extras\not_fish\sole_1772448616_2876_20e9b311.jpg,D:\Hirusha\fish_data\extras\not_fish\sole_1772448616_2876_20e9b311.jpg,non_fish,none,none,not_fish,0
notfish_000236,D:\Hirusha\fish_data\extras\not_fish\sole_1772448616_9510_73662f40.jpg,D:\Hirusha\fish_data\extras\not_fish\sole_1772448616_9510_73662f40.jpg,non_fish,none,none,not_fish,0
notfish_000237,D:\Hirusha\fish_data\extras\not_fish\sole_1772448618_7637_7eff806b.jpg,D:\Hirusha\fish_data\extras\not_fish\sole_1772448618_7637_7eff806b.jpg,non_fish,none,none,not_fish,0
notfish_000238,D:\Hirusha\fish_data\extras\not_fish\sole_1772448619_2027_c0ef81d5.jpg,D:\Hirusha\fish_data\extras\not_fish\sole_1772448619_2027_c0ef81d5.jpg,non_fish,none,none,not_fish,0
notfish_000239,D:\Hirusha\fish_data\extras\not_fish\sole_1772448620_1062_36454402.jpg,D:\Hirusha\fish_data\extras\not_fish\sole_1772448620_1062_36454402.jpg,non_fish,none,none,not_fish,0
notfish_000240,D:\Hirusha\fish_data\extras\not_fish\sole_1772448623_8160_04403a9e.jpg,D:\Hirusha\fish_data\extras\not_fish\sole_1772448623_8160_04403a9e.jpg,non_fish,none,none,not_fish,0
notfish_000241,D:\Hirusha\fish_data\extras\not_fish\sole_1772448624_4502_7c92fdb6.jpg,D:\Hirusha\fish_data\extras\not_fish\sole_1772448624_4502_7c92fdb6.jpg,non_fish,none,none,not_fish,0
notfish_000242,D:\Hirusha\fish_data\extras\not_fish\sole_1772448625_5100_6f694a15.jpg,D:\Hirusha\fish_data\extras\not_fish\sole_1772448625_5100_6f694a15.jpg,non_fish,none,none,not_fish,0
notfish_000243,D:\Hirusha\fish_data\extras\not_fish\sole_1772448626_6267_2deb74b4.jpg,D:\Hirusha\fish_data\extras\not_fish\sole_1772448626_6267_2deb74b4.jpg,non_fish,none,none,not_fish,0
notfish_000244,D:\Hirusha\fish_data\extras\not_fish\stationery_1772449790_4.jpg,D:\Hirusha\fish_data\extras\not_fish\stationery_1772449790_4.jpg,non_fish,none,none,not_fish,0
notfish_000245,D:\Hirusha\fish_data\extras\not_fish\stationery_1772449790_5.jpg,D:\Hirusha\fish_data\extras\not_fish\stationery_1772449790_5.jpg,non_fish,none,none,not_fish,0
notfish_000246,D:\Hirusha\fish_data\extras\not_fish\stationery_1772449802_39.jpg,D:\Hirusha\fish_data\extras\not_fish\stationery_1772449802_39.jpg,non_fish,none,none,not_fish,0
notfish_000247,D:\Hirusha\fish_data\extras\not_fish\stationery_1772449802_40.jpg,D:\Hirusha\fish_data\extras\not_fish\stationery_1772449802_40.jpg,non_fish,none,none,not_fish,0
notfish_000248,D:\Hirusha\fish_data\extras\not_fish\stationery_1772449803_41.jpg,D:\Hirusha\fish_data\extras\not_fish\stationery_1772449803_41.jpg,non_fish,none,none,not_fish,0
notfish_000249,D:\Hirusha\fish_data\extras\not_fish\stationery_1772449808_57.jpg,D:\Hirusha\fish_data\extras\not_fish\stationery_1772449808_57.jpg,non_fish,none,none,not_fish,0
notfish_000250,D:\Hirusha\fish_data\extras\not_fish\stationery_1772449816_77.jpg,D:\Hirusha\fish_data\extras\not_fish\stationery_1772449816_77.jpg,non_fish,none,none,not_fish,0
notfish_000251,D:\Hirusha\fish_data\extras\not_fish\stationery_1772449819_85.jpg,D:\Hirusha\fish_data\extras\not_fish\stationery_1772449819_85.jpg,non_fish,none,none,not_fish,0
notfish_000252,D:\Hirusha\fish_data\extras\not_fish\stationery_1772449820_89.jpg,D:\Hirusha\fish_data\extras\not_fish\stationery_1772449820_89.jpg,non_fish,none,none,not_fish,0
notfish_000253,D:\Hirusha\fish_data\extras\not_fish\stationery_1772449821_91.jpg,D:\Hirusha\fish_data\extras\not_fish\stationery_1772449821_91.jpg,non_fish,none,none,not_fish,0
notfish_000254,D:\Hirusha\fish_data\extras\not_fish\stationery_1772449822_94.jpg,D:\Hirusha\fish_data\extras\not_fish\stationery_1772449822_94.jpg,non_fish,none,none,not_fish,0
notfish_000255,D:\Hirusha\fish_data\extras\not_fish\tilapia_1772448535_5889_0cbbbbc4.jpg,D:\Hirusha\fish_data\extras\not_fish\tilapia_1772448535_5889_0cbbbbc4.jpg,non_fish,none,none,not_fish,0
notfish_000256,D:\Hirusha\fish_data\extras\not_fish\tilapia_1772448536_8503_b7c488c9.jpg,D:\Hirusha\fish_data\extras\not_fish\tilapia_1772448536_8503_b7c488c9.jpg,non_fish,none,none,not_fish,0
notfish_000257,D:\Hirusha\fish_data\extras\not_fish\tilapia_1772448537_9249_e5cf1999.jpg,D:\Hirusha\fish_data\extras\not_fish\tilapia_1772448537_9249_e5cf1999.jpg,non_fish,none,none,not_fish,0
notfish_000258,D:\Hirusha\fish_data\extras\not_fish\tilapia_1772448539_6269_54161f4c.jpg,D:\Hirusha\fish_data\extras\not_fish\tilapia_1772448539_6269_54161f4c.jpg,non_fish,none,none,not_fish,0
notfish_000259,D:\Hirusha\fish_data\extras\not_fish\tilapia_1772448544_3706_da6a8fa3.jpg,D:\Hirusha\fish_data\extras\not_fish\tilapia_1772448544_3706_da6a8fa3.jpg,non_fish,none,none,not_fish,0
notfish_000260,D:\Hirusha\fish_data\extras\not_fish\tilapia_1772448545_1701_a2a66509.jpg,D:\Hirusha\fish_data\extras\not_fish\tilapia_1772448545_1701_a2a66509.jpg,non_fish,none,none,not_fish,0
notfish_000261,D:\Hirusha\fish_data\extras\not_fish\tilapia_1772448547_4029_24844d90.jpg,D:\Hirusha\fish_data\extras\not_fish\tilapia_1772448547_4029_24844d90.jpg,non_fish,none,none,not_fish,0
notfish_000262,D:\Hirusha\fish_data\extras\not_fish\tilapia_1772448548_1355_5cdc7faa.jpg,D:\Hirusha\fish_data\extras\not_fish\tilapia_1772448548_1355_5cdc7faa.jpg,non_fish,none,none,not_fish,0
notfish_000263,D:\Hirusha\fish_data\extras\not_fish\trout_1772448596_5742_24c6ff3e.jpg,D:\Hirusha\fish_data\extras\not_fish\trout_1772448596_5742_24c6ff3e.jpg,non_fish,none,none,not_fish,0
notfish_000264,D:\Hirusha\fish_data\extras\not_fish\trout_1772448597_7299_499dbd60.jpg,D:\Hirusha\fish_data\extras\not_fish\trout_1772448597_7299_499dbd60.jpg,non_fish,none,none,not_fish,0
notfish_000265,D:\Hirusha\fish_data\extras\not_fish\trout_1772448598_1235_a4a8a0a5.jpg,D:\Hirusha\fish_data\extras\not_fish\trout_1772448598_1235_a4a8a0a5.jpg,non_fish,none,none,not_fish,0
notfish_000266,D:\Hirusha\fish_data\extras\not_fish\truck_1772449611_6.jpg,D:\Hirusha\fish_data\extras\not_fish\truck_1772449611_6.jpg,non_fish,none,none,not_fish,0
notfish_000267,D:\Hirusha\fish_data\extras\not_fish\truck_1772449611_7.jpg,D:\Hirusha\fish_data\extras\not_fish\truck_1772449611_7.jpg,non_fish,none,none,not_fish,0
notfish_000268,D:\Hirusha\fish_data\extras\not_fish\truck_1772449612_8.jpg,D:\Hirusha\fish_data\extras\not_fish\truck_1772449612_8.jpg,non_fish,none,none,not_fish,0
notfish_000269,D:\Hirusha\fish_data\extras\not_fish\truck_1772449621_27.jpg,D:\Hirusha\fish_data\extras\not_fish\truck_1772449621_27.jpg,non_fish,none,none,not_fish,0
notfish_000270,D:\Hirusha\fish_data\extras\not_fish\truck_1772449623_33.jpg,D:\Hirusha\fish_data\extras\not_fish\truck_1772449623_33.jpg,non_fish,none,none,not_fish,0
notfish_000271,D:\Hirusha\fish_data\extras\not_fish\truck_1772449624_34.jpg,D:\Hirusha\fish_data\extras\not_fish\truck_1772449624_34.jpg,non_fish,none,none,not_fish,0
notfish_000272,D:\Hirusha\fish_data\extras\not_fish\truck_1772449628_43.jpg,D:\Hirusha\fish_data\extras\not_fish\truck_1772449628_43.jpg,non_fish,none,none,not_fish,0
notfish_000273,D:\Hirusha\fish_data\extras\not_fish\truck_1772449631_51.jpg,D:\Hirusha\fish_data\extras\not_fish\truck_1772449631_51.jpg,non_fish,none,none,not_fish,0
notfish_000274,D:\Hirusha\fish_data\extras\not_fish\truck_1772449639_73.jpg,D:\Hirusha\fish_data\extras\not_fish\truck_1772449639_73.jpg,non_fish,none,none,not_fish,0
notfish_000275,D:\Hirusha\fish_data\extras\not_fish\yellowtail_1772448779_7869_b27bb422.jpg,D:\Hirusha\fish_data\extras\not_fish\yellowtail_1772448779_7869_b27bb422.jpg,non_fish,none,none,not_fish,0
notfish_000276,D:\Hirusha\fish_data\extras\not_fish\yellowtail_1772448780_4542_5c8e2ece.jpg,D:\Hirusha\fish_data\extras\not_fish\yellowtail_1772448780_4542_5c8e2ece.jpg,non_fish,none,none,not_fish,0
notfish_000277,D:\Hirusha\fish_data\extras\not_fish\yellowtail_1772448782_1753_a98f5d2a.jpg,D:\Hirusha\fish_data\extras\not_fish\yellowtail_1772448782_1753_a98f5d2a.jpg,non_fish,none,none,not_fish,0
notfish_000278,D:\Hirusha\fish_data\extras\not_fish\yellowtail_1772448784_9591_4f8a7d0c.jpg,D:\Hirusha\fish_data\extras\not_fish\yellowtail_1772448784_9591_4f8a7d0c.jpg,non_fish,none,none,not_fish,0
notfish_000279,D:\Hirusha\fish_data\extras\not_fish\yellowtail_1772448785_6748_5ab1e8e1.jpg,D:\Hirusha\fish_data\extras\not_fish\yellowtail_1772448785_6748_5ab1e8e1.jpg,non_fish,none,none,not_fish,0
notfish_000280,D:\Hirusha\fish_data\extras\not_fish\yellowtail_1772448787_6545_458a1ae1.jpg,D:\Hirusha\fish_data\extras\not_fish\yellowtail_1772448787_6545_458a1ae1.jpg,non_fish,none,none,not_fish,0
otherfish_000000,D:\Hirusha\fish_data\extras\other_fish\albacore_tuna_1772448500_6891_c007cecd - Copy.jpg,D:\Hirusha\fish_data\extras\other_fish\albacore_tuna_1772448500_6891_c007cecd - Copy.jpg,non_fish,none,none,other_fish,0
otherfish_000001,D:\Hirusha\fish_data\extras\other_fish\albacore_tuna_1772448501_4658_c7dcb52e - Copy.jpg,D:\Hirusha\fish_data\extras\other_fish\albacore_tuna_1772448501_4658_c7dcb52e - Copy.jpg,non_fish,none,none,other_fish,0
otherfish_000002,D:\Hirusha\fish_data\extras\other_fish\albacore_tuna_1772448507_2224_5506b080 - Copy.jpg,D:\Hirusha\fish_data\extras\other_fish\albacore_tuna_1772448507_2224_5506b080 - Copy.jpg,non_fish,none,none,other_fish,0
otherfish_000003,D:\Hirusha\fish_data\extras\other_fish\albacore_tuna_1772448509_8256_30345247 - Copy.jpg,D:\Hirusha\fish_data\extras\other_fish\albacore_tuna_1772448509_8256_30345247 - Copy.jpg,non_fish,none,none,other_fish,0
otherfish_000004,D:\Hirusha\fish_data\extras\other_fish\albacore_tuna_1772448510_5049_412f7ebe - Copy.jpg,D:\Hirusha\fish_data\extras\other_fish\albacore_tuna_1772448510_5049_412f7ebe - Copy.jpg,non_fish,none,none,other_fish,0
otherfish_000005,D:\Hirusha\fish_data\extras\other_fish\albacore_tuna_1772448512_3383_3925a3bc - Copy.jpg,D:\Hirusha\fish_data\extras\other_fish\albacore_tuna_1772448512_3383_3925a3bc - Copy.jpg,non_fish,none,none,other_fish,0
otherfish_000006,D:\Hirusha\fish_data\extras\other_fish\albacore_tuna_1772448512_4984_b0031cd3 - Copy.jpg,D:\Hirusha\fish_data\extras\other_fish\albacore_tuna_1772448512_4984_b0031cd3 - Copy.jpg,non_fish,none,none,other_fish,0
otherfish_000007,D:\Hirusha\fish_data\extras\other_fish\amberjack_1772448692_8280_78ac4de4 - Copy.jpg,D:\Hirusha\fish_data\extras\other_fish\amberjack_1772448692_8280_78ac4de4 - Copy.jpg,non_fish,none,none,other_fish,0
otherfish_000008,D:\Hirusha\fish_data\extras\other_fish\amberjack_1772448693_6617_f323dbe8 - Copy.jpg,D:\Hirusha\fish_data\extras\other_fish\amberjack_1772448693_6617_f323dbe8 - Copy.jpg,non_fish,none,none,other_fish,0
otherfish_000009,D:\Hirusha\fish_data\extras\other_fish\amberjack_1772448694_7379_9ae662ce - Copy.jpg,D:\Hirusha\fish_data\extras\other_fish\amberjack_1772448694_7379_9ae662ce - Copy.jpg,non_fish,none,none,other_fish,0
otherfish_000010,D:\Hirusha\fish_data\extras\other_fish\amberjack_1772448697_3354_7391d8d3 - Copy.jpg,D:\Hirusha\fish_data\extras\other_fish\amberjack_1772448697_3354_7391d8d3 - Copy.jpg,non_fish,none,none,other_fish,0
otherfish_000011,D:\Hirusha\fish_data\extras\other_fish\amberjack_1772448698_6862_dc4f6176 - Copy.jpg,D:\Hirusha\fish_data\extras\other_fish\amberjack_1772448698_6862_dc4f6176 - Copy.jpg,non_fish,none,none,other_fish,0
otherfish_000012,D:\Hirusha\fish_data\extras\other_fish\amberjack_1772448699_1605_b3436386 - Copy.jpg,D:\Hirusha\fish_data\extras\other_fish\amberjack_1772448699_1605_b3436386 - Copy.jpg,non_fish,none,none,other_fish,0
otherfish_000013,D:\Hirusha\fish_data\extras\other_fish\amberjack_1772448700_4646_6fc29ac4 - Copy.jpg,D:\Hirusha\fish_data\extras\other_fish\amberjack_1772448700_4646_6fc29ac4 - Copy.jpg,non_fish,none,none,other_fish,0
otherfish_000014,D:\Hirusha\fish_data\extras\other_fish\amberjack_1772448701_4274_349e07ab - Copy.jpg,D:\Hirusha\fish_data\extras\other_fish\amberjack_1772448701_4274_349e07ab - Copy.jpg,non_fish,none,none,other_fish,0
otherfish_000015,D:\Hirusha\fish_data\extras\other_fish\amberjack_1772448702_4196_6b743243 - Copy.jpg,D:\Hirusha\fish_data\extras\other_fish\amberjack_1772448702_4196_6b743243 - Copy.jpg,non_fish,none,none,other_fish,0
otherfish_000016,D:\Hirusha\fish_data\extras\other_fish\amberjack_1772448703_6131_3e7e235c - Copy.jpg,D:\Hirusha\fish_data\extras\other_fish\amberjack_1772448703_6131_3e7e235c - Copy.jpg,non_fish,none,none,other_fish,0
otherfish_000017,D:\Hirusha\fish_data\extras\other_fish\amberjack_1772448704_5592_92599f9b - Copy.jpg,D:\Hirusha\fish_data\extras\other_fish\amberjack_1772448704_5592_92599f9b - Copy.jpg,non_fish,none,none,other_fish,0
otherfish_000018,D:\Hirusha\fish_data\extras\other_fish\amberjack_1772448705_5216_d8bc338f - Copy.jpg,D:\Hirusha\fish_data\extras\other_fish\amberjack_1772448705_5216_d8bc338f - Copy.jpg,non_fish,none,none,other_fish,0
otherfish_000019,D:\Hirusha\fish_data\extras\other_fish\amberjack_1772448705_9188_30ecf347 - Copy.jpg,D:\Hirusha\fish_data\extras\other_fish\amberjack_1772448705_9188_30ecf347 - Copy.jpg,non_fish,none,none,other_fish,0
otherfish_000020,D:\Hirusha\fish_data\extras\other_fish\barracuda_1772448711_9413_189df823 - Copy.jpg,D:\Hirusha\fish_data\extras\other_fish\barracuda_1772448711_9413_189df823 - Copy.jpg,non_fish,none,none,other_fish,0
otherfish_000021,D:\Hirusha\fish_data\extras\other_fish\barracuda_1772448712_4222_4d0ac3ee - Copy.jpg,D:\Hirusha\fish_data\extras\other_fish\barracuda_1772448712_4222_4d0ac3ee - Copy.jpg,non_fish,none,none,other_fish,0
otherfish_000022,D:\Hirusha\fish_data\extras\other_fish\barracuda_1772448713_6614_0bc574ea - Copy.jpg,D:\Hirusha\fish_data\extras\other_fish\barracuda_1772448713_6614_0bc574ea - Copy.jpg,non_fish,none,none,other_fish,0
otherfish_000023,D:\Hirusha\fish_data\extras\other_fish\barracuda_1772448714_8903_a8d3aebf - Copy.jpg,D:\Hirusha\fish_data\extras\other_fish\barracuda_1772448714_8903_a8d3aebf - Copy.jpg,non_fish,none,none,other_fish,0
otherfish_000024,D:\Hirusha\fish_data\extras\other_fish\barracuda_1772448715_3464_e72d2fbf - Copy.jpg,D:\Hirusha\fish_data\extras\other_fish\barracuda_1772448715_3464_e72d2fbf - Copy.jpg,non_fish,none,none,other_fish,0
otherfish_000025,D:\Hirusha\fish_data\extras\other_fish\barracuda_1772448716_4366_59e95ff5 - Copy.jpg,D:\Hirusha\fish_data\extras\other_fish\barracuda_1772448716_4366_59e95ff5 - Copy.jpg,non_fish,none,none,other_fish,0
otherfish_000026,D:\Hirusha\fish_data\extras\other_fish\barracuda_1772448717_4585_40de7f61 - Copy.jpg,D:\Hirusha\fish_data\extras\other_fish\barracuda_1772448717_4585_40de7f61 - Copy.jpg,non_fish,none,none,other_fish,0
otherfish_000027,D:\Hirusha\fish_data\extras\other_fish\barracuda_1772448721_8345_51ab620f - Copy.jpg,D:\Hirusha\fish_data\extras\other_fish\barracuda_1772448721_8345_51ab620f - Copy.jpg,non_fish,none,none,other_fish,0
otherfish_000028,D:\Hirusha\fish_data\extras\other_fish\barracuda_1772448722_2676_48ec9789 - Copy.jpg,D:\Hirusha\fish_data\extras\other_fish\barracuda_1772448722_2676_48ec9789 - Copy.jpg,non_fish,none,none,other_fish,0
otherfish_000029,D:\Hirusha\fish_data\extras\other_fish\barracuda_1772448723_4873_0884c62e - Copy.jpg,D:\Hirusha\fish_data\extras\other_fish\barracuda_1772448723_4873_0884c62e - Copy.jpg,non_fish,none,none,other_fish,0
otherfish_000030,D:\Hirusha\fish_data\extras\other_fish\barracuda_1772448724_3557_2596c577 - Copy.jpg,D:\Hirusha\fish_data\extras\other_fish\barracuda_1772448724_3557_2596c577 - Copy.jpg,non_fish,none,none,other_fish,0
otherfish_000031,D:\Hirusha\fish_data\extras\other_fish\barracuda_1772448725_4475_14569cf0 - Copy.jpg,D:\Hirusha\fish_data\extras\other_fish\barracuda_1772448725_4475_14569cf0 - Copy.jpg,non_fish,none,none,other_fish,0
otherfish_000032,D:\Hirusha\fish_data\extras\other_fish\barracuda_1772448726_2454_3c2f0c50 - Copy.jpg,D:\Hirusha\fish_data\extras\other_fish\barracuda_1772448726_2454_3c2f0c50 - Copy.jpg,non_fish,none,none,other_fish,0
otherfish_000033,D:\Hirusha\fish_data\extras\other_fish\barracuda_1772448728_7430_9422afed - Copy.jpg,D:\Hirusha\fish_data\extras\other_fish\barracuda_1772448728_7430_9422afed - Copy.jpg,non_fish,none,none,other_fish,0
otherfish_000034,D:\Hirusha\fish_data\extras\other_fish\barracuda_1772448729_9300_10e40faf - Copy.jpg,D:\Hirusha\fish_data\extras\other_fish\barracuda_1772448729_9300_10e40faf - Copy.jpg,non_fish,none,none,other_fish,0
otherfish_000035,D:\Hirusha\fish_data\extras\other_fish\barracuda_1772448730_6698_8f439e25 - Copy.jpg,D:\Hirusha\fish_data\extras\other_fish\barracuda_1772448730_6698_8f439e25 - Copy.jpg,non_fish,none,none,other_fish,0
otherfish_000036,D:\Hirusha\fish_data\extras\other_fish\barracuda_1772448731_9405_1e652486 - Copy.jpg,D:\Hirusha\fish_data\extras\other_fish\barracuda_1772448731_9405_1e652486 - Copy.jpg,non_fish,none,none,other_fish,0
otherfish_000037,D:\Hirusha\fish_data\extras\other_fish\barramundi_1772448540_1524_4778d7d6 - Copy.jpg,D:\Hirusha\fish_data\extras\other_fish\barramundi_1772448540_1524_4778d7d6 - Copy.jpg,non_fish,none,none,other_fish,0
otherfish_000038,D:\Hirusha\fish_data\extras\other_fish\barramundi_1772448541_8785_f2473f18 - Copy.jpg,D:\Hirusha\fish_data\extras\other_fish\barramundi_1772448541_8785_f2473f18 - Copy.jpg,non_fish,none,none,other_fish,0
otherfish_000039,D:\Hirusha\fish_data\extras\other_fish\barramundi_1772448550_4491_33b08cc5 - Copy.jpg,D:\Hirusha\fish_data\extras\other_fish\barramundi_1772448550_4491_33b08cc5 - Copy.jpg,non_fish,none,none,other_fish,0
otherfish_000040,D:\Hirusha\fish_data\extras\other_fish\barramundi_1772448552_1879_0e070f52 - Copy.jpg,D:\Hirusha\fish_data\extras\other_fish\barramundi_1772448552_1879_0e070f52 - Copy.jpg,non_fish,none,none,other_fish,0
otherfish_000041,D:\Hirusha\fish_data\extras\other_fish\barramundi_1772448741_8534_3f2cd868 - Copy.jpg,D:\Hirusha\fish_data\extras\other_fish\barramundi_1772448741_8534_3f2cd868 - Copy.jpg,non_fish,none,none,other_fish,0
otherfish_000042,D:\Hirusha\fish_data\extras\other_fish\bass_1772448527_4339_3b031483 - Copy.jpg,D:\Hirusha\fish_data\extras\other_fish\bass_1772448527_4339_3b031483 - Copy.jpg,non_fish,none,none,other_fish,0
otherfish_000043,D:\Hirusha\fish_data\extras\other_fish\bass_1772448530_6924_fab127fa - Copy.jpg,D:\Hirusha\fish_data\extras\other_fish\bass_1772448530_6924_fab127fa - Copy.jpg,non_fish,none,none,other_fish,0
otherfish_000044,D:\Hirusha\fish_data\extras\other_fish\bass_1772448533_2581_4559c019 - Copy.jpg,D:\Hirusha\fish_data\extras\other_fish\bass_1772448533_2581_4559c019 - Copy.jpg,non_fish,none,none,other_fish,0
otherfish_000045,D:\Hirusha\fish_data\extras\other_fish\flounder_1772448500_5261_61abac81 - Copy.jpg,D:\Hirusha\fish_data\extras\other_fish\flounder_1772448500_5261_61abac81 - Copy.jpg,non_fish,none,none,other_fish,0
otherfish_000046,D:\Hirusha\fish_data\extras\other_fish\flounder_1772448501_4022_70e83aac - Copy.jpg,D:\Hirusha\fish_data\extras\other_fish\flounder_1772448501_4022_70e83aac - Copy.jpg,non_fish,none,none,other_fish,0
otherfish_000047,D:\Hirusha\fish_data\extras\other_fish\flounder_1772448502_3249_51263772 - Copy.jpg,D:\Hirusha\fish_data\extras\other_fish\flounder_1772448502_3249_51263772 - Copy.jpg,non_fish,none,none,other_fish,0
otherfish_000048,D:\Hirusha\fish_data\extras\other_fish\hake_1772448667_6815_cb8585ed - Copy.jpg,D:\Hirusha\fish_data\extras\other_fish\hake_1772448667_6815_cb8585ed - Copy.jpg,non_fish,none,none,other_fish,0
otherfish_000049,D:\Hirusha\fish_data\extras\other_fish\kingfish_1772448693_2536_a1b05018 - Copy.jpg,D:\Hirusha\fish_data\extras\other_fish\kingfish_1772448693_2536_a1b05018 - Copy.jpg,non_fish,none,none,other_fish,0
otherfish_000050,D:\Hirusha\fish_data\extras\other_fish\kingfish_1772448694_7930_97df1a30 - Copy.jpg,D:\Hirusha\fish_data\extras\other_fish\kingfish_1772448694_7930_97df1a30 - Copy.jpg,non_fish,none,none,other_fish,0
otherfish_000051,D:\Hirusha\fish_data\extras\other_fish\kingfish_1772448695_1661_35e7acb1 - Copy.jpg,D:\Hirusha\fish_data\extras\other_fish\kingfish_1772448695_1661_35e7acb1 - Copy.jpg,non_fish,none,none,other_fish,0
otherfish_000052,D:\Hirusha\fish_data\extras\other_fish\kingfish_1772448699_1099_11739ffe - Copy.jpg,D:\Hirusha\fish_data\extras\other_fish\kingfish_1772448699_1099_11739ffe - Copy.jpg,non_fish,none,none,other_fish,0
otherfish_000053,D:\Hirusha\fish_data\extras\other_fish\kingfish_1772448701_2318_1aa8f8c7 - Copy.jpg,D:\Hirusha\fish_data\extras\other_fish\kingfish_1772448701_2318_1aa8f8c7 - Copy.jpg,non_fish,none,none,other_fish,0
otherfish_000054,D:\Hirusha\fish_data\extras\other_fish\kingfish_1772448702_3937_f31d4905 - Copy.jpg,D:\Hirusha\fish_data\extras\other_fish\kingfish_1772448702_3937_f31d4905 - Copy.jpg,non_fish,none,none,other_fish,0
otherfish_000055,D:\Hirusha\fish_data\extras\other_fish\kingfish_1772448703_7248_eead1911 - Copy.jpg,D:\Hirusha\fish_data\extras\other_fish\kingfish_1772448703_7248_eead1911 - Copy.jpg,non_fish,none,none,other_fish,0
otherfish_000056,D:\Hirusha\fish_data\extras\other_fish\kingfish_1772448704_8499_5b851f4b - Copy.jpg,D:\Hirusha\fish_data\extras\other_fish\kingfish_1772448704_8499_5b851f4b - Copy.jpg,non_fish,none,none,other_fish,0
otherfish_000057,D:\Hirusha\fish_data\extras\other_fish\kingfish_1772448706_4033_c5f1c40c - Copy.jpg,D:\Hirusha\fish_data\extras\other_fish\kingfish_1772448706_4033_c5f1c40c - Copy.jpg,non_fish,none,none,other_fish,0
otherfish_000058,D:\Hirusha\fish_data\extras\other_fish\kingfish_1772448707_4103_5caa3e8f - Copy.jpg,D:\Hirusha\fish_data\extras\other_fish\kingfish_1772448707_4103_5caa3e8f - Copy.jpg,non_fish,none,none,other_fish,0
otherfish_000059,D:\Hirusha\fish_data\extras\other_fish\kingfish_1772448709_4085_128529e2 - Copy.jpg,D:\Hirusha\fish_data\extras\other_fish\kingfish_1772448709_4085_128529e2 - Copy.jpg,non_fish,none,none,other_fish,0
otherfish_000060,D:\Hirusha\fish_data\extras\other_fish\MACKEREL.jpg,D:\Hirusha\fish_data\extras\other_fish\MACKEREL.jpg,non_fish,none,none,other_fish,0
otherfish_000061,D:\Hirusha\fish_data\extras\other_fish\pike_1772448629_9459_d2ef0e4e - Copy.jpg,D:\Hirusha\fish_data\extras\other_fish\pike_1772448629_9459_d2ef0e4e - Copy.jpg,non_fish,none,none,other_fish,0
otherfish_000062,D:\Hirusha\fish_data\extras\other_fish\pike_1772448630_2336_af01c32e - Copy.jpg,D:\Hirusha\fish_data\extras\other_fish\pike_1772448630_2336_af01c32e - Copy.jpg,non_fish,none,none,other_fish,0
otherfish_000063,D:\Hirusha\fish_data\extras\other_fish\pike_1772448632_6378_0a8fdcdf - Copy.jpg,D:\Hirusha\fish_data\extras\other_fish\pike_1772448632_6378_0a8fdcdf - Copy.jpg,non_fish,none,none,other_fish,0
otherfish_000064,D:\Hirusha\fish_data\extras\other_fish\pike_1772448634_6012_1e3f3108 - Copy.jpg,D:\Hirusha\fish_data\extras\other_fish\pike_1772448634_6012_1e3f3108 - Copy.jpg,non_fish,none,none,other_fish,0
otherfish_000065,D:\Hirusha\fish_data\extras\other_fish\pompano_1772448606_2413_fd39b18f - Copy.jpg,D:\Hirusha\fish_data\extras\other_fish\pompano_1772448606_2413_fd39b18f - Copy.jpg,non_fish,none,none,other_fish,0
otherfish_000066,D:\Hirusha\fish_data\extras\other_fish\pompano_1772448607_4928_2116dfd2 - Copy.jpg,D:\Hirusha\fish_data\extras\other_fish\pompano_1772448607_4928_2116dfd2 - Copy.jpg,non_fish,none,none,other_fish,0
otherfish_000067,D:\Hirusha\fish_data\extras\other_fish\pompano_1772448609_5715_d9015d38 - Copy.jpg,D:\Hirusha\fish_data\extras\other_fish\pompano_1772448609_5715_d9015d38 - Copy.jpg,non_fish,none,none,other_fish,0
otherfish_000068,D:\Hirusha\fish_data\extras\other_fish\pompano_1772448610_1357_dc0ad4be - Copy.jpg,D:\Hirusha\fish_data\extras\other_fish\pompano_1772448610_1357_dc0ad4be - Copy.jpg,non_fish,none,none,other_fish,0
otherfish_000069,D:\Hirusha\fish_data\extras\other_fish\pompano_1772448611_3526_8406000c - Copy.jpg,D:\Hirusha\fish_data\extras\other_fish\pompano_1772448611_3526_8406000c - Copy.jpg,non_fish,none,none,other_fish,0
otherfish_000070,D:\Hirusha\fish_data\extras\other_fish\pompano_1772448612_1760_7e4b7a9e - Copy.jpg,D:\Hirusha\fish_data\extras\other_fish\pompano_1772448612_1760_7e4b7a9e - Copy.jpg,non_fish,none,none,other_fish,0
otherfish_000071,D:\Hirusha\fish_data\extras\other_fish\pompano_1772448615_1352_a4d8d2a0 - Copy.jpg,D:\Hirusha\fish_data\extras\other_fish\pompano_1772448615_1352_a4d8d2a0 - Copy.jpg,non_fish,none,none,other_fish,0
otherfish_000072,D:\Hirusha\fish_data\extras\other_fish\pompano_1772448616_8462_e46407d8 - Copy.jpg,D:\Hirusha\fish_data\extras\other_fish\pompano_1772448616_8462_e46407d8 - Copy.jpg,non_fish,none,none,other_fish,0
otherfish_000073,D:\Hirusha\fish_data\extras\other_fish\red_snapper_1772448749_4381_0457ca34 - Copy.jpg,D:\Hirusha\fish_data\extras\other_fish\red_snapper_1772448749_4381_0457ca34 - Copy.jpg,non_fish,none,none,other_fish,0
otherfish_000074,D:\Hirusha\fish_data\extras\other_fish\SAILFISH.jpg,D:\Hirusha\fish_data\extras\other_fish\SAILFISH.jpg,non_fish,none,none,other_fish,0
otherfish_000075,D:\Hirusha\fish_data\extras\other_fish\SARDINE.jpg,D:\Hirusha\fish_data\extras\other_fish\SARDINE.jpg,non_fish,none,none,other_fish,0
otherfish_000076,D:\Hirusha\fish_data\extras\other_fish\SCAD.jpg,D:\Hirusha\fish_data\extras\other_fish\SCAD.jpg,non_fish,none,none,other_fish,0
otherfish_000077,D:\Hirusha\fish_data\extras\other_fish\SKIPJACKTUNA.jpg,D:\Hirusha\fish_data\extras\other_fish\SKIPJACKTUNA.jpg,non_fish,none,none,other_fish,0
otherfish_000078,D:\Hirusha\fish_data\extras\other_fish\snapper_1772448650_9754_4654f4b5 - Copy.jpg,D:\Hirusha\fish_data\extras\other_fish\snapper_1772448650_9754_4654f4b5 - Copy.jpg,non_fish,none,none,other_fish,0
otherfish_000079,D:\Hirusha\fish_data\extras\other_fish\snapper_1772448652_7394_f7650858 - Copy.jpg,D:\Hirusha\fish_data\extras\other_fish\snapper_1772448652_7394_f7650858 - Copy.jpg,non_fish,none,none,other_fish,0
otherfish_000080,D:\Hirusha\fish_data\extras\other_fish\snapper_1772448656_9116_0d12e1bf - Copy.jpg,D:\Hirusha\fish_data\extras\other_fish\snapper_1772448656_9116_0d12e1bf - Copy.jpg,non_fish,none,none,other_fish,0
otherfish_000081,D:\Hirusha\fish_data\extras\other_fish\snapper_1772448657_9114_48121b04 - Copy.jpg,D:\Hirusha\fish_data\extras\other_fish\snapper_1772448657_9114_48121b04 - Copy.jpg,non_fish,none,none,other_fish,0
otherfish_000082,D:\Hirusha\fish_data\extras\other_fish\snapper_1772448658_2417_52215f41 - Copy.jpg,D:\Hirusha\fish_data\extras\other_fish\snapper_1772448658_2417_52215f41 - Copy.jpg,non_fish,none,none,other_fish,0
otherfish_000083,D:\Hirusha\fish_data\extras\other_fish\snapper_1772448659_2639_9910151b - Copy.jpg,D:\Hirusha\fish_data\extras\other_fish\snapper_1772448659_2639_9910151b - Copy.jpg,non_fish,none,none,other_fish,0
otherfish_000084,D:\Hirusha\fish_data\extras\other_fish\snapper_1772448661_1305_e8014004 - Copy.jpg,D:\Hirusha\fish_data\extras\other_fish\snapper_1772448661_1305_e8014004 - Copy.jpg,non_fish,none,none,other_fish,0
otherfish_000085,D:\Hirusha\fish_data\extras\other_fish\snapper_1772448662_4292_e6c6f016 - Copy.jpg,D:\Hirusha\fish_data\extras\other_fish\snapper_1772448662_4292_e6c6f016 - Copy.jpg,non_fish,none,none,other_fish,0
otherfish_000086,D:\Hirusha\fish_data\extras\other_fish\snapper_1772448663_3327_267e72b0 - Copy.jpg,D:\Hirusha\fish_data\extras\other_fish\snapper_1772448663_3327_267e72b0 - Copy.jpg,non_fish,none,none,other_fish,0
otherfish_000087,D:\Hirusha\fish_data\extras\other_fish\snapper_1772448664_3268_0a70514e - Copy.jpg,D:\Hirusha\fish_data\extras\other_fish\snapper_1772448664_3268_0a70514e - Copy.jpg,non_fish,none,none,other_fish,0
otherfish_000088,D:\Hirusha\fish_data\extras\other_fish\snapper_1772448665_5325_9efdf7cc - Copy.jpg,D:\Hirusha\fish_data\extras\other_fish\snapper_1772448665_5325_9efdf7cc - Copy.jpg,non_fish,none,none,other_fish,0
otherfish_000089,D:\Hirusha\fish_data\extras\other_fish\snapper_1772448666_8994_4e869bec - Copy.jpg,D:\Hirusha\fish_data\extras\other_fish\snapper_1772448666_8994_4e869bec - Copy.jpg,non_fish,none,none,other_fish,0
otherfish_000090,D:\Hirusha\fish_data\extras\other_fish\snapper_1772448667_2926_f89728c4 - Copy.jpg,D:\Hirusha\fish_data\extras\other_fish\snapper_1772448667_2926_f89728c4 - Copy.jpg,non_fish,none,none,other_fish,0
otherfish_000091,D:\Hirusha\fish_data\extras\other_fish\snapper_1772448668_6789_b53bd2b1 - Copy.jpg,D:\Hirusha\fish_data\extras\other_fish\snapper_1772448668_6789_b53bd2b1 - Copy.jpg,non_fish,none,none,other_fish,0
otherfish_000092,D:\Hirusha\fish_data\extras\other_fish\tarpon_1772448591_5233_38271508.jpg,D:\Hirusha\fish_data\extras\other_fish\tarpon_1772448591_5233_38271508.jpg,non_fish,none,none,other_fish,0
otherfish_000093,D:\Hirusha\fish_data\extras\other_fish\tarpon_1772448592_4604_83bb161a.jpg,D:\Hirusha\fish_data\extras\other_fish\tarpon_1772448592_4604_83bb161a.jpg,non_fish,none,none,other_fish,0
otherfish_000094,D:\Hirusha\fish_data\extras\other_fish\tarpon_1772448593_7682_3ff4c677 - Copy.jpg,D:\Hirusha\fish_data\extras\other_fish\tarpon_1772448593_7682_3ff4c677 - Copy.jpg,non_fish,none,none,other_fish,0
otherfish_000095,D:\Hirusha\fish_data\extras\other_fish\tarpon_1772448593_7682_3ff4c677.jpg,D:\Hirusha\fish_data\extras\other_fish\tarpon_1772448593_7682_3ff4c677.jpg,non_fish,none,none,other_fish,0
otherfish_000096,D:\Hirusha\fish_data\extras\other_fish\tarpon_1772448593_7930_a45c882f.jpg,D:\Hirusha\fish_data\extras\other_fish\tarpon_1772448593_7930_a45c882f.jpg,non_fish,none,none,other_fish,0
otherfish_000097,D:\Hirusha\fish_data\extras\other_fish\tarpon_1772448595_5242_dceedcff.jpg,D:\Hirusha\fish_data\extras\other_fish\tarpon_1772448595_5242_dceedcff.jpg,non_fish,none,none,other_fish,0
otherfish_000098,D:\Hirusha\fish_data\extras\other_fish\tarpon_1772448595_9221_6380995b.jpg,D:\Hirusha\fish_data\extras\other_fish\tarpon_1772448595_9221_6380995b.jpg,non_fish,none,none,other_fish,0
otherfish_000099,D:\Hirusha\fish_data\extras\other_fish\tarpon_1772448596_6118_810e2f7b.jpg,D:\Hirusha\fish_data\extras\other_fish\tarpon_1772448596_6118_810e2f7b.jpg,non_fish,none,none,other_fish,0
otherfish_000100,D:\Hirusha\fish_data\extras\other_fish\tarpon_1772448599_3572_c13940fa.jpg,D:\Hirusha\fish_data\extras\other_fish\tarpon_1772448599_3572_c13940fa.jpg,non_fish,none,none,other_fish,0
otherfish_000101,D:\Hirusha\fish_data\extras\other_fish\tarpon_1772448601_8284_b34db403.jpg,D:\Hirusha\fish_data\extras\other_fish\tarpon_1772448601_8284_b34db403.jpg,non_fish,none,none,other_fish,0
otherfish_000102,D:\Hirusha\fish_data\extras\other_fish\tarpon_1772448602_1766_0b019c4b.jpg,D:\Hirusha\fish_data\extras\other_fish\tarpon_1772448602_1766_0b019c4b.jpg,non_fish,none,none,other_fish,0
otherfish_000103,D:\Hirusha\fish_data\extras\other_fish\tarpon_1772448603_6714_93e49e66.jpg,D:\Hirusha\fish_data\extras\other_fish\tarpon_1772448603_6714_93e49e66.jpg,non_fish,none,none,other_fish,0
otherfish_000104,D:\Hirusha\fish_data\extras\other_fish\tarpon_1772448604_1809_4b02fc90.jpg,D:\Hirusha\fish_data\extras\other_fish\tarpon_1772448604_1809_4b02fc90.jpg,non_fish,none,none,other_fish,0
otherfish_000105,D:\Hirusha\fish_data\extras\other_fish\tarpon_1772448605_4650_6de0ff29.jpg,D:\Hirusha\fish_data\extras\other_fish\tarpon_1772448605_4650_6de0ff29.jpg,non_fish,none,none,other_fish,0
otherfish_000106,D:\Hirusha\fish_data\extras\other_fish\tarpon_1772448606_7858_cc66be42.jpg,D:\Hirusha\fish_data\extras\other_fish\tarpon_1772448606_7858_cc66be42.jpg,non_fish,none,none,other_fish,0
otherfish_000107,D:\Hirusha\fish_data\extras\other_fish\tarpon_1772448607_3502_84308b6b.jpg,D:\Hirusha\fish_data\extras\other_fish\tarpon_1772448607_3502_84308b6b.jpg,non_fish,none,none,other_fish,0
otherfish_000108,D:\Hirusha\fish_data\extras\other_fish\tarpon_1772448608_1080_14e5aaee.jpg,D:\Hirusha\fish_data\extras\other_fish\tarpon_1772448608_1080_14e5aaee.jpg,non_fish,none,none,other_fish,0
otherfish_000109,D:\Hirusha\fish_data\extras\other_fish\tarpon_1772448609_6758_c10ae0a9.jpg,D:\Hirusha\fish_data\extras\other_fish\tarpon_1772448609_6758_c10ae0a9.jpg,non_fish,none,none,other_fish,0
otherfish_000110,D:\Hirusha\fish_data\extras\other_fish\tilapia_1772448533_9906_e0bf2ad3.jpg,D:\Hirusha\fish_data\extras\other_fish\tilapia_1772448533_9906_e0bf2ad3.jpg,non_fish,none,none,other_fish,0
otherfish_000111,D:\Hirusha\fish_data\extras\other_fish\TREVALLY.jpg,D:\Hirusha\fish_data\extras\other_fish\TREVALLY.jpg,non_fish,none,none,other_fish,0
otherfish_000112,D:\Hirusha\fish_data\extras\other_fish\trout_1772448581_9639_4b654656.jpg,D:\Hirusha\fish_data\extras\other_fish\trout_1772448581_9639_4b654656.jpg,non_fish,none,none,other_fish,0
otherfish_000113,D:\Hirusha\fish_data\extras\other_fish\trout_1772448583_8983_f44c31cb.jpg,D:\Hirusha\fish_data\extras\other_fish\trout_1772448583_8983_f44c31cb.jpg,non_fish,none,none,other_fish,0
otherfish_000114,D:\Hirusha\fish_data\extras\other_fish\trout_1772448585_5599_89c3ea6b.jpg,D:\Hirusha\fish_data\extras\other_fish\trout_1772448585_5599_89c3ea6b.jpg,non_fish,none,none,other_fish,0
otherfish_000115,D:\Hirusha\fish_data\extras\other_fish\trout_1772448586_6452_9da6ac11.jpg,D:\Hirusha\fish_data\extras\other_fish\trout_1772448586_6452_9da6ac11.jpg,non_fish,none,none,other_fish,0
otherfish_000116,D:\Hirusha\fish_data\extras\other_fish\trout_1772448590_6895_a03a0083.jpg,D:\Hirusha\fish_data\extras\other_fish\trout_1772448590_6895_a03a0083.jpg,non_fish,none,none,other_fish,0
otherfish_000117,D:\Hirusha\fish_data\extras\other_fish\trout_1772448593_2610_7bad1e74.jpg,D:\Hirusha\fish_data\extras\other_fish\trout_1772448593_2610_7bad1e74.jpg,non_fish,none,none,other_fish,0
otherfish_000118,D:\Hirusha\fish_data\extras\other_fish\trout_1772448594_1050_41dd2a47.jpg,D:\Hirusha\fish_data\extras\other_fish\trout_1772448594_1050_41dd2a47.jpg,non_fish,none,none,other_fish,0
otherfish_000119,D:\Hirusha\fish_data\extras\other_fish\trout_1772448599_5594_ef594b97.jpg,D:\Hirusha\fish_data\extras\other_fish\trout_1772448599_5594_ef594b97.jpg,non_fish,none,none,other_fish,0
otherfish_000120,D:\Hirusha\fish_data\extras\other_fish\trout_1772448727_2598_027449cf.jpg,D:\Hirusha\fish_data\extras\other_fish\trout_1772448727_2598_027449cf.jpg,non_fish,none,none,other_fish,0
otherfish_000121,D:\Hirusha\fish_data\extras\other_fish\TUNA.jpg,D:\Hirusha\fish_data\extras\other_fish\TUNA.jpg,non_fish,none,none,other_fish,0
otherfish_000122,D:\Hirusha\fish_data\extras\other_fish\turbot_1772448780_2363_ba2a821a.jpg,D:\Hirusha\fish_data\extras\other_fish\turbot_1772448780_2363_ba2a821a.jpg,non_fish,none,none,other_fish,0
otherfish_000123,D:\Hirusha\fish_data\extras\other_fish\turbot_1772448782_3679_74b37fe0.jpg,D:\Hirusha\fish_data\extras\other_fish\turbot_1772448782_3679_74b37fe0.jpg,non_fish,none,none,other_fish,0
otherfish_000124,D:\Hirusha\fish_data\extras\other_fish\turbot_1772448784_9573_9698253a.jpg,D:\Hirusha\fish_data\extras\other_fish\turbot_1772448784_9573_9698253a.jpg,non_fish,none,none,other_fish,0
otherfish_000125,D:\Hirusha\fish_data\extras\other_fish\turbot_1772448786_2596_d43b5e28.jpg,D:\Hirusha\fish_data\extras\other_fish\turbot_1772448786_2596_d43b5e28.jpg,non_fish,none,none,other_fish,0
otherfish_000126,D:\Hirusha\fish_data\extras\other_fish\wahoo_1772448653_8192_bb1aa77a.jpg,D:\Hirusha\fish_data\extras\other_fish\wahoo_1772448653_8192_bb1aa77a.jpg,non_fish,none,none,other_fish,0
otherfish_000127,D:\Hirusha\fish_data\extras\other_fish\wahoo_1772448657_2859_6b36cf22.jpg,D:\Hirusha\fish_data\extras\other_fish\wahoo_1772448657_2859_6b36cf22.jpg,non_fish,none,none,other_fish,0
otherfish_000128,D:\Hirusha\fish_data\extras\other_fish\wahoo_1772448657_4266_57b3121f.jpg,D:\Hirusha\fish_data\extras\other_fish\wahoo_1772448657_4266_57b3121f.jpg,non_fish,none,none,other_fish,0
otherfish_000129,D:\Hirusha\fish_data\extras\other_fish\wahoo_1772448658_7659_132bc2ea.jpg,D:\Hirusha\fish_data\extras\other_fish\wahoo_1772448658_7659_132bc2ea.jpg,non_fish,none,none,other_fish,0
otherfish_000130,D:\Hirusha\fish_data\extras\other_fish\wahoo_1772448660_6890_dfe2effd.jpg,D:\Hirusha\fish_data\extras\other_fish\wahoo_1772448660_6890_dfe2effd.jpg,non_fish,none,none,other_fish,0
otherfish_000131,D:\Hirusha\fish_data\extras\other_fish\wahoo_1772448661_4308_06f67b8f.jpg,D:\Hirusha\fish_data\extras\other_fish\wahoo_1772448661_4308_06f67b8f.jpg,non_fish,none,none,other_fish,0
otherfish_000132,D:\Hirusha\fish_data\extras\other_fish\wahoo_1772448662_6011_90657f38.jpg,D:\Hirusha\fish_data\extras\other_fish\wahoo_1772448662_6011_90657f38.jpg,non_fish,none,none,other_fish,0
otherfish_000133,D:\Hirusha\fish_data\extras\other_fish\wahoo_1772448664_3978_fdad4a8b.jpg,D:\Hirusha\fish_data\extras\other_fish\wahoo_1772448664_3978_fdad4a8b.jpg,non_fish,none,none,other_fish,0
otherfish_000134,D:\Hirusha\fish_data\extras\other_fish\wahoo_1772448665_8319_3b061617.jpg,D:\Hirusha\fish_data\extras\other_fish\wahoo_1772448665_8319_3b061617.jpg,non_fish,none,none,other_fish,0
otherfish_000135,D:\Hirusha\fish_data\extras\other_fish\wahoo_1772448668_1120_40e2f0c1.jpg,D:\Hirusha\fish_data\extras\other_fish\wahoo_1772448668_1120_40e2f0c1.jpg,non_fish,none,none,other_fish,0
otherfish_000136,D:\Hirusha\fish_data\extras\other_fish\wahoo_1772448670_2004_f9c6e775.jpg,D:\Hirusha\fish_data\extras\other_fish\wahoo_1772448670_2004_f9c6e775.jpg,non_fish,none,none,other_fish,0
otherfish_000137,D:\Hirusha\fish_data\extras\other_fish\wahoo_1772448671_6182_58c3bf31.jpg,D:\Hirusha\fish_data\extras\other_fish\wahoo_1772448671_6182_58c3bf31.jpg,non_fish,none,none,other_fish,0
otherfish_000138,D:\Hirusha\fish_data\extras\other_fish\walleye_1772448504_2847_fabf05df.jpg,D:\Hirusha\fish_data\extras\other_fish\walleye_1772448504_2847_fabf05df.jpg,non_fish,none,none,other_fish,0
