{
    "species": {
        "label": "Makerel",
        "class": 1,
        "confidence": 0.9999955892562866,
        "all_probabilities": [
            4.368996087578125e-06,
            0.9999955892562866
        ]
    },
    "grade": {
        "label": "C",
        "class": 2,
        "confidence": 0.9999927282333374,
        "all_probabilities": [
            6.764523277524859e-06,
            5.169421797290852e-07,
            0.9999927282333374
        ]
    }
}